G21         ; Set units to mm
G90         ; Absolute positioning
G1 Z2.54 F2540      ; Move to clearance level

;
; Operation:    0
; Name:         
; Type:         Engrave
; Paths:        18
; Direction:    Conventional
; Cut Depth:    3.175
; Pass Depth:   3.175
; Plunge rate:  127
; Cut rate:     1016
;

; Path 0
; Rapid to initial position
G1 X183.6865 Y-576.9864 F2540
G1 Z0.0000
; plunge
G1 Z-3.1750 F127
; cut
G1 X172.6057 Y-576.9864 F1016
G1 X172.5524 Y-585.4857
G1 X172.5257 Y-588.9927
G1 X172.5130 Y-590.1012
G1 X172.5038 Y-590.7174
G1 X172.4914 Y-591.3841
G1 X172.4820 Y-591.7867
G1 X172.4744 Y-592.0682
G1 X172.4632 Y-592.4166
G1 X172.4477 Y-592.8121
G1 X172.4409 Y-592.9584
G1 X172.4302 Y-593.1657
G1 X172.4226 Y-593.2960
G1 X172.4104 Y-593.4804
G1 X172.3974 Y-593.6518
G1 X172.3789 Y-593.8614
G1 X172.3636 Y-594.0052
G1 X172.3476 Y-594.1385
G1 X172.3362 Y-594.2216
G1 X172.3184 Y-594.3384
G1 X172.3057 Y-594.4113
G1 X172.2928 Y-594.4804
G1 X172.2793 Y-594.5457
G1 X172.2651 Y-594.6079
G1 X172.2506 Y-594.6668
G1 X172.2354 Y-594.7227
G1 X172.2196 Y-594.7758
G1 X172.1950 Y-594.8505
G1 X172.1777 Y-594.8975
G1 X172.1599 Y-594.9422
G1 X172.1414 Y-594.9851
G1 X172.1223 Y-595.0262
G1 X172.1025 Y-595.0659
G1 X172.0718 Y-595.1228
G1 X172.0505 Y-595.1593
G1 X172.0169 Y-595.2127
G1 X171.9938 Y-595.2475
G1 X171.9453 Y-595.3161
G1 X171.8597 Y-595.4298
G1 X171.7926 Y-595.5154
G1 X171.7487 Y-595.5673
G1 X171.7266 Y-595.5914
G1 X171.6926 Y-595.6254
G1 X171.6695 Y-595.6465
G1 X171.6456 Y-595.6666
G1 X171.6207 Y-595.6854
G1 X171.5950 Y-595.7029
G1 X171.5681 Y-595.7192
G1 X171.5399 Y-595.7341
G1 X171.5105 Y-595.7479
G1 X171.4950 Y-595.7542
G1 X171.4630 Y-595.7659
G1 X171.4462 Y-595.7712
G1 X171.4114 Y-595.7809
G1 X171.3748 Y-595.7890
G1 X171.3357 Y-595.7959
G1 X171.3154 Y-595.7987
G1 X171.2730 Y-595.8035
G1 X171.2509 Y-595.8053
G1 X171.2044 Y-595.8078
G1 X171.1554 Y-595.8086
G1 X171.1033 Y-595.8081
G1 X171.0484 Y-595.8060
G1 X170.9900 Y-595.8025
G1 X170.9285 Y-595.7974
G1 X170.8297 Y-595.7867
G1 X170.7591 Y-595.7776
G1 X170.7223 Y-595.7722
G1 X170.6062 Y-595.7542
G1 X170.4807 Y-595.7324
G1 X170.3456 Y-595.7067
G1 X170.2001 Y-595.6770
G1 X169.9890 Y-595.6313
G1 X169.7573 Y-595.5782
G1 X169.5044 Y-595.5177
G1 X169.1559 Y-595.4316
G1 X168.7693 Y-595.3333
G1 X168.2524 Y-595.1987
G1 X167.5712 Y-595.0184
G1 X165.3469 Y-594.4222
G1 X165.0462 Y-594.3437
G1 X164.7609 Y-594.2708
G1 X164.4904 Y-594.2035
G1 X164.3606 Y-594.1720
G1 X164.1112 Y-594.1129
G1 X163.9913 Y-594.0852
G1 X163.7617 Y-594.0339
G1 X163.6512 Y-594.0100
G1 X163.4396 Y-593.9663
G1 X163.3380 Y-593.9462
G1 X163.2389 Y-593.9272
G1 X163.0492 Y-593.8929
G1 X162.9580 Y-593.8777
G1 X162.8694 Y-593.8634
G1 X162.7830 Y-593.8502
G1 X162.6989 Y-593.8380
G1 X162.6169 Y-593.8271
G1 X162.5371 Y-593.8172
G1 X162.4592 Y-593.8083
G1 X162.3832 Y-593.8004
G1 X162.3093 Y-593.7936
G1 X162.2369 Y-593.7877
G1 X162.1663 Y-593.7829
G1 X161.9860 Y-593.7722
G1 X161.8165 Y-593.7636
G1 X161.7358 Y-593.7606
G1 X161.6575 Y-593.7583
G1 X161.5818 Y-593.7568
G1 X161.5087 Y-593.7565
G1 X161.4381 Y-593.7570
G1 X161.3698 Y-593.7588
G1 X161.3040 Y-593.7618
G1 X161.2402 Y-593.7661
G1 X161.1790 Y-593.7720
G1 X161.1201 Y-593.7791
G1 X161.0632 Y-593.7880
G1 X161.0086 Y-593.7984
G1 X160.9560 Y-593.8106
G1 X160.9057 Y-593.8246
G1 X160.8574 Y-593.8406
G1 X160.8110 Y-593.8583
G1 X160.7665 Y-593.8782
G1 X160.7241 Y-593.9003
G1 X160.6837 Y-593.9246
G1 X160.6448 Y-593.9513
G1 X160.6080 Y-593.9803
G1 X160.5727 Y-594.0118
G1 X160.5394 Y-594.0455
G1 X160.5077 Y-594.0824
G1 X160.4775 Y-594.1217
G1 X160.4490 Y-594.1639
G1 X160.4218 Y-594.2089
G1 X160.3964 Y-594.2569
G1 X160.3726 Y-594.3079
G1 X160.3499 Y-594.3623
G1 X160.3286 Y-594.4197
G1 X160.3088 Y-594.4804
G1 X160.2903 Y-594.5444
G1 X160.2732 Y-594.6120
G1 X160.2570 Y-594.6831
G1 X160.2422 Y-594.7578
G1 X160.2285 Y-594.8362
G1 X160.2161 Y-594.9183
G1 X160.2044 Y-595.0044
G1 X160.1940 Y-595.0946
G1 X160.1843 Y-595.1885
G1 X160.1757 Y-595.2868
G1 X160.1681 Y-595.3892
G1 X160.1612 Y-595.4959
G1 X160.1551 Y-595.6069
G1 X160.1500 Y-595.7225
G1 X160.1455 Y-595.8426
G1 X160.1417 Y-595.9673
G1 X160.1384 Y-596.0966
G1 X160.1358 Y-596.2307
G1 X160.1338 Y-596.3696
G1 X160.1323 Y-596.5137
G1 X160.1307 Y-596.8167
G1 X160.1310 Y-597.1405
G1 X160.1333 Y-597.6666
G1 X160.1371 Y-598.1555
G1 X160.1422 Y-598.5858
G1 X160.1467 Y-598.8578
G1 X160.1521 Y-599.1184
G1 X160.1584 Y-599.3679
G1 X160.1658 Y-599.6069
G1 X160.1739 Y-599.8355
G1 X160.1785 Y-599.9462
G1 X160.1884 Y-600.1603
G1 X160.1996 Y-600.3651
G1 X160.2118 Y-600.5612
G1 X160.2184 Y-600.6559
G1 X160.2326 Y-600.8393
G1 X160.2481 Y-601.0148
G1 X160.2565 Y-601.0999
G1 X160.2740 Y-601.2642
G1 X160.2834 Y-601.3440
G1 X160.3032 Y-601.4984
G1 X160.3245 Y-601.6462
G1 X160.3360 Y-601.7181
G1 X160.3596 Y-601.8576
G1 X160.3850 Y-601.9917
G1 X160.3985 Y-602.0570
G1 X160.4122 Y-602.1210
G1 X160.4264 Y-602.1837
G1 X160.4411 Y-602.2457
G1 X160.4719 Y-602.3661
G1 X160.4879 Y-602.4250
G1 X160.5044 Y-602.4832
G1 X160.5214 Y-602.5403
G1 X160.5389 Y-602.5967
G1 X160.5570 Y-602.6523
G1 X160.5755 Y-602.7075
G1 X160.6139 Y-602.8157
G1 X160.6339 Y-602.8687
G1 X160.6545 Y-602.9216
G1 X160.6756 Y-602.9739
G1 X160.6972 Y-603.0260
G1 X160.7193 Y-603.0775
G1 X160.7652 Y-603.1799
G1 X160.7891 Y-603.2310
G1 X160.8384 Y-603.3325
G1 X160.9103 Y-603.4700
G1 X160.9849 Y-603.5985
G1 X161.0634 Y-603.7194
G1 X161.1465 Y-603.8329
G1 X161.2351 Y-603.9399
G1 X161.3304 Y-604.0410
G1 X161.4327 Y-604.1370
G1 X161.5437 Y-604.2284
G1 X161.6636 Y-604.3163
G1 X161.7939 Y-604.4011
G1 X161.9352 Y-604.4837
G1 X162.0883 Y-604.5647
G1 X162.2544 Y-604.6447
G1 X162.4343 Y-604.7247
G1 X162.6286 Y-604.8050
G1 X162.8386 Y-604.8868
G1 X162.9659 Y-604.9350
G1 X163.0898 Y-604.9833
G1 X163.2113 Y-605.0313
G1 X163.3301 Y-605.0791
G1 X163.4465 Y-605.1268
G1 X163.5603 Y-605.1746
G1 X163.6720 Y-605.2223
G1 X163.7815 Y-605.2701
G1 X163.8889 Y-605.3183
G1 X163.9948 Y-605.3666
G1 X164.0987 Y-605.4153
G1 X164.2011 Y-605.4646
G1 X164.3022 Y-605.5142
G1 X164.4018 Y-605.5644
G1 X164.5003 Y-605.6152
G1 X164.5976 Y-605.6668
G1 X164.6941 Y-605.7189
G1 X164.7896 Y-605.7722
G1 X164.8846 Y-605.8261
G1 X164.9791 Y-605.8812
G1 X165.0731 Y-605.9371
G1 X165.1668 Y-605.9942
G1 X165.2605 Y-606.0526
G1 X165.3540 Y-606.1121
G1 X165.4477 Y-606.1730
G1 X165.5417 Y-606.2353
G1 X165.6359 Y-606.2990
G1 X165.7309 Y-606.3645
G1 X165.8264 Y-606.4313
G1 X165.9225 Y-606.4999
G1 X166.0197 Y-606.5703
G1 X166.1178 Y-606.6424
G1 X166.2554 Y-606.7455
G1 X166.3913 Y-606.8505
G1 X166.5257 Y-606.9571
G1 X166.6585 Y-607.0653
G1 X166.7896 Y-607.1753
G1 X166.9191 Y-607.2868
G1 X167.0472 Y-607.3999
G1 X167.1734 Y-607.5144
G1 X167.2981 Y-607.6307
G1 X167.4213 Y-607.7483
G1 X167.5427 Y-607.8675
G1 X167.6624 Y-607.9881
G1 X167.7807 Y-608.1100
G1 X167.8970 Y-608.2335
G1 X168.0119 Y-608.3582
G1 X168.1251 Y-608.4844
G1 X168.2366 Y-608.6119
G1 X168.3466 Y-608.7407
G1 X168.4548 Y-608.8710
G1 X168.5613 Y-609.0023
G1 X168.6662 Y-609.1349
G1 X168.7693 Y-609.2688
G1 X168.8709 Y-609.4039
G1 X168.9707 Y-609.5401
G1 X169.0687 Y-609.6775
G1 X169.1653 Y-609.8162
G1 X169.2600 Y-609.9559
G1 X169.3530 Y-610.0966
G1 X169.4442 Y-610.2383
G1 X169.5338 Y-610.3810
G1 X169.6217 Y-610.5248
G1 X169.7081 Y-610.6698
G1 X169.7924 Y-610.8156
G1 X169.8752 Y-610.9622
G1 X169.9562 Y-611.1100
G1 X170.0355 Y-611.2584
G1 X170.1129 Y-611.4080
G1 X170.1886 Y-611.5581
G1 X170.2628 Y-611.7092
G1 X170.3349 Y-611.8611
G1 X170.4056 Y-612.0138
G1 X170.4744 Y-612.1672
G1 X170.5414 Y-612.3214
G1 X170.6067 Y-612.4763
G1 X170.6702 Y-612.6320
G1 X170.7317 Y-612.7882
G1 X170.7916 Y-612.9449
G1 X170.8498 Y-613.1024
G1 X170.9062 Y-613.2604
G1 X170.9608 Y-613.4191
G1 X171.0136 Y-613.5784
G1 X171.0644 Y-613.7382
G1 X171.1137 Y-613.8982
G1 X171.1612 Y-614.0590
G1 X171.2067 Y-614.2200
G1 X171.2504 Y-614.3815
G1 X171.2923 Y-614.5436
G1 X171.3324 Y-614.7059
G1 X171.3708 Y-614.8687
G1 X171.4071 Y-615.0318
G1 X171.4416 Y-615.1951
G1 X171.4744 Y-615.3587
G1 X171.5054 Y-615.5225
G1 X171.5346 Y-615.6869
G1 X171.5618 Y-615.8512
G1 X171.5872 Y-616.0158
G1 X171.6105 Y-616.1804
G1 X171.6324 Y-616.3452
G1 X171.6522 Y-616.5103
G1 X171.6700 Y-616.6754
G1 X171.6860 Y-616.8405
G1 X171.7002 Y-617.0059
G1 X171.7124 Y-617.1712
G1 X171.7228 Y-617.3363
G1 X171.7314 Y-617.5017
G1 X171.7380 Y-617.6670
G1 X171.7426 Y-617.8321
G1 X171.7457 Y-617.9972
G1 X171.7464 Y-618.1621
G1 X171.7454 Y-618.3269
G1 X171.7426 Y-618.4918
G1 X171.7378 Y-618.6561
G1 X171.7309 Y-618.8205
G1 X171.7223 Y-618.9845
G1 X171.7116 Y-619.1484
G1 X171.6989 Y-619.3119
G1 X171.6844 Y-619.4753
G1 X171.6682 Y-619.6381
G1 X171.6496 Y-619.8006
G1 X171.6293 Y-619.9629
G1 X171.6072 Y-620.1247
G1 X171.5828 Y-620.2863
G1 X171.5567 Y-620.4471
G1 X171.5285 Y-620.6076
G1 X171.4983 Y-620.7676
G1 X171.4663 Y-620.9274
G1 X171.4322 Y-621.0864
G1 X171.3959 Y-621.2446
G1 X171.3581 Y-621.4026
G1 X171.3179 Y-621.5598
G1 X171.2758 Y-621.7166
G1 X171.2318 Y-621.8725
G1 X171.1858 Y-622.0280
G1 X171.1376 Y-622.1824
G1 X171.0875 Y-622.3363
G1 X171.0355 Y-622.4895
G1 X170.9814 Y-622.6421
G1 X170.9252 Y-622.7935
G1 X170.8671 Y-622.9444
G1 X170.8069 Y-623.0945
G1 X170.7446 Y-623.2436
G1 X170.6804 Y-623.3919
G1 X170.6141 Y-623.5393
G1 X170.5458 Y-623.6856
G1 X170.4754 Y-623.8311
G1 X170.4030 Y-623.9756
G1 X170.3283 Y-624.1191
G1 X170.2519 Y-624.2614
G1 X170.1731 Y-624.4029
G1 X170.0924 Y-624.5433
G1 X170.0096 Y-624.6825
G1 X169.9247 Y-624.8207
G1 X169.8379 Y-624.9576
G1 X169.7487 Y-625.0935
G1 X169.6578 Y-625.2284
G1 X169.5646 Y-625.3617
G1 X169.4691 Y-625.4941
G1 X169.3718 Y-625.6249
G1 X169.3012 Y-625.7168
G1 X169.2278 Y-625.8098
G1 X169.1513 Y-625.9040
G1 X169.0721 Y-625.9995
G1 X168.9900 Y-626.0958
G1 X168.9052 Y-626.1931
G1 X168.8178 Y-626.2911
G1 X168.7281 Y-626.3902
G1 X168.6359 Y-626.4897
G1 X168.5414 Y-626.5901
G1 X168.4449 Y-626.6909
G1 X168.3461 Y-626.7922
G1 X168.2453 Y-626.8941
G1 X168.1427 Y-626.9962
G1 X168.0380 Y-627.0986
G1 X167.9318 Y-627.2014
G1 X167.8239 Y-627.3041
G1 X167.7144 Y-627.4069
G1 X167.6034 Y-627.5098
G1 X167.4909 Y-627.6127
G1 X167.3774 Y-627.7153
G1 X167.2626 Y-627.8176
G1 X167.1465 Y-627.9198
G1 X167.0296 Y-628.0216
G1 X166.9118 Y-628.1229
G1 X166.7932 Y-628.2238
G1 X166.6738 Y-628.3241
G1 X166.5536 Y-628.4237
G1 X166.4330 Y-628.5225
G1 X166.3118 Y-628.6205
G1 X166.1904 Y-628.7178
G1 X166.0688 Y-628.8138
G1 X165.9468 Y-628.9091
G1 X165.8249 Y-629.0033
G1 X165.7030 Y-629.0963
G1 X165.5811 Y-629.1880
G1 X165.4594 Y-629.2786
G1 X165.3380 Y-629.3675
G1 X165.2171 Y-629.4552
G1 X165.0964 Y-629.5413
G1 X164.9763 Y-629.6259
G1 X164.8569 Y-629.7087
G1 X164.7383 Y-629.7900
G1 X164.6204 Y-629.8692
G1 X164.5036 Y-629.9467
G1 X164.3878 Y-630.0221
G1 X164.2730 Y-630.0955
G1 X164.1594 Y-630.1669
G1 X164.0472 Y-630.2360
G1 X163.9362 Y-630.3028
G1 X163.8267 Y-630.3675
G1 X163.7190 Y-630.4298
G1 X163.6128 Y-630.4895
G1 X163.5082 Y-630.5466
G1 X163.4056 Y-630.6012
G1 X163.3050 Y-630.6533
G1 X163.2064 Y-630.7026
G1 X163.1097 Y-630.7488
G1 X163.0154 Y-630.7922
G1 X162.9235 Y-630.8329
G1 X162.8338 Y-630.8702
G1 X162.7467 Y-630.9048
G1 X162.6621 Y-630.9357
G1 X162.4686 Y-631.0020
G1 X162.3601 Y-631.0434
G1 X162.2547 Y-631.0876
G1 X162.1523 Y-631.1349
G1 X162.0530 Y-631.1852
G1 X161.9565 Y-631.2388
G1 X161.8630 Y-631.2954
G1 X161.7726 Y-631.3554
G1 X161.6847 Y-631.4186
G1 X161.5996 Y-631.4851
G1 X161.5176 Y-631.5550
G1 X161.4381 Y-631.6284
G1 X161.3611 Y-631.7054
G1 X161.2870 Y-631.7859
G1 X161.2153 Y-631.8702
G1 X161.1462 Y-631.9578
G1 X161.0797 Y-632.0495
G1 X161.0157 Y-632.1448
G1 X160.9540 Y-632.2441
G1 X160.8948 Y-632.3472
G1 X160.8376 Y-632.4542
G1 X160.7830 Y-632.5652
G1 X160.7307 Y-632.6802
G1 X160.6804 Y-632.7996
G1 X160.6324 Y-632.9228
G1 X160.5867 Y-633.0505
G1 X160.5427 Y-633.1824
G1 X160.5011 Y-633.3185
G1 X160.4615 Y-633.4592
G1 X160.4236 Y-633.6043
G1 X160.3878 Y-633.7539
G1 X160.3540 Y-633.9078
G1 X160.3375 Y-633.9893
G1 X160.3220 Y-634.0754
G1 X160.3070 Y-634.1664
G1 X160.2928 Y-634.2619
G1 X160.2793 Y-634.3614
G1 X160.2664 Y-634.4656
G1 X160.2542 Y-634.5735
G1 X160.2428 Y-634.6853
G1 X160.2318 Y-634.8009
G1 X160.2217 Y-634.9200
G1 X160.2123 Y-635.0427
G1 X160.2034 Y-635.1681
G1 X160.1950 Y-635.2969
G1 X160.1874 Y-635.4285
G1 X160.1805 Y-635.5629
G1 X160.1742 Y-635.6998
G1 X160.1686 Y-635.8390
G1 X160.1635 Y-635.9804
G1 X160.1592 Y-636.1240
G1 X160.1554 Y-636.2692
G1 X160.1521 Y-636.4163
G1 X160.1495 Y-636.5651
G1 X160.1462 Y-636.8664
G1 X160.1455 Y-637.0188
G1 X160.1460 Y-637.3259
G1 X160.1485 Y-637.6352
G1 X160.1536 Y-637.9454
G1 X160.1610 Y-638.2553
G1 X160.1655 Y-638.4097
G1 X160.1706 Y-638.5634
G1 X160.1762 Y-638.7165
G1 X160.1892 Y-639.0195
G1 X160.1965 Y-639.1692
G1 X160.2044 Y-639.3175
G1 X160.2128 Y-639.4643
G1 X160.2217 Y-639.6091
G1 X160.2311 Y-639.7521
G1 X160.2410 Y-639.8931
G1 X160.2626 Y-640.1681
G1 X160.2862 Y-640.4328
G1 X160.2989 Y-640.5608
G1 X160.3118 Y-640.6858
G1 X160.3256 Y-640.8075
G1 X160.3395 Y-640.9256
G1 X160.3540 Y-641.0404
G1 X160.3692 Y-641.1514
G1 X160.3847 Y-641.2586
G1 X160.4007 Y-641.3614
G1 X160.4173 Y-641.4602
G1 X160.4343 Y-641.5545
G1 X160.4518 Y-641.6444
G1 X160.4696 Y-641.7295
G1 X160.4881 Y-641.8095
G1 X160.5069 Y-641.8847
G1 X160.5262 Y-641.9545
G1 X160.5458 Y-642.0190
G1 X160.6065 Y-642.1669
G1 X160.6801 Y-642.2880
G1 X160.7579 Y-642.3701
G1 X160.8300 Y-642.4000
G1 X160.8427 Y-642.3993
G1 X160.8592 Y-642.3972
G1 X160.8793 Y-642.3939
G1 X160.9029 Y-642.3891
G1 X160.9603 Y-642.3757
G1 X161.0309 Y-642.3571
G1 X161.1610 Y-642.3203
G1 X161.2631 Y-642.2898
G1 X161.3769 Y-642.2547
G1 X161.6370 Y-642.1719
G1 X161.9382 Y-642.0731
G1 X162.3659 Y-641.9291
G1 X162.7444 Y-641.7993
G1 X163.2567 Y-641.6210
G1 X163.4721 Y-641.5451
G1 X164.0335 Y-641.3457
G1 X164.7401 Y-641.0909
G1 X165.2252 Y-640.9136
G1 X165.8407 Y-640.6866
G1 X166.9301 Y-640.2796
G1 X167.1544 Y-640.1971
G1 X167.4774 Y-640.0797
G1 X167.6842 Y-640.0058
G1 X167.9816 Y-639.9009
G1 X168.2643 Y-639.8034
G1 X168.5328 Y-639.7132
G1 X168.7878 Y-639.6299
G1 X168.9504 Y-639.5784
G1 X169.1841 Y-639.5065
G1 X169.3329 Y-639.4623
G1 X169.4767 Y-639.4211
G1 X169.6154 Y-639.3825
G1 X169.7490 Y-639.3470
G1 X169.8777 Y-639.3142
G1 X170.0022 Y-639.2840
G1 X170.1221 Y-639.2565
G1 X170.2377 Y-639.2316
G1 X170.3494 Y-639.2093
G1 X170.4035 Y-639.1991
G1 X170.5092 Y-639.1806
G1 X170.6113 Y-639.1646
G1 X170.6608 Y-639.1575
G1 X170.7576 Y-639.1453
G1 X170.8511 Y-639.1351
G1 X170.9412 Y-639.1275
G1 X171.0286 Y-639.1219
G1 X171.1129 Y-639.1186
G1 X171.1947 Y-639.1176
G1 X171.3779 Y-639.1204
G1 X171.5277 Y-639.1311
G1 X171.6537 Y-639.1539
G1 X171.7645 Y-639.1930
G1 X171.8688 Y-639.2525
G1 X171.9763 Y-639.3363
G1 X172.0952 Y-639.4486
G1 X172.2346 Y-639.5933
G1 X172.3268 Y-639.6866
G1 X172.4241 Y-639.7752
G1 X172.5272 Y-639.8595
G1 X172.6369 Y-639.9400
G1 X172.7540 Y-640.0173
G1 X172.8790 Y-640.0909
G1 X173.0129 Y-640.1618
G1 X173.1559 Y-640.2301
G1 X173.3088 Y-640.2959
G1 X173.4726 Y-640.3599
G1 X173.6476 Y-640.4221
G1 X173.8351 Y-640.4831
G1 X174.0350 Y-640.5428
G1 X174.2483 Y-640.6020
G1 X174.4762 Y-640.6604
G1 X174.7185 Y-640.7191
G1 X174.7474 Y-640.7257
G1 X174.8079 Y-640.7386
G1 X174.8719 Y-640.7511
G1 X174.9392 Y-640.7630
G1 X175.0477 Y-640.7800
G1 X175.1660 Y-640.7960
G1 X175.2509 Y-640.8062
G1 X175.3875 Y-640.8207
G1 X175.5364 Y-640.8341
G1 X175.6430 Y-640.8428
G1 X175.8147 Y-640.8550
G1 X176.0012 Y-640.8664
G1 X176.2034 Y-640.8771
G1 X176.4995 Y-640.8903
G1 X176.8277 Y-640.9025
G1 X177.2864 Y-640.9164
G1 X177.9143 Y-640.9314
G1 X178.8950 Y-640.9492
G1 X183.6865 Y-641.0142
G1 X183.6865 Y-576.9864
G1 X183.6865 Y-576.9864
; Retract
G1 Z2.5400 F2540

; Path 1
; Rapid to initial position
G1 X178.7662 Y-559.6890 F2540
G1 Z0.0000
; plunge
G1 Z-3.1750 F127
; cut
G1 X179.3171 Y-559.5394 F1016
G1 X179.5940 Y-559.4632
G1 X180.0108 Y-559.3474
G1 X180.5699 Y-559.1896
G1 X180.8505 Y-559.1094
G1 X181.2729 Y-558.9875
G1 X181.8389 Y-558.8218
G1 X182.4076 Y-558.6529
G1 X183.1221 Y-558.4370
G1 X183.8404 Y-558.2161
G1 X184.4175 Y-558.0357
G1 X184.9966 Y-557.8523
G1 X185.5775 Y-557.6659
G1 X186.0144 Y-557.5242
G1 X186.7444 Y-557.2841
G1 X187.1833 Y-557.1381
G1 X187.7695 Y-556.9410
G1 X188.3567 Y-556.7411
G1 X188.6506 Y-556.6400
G1 X189.2391 Y-556.4363
G1 X189.6808 Y-556.2816
G1 X190.1226 Y-556.1256
G1 X190.7121 Y-555.9156
G1 X191.1543 Y-555.7563
G1 X191.7436 Y-555.5422
G1 X192.6275 Y-555.2166
G1 X193.2160 Y-554.9966
G1 X193.9508 Y-554.7190
G1 X194.3910 Y-554.5508
G1 X195.1236 Y-554.2681
G1 X195.7080 Y-554.0398
G1 X196.2912 Y-553.8097
G1 X196.8729 Y-553.5775
G1 X197.4525 Y-553.3441
G1 X197.8861 Y-553.1678
G1 X198.4624 Y-552.9313
G1 X198.8929 Y-552.7530
G1 X199.4652 Y-552.5140
G1 X199.7504 Y-552.3939
G1 X200.3186 Y-552.1526
G1 X200.8840 Y-551.9103
G1 X201.4464 Y-551.6667
G1 X201.7263 Y-551.5442
G1 X202.2838 Y-551.2989
G1 X202.8378 Y-551.0522
G1 X203.3882 Y-550.8048
G1 X203.9348 Y-550.5564
G1 X204.3420 Y-550.3695
G1 X204.7471 Y-550.1820
G1 X205.1497 Y-549.9941
G1 X205.6826 Y-549.7431
G1 X206.0793 Y-549.5544
G1 X206.6041 Y-549.3022
G1 X207.2531 Y-548.9859
G1 X207.7667 Y-548.7327
G1 X208.1482 Y-548.5425
G1 X208.5269 Y-548.3520
G1 X209.0268 Y-548.0977
G1 X209.5210 Y-547.8432
G1 X209.9859 Y-547.6009
G1 X210.4187 Y-547.3730
G1 X210.8418 Y-547.1483
G1 X211.2564 Y-546.9260
G1 X211.4603 Y-546.8158
G1 X211.6623 Y-546.7060
G1 X212.0600 Y-546.4884
G1 X212.4502 Y-546.2722
G1 X212.6424 Y-546.1648
G1 X212.8327 Y-546.0578
G1 X213.0214 Y-545.9512
G1 X213.2086 Y-545.8447
G1 X213.3938 Y-545.7388
G1 X213.5777 Y-545.6329
G1 X213.9406 Y-545.4218
G1 X214.2978 Y-545.2113
G1 X214.6493 Y-545.0012
G1 X214.9960 Y-544.7911
G1 X215.1677 Y-544.6862
G1 X215.3382 Y-544.5811
G1 X215.5076 Y-544.4759
G1 X215.6760 Y-544.3705
G1 X215.8434 Y-544.2651
G1 X216.0097 Y-544.1594
G1 X216.1753 Y-544.0535
G1 X216.5043 Y-543.8412
G1 X216.6676 Y-543.7345
G1 X216.8304 Y-543.6273
G1 X216.9925 Y-543.5199
G1 X217.1537 Y-543.4122
G1 X217.3148 Y-543.3040
G1 X217.4751 Y-543.1953
G1 X217.6351 Y-543.0860
G1 X217.7948 Y-542.9763
G1 X217.9541 Y-542.8661
G1 X218.1131 Y-542.7553
G1 X218.2719 Y-542.6438
G1 X218.4306 Y-542.5316
G1 X218.5891 Y-542.4188
G1 X218.9056 Y-542.1912
G1 X219.0641 Y-542.0761
G1 X219.3808 Y-541.8437
G1 X219.5396 Y-541.7261
G1 X219.6983 Y-541.6078
G1 X219.8576 Y-541.4884
G1 X220.1766 Y-541.2471
G1 X220.4974 Y-541.0015
G1 X220.8200 Y-540.7515
G1 X223.1276 Y-538.9458
G1 X195.3308 Y-538.9164
G1 X182.4002 Y-538.9077
G1 X182.4002 Y-538.9077
G1 X168.4660 Y-538.9220
G1 X167.5089 Y-538.9314
G1 X167.4866 Y-538.9331
G1 X167.4777 Y-538.9504
G1 X167.4645 Y-538.9883
G1 X167.4472 Y-539.0454
G1 X167.4259 Y-539.1211
G1 X167.4010 Y-539.2136
G1 X167.3730 Y-539.3218
G1 X167.3080 Y-539.5811
G1 X167.2333 Y-539.8887
G1 X167.1510 Y-540.2351
G1 X167.0182 Y-540.8066
G1 X166.9265 Y-541.2075
G1 X166.7904 Y-541.8150
G1 X166.7032 Y-542.2095
G1 X166.6222 Y-542.5844
G1 X166.5488 Y-542.9301
G1 X166.4858 Y-543.2367
G1 X166.4589 Y-543.3723
G1 X166.4353 Y-543.4945
G1 X166.4152 Y-543.6019
G1 X166.3992 Y-543.6936
G1 X166.3774 Y-543.8262
G1 X166.3347 Y-544.1013
G1 X166.3035 Y-544.3157
G1 X166.2628 Y-544.6121
G1 X166.2331 Y-544.8424
G1 X166.2041 Y-545.0797
G1 X166.1665 Y-545.4058
G1 X166.1302 Y-545.7436
G1 X166.0952 Y-546.0929
G1 X166.0614 Y-546.4528
G1 X166.0131 Y-547.0134
G1 X165.9827 Y-547.4000
G1 X165.9606 Y-547.6969
G1 X165.9392 Y-547.9994
G1 X165.9120 Y-548.4114
G1 X165.8925 Y-548.7266
G1 X165.8737 Y-549.0474
G1 X165.8498 Y-549.4830
G1 X165.8115 Y-550.2676
G1 X165.7866 Y-550.8445
G1 X165.7640 Y-551.4345
G1 X165.7556 Y-551.6740
G1 X165.7436 Y-552.0372
G1 X165.7289 Y-552.5285
G1 X165.7096 Y-553.2796
G1 X165.6936 Y-554.0469
G1 X165.6829 Y-554.6987
G1 X165.6730 Y-555.4944
G1 X165.6674 Y-556.1688
G1 X165.6644 Y-556.8523
G1 X165.6636 Y-562.3004
G1 X165.9321 Y-562.2569
G1 X169.0129 Y-561.7652
G1 X169.6369 Y-561.6644
G1 X170.2958 Y-561.5539
G1 X170.9712 Y-561.4368
G1 X171.4764 Y-561.3469
G1 X171.8081 Y-561.2867
G1 X172.2918 Y-561.1975
G1 X172.7510 Y-561.1106
G1 X173.1775 Y-561.0278
G1 X173.4398 Y-560.9755
G1 X173.5633 Y-560.9504
G1 X173.7934 Y-560.9026
G1 X173.9991 Y-560.8584
G1 X174.2537 Y-560.8023
G1 X174.6382 Y-560.7159
G1 X174.8960 Y-560.6570
G1 X175.2851 Y-560.5668
G1 X175.6771 Y-560.4741
G1 X175.9397 Y-560.4111
G1 X176.3362 Y-560.3146
G1 X176.6019 Y-560.2491
G1 X177.0024 Y-560.1487
G1 X177.2709 Y-560.0807
G1 X177.6755 Y-559.9768
G1 X178.2188 Y-559.8348
G1 X178.7662 Y-559.6890
; Retract
G1 Z2.5400 F2540

; Path 2
; Rapid to initial position
G1 X159.0611 Y-546.3675 F2540
G1 Z0.0000
; plunge
G1 Z-3.1750 F127
; cut
G1 X159.3345 Y-545.9672 F1016
G1 X159.5267 Y-545.6824
G1 X159.7668 Y-545.3225
G1 X159.9352 Y-545.0670
G1 X160.0937 Y-544.8229
G1 X160.2425 Y-544.5905
G1 X160.3822 Y-544.3687
G1 X160.5130 Y-544.1572
G1 X160.6349 Y-543.9557
G1 X160.7114 Y-543.8267
G1 X160.7843 Y-543.7017
G1 X160.8536 Y-543.5808
G1 X160.9509 Y-543.4063
G1 X161.0116 Y-543.2946
G1 X161.0690 Y-543.1864
G1 X161.1231 Y-543.0815
G1 X161.1742 Y-542.9796
G1 X161.2219 Y-542.8811
G1 X161.2669 Y-542.7853
G1 X161.3090 Y-542.6923
G1 X161.3289 Y-542.6469
G1 X161.3667 Y-542.5580
G1 X161.4018 Y-542.4714
G1 X161.4343 Y-542.3870
G1 X161.4642 Y-542.3052
G1 X161.4917 Y-542.2252
G1 X161.5166 Y-542.1473
G1 X161.5394 Y-542.0711
G1 X161.5600 Y-541.9964
G1 X161.5783 Y-541.9235
G1 X161.5948 Y-541.8519
G1 X161.6022 Y-541.8165
G1 X161.6156 Y-541.7467
G1 X161.6271 Y-541.6779
G1 X161.6370 Y-541.6100
G1 X161.6448 Y-541.5430
G1 X161.6514 Y-541.4767
G1 X161.6583 Y-541.3781
G1 X161.6611 Y-541.3126
G1 X161.6626 Y-541.2151
G1 X161.6613 Y-541.0581
G1 X161.6555 Y-540.9146
G1 X161.6446 Y-540.7833
G1 X161.6281 Y-540.6629
G1 X161.6055 Y-540.5526
G1 X161.5760 Y-540.4515
G1 X161.5392 Y-540.3586
G1 X161.4942 Y-540.2725
G1 X161.4404 Y-540.1922
G1 X161.3774 Y-540.1168
G1 X161.3045 Y-540.0454
G1 X161.2212 Y-539.9768
G1 X161.1267 Y-539.9100
G1 X161.0203 Y-539.8437
G1 X160.9016 Y-539.7774
G1 X160.7701 Y-539.7096
G1 X160.7342 Y-539.6921
G1 X160.6438 Y-539.6492
G1 X160.5326 Y-539.5996
G1 X160.4368 Y-539.5600
G1 X160.3378 Y-539.5219
G1 X160.2349 Y-539.4851
G1 X160.1277 Y-539.4498
G1 X160.0152 Y-539.4157
G1 X159.9212 Y-539.3896
G1 X159.8231 Y-539.3642
G1 X159.6946 Y-539.3337
G1 X159.5590 Y-539.3045
G1 X159.3558 Y-539.2656
G1 X159.2321 Y-539.2445
G1 X159.0358 Y-539.2146
G1 X158.7886 Y-539.1813
G1 X158.6763 Y-539.1678
G1 X158.4399 Y-539.1422
G1 X158.2301 Y-539.1219
G1 X157.9618 Y-539.0990
G1 X157.5242 Y-539.0675
G1 X157.3152 Y-539.0545
G1 X156.9270 Y-539.0335
G1 X156.5087 Y-539.0142
G1 X155.9916 Y-538.9943
G1 X155.5031 Y-538.9789
G1 X154.9016 Y-538.9631
G1 X154.4188 Y-538.9527
G1 X153.3675 Y-538.9352
G1 X152.4998 Y-538.9248
G1 X151.7757 Y-538.9181
G1 X150.4287 Y-538.9098
G1 X149.0708 Y-538.9049
G1 X147.4478 Y-538.9027
G1 X147.4478 Y-538.9027
G1 X145.0396 Y-538.9037
G1 X128.1082 Y-538.9458
G1 X130.3160 Y-542.9103
G1 X130.7404 Y-543.6682
G1 X131.0427 Y-544.2041
G1 X131.3322 Y-544.7139
G1 X131.6106 Y-545.2001
G1 X131.8791 Y-545.6646
G1 X132.1392 Y-546.1099
G1 X132.3086 Y-546.3969
G1 X132.4752 Y-546.6768
G1 X132.7208 Y-547.0853
G1 X132.8821 Y-547.3504
G1 X133.0422 Y-547.6108
G1 X133.2804 Y-547.9941
G1 X133.4386 Y-548.2453
G1 X133.5969 Y-548.4940
G1 X133.7556 Y-548.7406
G1 X133.9149 Y-548.9859
G1 X134.0754 Y-549.2308
G1 X134.2377 Y-549.4757
G1 X134.4846 Y-549.8440
G1 X134.7373 Y-550.2161
G1 X134.9972 Y-550.5938
G1 X135.3571 Y-551.1099
G1 X135.6388 Y-551.5092
G1 X135.9306 Y-551.9196
G1 X136.2227 Y-552.3273
G1 X136.5118 Y-552.7276
G1 X136.8923 Y-553.2501
G1 X137.0805 Y-553.5064
G1 X137.3602 Y-553.8846
G1 X137.7279 Y-554.3771
G1 X137.9997 Y-554.7375
G1 X138.2682 Y-555.0903
G1 X138.5329 Y-555.4353
G1 X138.7942 Y-555.7723
G1 X139.0518 Y-556.1015
G1 X139.2215 Y-556.3164
G1 X139.4727 Y-556.6321
G1 X139.8019 Y-557.0403
G1 X140.0442 Y-557.3367
G1 X140.2822 Y-557.6247
G1 X140.4386 Y-557.8119
G1 X140.5933 Y-557.9956
G1 X140.7462 Y-558.1754
G1 X140.9718 Y-558.4378
G1 X141.1199 Y-558.6080
G1 X141.3383 Y-558.8559
G1 X141.4816 Y-559.0162
G1 X141.6228 Y-559.1726
G1 X141.8306 Y-559.3997
G1 X141.9667 Y-559.5463
G1 X142.1008 Y-559.6887
G1 X142.2326 Y-559.8269
G1 X142.3624 Y-559.9613
G1 X142.5532 Y-560.1551
G1 X142.6776 Y-560.2790
G1 X142.8603 Y-560.4571
G1 X142.9794 Y-560.5706
G1 X143.0960 Y-560.6799
G1 X143.2105 Y-560.7850
G1 X143.2669 Y-560.8358
G1 X143.3779 Y-560.9344
G1 X143.4866 Y-561.0289
G1 X143.5931 Y-561.1188
G1 X143.6972 Y-561.2044
G1 X143.7988 Y-561.2856
G1 X143.8486 Y-561.3245
G1 X143.9469 Y-561.3992
G1 X143.9949 Y-561.4347
G1 X144.0424 Y-561.4693
G1 X144.0894 Y-561.5028
G1 X144.1356 Y-561.5351
G1 X144.1813 Y-561.5663
G1 X144.2263 Y-561.5963
G1 X144.2707 Y-561.6252
G1 X144.3144 Y-561.6529
G1 X144.3576 Y-561.6796
G1 X144.4003 Y-561.7053
G1 X144.4422 Y-561.7296
G1 X144.4833 Y-561.7527
G1 X144.5240 Y-561.7748
G1 X144.5641 Y-561.7959
G1 X144.6421 Y-561.8343
G1 X144.6802 Y-561.8518
G1 X144.7175 Y-561.8681
G1 X144.7904 Y-561.8973
G1 X144.8257 Y-561.9100
G1 X144.9408 Y-561.9481
G1 X145.0541 Y-561.9814
G1 X145.1658 Y-562.0098
G1 X145.2763 Y-562.0334
G1 X145.3855 Y-562.0520
G1 X145.4940 Y-562.0657
G1 X145.6014 Y-562.0741
G1 X145.7084 Y-562.0774
G1 X145.8148 Y-562.0753
G1 X145.9207 Y-562.0682
G1 X146.0269 Y-562.0555
G1 X146.1328 Y-562.0375
G1 X146.2392 Y-562.0139
G1 X146.3459 Y-561.9847
G1 X146.4531 Y-561.9496
G1 X146.5613 Y-561.9090
G1 X146.6703 Y-561.8627
G1 X146.7802 Y-561.8104
G1 X146.8918 Y-561.7520
G1 X147.0045 Y-561.6877
G1 X147.1191 Y-561.6174
G1 X147.2354 Y-561.5409
G1 X147.3538 Y-561.4581
G1 X147.4744 Y-561.3690
G1 X147.5974 Y-561.2735
G1 X147.7228 Y-561.1716
G1 X147.8509 Y-561.0631
G1 X147.9819 Y-560.9483
G1 X148.1158 Y-560.8267
G1 X148.2532 Y-560.6981
G1 X148.3939 Y-560.5630
G1 X148.5382 Y-560.4210
G1 X148.6578 Y-560.3001
G1 X148.7500 Y-560.2049
G1 X148.8445 Y-560.1056
G1 X148.9738 Y-559.9669
G1 X149.1074 Y-559.8201
G1 X149.2809 Y-559.6252
G1 X149.4622 Y-559.4167
G1 X149.6134 Y-559.2397
G1 X149.8102 Y-559.0047
G1 X149.9329 Y-558.8561
G1 X150.1018 Y-558.6491
G1 X150.2776 Y-558.4312
G1 X150.4137 Y-558.2605
G1 X150.6497 Y-557.9615
G1 X151.0000 Y-557.5115
G1 X151.2649 Y-557.1665
G1 X151.6004 Y-556.7253
G1 X151.8351 Y-556.4142
G1 X152.3970 Y-555.6618
G1 X152.5951 Y-555.3944
G1 X152.9380 Y-554.9295
G1 X153.3710 Y-554.3390
G1 X154.0670 Y-553.3840
G1 X155.2672 Y-551.7231
G1 X155.8780 Y-550.8729
G1 X156.7762 Y-549.6179
G1 X157.4836 Y-548.6237
G1 X157.8559 Y-548.0969
G1 X158.2908 Y-547.4785
G1 X158.5354 Y-547.1279
G1 X158.8435 Y-546.6839
G1 X159.0611 Y-546.3675
; Retract
G1 Z2.5400 F2540

; Path 3
; Rapid to initial position
G1 X147.6332 Y-527.9291 F2540
G1 Z0.0000
; plunge
G1 Z-3.1750 F127
; cut
G1 X176.3697 Y-527.8824 F1016
G1 X201.8480 Y-527.7990
G1 X204.9455 Y-527.7785
G1 X206.1500 Y-527.7663
G1 X208.8368 Y-527.7241
G1 X211.5576 Y-527.6786
G1 X214.1390 Y-527.6329
G1 X215.6597 Y-527.6045
G1 X220.5825 Y-527.5042
G1 X223.5792 Y-527.4346
G1 X225.4743 Y-527.3860
G1 X226.5789 Y-527.3558
G1 X229.2609 Y-527.2750
G1 X230.7669 Y-527.2237
G1 X231.6363 Y-527.1917
G1 X232.9579 Y-527.1386
G1 X234.0793 Y-527.0889
G1 X234.8596 Y-527.0508
G1 X235.6665 Y-527.0076
G1 X236.4826 Y-526.9593
G1 X236.9637 Y-526.9281
G1 X237.3528 Y-526.9009
G1 X238.0107 Y-526.8504
G1 X238.3930 Y-526.8176
G1 X238.6983 Y-526.7891
G1 X238.9370 Y-526.7650
G1 X239.3632 Y-526.7183
G1 X239.5842 Y-526.6924
G1 X239.7831 Y-526.6672
G1 X239.9627 Y-526.6426
G1 X240.1247 Y-526.6174
G1 X240.2721 Y-526.5918
G1 X240.4064 Y-526.5646
G1 X240.5301 Y-526.5351
G1 X240.6459 Y-526.5034
G1 X240.7557 Y-526.4686
G1 X240.8619 Y-526.4297
G1 X240.9665 Y-526.3868
G1 X241.0722 Y-526.3391
G1 X241.1809 Y-526.2855
G1 X241.2952 Y-526.2263
G1 X241.4173 Y-526.1600
G1 X241.5131 Y-526.1069
G1 X241.6089 Y-526.0528
G1 X241.7041 Y-525.9977
G1 X241.7994 Y-525.9418
G1 X241.8941 Y-525.8849
G1 X241.9886 Y-525.8270
G1 X242.0831 Y-525.7681
G1 X242.1773 Y-525.7081
G1 X242.2713 Y-525.6474
G1 X242.3650 Y-525.5854
G1 X242.4585 Y-525.5227
G1 X242.5520 Y-525.4587
G1 X242.6452 Y-525.3937
G1 X242.7384 Y-525.3279
G1 X242.8314 Y-525.2606
G1 X242.9243 Y-525.1925
G1 X243.0173 Y-525.1232
G1 X243.1100 Y-525.0528
G1 X243.2027 Y-524.9814
G1 X243.2954 Y-524.9088
G1 X243.3879 Y-524.8349
G1 X243.4806 Y-524.7599
G1 X243.5730 Y-524.6837
G1 X243.6658 Y-524.6065
G1 X243.7582 Y-524.5280
G1 X243.8509 Y-524.4483
G1 X243.9436 Y-524.3673
G1 X244.0363 Y-524.2852
G1 X244.1291 Y-524.2016
G1 X244.2218 Y-524.1171
G1 X244.3147 Y-524.0310
G1 X244.4079 Y-523.9436
G1 X244.5012 Y-523.8552
G1 X244.5944 Y-523.7653
G1 X244.6879 Y-523.6741
G1 X244.7816 Y-523.5814
G1 X244.8753 Y-523.4877
G1 X244.9695 Y-523.3921
G1 X245.0635 Y-523.2956
G1 X245.1580 Y-523.1976
G1 X245.2527 Y-523.0980
G1 X245.3477 Y-522.9972
G1 X245.4427 Y-522.8951
G1 X245.5382 Y-522.7912
G1 X245.6340 Y-522.6860
G1 X245.7300 Y-522.5793
G1 X245.9231 Y-522.3617
G1 X246.0201 Y-522.2504
G1 X246.1174 Y-522.1379
G1 X246.2152 Y-522.0236
G1 X246.3132 Y-521.9080
G1 X246.4117 Y-521.7907
G1 X246.5106 Y-521.6718
G1 X246.6099 Y-521.5514
G1 X246.7097 Y-521.4292
G1 X246.8098 Y-521.3058
G1 X246.9106 Y-521.1806
G1 X247.0117 Y-521.0536
G1 X247.1133 Y-520.9250
G1 X247.2154 Y-520.7947
G1 X247.3180 Y-520.6629
G1 X247.4211 Y-520.5296
G1 X248.9802 Y-518.4892
G1 X248.9802 Y-518.4892
G1 X145.4170 Y-518.4892
G1 X45.3029 Y-518.5672
G1 X42.8391 Y-518.6093
G1 X42.4091 Y-518.6276
G1 X42.2293 Y-518.6403
G1 X42.1579 Y-518.6477
G1 X42.1129 Y-518.6538
G1 X42.0307 Y-518.6774
G1 X42.0261 Y-518.6843
G1 X42.0273 Y-518.6911
G1 X42.5493 Y-519.2974
G1 X43.0477 Y-519.8727
G1 X43.4312 Y-520.3129
G1 X43.8925 Y-520.8387
G1 X44.3337 Y-521.3375
G1 X44.6722 Y-521.7175
G1 X44.9986 Y-522.0810
G1 X45.1574 Y-522.2565
G1 X45.5407 Y-522.6774
G1 X45.8343 Y-522.9959
G1 X46.1160 Y-523.2984
G1 X46.3199 Y-523.5151
G1 X46.6458 Y-523.8567
G1 X46.8942 Y-524.1127
G1 X47.0144 Y-524.2349
G1 X47.1896 Y-524.4114
G1 X47.3591 Y-524.5798
G1 X47.5757 Y-524.7912
G1 X47.7317 Y-524.9403
G1 X47.8820 Y-525.0812
G1 X48.0268 Y-525.2143
G1 X48.1663 Y-525.3396
G1 X48.3004 Y-525.4569
G1 X48.3867 Y-525.5308
G1 X48.4708 Y-525.6014
G1 X48.5529 Y-525.6687
G1 X48.6324 Y-525.7325
G1 X48.7098 Y-525.7932
G1 X48.8216 Y-525.8778
G1 X48.8935 Y-525.9304
G1 X48.9633 Y-525.9794
G1 X49.0311 Y-526.0254
G1 X49.0967 Y-526.0683
G1 X49.1602 Y-526.1079
G1 X49.2216 Y-526.1445
G1 X49.2516 Y-526.1615
G1 X49.3100 Y-526.1935
G1 X49.3385 Y-526.2082
G1 X49.3941 Y-526.2357
G1 X49.4210 Y-526.2481
G1 X49.4739 Y-526.2710
G1 X49.5247 Y-526.2908
G1 X49.5493 Y-526.2997
G1 X49.5734 Y-526.3078
G1 X49.5973 Y-526.3152
G1 X49.6204 Y-526.3218
G1 X49.6433 Y-526.3276
G1 X49.6852 Y-526.3370
G1 X49.7462 Y-526.3495
G1 X49.8114 Y-526.3619
G1 X49.9298 Y-526.3825
G1 X50.0601 Y-526.4031
G1 X50.2625 Y-526.4315
G1 X50.5925 Y-526.4721
G1 X50.9298 Y-526.5085
G1 X51.3494 Y-526.5484
G1 X51.8160 Y-526.5880
G1 X52.1706 Y-526.6154
G1 X52.6034 Y-526.6466
G1 X53.0662 Y-526.6776
G1 X53.6859 Y-526.7160
G1 X54.9173 Y-526.7841
G1 X56.1355 Y-526.8435
G1 X57.2963 Y-526.8948
G1 X58.0888 Y-526.9273
G1 X60.2780 Y-527.0089
G1 X62.5902 Y-527.0848
G1 X64.1711 Y-527.1320
G1 X66.8264 Y-527.2044
G1 X70.5040 Y-527.2936
G1 X72.3237 Y-527.3337
G1 X74.6600 Y-527.3820
G1 X79.3250 Y-527.4691
G1 X88.0902 Y-527.6068
G1 X96.2779 Y-527.7122
G1 X105.6058 Y-527.8115
G1 X115.4570 Y-527.8973
G1 X118.2464 Y-527.9174
G1 X120.7480 Y-527.9266
G1 X130.6165 Y-527.9375
G1 X147.6332 Y-527.9291
; Retract
G1 Z2.5400 F2540

; Path 4
; Rapid to initial position
G1 X124.5047 Y-541.8440 F2540
G1 Z0.0000
; plunge
G1 Z-3.1750 F127
; cut
G1 X124.4458 Y-541.7490 F1016
G1 X124.3846 Y-541.6563
G1 X124.3213 Y-541.5656
G1 X124.2555 Y-541.4772
G1 X124.1877 Y-541.3906
G1 X124.1174 Y-541.3063
G1 X124.0445 Y-541.2240
G1 X123.9690 Y-541.1437
G1 X123.8913 Y-541.0652
G1 X123.8108 Y-540.9888
G1 X123.7275 Y-540.9143
G1 X123.6414 Y-540.8417
G1 X123.5527 Y-540.7708
G1 X123.4610 Y-540.7017
G1 X123.3663 Y-540.6344
G1 X123.2687 Y-540.5689
G1 X123.1682 Y-540.5051
G1 X123.0643 Y-540.4429
G1 X122.9573 Y-540.3822
G1 X122.8474 Y-540.3233
G1 X122.7338 Y-540.2659
G1 X122.6170 Y-540.2100
G1 X122.4968 Y-540.1556
G1 X122.3731 Y-540.1028
G1 X122.2459 Y-540.0512
G1 X122.1151 Y-540.0012
G1 X121.9807 Y-539.9524
G1 X121.8425 Y-539.9052
G1 X121.7005 Y-539.8592
G1 X121.5547 Y-539.8143
G1 X121.4051 Y-539.7708
G1 X121.2515 Y-539.7284
G1 X121.0940 Y-539.6873
G1 X120.9322 Y-539.6471
G1 X120.7663 Y-539.6083
G1 X120.5964 Y-539.5704
G1 X120.4222 Y-539.5336
G1 X120.2436 Y-539.4978
G1 X120.0607 Y-539.4630
G1 X119.8733 Y-539.4289
G1 X119.6815 Y-539.3959
G1 X119.4852 Y-539.3639
G1 X119.2842 Y-539.3324
G1 X119.0785 Y-539.3019
G1 X118.8682 Y-539.2722
G1 X118.6528 Y-539.2433
G1 X118.4328 Y-539.2151
G1 X118.2080 Y-539.1876
G1 X117.9782 Y-539.1607
G1 X117.7432 Y-539.1343
G1 X117.4824 Y-539.1064
G1 X117.3792 Y-539.0982
G1 X117.2065 Y-539.0881
G1 X116.9866 Y-539.0782
G1 X116.6625 Y-539.0667
G1 X116.3437 Y-539.0573
G1 X115.9050 Y-539.0467
G1 X114.7544 Y-539.0243
G1 X113.8085 Y-539.0098
G1 X111.3130 Y-538.9811
G1 X108.1893 Y-538.9560
G1 X104.6523 Y-538.9364
G1 X101.1822 Y-538.9237
G1 X98.5078 Y-538.9176
G1 X94.9775 Y-538.9141
G1 X94.9775 Y-538.9141
G1 X91.4042 Y-538.9154
G1 X88.4410 Y-538.9204
G1 X85.9145 Y-538.9278
G1 X83.0814 Y-538.9400
G1 X80.3719 Y-538.9560
G1 X67.9262 Y-539.0629
G1 X70.0730 Y-540.8214
G1 X70.2983 Y-541.0048
G1 X70.5302 Y-541.1917
G1 X70.7672 Y-541.3804
G1 X71.0075 Y-541.5702
G1 X71.3697 Y-541.8529
G1 X71.4903 Y-541.9461
G1 X71.7293 Y-542.1297
G1 X71.8477 Y-542.2199
G1 X72.0804 Y-542.3962
G1 X72.3067 Y-542.5658
G1 X72.5246 Y-542.7276
G1 X72.6300 Y-542.8051
G1 X72.8325 Y-542.9524
G1 X72.9290 Y-543.0218
G1 X73.1119 Y-543.1518
G1 X73.1977 Y-543.2118
G1 X73.3570 Y-543.3215
G1 X73.4985 Y-543.4157
G1 X73.5995 Y-543.4815
G1 X73.8058 Y-543.6144
G1 X74.0164 Y-543.7482
G1 X74.2318 Y-543.8831
G1 X74.4515 Y-544.0192
G1 X74.6760 Y-544.1561
G1 X74.9046 Y-544.2941
G1 X75.1375 Y-544.4330
G1 X75.4951 Y-544.6433
G1 X75.7387 Y-544.7848
G1 X75.9866 Y-544.9270
G1 X76.3659 Y-545.1419
G1 X76.6237 Y-545.2862
G1 X76.7542 Y-545.3586
G1 X77.1510 Y-545.5773
G1 X77.4205 Y-545.7238
G1 X77.8314 Y-545.9453
G1 X78.1101 Y-546.0937
G1 X78.5348 Y-546.3177
G1 X78.9671 Y-546.5430
G1 X79.2597 Y-546.6939
G1 X79.7047 Y-546.9214
G1 X80.1571 Y-547.1500
G1 X80.6166 Y-547.3799
G1 X80.9267 Y-547.5336
G1 X81.2399 Y-547.6878
G1 X81.7151 Y-547.9199
G1 X82.1967 Y-548.1528
G1 X82.6844 Y-548.3865
G1 X83.3440 Y-548.6989
G1 X84.0138 Y-549.0126
G1 X84.6933 Y-549.3268
G1 X85.2089 Y-549.5630
G1 X85.9041 Y-549.8782
G1 X86.2548 Y-550.0360
G1 X86.6076 Y-550.1937
G1 X86.9625 Y-550.3515
G1 X87.3191 Y-550.5092
G1 X87.8573 Y-550.7457
G1 X88.3996 Y-550.9819
G1 X89.1286 Y-551.2968
G1 X89.4951 Y-551.4538
G1 X90.0481 Y-551.6893
G1 X90.7898 Y-552.0022
G1 X91.5368 Y-552.3141
G1 X92.2881 Y-552.6248
G1 X92.6653 Y-552.7794
G1 X93.2330 Y-553.0108
G1 X93.6125 Y-553.1645
G1 X93.9927 Y-553.3177
G1 X94.7555 Y-553.6227
G1 X95.3292 Y-553.8500
G1 X96.0958 Y-554.1513
G1 X96.4799 Y-554.3009
G1 X97.0564 Y-554.5242
G1 X97.4410 Y-554.6720
G1 X98.2109 Y-554.9659
G1 X98.9810 Y-555.2567
G1 X99.7509 Y-555.5442
G1 X100.1357 Y-555.6867
G1 X100.7123 Y-555.8988
G1 X101.4796 Y-556.1785
G1 X102.0542 Y-556.3855
G1 X102.6274 Y-556.5905
G1 X103.1992 Y-556.7929
G1 X103.7692 Y-556.9930
G1 X104.3374 Y-557.1907
G1 X104.7151 Y-557.3210
G1 X105.2800 Y-557.5140
G1 X106.0290 Y-557.7675
G1 X106.5878 Y-557.9542
G1 X107.3282 Y-558.1985
G1 X107.6963 Y-558.3187
G1 X108.2459 Y-558.4962
G1 X108.9729 Y-558.7281
G1 X109.5139 Y-558.8983
G1 X109.8723 Y-559.0098
G1 X110.2289 Y-559.1198
G1 X110.7600 Y-559.2818
G1 X111.2868 Y-559.4403
G1 X111.6355 Y-559.5440
G1 X112.1545 Y-559.6964
G1 X112.3262 Y-559.7461
G1 X112.8385 Y-559.8935
G1 X113.1768 Y-559.9895
G1 X113.6800 Y-560.1302
G1 X114.0125 Y-560.2219
G1 X114.5060 Y-560.3557
G1 X114.9937 Y-560.4855
G1 X115.4753 Y-560.6110
G1 X115.9502 Y-560.7319
G1 X116.2634 Y-560.8104
G1 X116.4189 Y-560.8488
G1 X116.7272 Y-560.9239
G1 X117.0320 Y-560.9971
G1 X117.3259 Y-561.0662
G1 X117.6111 Y-561.1320
G1 X117.8908 Y-561.1947
G1 X118.1671 Y-561.2549
G1 X118.4430 Y-561.3133
G1 X118.7206 Y-561.3702
G1 X119.0031 Y-561.4261
G1 X119.2926 Y-561.4817
G1 X119.5921 Y-561.5374
G1 X119.7463 Y-561.5653
G1 X120.0653 Y-561.6219
G1 X120.4006 Y-561.6801
G1 X120.7549 Y-561.7400
G1 X121.3274 Y-561.8345
G1 X121.7402 Y-561.9013
G1 X121.8684 Y-561.9186
G1 X122.0147 Y-561.9331
G1 X122.1760 Y-561.9448
G1 X122.3488 Y-561.9537
G1 X122.5301 Y-561.9598
G1 X122.7163 Y-561.9631
G1 X122.9042 Y-561.9638
G1 X123.0909 Y-561.9618
G1 X123.2725 Y-561.9575
G1 X123.4463 Y-561.9506
G1 X123.6086 Y-561.9412
G1 X123.7564 Y-561.9295
G1 X123.8860 Y-561.9153
G1 X123.9947 Y-561.8991
G1 X124.0785 Y-561.8805
G1 X124.1349 Y-561.8599
G1 X124.1585 Y-561.8470
G1 X124.1821 Y-561.8328
G1 X124.2052 Y-561.8175
G1 X124.2281 Y-561.8013
G1 X124.2510 Y-561.7840
G1 X124.2733 Y-561.7657
G1 X124.2957 Y-561.7461
G1 X124.3175 Y-561.7256
G1 X124.3393 Y-561.7037
G1 X124.3609 Y-561.6811
G1 X124.4031 Y-561.6321
G1 X124.4239 Y-561.6057
G1 X124.4445 Y-561.5785
G1 X124.4648 Y-561.5501
G1 X124.4849 Y-561.5203
G1 X124.5047 Y-561.4896
G1 X124.5245 Y-561.4576
G1 X124.5438 Y-561.4243
G1 X124.5629 Y-561.3900
G1 X124.5819 Y-561.3545
G1 X124.6007 Y-561.3179
G1 X124.6373 Y-561.2407
G1 X124.6553 Y-561.2003
G1 X124.6731 Y-561.1589
G1 X124.6906 Y-561.1160
G1 X124.7079 Y-561.0720
G1 X124.7419 Y-560.9801
G1 X124.7750 Y-560.8833
G1 X124.7912 Y-560.8330
G1 X124.8072 Y-560.7815
G1 X124.8230 Y-560.7284
G1 X124.8385 Y-560.6743
G1 X124.8537 Y-560.6189
G1 X124.8837 Y-560.5038
G1 X124.9126 Y-560.3837
G1 X124.9269 Y-560.3217
G1 X124.9548 Y-560.1934
G1 X124.9817 Y-560.0598
G1 X125.0076 Y-559.9209
G1 X125.0203 Y-559.8493
G1 X125.0452 Y-559.7020
G1 X125.0691 Y-559.5488
G1 X125.0922 Y-559.3903
G1 X125.1146 Y-559.2260
G1 X125.1463 Y-558.9684
G1 X125.1666 Y-558.7896
G1 X125.1953 Y-558.5102
G1 X125.2136 Y-558.3164
G1 X125.2309 Y-558.1165
G1 X125.2477 Y-557.9107
G1 X125.2634 Y-557.6987
G1 X125.2784 Y-557.4802
G1 X125.2995 Y-557.1411
G1 X125.3127 Y-556.9069
G1 X125.3310 Y-556.5440
G1 X125.3421 Y-556.2938
G1 X125.3526 Y-556.0370
G1 X125.3714 Y-555.5038
G1 X125.3795 Y-555.2272
G1 X125.3907 Y-554.7995
G1 X125.4001 Y-554.3565
G1 X125.4079 Y-553.8978
G1 X125.4122 Y-553.5833
G1 X125.4188 Y-552.9331
G1 X125.4211 Y-552.5973
G1 X125.4232 Y-552.0799
G1 X125.4237 Y-551.3647
G1 X125.4224 Y-550.8087
G1 X125.4196 Y-550.2359
G1 X125.4153 Y-549.6458
G1 X125.4054 Y-548.6085
G1 X125.3891 Y-547.1739
G1 X125.3785 Y-546.4480
G1 X125.3714 Y-546.0683
G1 X125.3637 Y-545.7271
G1 X125.3554 Y-545.4211
G1 X125.3460 Y-545.1472
G1 X125.3391 Y-544.9814
G1 X125.3353 Y-544.9029
G1 X125.3236 Y-544.6850
G1 X125.3150 Y-544.5526
G1 X125.3058 Y-544.4299
G1 X125.2906 Y-544.2618
G1 X125.2794 Y-544.1589
G1 X125.2611 Y-544.0162
G1 X125.2477 Y-543.9275
G1 X125.2334 Y-543.8430
G1 X125.2182 Y-543.7617
G1 X125.2019 Y-543.6829
G1 X125.1933 Y-543.6441
G1 X125.1753 Y-543.5671
G1 X125.1463 Y-543.4518
G1 X125.1031 Y-543.2933
G1 X125.0666 Y-543.1668
G1 X125.0287 Y-543.0429
G1 X124.9896 Y-542.9217
G1 X124.9487 Y-542.8028
G1 X124.9065 Y-542.6867
G1 X124.8626 Y-542.5730
G1 X124.8169 Y-542.4617
G1 X124.7696 Y-542.3530
G1 X124.7203 Y-542.2466
G1 X124.6696 Y-542.1424
G1 X124.6165 Y-542.0406
G1 X124.5616 Y-541.9413
G1 X124.5047 Y-541.8440
; Retract
G1 Z2.5400 F2540

; Path 5
; Rapid to initial position
G1 X108.7303 Y-576.9552 F2540
G1 Z0.0000
; plunge
G1 Z-3.1750 F127
; cut
G1 X104.6424 Y-577.0176 F1016
G1 X104.0620 Y-577.0273
G1 X103.5167 Y-577.0382
G1 X103.0054 Y-577.0504
G1 X102.6825 Y-577.0593
G1 X102.2243 Y-577.0740
G1 X101.7966 Y-577.0903
G1 X101.5274 Y-577.1022
G1 X101.2708 Y-577.1149
G1 X101.1469 Y-577.1218
G1 X100.9081 Y-577.1358
G1 X100.6805 Y-577.1507
G1 X100.4641 Y-577.1667
G1 X100.2584 Y-577.1838
G1 X100.0625 Y-577.2018
G1 X99.8766 Y-577.2208
G1 X99.7872 Y-577.2307
G1 X99.6152 Y-577.2516
G1 X99.5327 Y-577.2625
G1 X99.4522 Y-577.2737
G1 X99.3737 Y-577.2851
G1 X99.2231 Y-577.3090
G1 X99.1504 Y-577.3214
G1 X99.0801 Y-577.3341
G1 X99.0112 Y-577.3473
G1 X98.9444 Y-577.3608
G1 X98.8792 Y-577.3745
G1 X98.8157 Y-577.3885
G1 X98.7537 Y-577.4030
G1 X98.6348 Y-577.4329
G1 X98.5218 Y-577.4644
G1 X98.4143 Y-577.4974
G1 X98.3625 Y-577.5145
G1 X98.3120 Y-577.5320
G1 X98.2624 Y-577.5498
G1 X98.2142 Y-577.5681
G1 X98.1672 Y-577.5869
G1 X98.1210 Y-577.6059
G1 X98.0757 Y-577.6255
G1 X98.0316 Y-577.6453
G1 X97.9884 Y-577.6656
G1 X97.5705 Y-577.8657
G1 X97.6084 Y-581.4411
G1 X97.6193 Y-582.3923
G1 X97.6610 Y-585.4794
G1 X97.7044 Y-588.3737
G1 X97.7608 Y-591.8454
G1 X97.7796 Y-593.1662
G1 X97.7956 Y-594.5325
G1 X97.8012 Y-595.1896
G1 X97.8042 Y-595.7895
G1 X97.8032 Y-596.2061
G1 X97.8012 Y-596.3379
G1 X97.7981 Y-596.4154
G1 X97.7961 Y-596.4326
G1 X97.7951 Y-596.4357
G1 X97.7877 Y-596.4370
G1 X97.7702 Y-596.4354
G1 X97.7433 Y-596.4316
G1 X97.7067 Y-596.4255
G1 X97.6610 Y-596.4169
G1 X97.5434 Y-596.3928
G1 X97.3922 Y-596.3602
G1 X97.1075 Y-596.2962
G1 X96.7600 Y-596.2160
G1 X96.3569 Y-596.1210
G1 X95.9053 Y-596.0133
G1 X95.2409 Y-595.8528
G1 X94.1454 Y-595.5850
G1 X93.3747 Y-595.3945
G1 X92.2012 Y-595.1017
G1 X91.6226 Y-594.9559
G1 X90.8759 Y-594.7664
G1 X90.0069 Y-594.5431
G1 X89.5327 Y-594.4197
G1 X88.9711 Y-594.2711
G1 X88.7252 Y-594.2048
G1 X88.3539 Y-594.1030
G1 X88.0712 Y-594.0270
G1 X87.9399 Y-593.9927
G1 X87.6965 Y-593.9318
G1 X87.5838 Y-593.9051
G1 X87.4766 Y-593.8807
G1 X87.3750 Y-593.8589
G1 X87.2785 Y-593.8393
G1 X87.1873 Y-593.8223
G1 X87.1004 Y-593.8075
G1 X87.0184 Y-593.7951
G1 X86.9406 Y-593.7852
G1 X86.8667 Y-593.7776
G1 X86.7969 Y-593.7722
G1 X86.7306 Y-593.7692
G1 X86.6676 Y-593.7684
G1 X86.6079 Y-593.7702
G1 X86.5510 Y-593.7740
G1 X86.4967 Y-593.7801
G1 X86.4448 Y-593.7885
G1 X86.3953 Y-593.7989
G1 X86.3478 Y-593.8119
G1 X86.3018 Y-593.8269
G1 X86.2576 Y-593.8441
G1 X86.2145 Y-593.8634
G1 X86.1723 Y-593.8850
G1 X86.1311 Y-593.9086
G1 X86.0905 Y-593.9343
G1 X86.0504 Y-593.9622
G1 X86.0100 Y-593.9922
G1 X85.9815 Y-594.0148
G1 X85.9539 Y-594.0377
G1 X85.9269 Y-594.0610
G1 X85.9005 Y-594.0852
G1 X85.8749 Y-594.1098
G1 X85.8500 Y-594.1350
G1 X85.8256 Y-594.1611
G1 X85.8020 Y-594.1878
G1 X85.7791 Y-594.2155
G1 X85.7567 Y-594.2442
G1 X85.7349 Y-594.2736
G1 X85.7141 Y-594.3041
G1 X85.6935 Y-594.3356
G1 X85.6737 Y-594.3681
G1 X85.6546 Y-594.4019
G1 X85.6358 Y-594.4370
G1 X85.6178 Y-594.4733
G1 X85.6005 Y-594.5109
G1 X85.5835 Y-594.5500
G1 X85.5673 Y-594.5904
G1 X85.5515 Y-594.6323
G1 X85.5363 Y-594.6757
G1 X85.5218 Y-594.7207
G1 X85.5076 Y-594.7674
G1 X85.4939 Y-594.8159
G1 X85.4809 Y-594.8662
G1 X85.4682 Y-594.9180
G1 X85.4563 Y-594.9719
G1 X85.4446 Y-595.0278
G1 X85.4334 Y-595.0854
G1 X85.4227 Y-595.1454
G1 X85.4126 Y-595.2071
G1 X85.4027 Y-595.2714
G1 X85.3935 Y-595.3374
G1 X85.3846 Y-595.4060
G1 X85.3681 Y-595.5497
G1 X85.3531 Y-595.7034
G1 X85.3399 Y-595.8670
G1 X85.3338 Y-595.9528
G1 X85.3283 Y-596.0412
G1 X85.3178 Y-596.2264
G1 X85.3133 Y-596.3232
G1 X85.3049 Y-596.5256
G1 X85.2978 Y-596.7400
G1 X85.2919 Y-596.9671
G1 X85.2874 Y-597.2068
G1 X85.2835 Y-597.4601
G1 X85.2800 Y-597.8660
G1 X85.2782 Y-598.3041
G1 X85.2787 Y-599.0692
G1 X85.2815 Y-599.6729
G1 X85.2848 Y-600.0278
G1 X85.2871 Y-600.1918
G1 X85.2924 Y-600.4956
G1 X85.2957 Y-600.6358
G1 X85.3036 Y-600.8944
G1 X85.3082 Y-601.0138
G1 X85.3133 Y-601.1268
G1 X85.3186 Y-601.2337
G1 X85.3247 Y-601.3353
G1 X85.3313 Y-601.4316
G1 X85.3384 Y-601.5231
G1 X85.3460 Y-601.6099
G1 X85.3544 Y-601.6925
G1 X85.3633 Y-601.7715
G1 X85.3727 Y-601.8469
G1 X85.3829 Y-601.9190
G1 X85.3935 Y-601.9884
G1 X85.4052 Y-602.0554
G1 X85.4174 Y-602.1202
G1 X85.4301 Y-602.1832
G1 X85.4438 Y-602.2449
G1 X85.4583 Y-602.3056
G1 X85.4733 Y-602.3656
G1 X85.4893 Y-602.4250
G1 X85.5269 Y-602.5563
G1 X85.5662 Y-602.6828
G1 X85.6071 Y-602.8047
G1 X85.6501 Y-602.9221
G1 X85.6950 Y-603.0351
G1 X85.7423 Y-603.1438
G1 X85.7915 Y-603.2482
G1 X85.8436 Y-603.3488
G1 X85.8982 Y-603.4453
G1 X85.9556 Y-603.5383
G1 X86.0158 Y-603.6277
G1 X86.0791 Y-603.7135
G1 X86.1456 Y-603.7958
G1 X86.2155 Y-603.8751
G1 X86.2889 Y-603.9513
G1 X86.3658 Y-604.0242
G1 X86.4466 Y-604.0946
G1 X86.5312 Y-604.1621
G1 X86.6198 Y-604.2271
G1 X86.7126 Y-604.2896
G1 X86.8098 Y-604.3498
G1 X86.9114 Y-604.4080
G1 X87.0179 Y-604.4639
G1 X87.1289 Y-604.5180
G1 X87.2447 Y-604.5700
G1 X87.3658 Y-604.6206
G1 X87.4918 Y-604.6696
G1 X87.6234 Y-604.7174
G1 X87.7603 Y-604.7636
G1 X87.9030 Y-604.8088
G1 X88.0514 Y-604.8527
G1 X88.3252 Y-604.9297
G1 X88.4443 Y-604.9653
G1 X88.5632 Y-605.0031
G1 X88.6818 Y-605.0427
G1 X88.8002 Y-605.0846
G1 X88.9180 Y-605.1283
G1 X89.0354 Y-605.1740
G1 X89.1525 Y-605.2218
G1 X89.2693 Y-605.2713
G1 X89.3856 Y-605.3229
G1 X89.5015 Y-605.3762
G1 X89.6168 Y-605.4316
G1 X89.7318 Y-605.4888
G1 X89.8461 Y-605.5477
G1 X89.9602 Y-605.6084
G1 X90.0737 Y-605.6709
G1 X90.1868 Y-605.7354
G1 X90.2995 Y-605.8014
G1 X90.4116 Y-605.8692
G1 X90.5228 Y-605.9388
G1 X90.6338 Y-606.0100
G1 X90.7443 Y-606.0829
G1 X90.8540 Y-606.1575
G1 X90.9632 Y-606.2337
G1 X91.0720 Y-606.3115
G1 X91.1799 Y-606.3910
G1 X91.2873 Y-606.4720
G1 X91.3943 Y-606.5545
G1 X91.5005 Y-606.6386
G1 X91.6059 Y-606.7242
G1 X91.7108 Y-606.8113
G1 X91.8149 Y-606.9000
G1 X91.9185 Y-606.9901
G1 X92.0214 Y-607.0816
G1 X92.1235 Y-607.1746
G1 X92.2249 Y-607.2690
G1 X92.3254 Y-607.3648
G1 X92.4255 Y-607.4618
G1 X92.5246 Y-607.5604
G1 X92.6231 Y-607.6602
G1 X92.7207 Y-607.7613
G1 X92.8174 Y-607.8637
G1 X92.9135 Y-607.9673
G1 X93.0087 Y-608.0722
G1 X93.1032 Y-608.1784
G1 X93.1967 Y-608.2858
G1 X93.2894 Y-608.3943
G1 X93.3813 Y-608.5040
G1 X93.4723 Y-608.6150
G1 X93.5624 Y-608.7270
G1 X93.6516 Y-608.8400
G1 X93.7400 Y-608.9543
G1 X93.8273 Y-609.0696
G1 X93.9140 Y-609.1860
G1 X93.9993 Y-609.3033
G1 X94.0839 Y-609.4217
G1 X94.1677 Y-609.5411
G1 X94.2503 Y-609.6615
G1 X94.3318 Y-609.7829
G1 X94.4126 Y-609.9053
G1 X94.4923 Y-610.0285
G1 X94.5708 Y-610.1527
G1 X94.6485 Y-610.2777
G1 X94.7250 Y-610.4034
G1 X94.8004 Y-610.5301
G1 X94.8748 Y-610.6577
G1 X94.9482 Y-610.7862
G1 X95.0206 Y-610.9152
G1 X95.0918 Y-611.0453
G1 X95.1616 Y-611.1758
G1 X95.2307 Y-611.3071
G1 X95.2985 Y-611.4392
G1 X95.3651 Y-611.5721
G1 X95.4306 Y-611.7054
G1 X95.4949 Y-611.8395
G1 X95.5578 Y-611.9744
G1 X95.6198 Y-612.1098
G1 X95.6805 Y-612.2457
G1 X95.7400 Y-612.3821
G1 X95.7984 Y-612.5192
G1 X95.8553 Y-612.6569
G1 X95.9112 Y-612.7948
G1 X95.9655 Y-612.9335
G1 X96.0189 Y-613.0727
G1 X96.0707 Y-613.2121
G1 X96.1215 Y-613.3521
G1 X96.1707 Y-613.4925
G1 X96.2188 Y-613.6333
G1 X96.2652 Y-613.7745
G1 X96.3107 Y-613.9162
G1 X96.3546 Y-614.0580
G1 X96.3971 Y-614.2002
G1 X96.4385 Y-614.3427
G1 X96.4781 Y-614.4854
G1 X96.5167 Y-614.6287
G1 X96.5535 Y-614.7719
G1 X96.5891 Y-614.9155
G1 X96.6231 Y-615.0592
G1 X96.6559 Y-615.2030
G1 X96.6871 Y-615.3473
G1 X96.7168 Y-615.4913
G1 X96.7450 Y-615.6358
G1 X96.7717 Y-615.7803
G1 X96.7971 Y-615.9249
G1 X96.8207 Y-616.0694
G1 X96.8428 Y-616.2142
G1 X96.8634 Y-616.3589
G1 X96.8825 Y-616.5035
G1 X96.9000 Y-616.6482
G1 X96.9160 Y-616.7930
G1 X96.9302 Y-616.9376
G1 X96.9429 Y-617.0823
G1 X96.9541 Y-617.2266
G1 X96.9635 Y-617.3711
G1 X96.9714 Y-617.5154
G1 X96.9777 Y-617.6594
G1 X96.9820 Y-617.8034
G1 X96.9851 Y-617.9472
G1 X96.9861 Y-618.0910
G1 X96.9856 Y-618.2342
G1 X96.9833 Y-618.3772
G1 X96.9795 Y-618.5202
G1 X96.9736 Y-618.6627
G1 X96.9663 Y-618.8052
G1 X96.9571 Y-618.9472
G1 X96.9462 Y-619.0887
G1 X96.9335 Y-619.2299
G1 X96.9188 Y-619.3709
G1 X96.9058 Y-619.4857
G1 X96.8919 Y-619.6000
G1 X96.8769 Y-619.7140
G1 X96.8611 Y-619.8276
G1 X96.8444 Y-619.9408
G1 X96.8266 Y-620.0536
G1 X96.8080 Y-620.1661
G1 X96.7885 Y-620.2782
G1 X96.7682 Y-620.3899
G1 X96.7468 Y-620.5012
G1 X96.7245 Y-620.6122
G1 X96.7014 Y-620.7227
G1 X96.6772 Y-620.8329
G1 X96.6521 Y-620.9426
G1 X96.6262 Y-621.0521
G1 X96.5995 Y-621.1611
G1 X96.5718 Y-621.2698
G1 X96.5431 Y-621.3777
G1 X96.5136 Y-621.4857
G1 X96.4832 Y-621.5931
G1 X96.4519 Y-621.7001
G1 X96.4197 Y-621.8065
G1 X96.3867 Y-621.9126
G1 X96.3526 Y-622.0186
G1 X96.3178 Y-622.1237
G1 X96.2820 Y-622.2286
G1 X96.2454 Y-622.3333
G1 X96.2081 Y-622.4372
G1 X96.1695 Y-622.5408
G1 X96.1304 Y-622.6439
G1 X96.0902 Y-622.7468
G1 X96.0491 Y-622.8491
G1 X96.0072 Y-622.9510
G1 X95.9645 Y-623.0526
G1 X95.9208 Y-623.1534
G1 X95.8764 Y-623.2540
G1 X95.8309 Y-623.3544
G1 X95.7847 Y-623.4539
G1 X95.7377 Y-623.5532
G1 X95.6897 Y-623.6520
G1 X95.6409 Y-623.7503
G1 X95.5911 Y-623.8484
G1 X95.5406 Y-623.9457
G1 X95.4893 Y-624.0427
G1 X95.4369 Y-624.1392
G1 X95.3839 Y-624.2352
G1 X95.3300 Y-624.3307
G1 X95.2751 Y-624.4260
G1 X95.2195 Y-624.5205
G1 X95.1629 Y-624.6147
G1 X95.1057 Y-624.7084
G1 X95.0476 Y-624.8016
G1 X94.9884 Y-624.8944
G1 X94.9287 Y-624.9866
G1 X94.8680 Y-625.0785
G1 X94.8065 Y-625.1697
G1 X94.7440 Y-625.2606
G1 X94.6810 Y-625.3508
G1 X94.6170 Y-625.4407
G1 X94.5523 Y-625.5299
G1 X94.4865 Y-625.6188
G1 X94.4199 Y-625.7072
G1 X94.3529 Y-625.7948
G1 X94.2845 Y-625.8822
G1 X94.2157 Y-625.9690
G1 X94.1459 Y-626.0554
G1 X94.0755 Y-626.1410
G1 X94.0041 Y-626.2263
G1 X93.9320 Y-626.3112
G1 X93.8588 Y-626.3952
G1 X93.7852 Y-626.4791
G1 X93.7105 Y-626.5621
G1 X93.6351 Y-626.6449
G1 X93.5589 Y-626.7270
G1 X93.4819 Y-626.8088
G1 X93.4042 Y-626.8898
G1 X93.3254 Y-626.9703
G1 X93.2462 Y-627.0503
G1 X93.1659 Y-627.1298
G1 X93.0849 Y-627.2088
G1 X93.0031 Y-627.2870
G1 X92.9206 Y-627.3650
G1 X92.8373 Y-627.4422
G1 X92.7532 Y-627.5189
G1 X92.6683 Y-627.5951
G1 X92.5827 Y-627.6708
G1 X92.4961 Y-627.7460
G1 X92.4090 Y-627.8204
G1 X92.3209 Y-627.8944
G1 X92.2322 Y-627.9678
G1 X92.1426 Y-628.0407
G1 X92.0524 Y-628.1128
G1 X91.9612 Y-628.1847
G1 X91.8693 Y-628.2558
G1 X91.7768 Y-628.3264
G1 X91.6833 Y-628.3963
G1 X91.5894 Y-628.4656
G1 X91.4944 Y-628.5344
G1 X91.3986 Y-628.6028
G1 X91.3023 Y-628.6703
G1 X91.2050 Y-628.7374
G1 X91.1073 Y-628.8039
G1 X91.0085 Y-628.8697
G1 X90.9091 Y-628.9350
G1 X90.8091 Y-628.9998
G1 X90.7080 Y-629.0638
G1 X90.6064 Y-629.1273
G1 X90.5040 Y-629.1903
G1 X90.4009 Y-629.2525
G1 X90.2970 Y-629.3142
G1 X90.1924 Y-629.3752
G1 X90.0872 Y-629.4356
G1 X89.9810 Y-629.4956
G1 X89.8743 Y-629.5547
G1 X89.6584 Y-629.6713
G1 X89.5495 Y-629.7287
G1 X89.4398 Y-629.7854
G1 X89.3295 Y-629.8415
G1 X89.2183 Y-629.8969
G1 X89.1065 Y-629.9517
G1 X88.9937 Y-630.0059
G1 X88.8804 Y-630.0594
G1 X88.7666 Y-630.1123
G1 X88.6518 Y-630.1646
G1 X88.5365 Y-630.2164
G1 X88.4202 Y-630.2672
G1 X88.1830 Y-630.3698
G1 X88.0661 Y-630.4216
G1 X87.9523 Y-630.4737
G1 X87.8418 Y-630.5258
G1 X87.7346 Y-630.5779
G1 X87.6308 Y-630.6302
G1 X87.5299 Y-630.6825
G1 X87.4321 Y-630.7351
G1 X87.3376 Y-630.7877
G1 X87.2460 Y-630.8407
G1 X87.1573 Y-630.8938
G1 X87.0715 Y-630.9472
G1 X86.9886 Y-631.0010
G1 X86.9089 Y-631.0551
G1 X86.8317 Y-631.1097
G1 X86.7573 Y-631.1646
G1 X86.6856 Y-631.2200
G1 X86.6165 Y-631.2759
G1 X86.5502 Y-631.3322
G1 X86.4865 Y-631.3891
G1 X86.4253 Y-631.4465
G1 X86.3666 Y-631.5045
G1 X86.3105 Y-631.5634
G1 X86.2566 Y-631.6226
G1 X86.2053 Y-631.6828
G1 X86.1563 Y-631.7435
G1 X86.1096 Y-631.8052
G1 X86.0651 Y-631.8677
G1 X86.0227 Y-631.9309
G1 X85.9826 Y-631.9949
G1 X85.9447 Y-632.0599
G1 X85.9086 Y-632.1257
G1 X85.8589 Y-632.2223
G1 X85.8116 Y-632.3162
G1 X85.7890 Y-632.3627
G1 X85.7458 Y-632.4549
G1 X85.7253 Y-632.5006
G1 X85.6859 Y-632.5926
G1 X85.6491 Y-632.6856
G1 X85.6315 Y-632.7325
G1 X85.6145 Y-632.7800
G1 X85.5983 Y-632.8280
G1 X85.5823 Y-632.8771
G1 X85.5670 Y-632.9269
G1 X85.5523 Y-632.9774
G1 X85.5378 Y-633.0292
G1 X85.5241 Y-633.0820
G1 X85.5109 Y-633.1361
G1 X85.4982 Y-633.1918
G1 X85.4857 Y-633.2487
G1 X85.4738 Y-633.3071
G1 X85.4514 Y-633.4293
G1 X85.4410 Y-633.4930
G1 X85.4309 Y-633.5588
G1 X85.4212 Y-633.6264
G1 X85.4118 Y-633.6965
G1 X85.4029 Y-633.7686
G1 X85.3943 Y-633.8433
G1 X85.3862 Y-633.9202
G1 X85.3783 Y-634.0000
G1 X85.3636 Y-634.1674
G1 X85.3501 Y-634.3462
G1 X85.3440 Y-634.4404
G1 X85.3321 Y-634.6381
G1 X85.3214 Y-634.8494
G1 X85.3117 Y-635.0752
G1 X85.3029 Y-635.3160
G1 X85.2909 Y-635.7076
G1 X85.2838 Y-635.9901
G1 X85.2772 Y-636.2908
G1 X85.2653 Y-636.9492
G1 X85.2518 Y-637.8885
G1 X85.1964 Y-642.2855
G1 X85.5350 Y-642.1572
G1 X85.6226 Y-642.1250
G1 X86.0768 Y-641.9626
G1 X88.3788 Y-641.1504
G1 X89.5596 Y-640.7368
G1 X89.9503 Y-640.6020
G1 X90.3272 Y-640.4729
G1 X90.8093 Y-640.3101
G1 X91.1558 Y-640.1951
G1 X91.4895 Y-640.0856
G1 X91.9152 Y-639.9489
G1 X92.2205 Y-639.8529
G1 X92.5142 Y-639.7628
G1 X92.7036 Y-639.7059
G1 X92.9785 Y-639.6251
G1 X93.1555 Y-639.5743
G1 X93.4123 Y-639.5029
G1 X93.6584 Y-639.4369
G1 X93.8169 Y-639.3960
G1 X93.9711 Y-639.3576
G1 X94.1941 Y-639.3043
G1 X94.3374 Y-639.2718
G1 X94.5449 Y-639.2276
G1 X94.6780 Y-639.2009
G1 X94.8073 Y-639.1768
G1 X94.8705 Y-639.1656
G1 X94.9940 Y-639.1448
G1 X95.0544 Y-639.1354
G1 X95.1723 Y-639.1181
G1 X95.2868 Y-639.1031
G1 X95.3427 Y-639.0965
G1 X95.4519 Y-639.0851
G1 X95.5576 Y-639.0759
G1 X95.6602 Y-639.0688
G1 X95.7595 Y-639.0640
G1 X95.8080 Y-639.0625
G1 X95.8558 Y-639.0617
G1 X95.9490 Y-639.0612
G1 X95.9945 Y-639.0620
G1 X96.0392 Y-639.0632
G1 X96.0831 Y-639.0650
G1 X96.1266 Y-639.0673
G1 X96.1692 Y-639.0701
G1 X96.2523 Y-639.0775
G1 X96.2929 Y-639.0820
G1 X96.3331 Y-639.0871
G1 X96.3722 Y-639.0927
G1 X96.4110 Y-639.0988
G1 X96.4491 Y-639.1054
G1 X96.4865 Y-639.1125
G1 X96.5596 Y-639.1285
G1 X96.6305 Y-639.1465
G1 X96.6650 Y-639.1565
G1 X96.7326 Y-639.1775
G1 X96.7656 Y-639.1890
G1 X96.7979 Y-639.2009
G1 X96.8299 Y-639.2134
G1 X96.8614 Y-639.2263
G1 X96.8924 Y-639.2398
G1 X96.9228 Y-639.2537
G1 X96.9528 Y-639.2682
G1 X96.9825 Y-639.2832
G1 X97.0117 Y-639.2987
G1 X97.0404 Y-639.3147
G1 X97.0686 Y-639.3312
G1 X97.0966 Y-639.3482
G1 X97.1240 Y-639.3658
G1 X97.1512 Y-639.3838
G1 X97.2043 Y-639.4211
G1 X97.2304 Y-639.4407
G1 X97.2561 Y-639.4607
G1 X97.3064 Y-639.5022
G1 X97.3554 Y-639.5456
G1 X97.4034 Y-639.5910
G1 X97.4270 Y-639.6144
G1 X97.4504 Y-639.6383
G1 X97.5388 Y-639.7333
G1 X97.5830 Y-639.7782
G1 X97.6287 Y-639.8222
G1 X97.6760 Y-639.8651
G1 X97.7247 Y-639.9070
G1 X97.7753 Y-639.9482
G1 X97.8276 Y-639.9883
G1 X97.8817 Y-640.0274
G1 X97.9376 Y-640.0658
G1 X97.9952 Y-640.1031
G1 X98.0549 Y-640.1394
G1 X98.1166 Y-640.1750
G1 X98.1804 Y-640.2098
G1 X98.2462 Y-640.2436
G1 X98.3140 Y-640.2766
G1 X98.3839 Y-640.3086
G1 X98.4562 Y-640.3398
G1 X98.5307 Y-640.3701
G1 X98.6074 Y-640.3998
G1 X98.6866 Y-640.4285
G1 X98.7682 Y-640.4562
G1 X98.8522 Y-640.4834
G1 X98.9388 Y-640.5095
G1 X99.0277 Y-640.5352
G1 X99.1194 Y-640.5598
G1 X99.2139 Y-640.5837
G1 X99.3110 Y-640.6068
G1 X99.4108 Y-640.6291
G1 X99.5131 Y-640.6507
G1 X99.6185 Y-640.6716
G1 X99.7270 Y-640.6916
G1 X99.8383 Y-640.7112
G1 X99.9523 Y-640.7297
G1 X100.0696 Y-640.7478
G1 X100.1900 Y-640.7650
G1 X100.3135 Y-640.7815
G1 X100.4402 Y-640.7973
G1 X100.5700 Y-640.8125
G1 X100.7031 Y-640.8270
G1 X100.8395 Y-640.8407
G1 X100.9795 Y-640.8539
G1 X101.1227 Y-640.8664
G1 X101.2695 Y-640.8783
G1 X101.4199 Y-640.8895
G1 X101.5736 Y-640.9002
G1 X101.7311 Y-640.9101
G1 X101.8924 Y-640.9195
G1 X102.0572 Y-640.9284
G1 X102.2259 Y-640.9365
G1 X102.3981 Y-640.9441
G1 X102.7547 Y-640.9576
G1 X102.9388 Y-640.9634
G1 X103.1268 Y-640.9687
G1 X103.3191 Y-640.9736
G1 X103.7158 Y-640.9814
G1 X103.9205 Y-640.9847
G1 X104.3424 Y-640.9896
G1 X104.7821 Y-640.9924
G1 X105.0084 Y-640.9931
G1 X108.7303 Y-640.9934
G1 X108.7303 Y-576.9552
G1 X108.7303 Y-576.9552
; Retract
G1 Z2.5400 F2540

; Path 6
; Rapid to initial position
G1 X115.8088 Y-593.3984 F2540
G1 Z0.0000
; plunge
G1 Z-3.1750 F127
; cut
G1 X115.7308 Y-594.6475 F1016
G1 X115.7270 Y-594.7207
G1 X115.7209 Y-594.8624
G1 X115.7133 Y-595.1080
G1 X115.7059 Y-595.4146
G1 X115.7006 Y-595.6821
G1 X115.6873 Y-596.5380
G1 X115.6772 Y-597.4370
G1 X115.6653 Y-598.9165
G1 X115.6607 Y-599.7245
G1 X115.6546 Y-601.4357
G1 X115.6513 Y-604.3463
G1 X115.6462 Y-605.8774
G1 X115.6368 Y-607.7735
G1 X115.6200 Y-610.3221
G1 X115.5972 Y-613.1565
G1 X115.5624 Y-616.7984
G1 X115.4994 Y-622.2906
G1 X115.4560 Y-625.5365
G1 X115.3907 Y-629.7445
G1 X115.3612 Y-631.3952
G1 X115.3376 Y-632.6027
G1 X115.3160 Y-633.6106
G1 X115.2886 Y-634.7645
G1 X115.2771 Y-635.2802
G1 X115.2614 Y-636.1095
G1 X115.2533 Y-636.6434
G1 X115.2479 Y-637.1283
G1 X115.2456 Y-637.4801
G1 X115.2451 Y-637.8738
G1 X115.2462 Y-638.0853
G1 X115.2474 Y-638.2161
G1 X115.2512 Y-638.4521
G1 X115.2566 Y-638.6540
G1 X115.2619 Y-638.7831
G1 X115.2680 Y-638.8926
G1 X115.2728 Y-638.9545
G1 X115.2804 Y-639.0310
G1 X115.2863 Y-639.0711
G1 X115.2924 Y-639.1018
G1 X115.2957 Y-639.1140
G1 X115.2990 Y-639.1239
G1 X115.3025 Y-639.1316
G1 X115.3411 Y-639.1900
G1 X115.3945 Y-639.2512
G1 X115.4618 Y-639.3147
G1 X115.5421 Y-639.3802
G1 X115.6343 Y-639.4473
G1 X115.7381 Y-639.5154
G1 X115.8522 Y-639.5839
G1 X115.9759 Y-639.6525
G1 X116.1082 Y-639.7208
G1 X116.2487 Y-639.7884
G1 X116.3960 Y-639.8547
G1 X116.5494 Y-639.9190
G1 X116.7082 Y-639.9814
G1 X116.8712 Y-640.0409
G1 X117.0379 Y-640.0975
G1 X117.2073 Y-640.1504
G1 X117.2588 Y-640.1656
G1 X117.4148 Y-640.2100
G1 X117.5733 Y-640.2525
G1 X117.6812 Y-640.2796
G1 X117.8469 Y-640.3190
G1 X117.9601 Y-640.3444
G1 X118.0765 Y-640.3691
G1 X118.1359 Y-640.3810
G1 X118.3190 Y-640.4166
G1 X118.4458 Y-640.4394
G1 X118.6439 Y-640.4729
G1 X118.7816 Y-640.4948
G1 X118.9980 Y-640.5268
G1 X119.2263 Y-640.5580
G1 X119.4681 Y-640.5888
G1 X119.7247 Y-640.6190
G1 X119.9043 Y-640.6391
G1 X120.1875 Y-640.6690
G1 X120.5923 Y-640.7089
G1 X121.0310 Y-640.7493
G1 X121.5060 Y-640.7902
G1 X122.1549 Y-640.8430
G1 X122.9919 Y-640.9070
G1 X123.2685 Y-640.9273
G1 X123.9436 Y-640.9753
G1 X124.6916 Y-641.0254
G1 X125.2309 Y-641.0587
G1 X125.5878 Y-641.0785
G1 X125.8628 Y-641.0914
G1 X125.9655 Y-641.0950
G1 X126.7531 Y-641.1105
G1 X126.7531 Y-593.3984
G1 X126.7531 Y-593.3984
G1 X115.8088 Y-593.3984
; Retract
G1 Z2.5400 F2540

; Path 7
; Rapid to initial position
G1 X135.3701 Y-606.0074 F2540
G1 Z0.0000
; plunge
G1 Z-3.1750 F127
; cut
G1 X135.2570 Y-606.1852 F1016
G1 X135.1481 Y-606.3615
G1 X135.0432 Y-606.5363
G1 X134.9423 Y-606.7090
G1 X134.8936 Y-606.7946
G1 X134.8458 Y-606.8799
G1 X134.7991 Y-606.9645
G1 X134.7533 Y-607.0488
G1 X134.7086 Y-607.1324
G1 X134.6652 Y-607.2157
G1 X134.6228 Y-607.2983
G1 X134.5816 Y-607.3803
G1 X134.5415 Y-607.4618
G1 X134.5027 Y-607.5429
G1 X134.4648 Y-607.6234
G1 X134.4282 Y-607.7031
G1 X134.3927 Y-607.7821
G1 X134.3584 Y-607.8606
G1 X134.3254 Y-607.9386
G1 X134.2934 Y-608.0158
G1 X134.2626 Y-608.0925
G1 X134.2240 Y-608.1923
G1 X134.1862 Y-608.2934
G1 X134.1488 Y-608.3960
G1 X134.1125 Y-608.4997
G1 X134.0769 Y-608.6048
G1 X134.0419 Y-608.7113
G1 X134.0079 Y-608.8192
G1 X133.9746 Y-608.9287
G1 X133.9418 Y-609.0394
G1 X133.9101 Y-609.1517
G1 X133.8788 Y-609.2652
G1 X133.8483 Y-609.3805
G1 X133.8186 Y-609.4974
G1 X133.7899 Y-609.6155
G1 X133.7617 Y-609.7354
G1 X133.7343 Y-609.8568
G1 X133.7074 Y-609.9800
G1 X133.6815 Y-610.1044
G1 X133.6563 Y-610.2309
G1 X133.6317 Y-610.3590
G1 X133.6078 Y-610.4885
G1 X133.5847 Y-610.6198
G1 X133.5623 Y-610.7529
G1 X133.5408 Y-610.8878
G1 X133.5199 Y-611.0244
G1 X133.4996 Y-611.1629
G1 X133.4800 Y-611.3031
G1 X133.4613 Y-611.4453
G1 X133.4432 Y-611.5891
G1 X133.4259 Y-611.7351
G1 X133.4092 Y-611.8827
G1 X133.3932 Y-612.0323
G1 X133.3779 Y-612.1839
G1 X133.3632 Y-612.3374
G1 X133.3495 Y-612.4931
G1 X133.3363 Y-612.6505
G1 X133.3236 Y-612.8101
G1 X133.3119 Y-612.9716
G1 X133.3007 Y-613.1352
G1 X133.2903 Y-613.3010
G1 X133.2804 Y-613.4687
G1 X133.2713 Y-613.6389
G1 X133.2629 Y-613.8108
G1 X133.2553 Y-613.9851
G1 X133.2481 Y-614.1616
G1 X133.2418 Y-614.3401
G1 X133.2360 Y-614.5213
G1 X133.2309 Y-614.7044
G1 X133.2266 Y-614.8898
G1 X133.2227 Y-615.0775
G1 X133.2197 Y-615.2675
G1 X133.2172 Y-615.4598
G1 X133.2154 Y-615.6546
G1 X133.2144 Y-615.8517
G1 X133.2139 Y-616.0511
G1 X133.2139 Y-616.2530
G1 X133.2161 Y-616.6642
G1 X133.2184 Y-616.8735
G1 X133.2245 Y-617.2995
G1 X133.2332 Y-617.7359
G1 X133.2454 Y-618.2203
G1 X133.2575 Y-618.6094
G1 X133.2718 Y-618.9937
G1 X133.2822 Y-619.2467
G1 X133.2995 Y-619.6223
G1 X133.3188 Y-619.9927
G1 X133.3398 Y-620.3579
G1 X133.3551 Y-620.5982
G1 X133.3711 Y-620.8365
G1 X133.3967 Y-621.1893
G1 X133.4148 Y-621.4217
G1 X133.4338 Y-621.6515
G1 X133.4638 Y-621.9919
G1 X133.4849 Y-622.2159
G1 X133.5181 Y-622.5474
G1 X133.5413 Y-622.7653
G1 X133.5776 Y-623.0879
G1 X133.6030 Y-623.2997
G1 X133.6424 Y-623.6132
G1 X133.6838 Y-623.9210
G1 X133.7122 Y-624.1232
G1 X133.7417 Y-624.3229
G1 X133.7719 Y-624.5200
G1 X133.8029 Y-624.7148
G1 X133.8349 Y-624.9071
G1 X133.8842 Y-625.1905
G1 X133.9355 Y-625.4687
G1 X133.9705 Y-625.6508
G1 X134.0249 Y-625.9195
G1 X134.0808 Y-626.1821
G1 X134.1387 Y-626.4394
G1 X134.1783 Y-626.6076
G1 X134.2393 Y-626.8550
G1 X134.2809 Y-627.0168
G1 X134.3233 Y-627.1758
G1 X134.3665 Y-627.3325
G1 X134.4107 Y-627.4864
G1 X134.4554 Y-627.6378
G1 X134.4783 Y-627.7125
G1 X134.5242 Y-627.8598
G1 X134.5710 Y-628.0046
G1 X134.6187 Y-628.1466
G1 X134.6670 Y-628.2860
G1 X134.6916 Y-628.3549
G1 X134.7412 Y-628.4902
G1 X134.7914 Y-628.6231
G1 X134.8428 Y-628.7531
G1 X134.8946 Y-628.8806
G1 X134.9474 Y-629.0053
G1 X134.9741 Y-629.0666
G1 X135.0279 Y-629.1872
G1 X135.0828 Y-629.3053
G1 X135.1382 Y-629.4204
G1 X135.1945 Y-629.5329
G1 X135.2514 Y-629.6426
G1 X135.3094 Y-629.7496
G1 X135.3678 Y-629.8540
G1 X135.4254 Y-629.9528
G1 X135.4859 Y-630.0523
G1 X135.5486 Y-630.1529
G1 X135.6139 Y-630.2543
G1 X135.6817 Y-630.3566
G1 X135.7521 Y-630.4597
G1 X135.8250 Y-630.5639
G1 X135.9002 Y-630.6685
G1 X135.9776 Y-630.7742
G1 X136.0576 Y-630.8804
G1 X136.1397 Y-630.9873
G1 X136.2243 Y-631.0950
G1 X136.3109 Y-631.2035
G1 X136.3998 Y-631.3124
G1 X136.4907 Y-631.4222
G1 X136.5839 Y-631.5324
G1 X136.6792 Y-631.6431
G1 X136.7767 Y-631.7544
G1 X136.8760 Y-631.8664
G1 X136.9774 Y-631.9787
G1 X137.0808 Y-632.0917
G1 X137.1862 Y-632.2050
G1 X137.2934 Y-632.3188
G1 X137.4023 Y-632.4328
G1 X137.5133 Y-632.5474
G1 X137.6258 Y-632.6624
G1 X137.7404 Y-632.7775
G1 X137.8565 Y-632.8931
G1 X137.9746 Y-633.0091
G1 X138.0940 Y-633.1252
G1 X138.2151 Y-633.2416
G1 X138.3381 Y-633.3581
G1 X138.4623 Y-633.4750
G1 X138.5882 Y-633.5918
G1 X138.7157 Y-633.7092
G1 X138.8445 Y-633.8263
G1 X138.9748 Y-633.9436
G1 X139.1064 Y-634.0610
G1 X139.2395 Y-634.1786
G1 X139.3739 Y-634.2962
G1 X139.5095 Y-634.4135
G1 X139.6464 Y-634.5311
G1 X139.7846 Y-634.6485
G1 X139.9240 Y-634.7661
G1 X140.0645 Y-634.8832
G1 X140.2062 Y-635.0005
G1 X140.3490 Y-635.1176
G1 X140.4927 Y-635.2344
G1 X140.7836 Y-635.4676
G1 X140.9304 Y-635.5839
G1 X141.0779 Y-635.7000
G1 X141.3761 Y-635.9312
G1 X141.5265 Y-636.0462
G1 X141.6776 Y-636.1610
G1 X141.8295 Y-636.2753
G1 X141.9822 Y-636.3894
G1 X142.1354 Y-636.5029
G1 X142.2893 Y-636.6162
G1 X142.5992 Y-636.8410
G1 X142.9111 Y-637.0638
G1 X143.0678 Y-637.1742
G1 X143.2250 Y-637.2842
G1 X143.3827 Y-637.3937
G1 X143.5407 Y-637.5024
G1 X143.6992 Y-637.6104
G1 X143.8580 Y-637.7178
G1 X144.0170 Y-637.8245
G1 X144.1762 Y-637.9304
G1 X144.4953 Y-638.1402
G1 X144.6553 Y-638.2438
G1 X144.9753 Y-638.4486
G1 X145.1353 Y-638.5496
G1 X145.2956 Y-638.6497
G1 X145.4556 Y-638.7490
G1 X145.6157 Y-638.8473
G1 X145.7757 Y-638.9446
G1 X145.9357 Y-639.0411
G1 X146.0955 Y-639.1364
G1 X146.2550 Y-639.2309
G1 X146.4145 Y-639.3241
G1 X146.5735 Y-639.4163
G1 X146.7325 Y-639.5072
G1 X146.8910 Y-639.5971
G1 X147.0492 Y-639.6860
G1 X147.2070 Y-639.7737
G1 X147.3645 Y-639.8600
G1 X147.5214 Y-639.9451
G1 X147.6779 Y-640.0292
G1 X147.8338 Y-640.1118
G1 X147.9893 Y-640.1930
G1 X148.1442 Y-640.2730
G1 X148.2984 Y-640.3518
G1 X148.4521 Y-640.4290
G1 X148.6050 Y-640.5049
G1 X148.7571 Y-640.5796
G1 X148.9085 Y-640.6525
G1 X149.0591 Y-640.7241
G1 X149.2090 Y-640.7942
G1 X149.3581 Y-640.8628
G1 X149.5062 Y-640.9299
G1 X149.6535 Y-640.9954
G1 X149.7998 Y-641.0594
G1 X149.9451 Y-641.1217
G1 X150.0894 Y-641.1824
G1 X150.2326 Y-641.2413
G1 X150.3746 Y-641.2987
G1 X150.5158 Y-641.3543
G1 X150.6555 Y-641.4084
G1 X150.7942 Y-641.4605
G1 X150.9319 Y-641.5108
G1 X151.0680 Y-641.5595
G1 X151.2029 Y-641.6063
G1 X151.3368 Y-641.6512
G1 X151.4688 Y-641.6942
G1 X151.5999 Y-641.7356
G1 X151.7294 Y-641.7747
G1 X151.8575 Y-641.8120
G1 X151.9839 Y-641.8473
G1 X152.1089 Y-641.8809
G1 X152.2324 Y-641.9121
G1 X152.3543 Y-641.9416
G1 X152.4747 Y-641.9687
G1 X152.7122 Y-642.0127
G1 X152.9344 Y-642.0366
G1 X153.1404 Y-642.0409
G1 X153.3294 Y-642.0256
G1 X153.5008 Y-641.9908
G1 X153.6540 Y-641.9365
G1 X153.7881 Y-641.8631
G1 X153.9027 Y-641.7704
G1 X153.9423 Y-641.7297
G1 X153.9804 Y-641.6881
G1 X154.0165 Y-641.6449
G1 X154.0510 Y-641.5999
G1 X154.0838 Y-641.5529
G1 X154.1148 Y-641.5037
G1 X154.1445 Y-641.4519
G1 X154.1724 Y-641.3972
G1 X154.1991 Y-641.3396
G1 X154.2242 Y-641.2784
G1 X154.2481 Y-641.2136
G1 X154.2705 Y-641.1450
G1 X154.2918 Y-641.0721
G1 X154.3116 Y-640.9949
G1 X154.3307 Y-640.9129
G1 X154.3482 Y-640.8257
G1 X154.3649 Y-640.7335
G1 X154.3807 Y-640.6355
G1 X154.3954 Y-640.5319
G1 X154.4091 Y-640.4221
G1 X154.4221 Y-640.3061
G1 X154.4343 Y-640.1834
G1 X154.4457 Y-640.0536
G1 X154.4566 Y-639.9169
G1 X154.4668 Y-639.7727
G1 X154.4762 Y-639.6205
G1 X154.4853 Y-639.4607
G1 X154.4937 Y-639.2923
G1 X154.5018 Y-639.1156
G1 X154.5171 Y-638.7356
G1 X154.5242 Y-638.5316
G1 X154.5313 Y-638.2949
G1 X154.5374 Y-638.0630
G1 X154.5417 Y-637.8359
G1 X154.5445 Y-637.6137
G1 X154.5458 Y-637.3960
G1 X154.5453 Y-637.1829
G1 X154.5433 Y-636.9738
G1 X154.5394 Y-636.7694
G1 X154.5339 Y-636.5687
G1 X154.5262 Y-636.3724
G1 X154.5166 Y-636.1796
G1 X154.5052 Y-635.9909
G1 X154.4917 Y-635.8057
G1 X154.4762 Y-635.6238
G1 X154.4584 Y-635.4458
G1 X154.4386 Y-635.2708
G1 X154.4165 Y-635.0991
G1 X154.3919 Y-634.9302
G1 X154.3652 Y-634.7645
G1 X154.3360 Y-634.6017
G1 X154.3042 Y-634.4415
G1 X154.2699 Y-634.2840
G1 X154.2331 Y-634.1288
G1 X154.1937 Y-633.9761
G1 X154.1516 Y-633.8255
G1 X154.1069 Y-633.6774
G1 X154.0591 Y-633.5311
G1 X154.0086 Y-633.3866
G1 X153.9552 Y-633.2441
G1 X153.8989 Y-633.1031
G1 X153.8394 Y-632.9637
G1 X153.7772 Y-632.8258
G1 X153.7117 Y-632.6891
G1 X153.6428 Y-632.5537
G1 X153.5709 Y-632.4194
G1 X153.4958 Y-632.2860
G1 X153.4173 Y-632.1537
G1 X153.3352 Y-632.0218
G1 X153.2499 Y-631.8908
G1 X153.1610 Y-631.7602
G1 X153.0685 Y-631.6299
G1 X152.9725 Y-631.5001
G1 X152.8727 Y-631.3703
G1 X152.7693 Y-631.2405
G1 X152.6621 Y-631.1108
G1 X152.5511 Y-630.9807
G1 X152.4363 Y-630.8504
G1 X152.3175 Y-630.7196
G1 X152.1945 Y-630.5885
G1 X152.0678 Y-630.4564
G1 X151.9370 Y-630.3239
G1 X151.8018 Y-630.1903
G1 X151.6624 Y-630.0556
G1 X151.5189 Y-629.9200
G1 X151.3710 Y-629.7828
G1 X151.2189 Y-629.6447
G1 X151.0622 Y-629.5050
G1 X150.9009 Y-629.3635
G1 X150.7353 Y-629.2205
G1 X150.5651 Y-629.0754
G1 X150.3901 Y-628.9286
G1 X150.2105 Y-628.7798
G1 X150.0264 Y-628.6289
G1 X149.6538 Y-628.3264
G1 X149.4734 Y-628.1771
G1 X149.2961 Y-628.0277
G1 X149.1219 Y-627.8783
G1 X148.9507 Y-627.7287
G1 X148.7825 Y-627.5791
G1 X148.6172 Y-627.4293
G1 X148.4551 Y-627.2794
G1 X148.2959 Y-627.1293
G1 X148.1394 Y-626.9789
G1 X147.9862 Y-626.8286
G1 X147.8359 Y-626.6779
G1 X147.6886 Y-626.5268
G1 X147.5440 Y-626.3757
G1 X147.4025 Y-626.2243
G1 X147.2639 Y-626.0724
G1 X147.1282 Y-625.9205
G1 X146.9954 Y-625.7681
G1 X146.8656 Y-625.6155
G1 X146.7386 Y-625.4623
G1 X146.6144 Y-625.3089
G1 X146.4932 Y-625.1552
G1 X146.3746 Y-625.0010
G1 X146.2590 Y-624.8464
G1 X146.1463 Y-624.6912
G1 X146.0365 Y-624.5357
G1 X145.9293 Y-624.3798
G1 X145.8250 Y-624.2233
G1 X145.7236 Y-624.0666
G1 X145.6248 Y-623.9091
G1 X145.5288 Y-623.7511
G1 X145.4358 Y-623.5926
G1 X145.3454 Y-623.4333
G1 X145.2578 Y-623.2738
G1 X145.1727 Y-623.1136
G1 X145.0906 Y-622.9525
G1 X145.0111 Y-622.7912
G1 X144.9344 Y-622.6289
G1 X144.8603 Y-622.4661
G1 X144.7889 Y-622.3028
G1 X144.7203 Y-622.1385
G1 X144.6543 Y-621.9736
G1 X144.5910 Y-621.8080
G1 X144.5303 Y-621.6416
G1 X144.4722 Y-621.4748
G1 X144.4168 Y-621.3069
G1 X144.3639 Y-621.1379
G1 X144.3139 Y-620.9685
G1 X144.2664 Y-620.7984
G1 X144.2215 Y-620.6272
G1 X144.1790 Y-620.4552
G1 X144.1392 Y-620.2822
G1 X144.1021 Y-620.1085
G1 X144.0675 Y-619.9337
G1 X144.0353 Y-619.7582
G1 X144.0058 Y-619.5817
G1 X143.9786 Y-619.4041
G1 X143.9542 Y-619.2258
G1 X143.9321 Y-619.0463
G1 X143.9128 Y-618.8659
G1 X143.8958 Y-618.6843
G1 X143.8813 Y-618.5019
G1 X143.8692 Y-618.3183
G1 X143.8598 Y-618.1336
G1 X143.8532 Y-617.9584
G1 X143.8491 Y-617.7826
G1 X143.8478 Y-617.6063
G1 X143.8488 Y-617.4298
G1 X143.8526 Y-617.2533
G1 X143.8587 Y-617.0762
G1 X143.8676 Y-616.8989
G1 X143.8788 Y-616.7217
G1 X143.8925 Y-616.5441
G1 X143.9088 Y-616.3666
G1 X143.9276 Y-616.1890
G1 X143.9487 Y-616.0112
G1 X143.9723 Y-615.8337
G1 X143.9982 Y-615.6559
G1 X144.0266 Y-615.4783
G1 X144.0574 Y-615.3010
G1 X144.0906 Y-615.1237
G1 X144.1259 Y-614.9467
G1 X144.1638 Y-614.7699
G1 X144.2042 Y-614.5934
G1 X144.2466 Y-614.4171
G1 X144.2913 Y-614.2411
G1 X144.3385 Y-614.0656
G1 X144.3878 Y-613.8906
G1 X144.4394 Y-613.7158
G1 X144.4932 Y-613.5416
G1 X144.5494 Y-613.3681
G1 X144.6078 Y-613.1949
G1 X144.6682 Y-613.0224
G1 X144.7310 Y-612.8504
G1 X144.7957 Y-612.6792
G1 X144.8628 Y-612.5088
G1 X144.9319 Y-612.3389
G1 X145.0033 Y-612.1700
G1 X145.0767 Y-612.0018
G1 X145.1521 Y-611.8344
G1 X145.2296 Y-611.6681
G1 X145.3093 Y-611.5025
G1 X145.3911 Y-611.3379
G1 X145.4747 Y-611.1743
G1 X145.5605 Y-611.0117
G1 X145.6484 Y-610.8504
G1 X145.7381 Y-610.6899
G1 X145.8298 Y-610.5307
G1 X145.9235 Y-610.3727
G1 X146.0193 Y-610.2160
G1 X146.1168 Y-610.0602
G1 X146.2164 Y-609.9061
G1 X146.3177 Y-609.7529
G1 X146.4211 Y-609.6013
G1 X146.5263 Y-609.4512
G1 X146.6334 Y-609.3023
G1 X146.7424 Y-609.1550
G1 X146.8531 Y-609.0092
G1 X146.9657 Y-608.8649
G1 X147.0800 Y-608.7222
G1 X147.1963 Y-608.5810
G1 X147.3142 Y-608.4415
G1 X147.4340 Y-608.3038
G1 X147.5555 Y-608.1677
G1 X147.6786 Y-608.0336
G1 X147.8036 Y-607.9010
G1 X147.9301 Y-607.7704
G1 X148.0584 Y-607.6417
G1 X148.2347 Y-607.4702
G1 X148.4046 Y-607.3110
G1 X148.5699 Y-607.1629
G1 X148.7320 Y-607.0252
G1 X148.8923 Y-606.8969
G1 X149.0520 Y-606.7776
G1 X149.2126 Y-606.6658
G1 X149.3754 Y-606.5611
G1 X149.5417 Y-606.4628
G1 X149.7129 Y-606.3696
G1 X149.8907 Y-606.2807
G1 X150.0762 Y-606.1956
G1 X150.2707 Y-606.1131
G1 X150.4759 Y-606.0326
G1 X150.6929 Y-605.9531
G1 X150.9230 Y-605.8736
G1 X151.0708 Y-605.8187
G1 X151.2159 Y-605.7534
G1 X151.3578 Y-605.6790
G1 X151.4960 Y-605.5952
G1 X151.6301 Y-605.5032
G1 X151.7597 Y-605.4032
G1 X151.8839 Y-605.2955
G1 X152.0025 Y-605.1809
G1 X152.1150 Y-605.0600
G1 X152.2209 Y-604.9330
G1 X152.3195 Y-604.8007
G1 X152.4104 Y-604.6635
G1 X152.4932 Y-604.5218
G1 X152.5674 Y-604.3762
G1 X152.6324 Y-604.2271
G1 X152.6878 Y-604.0752
G1 X152.7045 Y-604.0232
G1 X152.7373 Y-603.9167
G1 X152.7531 Y-603.8624
G1 X152.7835 Y-603.7514
G1 X152.7983 Y-603.6945
G1 X152.8125 Y-603.6371
G1 X152.8402 Y-603.5192
G1 X152.8534 Y-603.4590
G1 X152.8790 Y-603.3359
G1 X152.9032 Y-603.2089
G1 X152.9260 Y-603.0778
G1 X152.9474 Y-602.9427
G1 X152.9575 Y-602.8736
G1 X152.9771 Y-602.7323
G1 X152.9951 Y-602.5863
G1 X153.0119 Y-602.4359
G1 X153.0274 Y-602.2807
G1 X153.0413 Y-602.1205
G1 X153.0543 Y-601.9554
G1 X153.0601 Y-601.8708
G1 X153.0711 Y-601.6978
G1 X153.0810 Y-601.5195
G1 X153.0853 Y-601.4281
G1 X153.0932 Y-601.2414
G1 X153.1026 Y-600.9503
G1 X153.1051 Y-600.8502
G1 X153.1092 Y-600.6457
G1 X153.1120 Y-600.4349
G1 X153.1137 Y-600.2177
G1 X153.1145 Y-599.9940
G1 X153.1130 Y-599.6460
G1 X153.1092 Y-599.2825
G1 X153.1051 Y-599.0316
G1 X153.0998 Y-598.7730
G1 X153.0871 Y-598.2658
G1 X153.0800 Y-598.0316
G1 X153.0721 Y-597.8045
G1 X153.0640 Y-597.5845
G1 X153.0551 Y-597.3712
G1 X153.0454 Y-597.1647
G1 X153.0350 Y-596.9648
G1 X153.0241 Y-596.7712
G1 X153.0126 Y-596.5840
G1 X153.0002 Y-596.4032
G1 X152.9872 Y-596.2282
G1 X152.9733 Y-596.0590
G1 X152.9588 Y-595.8957
G1 X152.9433 Y-595.7382
G1 X152.9273 Y-595.5858
G1 X152.9103 Y-595.4392
G1 X152.8925 Y-595.2975
G1 X152.8740 Y-595.1611
G1 X152.8544 Y-595.0295
G1 X152.8341 Y-594.9028
G1 X152.8127 Y-594.7806
G1 X152.7907 Y-594.6633
G1 X152.7675 Y-594.5500
G1 X152.7437 Y-594.4413
G1 X152.7185 Y-594.3366
G1 X152.6926 Y-594.2358
G1 X152.6657 Y-594.1390
G1 X152.6377 Y-594.0458
G1 X152.6088 Y-593.9564
G1 X152.5788 Y-593.8703
G1 X152.5478 Y-593.7875
G1 X152.5156 Y-593.7080
G1 X152.4277 Y-593.5309
G1 X152.3276 Y-593.4375
G1 X152.1793 Y-593.4095
G1 X152.1793 Y-593.4095
G1 X151.9461 Y-593.4293
G1 X151.8430 Y-593.4474
G1 X151.7137 Y-593.4766
G1 X151.5636 Y-593.5160
G1 X151.3980 Y-593.5637
G1 X151.2219 Y-593.6183
G1 X151.0406 Y-593.6783
G1 X150.8592 Y-593.7418
G1 X150.6830 Y-593.8075
G1 X150.6179 Y-593.8329
G1 X150.4775 Y-593.8896
G1 X150.3233 Y-593.9541
G1 X150.1567 Y-594.0257
G1 X150.0690 Y-594.0641
G1 X149.8857 Y-594.1456
G1 X149.5918 Y-594.2790
G1 X149.3853 Y-594.3742
G1 X149.1712 Y-594.4743
G1 X148.9507 Y-594.5784
G1 X148.7246 Y-594.6864
G1 X148.3777 Y-594.8538
G1 X148.0238 Y-595.0265
G1 X147.6672 Y-595.2030
G1 X147.3106 Y-595.3813
G1 X147.0746 Y-595.5005
G1 X146.7261 Y-595.6783
G1 X146.2766 Y-595.9109
G1 X145.9553 Y-596.0798
G1 X145.6510 Y-596.2424
G1 X145.3678 Y-596.3963
G1 X145.1920 Y-596.4936
G1 X145.0279 Y-596.5858
G1 X144.8765 Y-596.6724
G1 X144.7391 Y-596.7532
G1 X144.6759 Y-596.7913
G1 X144.5608 Y-596.8622
G1 X144.5095 Y-596.8947
G1 X144.4622 Y-596.9257
G1 X144.2611 Y-597.0603
G1 X144.0597 Y-597.1982
G1 X143.9588 Y-597.2683
G1 X143.7569 Y-597.4108
G1 X143.5547 Y-597.5561
G1 X143.4536 Y-597.6300
G1 X143.2512 Y-597.7796
G1 X143.0490 Y-597.9320
G1 X142.8466 Y-598.0869
G1 X142.7457 Y-598.1654
G1 X142.5435 Y-598.3242
G1 X142.3419 Y-598.4855
G1 X142.1407 Y-598.6488
G1 X142.0401 Y-598.7313
G1 X141.8397 Y-598.8982
G1 X141.6395 Y-599.0669
G1 X141.5400 Y-599.1522
G1 X141.3408 Y-599.3239
G1 X141.1427 Y-599.4974
G1 X141.0439 Y-599.5848
G1 X140.9456 Y-599.6727
G1 X140.7493 Y-599.8497
G1 X140.6515 Y-599.9389
G1 X140.4567 Y-600.1179
G1 X140.3599 Y-600.2081
G1 X140.1671 Y-600.3895
G1 X139.9753 Y-600.5721
G1 X139.8801 Y-600.6640
G1 X139.6906 Y-600.8482
G1 X139.5029 Y-601.0336
G1 X139.3165 Y-601.2200
G1 X139.1318 Y-601.4072
G1 X138.9489 Y-601.5952
G1 X138.7681 Y-601.7839
G1 X138.5890 Y-601.9731
G1 X138.5001 Y-602.0681
G1 X138.3241 Y-602.2579
G1 X138.2370 Y-602.3531
G1 X138.0642 Y-602.5436
G1 X137.8938 Y-602.7341
G1 X137.8095 Y-602.8296
G1 X137.6426 Y-603.0204
G1 X137.4783 Y-603.2111
G1 X137.3165 Y-603.4019
G1 X137.1575 Y-603.5924
G1 X137.0010 Y-603.7824
G1 X136.8476 Y-603.9724
G1 X136.6970 Y-604.1616
G1 X136.6228 Y-604.2561
G1 X136.4767 Y-604.4443
G1 X136.3337 Y-604.6320
G1 X136.1940 Y-604.8190
G1 X136.0576 Y-605.0049
G1 X135.9906 Y-605.0976
G1 X135.9245 Y-605.1898
G1 X135.8593 Y-605.2820
G1 X135.7950 Y-605.3737
G1 X135.7315 Y-605.4654
G1 X135.6073 Y-605.6473
G1 X135.5466 Y-605.7379
G1 X135.4280 Y-605.9180
G1 X135.3701 Y-606.0074
; Retract
G1 Z2.5400 F2540

; Path 8
; Rapid to initial position
G1 X188.5737 Y-613.6335 F2540
G1 Z0.0000
; plunge
G1 Z-3.1750 F127
; cut
G1 X188.5483 Y-613.8164 F1016
G1 X188.5241 Y-614.0003
G1 X188.5015 Y-614.1852
G1 X188.4802 Y-614.3711
G1 X188.4604 Y-614.5578
G1 X188.4421 Y-614.7453
G1 X188.4251 Y-614.9337
G1 X188.4093 Y-615.1227
G1 X188.3954 Y-615.3127
G1 X188.3824 Y-615.5032
G1 X188.3712 Y-615.6945
G1 X188.3611 Y-615.8862
G1 X188.3527 Y-616.0785
G1 X188.3456 Y-616.2716
G1 X188.3397 Y-616.4649
G1 X188.3354 Y-616.6587
G1 X188.3326 Y-616.8530
G1 X188.3311 Y-617.0475
G1 X188.3308 Y-617.2424
G1 X188.3324 Y-617.4374
G1 X188.3349 Y-617.6330
G1 X188.3390 Y-617.8286
G1 X188.3446 Y-618.0242
G1 X188.3514 Y-618.2203
G1 X188.3598 Y-618.4161
G1 X188.3694 Y-618.6122
G1 X188.3806 Y-618.8080
G1 X188.3933 Y-619.0041
G1 X188.4070 Y-619.1999
G1 X188.4225 Y-619.3955
G1 X188.4393 Y-619.5911
G1 X188.4573 Y-619.7864
G1 X188.4769 Y-619.9815
G1 X188.4977 Y-620.1763
G1 X188.5201 Y-620.3706
G1 X188.5439 Y-620.5647
G1 X188.5691 Y-620.7582
G1 X188.5955 Y-620.9515
G1 X188.6234 Y-621.1440
G1 X188.6527 Y-621.3363
G1 X188.6834 Y-621.5278
G1 X188.7156 Y-621.7188
G1 X188.7492 Y-621.9091
G1 X188.7840 Y-622.0986
G1 X188.8203 Y-622.2876
G1 X188.8581 Y-622.4755
G1 X188.8970 Y-622.6627
G1 X188.9376 Y-622.8489
G1 X188.9796 Y-623.0343
G1 X189.0227 Y-623.2190
G1 X189.0674 Y-623.4024
G1 X189.1134 Y-623.5847
G1 X189.1510 Y-623.7298
G1 X189.1894 Y-623.8740
G1 X189.2285 Y-624.0181
G1 X189.2684 Y-624.1613
G1 X189.3090 Y-624.3041
G1 X189.3501 Y-624.4463
G1 X189.3921 Y-624.5880
G1 X189.4347 Y-624.7293
G1 X189.4782 Y-624.8700
G1 X189.5224 Y-625.0102
G1 X189.5671 Y-625.1499
G1 X189.6125 Y-625.2891
G1 X189.6590 Y-625.4278
G1 X189.7060 Y-625.5657
G1 X189.7535 Y-625.7033
G1 X189.8020 Y-625.8405
G1 X189.8513 Y-625.9769
G1 X189.9011 Y-626.1130
G1 X189.9516 Y-626.2484
G1 X190.0029 Y-626.3836
G1 X190.0550 Y-626.5179
G1 X190.1078 Y-626.6520
G1 X190.1612 Y-626.7854
G1 X190.2155 Y-626.9182
G1 X190.2704 Y-627.0508
G1 X190.3260 Y-627.1826
G1 X190.3824 Y-627.3140
G1 X190.4395 Y-627.4448
G1 X190.4972 Y-627.5751
G1 X190.5559 Y-627.7051
G1 X190.6151 Y-627.8344
G1 X190.6750 Y-627.9632
G1 X190.7357 Y-628.0915
G1 X190.7972 Y-628.2192
G1 X190.8594 Y-628.3465
G1 X190.9224 Y-628.4732
G1 X190.9859 Y-628.5995
G1 X191.0502 Y-628.7252
G1 X191.1154 Y-628.8507
G1 X191.1812 Y-628.9754
G1 X191.2478 Y-629.0996
G1 X191.3148 Y-629.2233
G1 X191.3829 Y-629.3465
G1 X191.4517 Y-629.4692
G1 X191.5211 Y-629.5913
G1 X191.5912 Y-629.7130
G1 X191.6623 Y-629.8341
G1 X191.7339 Y-629.9548
G1 X191.8063 Y-630.0749
G1 X191.8792 Y-630.1946
G1 X191.9531 Y-630.3137
G1 X192.0278 Y-630.4323
G1 X192.1030 Y-630.5507
G1 X192.1789 Y-630.6683
G1 X192.2559 Y-630.7854
G1 X192.3334 Y-630.9020
G1 X192.4116 Y-631.0180
G1 X192.4906 Y-631.1339
G1 X192.5701 Y-631.2489
G1 X192.6506 Y-631.3635
G1 X192.7316 Y-631.4778
G1 X192.8137 Y-631.5913
G1 X192.8962 Y-631.7043
G1 X192.9795 Y-631.8171
G1 X193.0639 Y-631.9291
G1 X193.1487 Y-632.0409
G1 X193.2341 Y-632.1522
G1 X193.3204 Y-632.2626
G1 X193.4075 Y-632.3729
G1 X193.4954 Y-632.4824
G1 X193.5838 Y-632.5916
G1 X193.6732 Y-632.7003
G1 X193.7631 Y-632.8085
G1 X193.8538 Y-632.9162
G1 X193.9453 Y-633.0234
G1 X194.0375 Y-633.1301
G1 X194.1304 Y-633.2362
G1 X194.2241 Y-633.3419
G1 X194.3186 Y-633.4470
G1 X194.4139 Y-633.5517
G1 X194.5096 Y-633.6561
G1 X194.6064 Y-633.7597
G1 X194.7037 Y-633.8631
G1 X194.8020 Y-633.9657
G1 X194.9008 Y-634.0681
G1 X195.0004 Y-634.1697
G1 X195.1007 Y-634.2710
G1 X195.2020 Y-634.3719
G1 X195.3039 Y-634.4722
G1 X195.4063 Y-634.5720
G1 X195.5096 Y-634.6713
G1 X195.6138 Y-634.7701
G1 X195.7187 Y-634.8684
G1 X195.8241 Y-634.9665
G1 X195.9305 Y-635.0638
G1 X196.0377 Y-635.1605
G1 X196.1454 Y-635.2570
G1 X196.2539 Y-635.3531
G1 X196.3633 Y-635.4483
G1 X196.4733 Y-635.5433
G1 X196.5841 Y-635.6378
G1 X196.6956 Y-635.7318
G1 X196.8081 Y-635.8252
G1 X196.9211 Y-635.9185
G1 X197.0349 Y-636.0109
G1 X197.1495 Y-636.1031
G1 X197.2645 Y-636.1946
G1 X197.3806 Y-636.2857
G1 X197.4974 Y-636.3764
G1 X197.6150 Y-636.4666
G1 X197.7334 Y-636.5563
G1 X197.8523 Y-636.6454
G1 X197.9722 Y-636.7341
G1 X198.0926 Y-636.8222
G1 X198.2140 Y-636.9101
G1 X198.3359 Y-636.9975
G1 X198.5823 Y-637.1704
G1 X198.7067 Y-637.2563
G1 X198.8317 Y-637.3416
G1 X198.9574 Y-637.4267
G1 X199.2114 Y-637.5951
G1 X199.3395 Y-637.6784
G1 X199.4682 Y-637.7615
G1 X199.5980 Y-637.8440
G1 X199.7283 Y-637.9261
G1 X199.8594 Y-638.0076
G1 X199.9633 Y-638.0716
G1 X200.0689 Y-638.1356
G1 X200.1766 Y-638.1996
G1 X200.2864 Y-638.2642
G1 X200.3976 Y-638.3289
G1 X200.5109 Y-638.3937
G1 X200.6257 Y-638.4585
G1 X200.7423 Y-638.5235
G1 X200.8604 Y-638.5888
G1 X201.1015 Y-638.7191
G1 X201.2244 Y-638.7843
G1 X201.4743 Y-638.9152
G1 X201.6013 Y-638.9804
G1 X201.7296 Y-639.0457
G1 X201.9899 Y-639.1760
G1 X202.2551 Y-639.3061
G1 X202.3892 Y-639.3708
G1 X202.6608 Y-639.4999
G1 X202.7979 Y-639.5641
G1 X202.9361 Y-639.6281
G1 X203.0750 Y-639.6919
G1 X203.2147 Y-639.7554
G1 X203.4967 Y-639.8816
G1 X203.7812 Y-640.0068
G1 X203.9244 Y-640.0688
G1 X204.2122 Y-640.1918
G1 X204.5020 Y-640.3129
G1 X204.7931 Y-640.4323
G1 X205.0854 Y-640.5499
G1 X205.2317 Y-640.6078
G1 X205.3783 Y-640.6652
G1 X205.5251 Y-640.7221
G1 X205.6717 Y-640.7782
G1 X205.9650 Y-640.8890
G1 X206.2582 Y-640.9972
G1 X206.5503 Y-641.1026
G1 X206.6961 Y-641.1542
G1 X206.8413 Y-641.2050
G1 X207.1312 Y-641.3045
G1 X207.2752 Y-641.3530
G1 X207.4189 Y-641.4008
G1 X207.7047 Y-641.4935
G1 X207.8467 Y-641.5387
G1 X208.1284 Y-641.6264
G1 X208.2681 Y-641.6688
G1 X208.4070 Y-641.7102
G1 X208.5449 Y-641.7506
G1 X208.7865 Y-641.8189
G1 X209.0085 Y-641.8781
G1 X209.2127 Y-641.9279
G1 X209.3999 Y-641.9685
G1 X209.5713 Y-641.9995
G1 X209.7286 Y-642.0213
G1 X209.8726 Y-642.0338
G1 X210.0044 Y-642.0368
G1 X210.1256 Y-642.0307
G1 X210.2373 Y-642.0150
G1 X210.3404 Y-641.9898
G1 X210.4365 Y-641.9553
G1 X210.5264 Y-641.9111
G1 X210.6117 Y-641.8577
G1 X210.6935 Y-641.7948
G1 X210.7728 Y-641.7221
G1 X210.8599 Y-641.6289
G1 X210.9363 Y-641.5291
G1 X211.0031 Y-641.4201
G1 X211.0618 Y-641.2987
G1 X211.1136 Y-641.1620
G1 X211.1599 Y-641.0066
G1 X211.2020 Y-640.8298
G1 X211.2411 Y-640.6281
G1 X211.2488 Y-640.5811
G1 X211.2564 Y-640.5291
G1 X211.2637 Y-640.4719
G1 X211.2708 Y-640.4099
G1 X211.2841 Y-640.2723
G1 X211.2968 Y-640.1173
G1 X211.3082 Y-639.9464
G1 X211.3189 Y-639.7607
G1 X211.3331 Y-639.4577
G1 X211.3412 Y-639.2413
G1 X211.3486 Y-639.0147
G1 X211.3549 Y-638.7795
G1 X211.3603 Y-638.5367
G1 X211.3666 Y-638.1613
G1 X211.3697 Y-637.9055
G1 X211.3707 Y-637.7765
G1 X211.3727 Y-637.3866
G1 X211.3724 Y-636.9962
G1 X211.3709 Y-636.7379
G1 X211.3686 Y-636.4823
G1 X211.3653 Y-636.2314
G1 X211.3610 Y-635.9858
G1 X211.3557 Y-635.7473
G1 X211.3493 Y-635.5169
G1 X211.3420 Y-635.2962
G1 X211.3338 Y-635.0864
G1 X211.3244 Y-634.8885
G1 X211.3143 Y-634.7043
G1 X211.3087 Y-634.6175
G1 X211.3029 Y-634.5347
G1 X211.2907 Y-634.3813
G1 X211.2841 Y-634.3112
G1 X211.2772 Y-634.2454
G1 X211.2703 Y-634.1844
G1 X211.2630 Y-634.1280
G1 X211.2554 Y-634.0767
G1 X211.2391 Y-633.9771
G1 X211.2223 Y-633.8791
G1 X211.2046 Y-633.7828
G1 X211.1860 Y-633.6883
G1 X211.1667 Y-633.5951
G1 X211.1466 Y-633.5037
G1 X211.1256 Y-633.4138
G1 X211.1035 Y-633.3254
G1 X211.0806 Y-633.2383
G1 X211.0567 Y-633.1527
G1 X211.0318 Y-633.0683
G1 X211.0059 Y-632.9855
G1 X210.9787 Y-632.9040
G1 X210.9508 Y-632.8235
G1 X210.9213 Y-632.7445
G1 X210.8909 Y-632.6665
G1 X210.8594 Y-632.5898
G1 X210.8263 Y-632.5141
G1 X210.7923 Y-632.4397
G1 X210.7568 Y-632.3660
G1 X210.7199 Y-632.2936
G1 X210.6818 Y-632.2220
G1 X210.6425 Y-632.1516
G1 X210.6013 Y-632.0818
G1 X210.5589 Y-632.0130
G1 X210.5149 Y-631.9451
G1 X210.4697 Y-631.8778
G1 X210.4227 Y-631.8113
G1 X210.3742 Y-631.7458
G1 X210.3239 Y-631.6805
G1 X210.2721 Y-631.6162
G1 X210.2188 Y-631.5522
G1 X210.1637 Y-631.4890
G1 X210.1068 Y-631.4265
G1 X210.0481 Y-631.3642
G1 X209.9874 Y-631.3023
G1 X209.9252 Y-631.2411
G1 X209.8609 Y-631.1801
G1 X209.7949 Y-631.1194
G1 X209.7270 Y-631.0592
G1 X209.6569 Y-630.9990
G1 X209.5851 Y-630.9393
G1 X209.5111 Y-630.8796
G1 X209.4352 Y-630.8202
G1 X209.3570 Y-630.7610
G1 X209.2767 Y-630.7018
G1 X209.1944 Y-630.6426
G1 X209.1098 Y-630.5834
G1 X209.0232 Y-630.5243
G1 X208.9340 Y-630.4651
G1 X208.8429 Y-630.4056
G1 X208.7494 Y-630.3462
G1 X208.6534 Y-630.2865
G1 X208.5553 Y-630.2268
G1 X208.4545 Y-630.1666
G1 X208.3514 Y-630.1064
G1 X208.2460 Y-630.0457
G1 X208.1378 Y-629.9848
G1 X208.0273 Y-629.9233
G1 X207.9142 Y-629.8613
G1 X207.7984 Y-629.7991
G1 X207.6801 Y-629.7364
G1 X207.5591 Y-629.6731
G1 X207.4355 Y-629.6091
G1 X207.2218 Y-629.4966
G1 X207.0103 Y-629.3802
G1 X206.8010 Y-629.2599
G1 X206.5939 Y-629.1356
G1 X206.3895 Y-629.0074
G1 X206.1873 Y-628.8756
G1 X205.9874 Y-628.7399
G1 X205.7900 Y-628.6005
G1 X205.5952 Y-628.4577
G1 X205.4029 Y-628.3112
G1 X205.2132 Y-628.1613
G1 X205.0263 Y-628.0079
G1 X204.8419 Y-627.8512
G1 X204.6600 Y-627.6911
G1 X204.4809 Y-627.5281
G1 X204.3046 Y-627.3615
G1 X204.1309 Y-627.1920
G1 X203.9602 Y-627.0193
G1 X203.7923 Y-626.8436
G1 X203.6275 Y-626.6650
G1 X203.4654 Y-626.4834
G1 X203.3062 Y-626.2992
G1 X203.1502 Y-626.1120
G1 X202.9971 Y-625.9223
G1 X202.8472 Y-625.7298
G1 X202.7001 Y-625.5347
G1 X202.5564 Y-625.3371
G1 X202.4159 Y-625.1369
G1 X202.2785 Y-624.9345
G1 X202.1444 Y-624.7298
G1 X202.0136 Y-624.5225
G1 X201.8858 Y-624.3132
G1 X201.7616 Y-624.1016
G1 X201.6409 Y-623.8878
G1 X201.5236 Y-623.6721
G1 X201.4096 Y-623.4544
G1 X201.2991 Y-623.2347
G1 X201.1921 Y-623.0130
G1 X201.0888 Y-622.7897
G1 X200.9892 Y-622.5644
G1 X200.8929 Y-622.3376
G1 X200.8005 Y-622.1092
G1 X200.7118 Y-621.8791
G1 X200.6267 Y-621.6475
G1 X200.5454 Y-621.4143
G1 X200.4682 Y-621.1799
G1 X200.3946 Y-620.9439
G1 X200.3247 Y-620.7069
G1 X200.2592 Y-620.4684
G1 X200.1972 Y-620.2289
G1 X200.1393 Y-619.9883
G1 X200.0857 Y-619.7465
G1 X200.0359 Y-619.5040
G1 X199.9902 Y-619.2601
G1 X199.9485 Y-619.0158
G1 X199.9112 Y-618.7704
G1 X199.8782 Y-618.5243
G1 X199.8492 Y-618.2777
G1 X199.8246 Y-618.0300
G1 X199.8043 Y-617.7821
G1 X199.7883 Y-617.5337
G1 X199.7766 Y-617.2848
G1 X199.7695 Y-617.0353
G1 X199.7667 Y-616.7857
G1 X199.7669 Y-616.6297
G1 X199.7685 Y-616.4783
G1 X199.7713 Y-616.3315
G1 X199.7753 Y-616.1888
G1 X199.7809 Y-616.0503
G1 X199.7878 Y-615.9155
G1 X199.7964 Y-615.7841
G1 X199.8063 Y-615.6561
G1 X199.8180 Y-615.5309
G1 X199.8312 Y-615.4090
G1 X199.8462 Y-615.2893
G1 X199.8629 Y-615.1723
G1 X199.8817 Y-615.0572
G1 X199.9021 Y-614.9439
G1 X199.9247 Y-614.8324
G1 X199.9491 Y-614.7224
G1 X199.9755 Y-614.6137
G1 X200.0039 Y-614.5058
G1 X200.0347 Y-614.3986
G1 X200.0677 Y-614.2919
G1 X200.1027 Y-614.1857
G1 X200.1403 Y-614.0793
G1 X200.1799 Y-613.9729
G1 X200.2224 Y-613.8659
G1 X200.2671 Y-613.7585
G1 X200.3143 Y-613.6500
G1 X200.3641 Y-613.5406
G1 X200.4167 Y-613.4298
G1 X200.4718 Y-613.3173
G1 X200.5297 Y-613.2030
G1 X200.5904 Y-613.0867
G1 X200.6539 Y-612.9680
G1 X200.7461 Y-612.8014
G1 X200.8431 Y-612.6328
G1 X200.9450 Y-612.4618
G1 X201.0512 Y-612.2891
G1 X201.1617 Y-612.1146
G1 X201.2765 Y-611.9388
G1 X201.3953 Y-611.7613
G1 X201.5180 Y-611.5827
G1 X201.6445 Y-611.4029
G1 X201.7743 Y-611.2223
G1 X201.9076 Y-611.0409
G1 X202.0443 Y-610.8588
G1 X202.1837 Y-610.6762
G1 X202.3265 Y-610.4933
G1 X202.4718 Y-610.3102
G1 X202.6196 Y-610.1270
G1 X202.7700 Y-609.9442
G1 X202.9226 Y-609.7613
G1 X203.0773 Y-609.5792
G1 X203.2340 Y-609.3973
G1 X203.3925 Y-609.2165
G1 X203.5526 Y-609.0364
G1 X203.7143 Y-608.8573
G1 X203.8772 Y-608.6795
G1 X204.0412 Y-608.5030
G1 X204.2063 Y-608.3282
G1 X204.3725 Y-608.1547
G1 X204.5391 Y-607.9833
G1 X204.7062 Y-607.8136
G1 X204.8739 Y-607.6462
G1 X205.0418 Y-607.4811
G1 X205.2094 Y-607.3183
G1 X205.3773 Y-607.1583
G1 X205.5447 Y-607.0008
G1 X205.7118 Y-606.8461
G1 X205.8782 Y-606.6947
G1 X206.0440 Y-606.5464
G1 X206.2086 Y-606.4014
G1 X206.3725 Y-606.2596
G1 X206.5350 Y-606.1220
G1 X206.6963 Y-605.9879
G1 X206.8558 Y-605.8576
G1 X207.0138 Y-605.7316
G1 X207.1700 Y-605.6099
G1 X207.3239 Y-605.4926
G1 X207.4758 Y-605.3795
G1 X207.6254 Y-605.2716
G1 X207.7725 Y-605.1682
G1 X207.9170 Y-605.0702
G1 X208.0588 Y-604.9769
G1 X208.1972 Y-604.8893
G1 X208.3328 Y-604.8070
G1 X208.4652 Y-604.7306
G1 X208.5939 Y-604.6597
G1 X208.7192 Y-604.5949
G1 X208.8406 Y-604.5360
G1 X208.9582 Y-604.4834
G1 X209.0717 Y-604.4375
G1 X209.1809 Y-604.3978
G1 X209.2858 Y-604.3648
G1 X209.3859 Y-604.3389
G1 X209.4817 Y-604.3198
G1 X209.5724 Y-604.3079
G1 X209.6579 Y-604.3033
G1 X209.7159 Y-604.2998
G1 X209.7717 Y-604.2904
G1 X209.8258 Y-604.2746
G1 X209.8782 Y-604.2528
G1 X209.9290 Y-604.2249
G1 X209.9780 Y-604.1901
G1 X210.0252 Y-604.1487
G1 X210.0710 Y-604.1006
G1 X210.1149 Y-604.0455
G1 X210.1576 Y-603.9836
G1 X210.1987 Y-603.9142
G1 X210.2383 Y-603.8375
G1 X210.2767 Y-603.7534
G1 X210.3135 Y-603.6617
G1 X210.3491 Y-603.5622
G1 X210.3834 Y-603.4547
G1 X210.4164 Y-603.3394
G1 X210.4484 Y-603.2157
G1 X210.4791 Y-603.0839
G1 X210.5086 Y-602.9434
G1 X210.5373 Y-602.7946
G1 X210.5647 Y-602.6368
G1 X210.5914 Y-602.4702
G1 X210.6171 Y-602.2947
G1 X210.6417 Y-602.1100
G1 X210.6656 Y-601.9160
G1 X210.6887 Y-601.7125
G1 X210.7110 Y-601.4997
G1 X210.7324 Y-601.2769
G1 X210.7535 Y-601.0445
G1 X210.7735 Y-600.8019
G1 X210.7931 Y-600.5495
G1 X210.8065 Y-600.3597
G1 X210.8182 Y-600.1687
G1 X210.8284 Y-599.9770
G1 X210.8370 Y-599.7844
G1 X210.8439 Y-599.5914
G1 X210.8492 Y-599.3983
G1 X210.8530 Y-599.2053
G1 X210.8553 Y-599.0128
G1 X210.8561 Y-598.8207
G1 X210.8553 Y-598.6297
G1 X210.8533 Y-598.4400
G1 X210.8495 Y-598.2515
G1 X210.8444 Y-598.0648
G1 X210.8378 Y-597.8804
G1 X210.8297 Y-597.6981
G1 X210.8203 Y-597.5182
G1 X210.8093 Y-597.3412
G1 X210.7971 Y-597.1672
G1 X210.7834 Y-596.9965
G1 X210.7684 Y-596.8296
G1 X210.7522 Y-596.6666
G1 X210.7347 Y-596.5076
G1 X210.7156 Y-596.3531
G1 X210.6955 Y-596.2033
G1 X210.6739 Y-596.0582
G1 X210.6513 Y-595.9185
G1 X210.6272 Y-595.7844
G1 X210.6021 Y-595.6559
G1 X210.5757 Y-595.5335
G1 X210.5480 Y-595.4174
G1 X210.5190 Y-595.3079
G1 X210.4890 Y-595.2051
G1 X210.4410 Y-595.0570
G1 X210.3905 Y-594.9155
G1 X210.3371 Y-594.7809
G1 X210.2813 Y-594.6526
G1 X210.2221 Y-594.5309
G1 X210.1604 Y-594.4159
G1 X210.0953 Y-594.3072
G1 X210.0273 Y-594.2051
G1 X209.9561 Y-594.1093
G1 X209.8817 Y-594.0199
G1 X209.8037 Y-593.9366
G1 X209.7225 Y-593.8599
G1 X209.6376 Y-593.7893
G1 X209.5495 Y-593.7247
G1 X209.4573 Y-593.6666
G1 X209.3615 Y-593.6145
G1 X209.2620 Y-593.5683
G1 X209.1586 Y-593.5284
G1 X209.0509 Y-593.4944
G1 X208.9394 Y-593.4662
G1 X208.8238 Y-593.4441
G1 X208.7039 Y-593.4278
G1 X208.5797 Y-593.4174
G1 X208.4509 Y-593.4128
G1 X208.4509 Y-593.4128
G1 X208.3178 Y-593.4139
G1 X208.1804 Y-593.4207
G1 X208.0382 Y-593.4332
G1 X207.8911 Y-593.4512
G1 X207.7395 Y-593.4751
G1 X207.5828 Y-593.5043
G1 X207.4212 Y-593.5391
G1 X207.2546 Y-593.5792
G1 X207.1616 Y-593.6041
G1 X207.0641 Y-593.6325
G1 X206.9617 Y-593.6645
G1 X206.8551 Y-593.6999
G1 X206.7441 Y-593.7385
G1 X206.6290 Y-593.7804
G1 X206.5099 Y-593.8256
G1 X206.3867 Y-593.8738
G1 X206.2599 Y-593.9254
G1 X206.1294 Y-593.9795
G1 X205.9955 Y-594.0369
G1 X205.8581 Y-594.0969
G1 X205.7176 Y-594.1596
G1 X205.5739 Y-594.2251
G1 X205.4273 Y-594.2932
G1 X205.2777 Y-594.3638
G1 X205.1253 Y-594.4370
G1 X204.9706 Y-594.5124
G1 X204.8132 Y-594.5901
G1 X204.6536 Y-594.6701
G1 X204.4916 Y-594.7522
G1 X204.3278 Y-594.8365
G1 X204.1619 Y-594.9226
G1 X203.9943 Y-595.0107
G1 X203.8248 Y-595.1009
G1 X203.6539 Y-595.1926
G1 X203.4817 Y-595.2861
G1 X203.3080 Y-595.3813
G1 X203.1332 Y-595.4779
G1 X202.9574 Y-595.5762
G1 X202.7806 Y-595.6757
G1 X202.6034 Y-595.7766
G1 X202.4250 Y-595.8789
G1 X202.2465 Y-595.9823
G1 X202.0677 Y-596.0867
G1 X201.8883 Y-596.1921
G1 X201.5297 Y-596.4060
G1 X201.3504 Y-596.5142
G1 X201.1716 Y-596.6231
G1 X200.9930 Y-596.7329
G1 X200.8152 Y-596.8428
G1 X200.6379 Y-596.9536
G1 X200.4614 Y-597.0648
G1 X200.2859 Y-597.1764
G1 X200.1114 Y-597.2881
G1 X199.9381 Y-597.4001
G1 X199.7659 Y-597.5121
G1 X199.5955 Y-597.6244
G1 X199.4266 Y-597.7367
G1 X199.0938 Y-597.9607
G1 X198.9305 Y-598.0725
G1 X198.7692 Y-598.1840
G1 X198.6102 Y-598.2952
G1 X198.4535 Y-598.4057
G1 X198.2993 Y-598.5157
G1 X198.1477 Y-598.6252
G1 X197.9988 Y-598.7341
G1 X197.8530 Y-598.8421
G1 X197.7100 Y-598.9493
G1 X197.5703 Y-599.0557
G1 X197.4337 Y-599.1611
G1 X197.3006 Y-599.2652
G1 X197.1022 Y-599.4235
G1 X196.9059 Y-599.5830
G1 X196.7118 Y-599.7435
G1 X196.5195 Y-599.9053
G1 X196.3296 Y-600.0681
G1 X196.1416 Y-600.2322
G1 X195.9557 Y-600.3976
G1 X195.7720 Y-600.5639
G1 X195.5904 Y-600.7313
G1 X195.4111 Y-600.9002
G1 X195.2335 Y-601.0699
G1 X195.0585 Y-601.2409
G1 X194.8853 Y-601.4131
G1 X194.7144 Y-601.5863
G1 X194.5457 Y-601.7605
G1 X194.3788 Y-601.9361
G1 X194.2145 Y-602.1126
G1 X194.0522 Y-602.2901
G1 X193.8919 Y-602.4689
G1 X193.7339 Y-602.6488
G1 X193.5780 Y-602.8296
G1 X193.4243 Y-603.0115
G1 X193.2729 Y-603.1944
G1 X193.1236 Y-603.3785
G1 X192.9765 Y-603.5637
G1 X192.8315 Y-603.7499
G1 X192.6887 Y-603.9371
G1 X192.5483 Y-604.1253
G1 X192.4098 Y-604.3145
G1 X192.2737 Y-604.5048
G1 X192.1398 Y-604.6960
G1 X192.0080 Y-604.8880
G1 X191.8787 Y-605.0813
G1 X191.7515 Y-605.2757
G1 X191.6262 Y-605.4710
G1 X191.5036 Y-605.6671
G1 X191.3829 Y-605.8644
G1 X191.2648 Y-606.0625
G1 X191.1487 Y-606.2617
G1 X191.0347 Y-606.4616
G1 X190.9232 Y-606.6627
G1 X190.8139 Y-606.8647
G1 X190.7070 Y-607.0676
G1 X190.6021 Y-607.2713
G1 X190.4995 Y-607.4761
G1 X190.3994 Y-607.6818
G1 X190.3014 Y-607.8883
G1 X190.2059 Y-608.0958
G1 X190.1124 Y-608.3041
G1 X190.0215 Y-608.5134
G1 X189.9326 Y-608.7234
G1 X189.8462 Y-608.9345
G1 X189.7619 Y-609.1464
G1 X189.6801 Y-609.3592
G1 X189.6006 Y-609.5728
G1 X189.5234 Y-609.7872
G1 X189.4484 Y-610.0026
G1 X189.3758 Y-610.2187
G1 X189.3057 Y-610.4357
G1 X189.2379 Y-610.6536
G1 X189.1721 Y-610.8723
G1 X189.1091 Y-611.0915
G1 X189.0481 Y-611.3120
G1 X188.9897 Y-611.5329
G1 X188.9473 Y-611.7003
G1 X188.9061 Y-611.8695
G1 X188.8665 Y-612.0399
G1 X188.8284 Y-612.2119
G1 X188.7916 Y-612.3851
G1 X188.7563 Y-612.5599
G1 X188.7223 Y-612.7356
G1 X188.6897 Y-612.9129
G1 X188.6585 Y-613.0912
G1 X188.6288 Y-613.2711
G1 X188.6006 Y-613.4517
G1 X188.5737 Y-613.6335
; Retract
G1 Z2.5400 F2540

; Path 9
; Rapid to initial position
G1 X217.4540 Y-603.0758 F2540
G1 Z0.0000
; plunge
G1 Z-3.1750 F127
; cut
G1 X217.4911 Y-603.1763 F1016
G1 X217.5297 Y-603.2744
G1 X217.5698 Y-603.3694
G1 X217.6117 Y-603.4618
G1 X217.6554 Y-603.5518
G1 X217.7009 Y-603.6389
G1 X217.7481 Y-603.7237
G1 X217.7971 Y-603.8063
G1 X217.8479 Y-603.8863
G1 X217.9005 Y-603.9640
G1 X217.9549 Y-604.0394
G1 X218.0112 Y-604.1128
G1 X218.0694 Y-604.1842
G1 X218.1296 Y-604.2533
G1 X218.1916 Y-604.3206
G1 X218.2556 Y-604.3861
G1 X218.3216 Y-604.4496
G1 X218.3895 Y-604.5114
G1 X218.4596 Y-604.5716
G1 X218.5317 Y-604.6300
G1 X218.6056 Y-604.6869
G1 X218.6818 Y-604.7423
G1 X218.7603 Y-604.7964
G1 X218.8406 Y-604.8489
G1 X218.9231 Y-604.9002
G1 X219.0079 Y-604.9503
G1 X219.0948 Y-604.9993
G1 X219.1840 Y-605.0471
G1 X219.2754 Y-605.0938
G1 X219.3691 Y-605.1395
G1 X219.4649 Y-605.1845
G1 X219.8207 Y-605.3478
G1 X220.1426 Y-605.4966
G1 X220.4334 Y-605.6328
G1 X220.5678 Y-605.6965
G1 X220.6955 Y-605.7577
G1 X220.8167 Y-605.8164
G1 X220.9317 Y-605.8728
G1 X221.0412 Y-605.9272
G1 X221.1451 Y-605.9795
G1 X221.2439 Y-606.0303
G1 X221.3379 Y-606.0793
G1 X221.4275 Y-606.1271
G1 X221.5134 Y-606.1738
G1 X221.5952 Y-606.2195
G1 X221.6737 Y-606.2647
G1 X221.7491 Y-606.3089
G1 X221.8220 Y-606.3531
G1 X221.8924 Y-606.3968
G1 X221.9607 Y-606.4407
G1 X222.0275 Y-606.4847
G1 X222.0928 Y-606.5289
G1 X222.1573 Y-606.5738
G1 X222.2208 Y-606.6196
G1 X222.2843 Y-606.6660
G1 X222.3478 Y-606.7138
G1 X222.4115 Y-606.7626
G1 X222.4761 Y-606.8131
G1 X222.6084 Y-606.9193
G1 X222.7560 Y-607.0420
G1 X222.9020 Y-607.1695
G1 X223.0463 Y-607.3016
G1 X223.1890 Y-607.4382
G1 X223.3300 Y-607.5789
G1 X223.4692 Y-607.7242
G1 X223.6069 Y-607.8733
G1 X223.7425 Y-608.0267
G1 X223.8764 Y-608.1837
G1 X224.0082 Y-608.3447
G1 X224.1382 Y-608.5096
G1 X224.2663 Y-608.6777
G1 X224.3925 Y-608.8494
G1 X224.5164 Y-609.0247
G1 X224.6384 Y-609.2030
G1 X224.7580 Y-609.3846
G1 X224.8756 Y-609.5693
G1 X224.9912 Y-609.7570
G1 X225.1042 Y-609.9472
G1 X225.2152 Y-610.1405
G1 X225.3239 Y-610.3363
G1 X225.4301 Y-610.5345
G1 X225.5340 Y-610.7354
G1 X225.6353 Y-610.9383
G1 X225.7341 Y-611.1436
G1 X225.8306 Y-611.3508
G1 X225.9244 Y-611.5601
G1 X226.0158 Y-611.7712
G1 X226.1044 Y-611.9843
G1 X226.1903 Y-612.1989
G1 X226.2736 Y-612.4151
G1 X226.3541 Y-612.6325
G1 X226.4319 Y-612.8515
G1 X226.5068 Y-613.0717
G1 X226.5787 Y-613.2929
G1 X226.6480 Y-613.5152
G1 X226.7140 Y-613.7384
G1 X226.7773 Y-613.9624
G1 X226.8375 Y-614.1872
G1 X226.8946 Y-614.4125
G1 X226.9487 Y-614.6383
G1 X226.9995 Y-614.8644
G1 X227.0473 Y-615.0907
G1 X227.0917 Y-615.3173
G1 X227.1332 Y-615.5441
G1 X227.1710 Y-615.7707
G1 X227.2055 Y-615.9970
G1 X227.2368 Y-616.2230
G1 X227.2647 Y-616.4489
G1 X227.2891 Y-616.6742
G1 X227.3102 Y-616.8987
G1 X227.3275 Y-617.1227
G1 X227.3414 Y-617.3457
G1 X227.3516 Y-617.5680
G1 X227.3582 Y-617.7892
G1 X227.3610 Y-618.0094
G1 X227.3602 Y-618.2281
G1 X227.3557 Y-618.4456
G1 X227.3473 Y-618.6617
G1 X227.3351 Y-618.8761
G1 X227.3191 Y-619.0889
G1 X227.2990 Y-619.3000
G1 X227.2751 Y-619.5090
G1 X227.2469 Y-619.7163
G1 X227.2233 Y-619.8723
G1 X227.1979 Y-620.0272
G1 X227.1705 Y-620.1814
G1 X227.1413 Y-620.3348
G1 X227.1100 Y-620.4872
G1 X227.0768 Y-620.6391
G1 X227.0417 Y-620.7900
G1 X227.0049 Y-620.9401
G1 X226.9658 Y-621.0894
G1 X226.9249 Y-621.2380
G1 X226.8819 Y-621.3859
G1 X226.8372 Y-621.5332
G1 X226.7902 Y-621.6797
G1 X226.7415 Y-621.8255
G1 X226.6904 Y-621.9708
G1 X226.6376 Y-622.1153
G1 X226.5825 Y-622.2594
G1 X226.5256 Y-622.4026
G1 X226.4664 Y-622.5454
G1 X226.4052 Y-622.6876
G1 X226.3419 Y-622.8293
G1 X226.2764 Y-622.9706
G1 X226.2091 Y-623.1113
G1 X226.1392 Y-623.2515
G1 X226.0676 Y-623.3912
G1 X225.9937 Y-623.5304
G1 X225.9175 Y-623.6693
G1 X225.8393 Y-623.8077
G1 X225.7588 Y-623.9457
G1 X225.6762 Y-624.0833
G1 X225.5914 Y-624.2207
G1 X225.5042 Y-624.3577
G1 X225.4148 Y-624.4946
G1 X225.3234 Y-624.6307
G1 X225.2294 Y-624.7668
G1 X225.1334 Y-624.9027
G1 X225.0349 Y-625.0384
G1 X224.9343 Y-625.1738
G1 X224.8314 Y-625.3089
G1 X224.7260 Y-625.4438
G1 X224.6183 Y-625.5784
G1 X224.5083 Y-625.7130
G1 X224.3960 Y-625.8476
G1 X224.2812 Y-625.9820
G1 X224.1644 Y-626.1161
G1 X224.0448 Y-626.2505
G1 X223.9228 Y-626.3846
G1 X223.7986 Y-626.5187
G1 X223.6719 Y-626.6525
G1 X223.5429 Y-626.7867
G1 X223.4113 Y-626.9208
G1 X223.2772 Y-627.0549
G1 X223.1408 Y-627.1890
G1 X223.0018 Y-627.3231
G1 X222.8604 Y-627.4575
G1 X222.7163 Y-627.5918
G1 X222.5698 Y-627.7262
G1 X222.4207 Y-627.8608
G1 X222.2693 Y-627.9957
G1 X222.1151 Y-628.1306
G1 X221.9584 Y-628.2657
G1 X221.7991 Y-628.4011
G1 X221.6374 Y-628.5367
G1 X221.2988 Y-628.8159
G1 X221.1306 Y-628.9553
G1 X220.9683 Y-629.0909
G1 X220.8116 Y-629.2228
G1 X220.6607 Y-629.3513
G1 X220.5152 Y-629.4763
G1 X220.3750 Y-629.5982
G1 X220.2398 Y-629.7171
G1 X220.1095 Y-629.8331
G1 X219.9843 Y-629.9462
G1 X219.8637 Y-630.0569
G1 X219.7473 Y-630.1651
G1 X219.6356 Y-630.2710
G1 X219.5281 Y-630.3747
G1 X219.4245 Y-630.4765
G1 X219.3249 Y-630.5766
G1 X219.2292 Y-630.6749
G1 X219.1367 Y-630.7717
G1 X219.0481 Y-630.8672
G1 X218.9625 Y-630.9614
G1 X218.8802 Y-631.0546
G1 X218.8009 Y-631.1471
G1 X218.7245 Y-631.2388
G1 X218.6508 Y-631.3297
G1 X218.5794 Y-631.4204
G1 X218.5106 Y-631.5105
G1 X218.4441 Y-631.6007
G1 X218.3798 Y-631.6909
G1 X218.3171 Y-631.7813
G1 X218.2564 Y-631.8720
G1 X218.1974 Y-631.9632
G1 X218.1398 Y-632.0551
G1 X218.0956 Y-632.1275
G1 X218.0524 Y-632.1994
G1 X218.0105 Y-632.2710
G1 X217.9693 Y-632.3424
G1 X217.9295 Y-632.4135
G1 X217.8906 Y-632.4846
G1 X217.8528 Y-632.5558
G1 X217.8162 Y-632.6269
G1 X217.7804 Y-632.6983
G1 X217.7456 Y-632.7699
G1 X217.7115 Y-632.8418
G1 X217.6788 Y-632.9142
G1 X217.6470 Y-632.9868
G1 X217.6160 Y-633.0602
G1 X217.5858 Y-633.1341
G1 X217.5568 Y-633.2088
G1 X217.5286 Y-633.2842
G1 X217.5012 Y-633.3607
G1 X217.4748 Y-633.4379
G1 X217.4494 Y-633.5161
G1 X217.4245 Y-633.5956
G1 X217.4006 Y-633.6762
G1 X217.3775 Y-633.7579
G1 X217.3554 Y-633.8413
G1 X217.3341 Y-633.9258
G1 X217.3133 Y-634.0119
G1 X217.2934 Y-634.0996
G1 X217.2744 Y-634.1890
G1 X217.2561 Y-634.2802
G1 X217.2383 Y-634.3729
G1 X217.2216 Y-634.4679
G1 X217.2053 Y-634.5646
G1 X217.1898 Y-634.6635
G1 X217.1751 Y-634.7643
G1 X217.1609 Y-634.8674
G1 X217.1474 Y-634.9731
G1 X217.1347 Y-635.0808
G1 X217.1225 Y-635.1910
G1 X217.1108 Y-635.3038
G1 X217.0999 Y-635.4194
G1 X217.0798 Y-635.6584
G1 X217.0707 Y-635.7821
G1 X217.0620 Y-635.9086
G1 X217.0539 Y-636.0384
G1 X217.0463 Y-636.1709
G1 X217.0328 Y-636.4460
G1 X217.0267 Y-636.5885
G1 X217.0212 Y-636.7343
G1 X217.0161 Y-636.8837
G1 X217.0115 Y-637.0366
G1 X217.0036 Y-637.3533
G1 X216.9973 Y-637.6853
G1 X216.9947 Y-637.8570
G1 X216.9927 Y-638.0330
G1 X216.9894 Y-638.3972
G1 X216.9884 Y-638.5857
G1 X216.9871 Y-638.9756
G1 X216.9871 Y-642.3850
G1 X220.1200 Y-641.1369
G1 X220.6356 Y-640.9327
G1 X221.2751 Y-640.6820
G1 X221.7207 Y-640.5093
G1 X222.1385 Y-640.3495
G1 X222.5302 Y-640.2019
G1 X222.8972 Y-640.0663
G1 X223.2406 Y-639.9418
G1 X223.4573 Y-639.8651
G1 X223.6645 Y-639.7932
G1 X223.8629 Y-639.7257
G1 X223.9589 Y-639.6937
G1 X224.1446 Y-639.6330
G1 X224.3226 Y-639.5766
G1 X224.4928 Y-639.5240
G1 X224.5754 Y-639.4994
G1 X224.7351 Y-639.4529
G1 X224.8129 Y-639.4313
G1 X224.9632 Y-639.3904
G1 X225.1078 Y-639.3531
G1 X225.1779 Y-639.3358
G1 X225.3145 Y-639.3038
G1 X225.4463 Y-639.2751
G1 X225.5738 Y-639.2492
G1 X225.6361 Y-639.2375
G1 X225.7577 Y-639.2161
G1 X225.8174 Y-639.2067
G1 X225.9343 Y-639.1895
G1 X225.9917 Y-639.1819
G1 X226.0486 Y-639.1750
G1 X226.1606 Y-639.1628
G1 X226.2706 Y-639.1529
G1 X227.2482 Y-639.0841
G1 X227.6975 Y-639.5570
G1 X227.7963 Y-639.6586
G1 X227.8926 Y-639.7521
G1 X227.9874 Y-639.8382
G1 X228.0818 Y-639.9174
G1 X228.1773 Y-639.9906
G1 X228.2751 Y-640.0582
G1 X228.3762 Y-640.1206
G1 X228.4821 Y-640.1788
G1 X228.5936 Y-640.2334
G1 X228.7123 Y-640.2850
G1 X228.8390 Y-640.3340
G1 X228.9754 Y-640.3815
G1 X229.1222 Y-640.4275
G1 X229.2810 Y-640.4732
G1 X229.4529 Y-640.5187
G1 X229.6389 Y-640.5651
G1 X229.7742 Y-640.5974
G1 X229.9073 Y-640.6279
G1 X230.1042 Y-640.6711
G1 X230.2993 Y-640.7107
G1 X230.3643 Y-640.7231
G1 X230.5599 Y-640.7584
G1 X230.6917 Y-640.7800
G1 X230.8250 Y-640.8006
G1 X230.8926 Y-640.8102
G1 X231.0298 Y-640.8288
G1 X231.1697 Y-640.8461
G1 X231.2411 Y-640.8542
G1 X231.3869 Y-640.8697
G1 X231.5370 Y-640.8839
G1 X231.6925 Y-640.8971
G1 X231.8532 Y-640.9093
G1 X231.9358 Y-640.9149
G1 X232.1062 Y-640.9256
G1 X232.2833 Y-640.9352
G1 X232.5634 Y-640.9479
G1 X232.7603 Y-640.9553
G1 X233.0727 Y-640.9649
G1 X233.4069 Y-640.9728
G1 X233.6429 Y-640.9771
G1 X234.1486 Y-640.9837
G1 X234.7031 Y-640.9880
G1 X235.3112 Y-640.9903
G1 X239.1875 Y-640.9934
G1 X239.1875 Y-593.3984
G1 X239.1875 Y-593.3984
G1 X236.6914 Y-593.3984
G1 X236.4445 Y-593.3989
G1 X236.2078 Y-593.3999
G1 X235.9807 Y-593.4017
G1 X235.7628 Y-593.4042
G1 X235.5538 Y-593.4078
G1 X235.3528 Y-593.4121
G1 X235.1595 Y-593.4174
G1 X234.9739 Y-593.4240
G1 X234.7953 Y-593.4314
G1 X234.6228 Y-593.4400
G1 X234.4567 Y-593.4499
G1 X234.2960 Y-593.4611
G1 X234.1405 Y-593.4735
G1 X233.9896 Y-593.4875
G1 X233.8428 Y-593.5027
G1 X233.7001 Y-593.5195
G1 X233.5606 Y-593.5378
G1 X233.4240 Y-593.5576
G1 X233.2896 Y-593.5792
G1 X233.1573 Y-593.6023
G1 X233.0267 Y-593.6275
G1 X232.8972 Y-593.6541
G1 X232.7681 Y-593.6828
G1 X232.6394 Y-593.7136
G1 X232.5101 Y-593.7461
G1 X232.3803 Y-593.7806
G1 X232.2495 Y-593.8175
G1 X232.1169 Y-593.8563
G1 X231.9820 Y-593.8975
G1 X231.8449 Y-593.9409
G1 X231.7049 Y-593.9866
G1 X231.5611 Y-594.0346
G1 X231.3595 Y-594.1050
G1 X231.1667 Y-594.1758
G1 X230.9820 Y-594.2482
G1 X230.8040 Y-594.3227
G1 X230.6320 Y-594.3996
G1 X230.4649 Y-594.4799
G1 X230.3013 Y-594.5640
G1 X230.1405 Y-594.6521
G1 X229.9815 Y-594.7456
G1 X229.8228 Y-594.8446
G1 X229.6638 Y-594.9498
G1 X229.5030 Y-595.0618
G1 X229.3396 Y-595.1812
G1 X229.1728 Y-595.3084
G1 X229.0008 Y-595.4446
G1 X228.6371 Y-595.7420
G1 X228.4618 Y-595.8804
G1 X228.2960 Y-596.0059
G1 X228.1387 Y-596.1184
G1 X227.9889 Y-596.2190
G1 X227.8451 Y-596.3082
G1 X227.7062 Y-596.3862
G1 X227.5713 Y-596.4537
G1 X227.4392 Y-596.5114
G1 X227.3087 Y-596.5596
G1 X227.1789 Y-596.5988
G1 X227.0481 Y-596.6297
G1 X226.9155 Y-596.6529
G1 X226.7801 Y-596.6689
G1 X226.6404 Y-596.6780
G1 X226.4956 Y-596.6808
G1 X226.4562 Y-596.6808
G1 X226.3790 Y-596.6800
G1 X226.2675 Y-596.6767
G1 X226.1951 Y-596.6729
G1 X226.1235 Y-596.6676
G1 X226.0521 Y-596.6605
G1 X225.9805 Y-596.6513
G1 X225.9081 Y-596.6402
G1 X225.8344 Y-596.6264
G1 X225.7588 Y-596.6102
G1 X225.6805 Y-596.5909
G1 X225.5992 Y-596.5688
G1 X225.5573 Y-596.5566
G1 X225.5144 Y-596.5434
G1 X225.4255 Y-596.5147
G1 X225.3793 Y-596.4989
G1 X225.3318 Y-596.4822
G1 X225.2327 Y-596.4458
G1 X225.1809 Y-596.4260
G1 X225.0730 Y-596.3836
G1 X224.9581 Y-596.3366
G1 X224.8362 Y-596.2851
G1 X224.7064 Y-596.2287
G1 X224.4959 Y-596.1344
G1 X224.2645 Y-596.0285
G1 X224.0107 Y-595.9097
G1 X223.7323 Y-595.7773
G1 X223.2091 Y-595.5251
G1 X222.3181 Y-595.0905
G1 X221.8776 Y-594.8774
G1 X221.6010 Y-594.7453
G1 X221.4677 Y-594.6823
G1 X221.2109 Y-594.5619
G1 X220.9665 Y-594.4494
G1 X220.8489 Y-594.3961
G1 X220.6229 Y-594.2950
G1 X220.5142 Y-594.2472
G1 X220.4082 Y-594.2015
G1 X220.2048 Y-594.1151
G1 X220.0123 Y-594.0364
G1 X219.9198 Y-593.9996
G1 X219.8299 Y-593.9645
G1 X219.7425 Y-593.9312
G1 X219.5749 Y-593.8700
G1 X219.4949 Y-593.8421
G1 X219.4169 Y-593.8159
G1 X219.3412 Y-593.7913
G1 X219.2675 Y-593.7684
G1 X219.1962 Y-593.7471
G1 X219.1268 Y-593.7275
G1 X219.0598 Y-593.7098
G1 X218.9942 Y-593.6935
G1 X218.9310 Y-593.6788
G1 X218.8695 Y-593.6658
G1 X218.8098 Y-593.6541
G1 X218.7519 Y-593.6445
G1 X218.6958 Y-593.6361
G1 X218.6412 Y-593.6292
G1 X218.5883 Y-593.6242
G1 X218.5370 Y-593.6206
G1 X218.4872 Y-593.6183
G1 X218.4390 Y-593.6176
G1 X218.3920 Y-593.6186
G1 X218.3465 Y-593.6209
G1 X218.3023 Y-593.6247
G1 X218.2594 Y-593.6297
G1 X218.2177 Y-593.6366
G1 X218.1771 Y-593.6447
G1 X218.1377 Y-593.6541
G1 X218.0994 Y-593.6651
G1 X218.0618 Y-593.6775
G1 X218.0255 Y-593.6910
G1 X217.9899 Y-593.7062
G1 X217.9554 Y-593.7225
G1 X217.9216 Y-593.7402
G1 X217.8883 Y-593.7593
G1 X217.8561 Y-593.7796
G1 X217.8243 Y-593.8012
G1 X217.7931 Y-593.8241
G1 X217.7626 Y-593.8482
G1 X217.7326 Y-593.8736
G1 X217.7029 Y-593.9003
G1 X217.6737 Y-593.9282
G1 X217.6305 Y-593.9721
G1 X217.5896 Y-594.0176
G1 X217.5505 Y-594.0646
G1 X217.5134 Y-594.1139
G1 X217.4781 Y-594.1654
G1 X217.4446 Y-594.2198
G1 X217.4131 Y-594.2774
G1 X217.3831 Y-594.3384
G1 X217.3549 Y-594.4032
G1 X217.3282 Y-594.4720
G1 X217.3028 Y-594.5457
G1 X217.2792 Y-594.6239
G1 X217.2569 Y-594.7075
G1 X217.2360 Y-594.7966
G1 X217.2165 Y-594.8916
G1 X217.1979 Y-594.9930
G1 X217.1807 Y-595.1009
G1 X217.1647 Y-595.2157
G1 X217.1494 Y-595.3379
G1 X217.1355 Y-595.4677
G1 X217.1222 Y-595.6056
G1 X217.1101 Y-595.7517
G1 X217.0986 Y-595.9066
G1 X217.0880 Y-596.0704
G1 X217.0778 Y-596.2437
G1 X217.0687 Y-596.4268
G1 X217.0598 Y-596.6198
G1 X217.0516 Y-596.8233
G1 X217.0438 Y-597.0377
G1 X217.0364 Y-597.2630
G1 X217.0293 Y-597.4999
G1 X217.0168 Y-597.9787
G1 X217.0123 Y-598.2040
G1 X217.0087 Y-598.4243
G1 X217.0059 Y-598.6396
G1 X217.0041 Y-598.8502
G1 X217.0036 Y-599.0562
G1 X217.0039 Y-599.2574
G1 X217.0054 Y-599.4542
G1 X217.0079 Y-599.6462
G1 X217.0118 Y-599.8342
G1 X217.0166 Y-600.0176
G1 X217.0224 Y-600.1964
G1 X217.0295 Y-600.3714
G1 X217.0379 Y-600.5419
G1 X217.0476 Y-600.7085
G1 X217.0585 Y-600.8708
G1 X217.0704 Y-601.0293
G1 X217.0839 Y-601.1840
G1 X217.0986 Y-601.3346
G1 X217.1146 Y-601.4814
G1 X217.1322 Y-601.6247
G1 X217.1507 Y-601.7641
G1 X217.1710 Y-601.9000
G1 X217.1926 Y-602.0323
G1 X217.2155 Y-602.1614
G1 X217.2401 Y-602.2868
G1 X217.2660 Y-602.4090
G1 X217.2934 Y-602.5279
G1 X217.3224 Y-602.6437
G1 X217.3529 Y-602.7562
G1 X217.3851 Y-602.8657
G1 X217.4187 Y-602.9721
G1 X217.4540 Y-603.0758
; Retract
G1 Z2.5400 F2540

; Path 10
; Rapid to initial position
G1 X246.2423 Y-606.8855 F2540
G1 Z0.0000
; plunge
G1 Z-3.1750 F127
; cut
G1 X246.2185 Y-607.0620 F1016
G1 X246.1966 Y-607.2383
G1 X246.1773 Y-607.4143
G1 X246.1605 Y-607.5898
G1 X246.1458 Y-607.7654
G1 X246.1336 Y-607.9404
G1 X246.1237 Y-608.1151
G1 X246.1161 Y-608.2896
G1 X246.1108 Y-608.4636
G1 X246.1080 Y-608.6373
G1 X246.1075 Y-608.8106
G1 X246.1092 Y-608.9833
G1 X246.1133 Y-609.1558
G1 X246.1197 Y-609.3277
G1 X246.1283 Y-609.4994
G1 X246.1395 Y-609.6704
G1 X246.1529 Y-609.8410
G1 X246.1687 Y-610.0110
G1 X246.1867 Y-610.1806
G1 X246.2070 Y-610.3496
G1 X246.2296 Y-610.5180
G1 X246.2548 Y-610.6858
G1 X246.2822 Y-610.8530
G1 X246.3117 Y-611.0196
G1 X246.3437 Y-611.1857
G1 X246.3780 Y-611.3511
G1 X246.4145 Y-611.5157
G1 X246.4534 Y-611.6798
G1 X246.4946 Y-611.8431
G1 X246.5382 Y-612.0056
G1 X246.5840 Y-612.1674
G1 X246.6322 Y-612.3285
G1 X246.6825 Y-612.4887
G1 X246.7353 Y-612.6483
G1 X246.7902 Y-612.8070
G1 X246.8476 Y-612.9650
G1 X246.9073 Y-613.1220
G1 X246.9693 Y-613.2782
G1 X247.0333 Y-613.4336
G1 X247.0998 Y-613.5881
G1 X247.1687 Y-613.7417
G1 X247.2398 Y-613.8944
G1 X247.3132 Y-614.0460
G1 X247.3889 Y-614.1966
G1 X247.4666 Y-614.3465
G1 X247.5469 Y-614.4953
G1 X247.6294 Y-614.6429
G1 X247.7143 Y-614.7897
G1 X247.8014 Y-614.9355
G1 X247.8385 Y-614.9960
G1 X247.8763 Y-615.0562
G1 X247.9152 Y-615.1166
G1 X247.9548 Y-615.1768
G1 X247.9952 Y-615.2370
G1 X248.0363 Y-615.2970
G1 X248.0782 Y-615.3569
G1 X248.1209 Y-615.4169
G1 X248.1643 Y-615.4768
G1 X248.2538 Y-615.5962
G1 X248.2997 Y-615.6559
G1 X248.3465 Y-615.7153
G1 X248.4420 Y-615.8342
G1 X248.4910 Y-615.8934
G1 X248.5408 Y-615.9525
G1 X248.5913 Y-616.0117
G1 X248.6426 Y-616.0707
G1 X248.7478 Y-616.1885
G1 X248.8014 Y-616.2472
G1 X248.8557 Y-616.3059
G1 X248.9109 Y-616.3643
G1 X248.9667 Y-616.4227
G1 X249.0234 Y-616.4811
G1 X249.0808 Y-616.5393
G1 X249.1389 Y-616.5974
G1 X249.1979 Y-616.6556
G1 X249.2576 Y-616.7135
G1 X249.3792 Y-616.8291
G1 X249.5037 Y-616.9442
G1 X249.5669 Y-617.0016
G1 X249.6312 Y-617.0587
G1 X249.7615 Y-617.1730
G1 X249.8949 Y-617.2868
G1 X250.0310 Y-617.4001
G1 X250.1702 Y-617.5129
G1 X250.3122 Y-617.6251
G1 X250.4570 Y-617.7369
G1 X250.6048 Y-617.8481
G1 X250.7551 Y-617.9589
G1 X250.8316 Y-618.0140
G1 X250.9863 Y-618.1240
G1 X251.0645 Y-618.1786
G1 X251.2235 Y-618.2878
G1 X251.3040 Y-618.3422
G1 X251.4669 Y-618.4504
G1 X251.5494 Y-618.5042
G1 X251.7165 Y-618.6117
G1 X251.8011 Y-618.6650
G1 X251.9723 Y-618.7714
G1 X252.1461 Y-618.8773
G1 X252.3226 Y-618.9825
G1 X252.5017 Y-619.0872
G1 X252.6835 Y-619.1910
G1 X252.7755 Y-619.2426
G1 X252.9611 Y-619.3457
G1 X253.0549 Y-619.3968
G1 X253.2443 Y-619.4989
G1 X253.3401 Y-619.5494
G1 X253.5337 Y-619.6505
G1 X253.7295 Y-619.7506
G1 X253.9281 Y-619.8502
G1 X254.1290 Y-619.9490
G1 X254.2306 Y-619.9980
G1 X254.4354 Y-620.0955
G1 X254.6426 Y-620.1926
G1 X254.8522 Y-620.2886
G1 X255.0643 Y-620.3841
G1 X255.2789 Y-620.4786
G1 X255.4958 Y-620.5725
G1 X255.7150 Y-620.6655
G1 X255.9367 Y-620.7577
G1 X256.1608 Y-620.8489
G1 X256.3873 Y-620.9396
G1 X256.6159 Y-621.0292
G1 X256.8471 Y-621.1181
G1 X257.0803 Y-621.2060
G1 X257.3160 Y-621.2931
G1 X257.5537 Y-621.3795
G1 X257.7940 Y-621.4648
G1 X257.9146 Y-621.5070
G1 X258.1582 Y-621.5911
G1 X258.4039 Y-621.6741
G1 X258.6789 Y-621.7653
G1 X258.9510 Y-621.8532
G1 X259.2197 Y-621.9383
G1 X259.3533 Y-621.9797
G1 X259.6180 Y-622.0605
G1 X259.8804 Y-622.1382
G1 X260.0107 Y-622.1760
G1 X260.1404 Y-622.2131
G1 X260.2695 Y-622.2495
G1 X260.5268 Y-622.3201
G1 X260.7823 Y-622.3881
G1 X260.9093 Y-622.4209
G1 X261.1628 Y-622.4849
G1 X261.2890 Y-622.5159
G1 X261.5408 Y-622.5758
G1 X261.7917 Y-622.6332
G1 X262.0421 Y-622.6881
G1 X262.1674 Y-622.7145
G1 X262.4173 Y-622.7658
G1 X262.5423 Y-622.7905
G1 X262.6675 Y-622.8146
G1 X262.7925 Y-622.8380
G1 X262.9177 Y-622.8608
G1 X263.1684 Y-622.9050
G1 X263.4198 Y-622.9467
G1 X263.6723 Y-622.9863
G1 X263.9258 Y-623.0236
G1 X264.0531 Y-623.0414
G1 X264.1808 Y-623.0587
G1 X264.3088 Y-623.0755
G1 X264.4371 Y-623.0917
G1 X264.5661 Y-623.1075
G1 X264.6954 Y-623.1227
G1 X264.8252 Y-623.1374
G1 X264.9558 Y-623.1517
G1 X265.2184 Y-623.1788
G1 X265.3505 Y-623.1915
G1 X265.6169 Y-623.2157
G1 X265.7513 Y-623.2271
G1 X266.0218 Y-623.2484
G1 X266.1585 Y-623.2583
G1 X266.4341 Y-623.2769
G1 X266.9263 Y-623.3066
G1 X267.1331 Y-623.3198
G1 X267.3332 Y-623.3340
G1 X267.5273 Y-623.3488
G1 X267.7157 Y-623.3645
G1 X267.8984 Y-623.3810
G1 X268.0754 Y-623.3986
G1 X268.2474 Y-623.4171
G1 X268.4145 Y-623.4364
G1 X268.5771 Y-623.4570
G1 X268.7350 Y-623.4786
G1 X268.8890 Y-623.5014
G1 X269.0388 Y-623.5255
G1 X269.1849 Y-623.5509
G1 X269.3276 Y-623.5776
G1 X269.4671 Y-623.6056
G1 X269.6037 Y-623.6350
G1 X269.7373 Y-623.6660
G1 X269.8687 Y-623.6985
G1 X269.9977 Y-623.7326
G1 X270.1247 Y-623.7681
G1 X270.2502 Y-623.8055
G1 X270.3739 Y-623.8446
G1 X270.4963 Y-623.8855
G1 X270.6177 Y-623.9281
G1 X270.7383 Y-623.9728
G1 X270.8582 Y-624.0193
G1 X270.9781 Y-624.0678
G1 X271.0978 Y-624.1181
G1 X271.2176 Y-624.1710
G1 X271.3380 Y-624.2256
G1 X271.4589 Y-624.2825
G1 X271.6106 Y-624.3566
G1 X271.7597 Y-624.4331
G1 X271.9060 Y-624.5113
G1 X272.0495 Y-624.5916
G1 X272.1900 Y-624.6739
G1 X272.3276 Y-624.7577
G1 X272.4625 Y-624.8438
G1 X272.5941 Y-624.9314
G1 X272.7228 Y-625.0208
G1 X272.8486 Y-625.1120
G1 X272.9713 Y-625.2050
G1 X273.0906 Y-625.2995
G1 X273.2067 Y-625.3955
G1 X273.3197 Y-625.4930
G1 X273.4295 Y-625.5923
G1 X273.5359 Y-625.6929
G1 X273.6390 Y-625.7950
G1 X273.7388 Y-625.8984
G1 X273.8349 Y-626.0033
G1 X273.9278 Y-626.1095
G1 X274.0170 Y-626.2169
G1 X274.1026 Y-626.3256
G1 X274.1846 Y-626.4354
G1 X274.2631 Y-626.5466
G1 X274.3380 Y-626.6586
G1 X274.4089 Y-626.7719
G1 X274.4762 Y-626.8862
G1 X274.5397 Y-627.0015
G1 X274.5991 Y-627.1176
G1 X274.6550 Y-627.2347
G1 X274.7068 Y-627.3528
G1 X274.7546 Y-627.4717
G1 X274.7927 Y-627.5735
G1 X274.8270 Y-627.6706
G1 X274.8575 Y-627.7633
G1 X274.8841 Y-627.8535
G1 X274.9075 Y-627.9416
G1 X274.9271 Y-628.0290
G1 X274.9436 Y-628.1169
G1 X274.9568 Y-628.2058
G1 X274.9672 Y-628.2974
G1 X274.9746 Y-628.3924
G1 X274.9794 Y-628.4918
G1 X274.9814 Y-628.5969
G1 X274.9812 Y-628.7087
G1 X274.9784 Y-628.8283
G1 X274.9738 Y-628.9566
G1 X274.9669 Y-629.0945
G1 X274.9634 Y-629.1567
G1 X274.9593 Y-629.2182
G1 X274.9499 Y-629.3386
G1 X274.9385 Y-629.4562
G1 X274.9250 Y-629.5705
G1 X274.9174 Y-629.6266
G1 X274.9093 Y-629.6820
G1 X274.9006 Y-629.7366
G1 X274.8915 Y-629.7905
G1 X274.8816 Y-629.8435
G1 X274.8712 Y-629.8959
G1 X274.8600 Y-629.9477
G1 X274.8483 Y-629.9987
G1 X274.8359 Y-630.0490
G1 X274.8227 Y-630.0988
G1 X274.8089 Y-630.1476
G1 X274.7945 Y-630.1961
G1 X274.7792 Y-630.2436
G1 X274.7632 Y-630.2906
G1 X274.7465 Y-630.3368
G1 X274.7292 Y-630.3825
G1 X274.7109 Y-630.4275
G1 X274.6919 Y-630.4717
G1 X274.6720 Y-630.5154
G1 X274.6512 Y-630.5586
G1 X274.6296 Y-630.6010
G1 X274.6073 Y-630.6426
G1 X274.5842 Y-630.6840
G1 X274.5598 Y-630.7244
G1 X274.5349 Y-630.7645
G1 X274.5090 Y-630.8039
G1 X274.4821 Y-630.8428
G1 X274.4541 Y-630.8809
G1 X274.4254 Y-630.9185
G1 X274.3957 Y-630.9556
G1 X274.3650 Y-630.9921
G1 X274.3330 Y-631.0279
G1 X274.3002 Y-631.0633
G1 X274.2664 Y-631.0981
G1 X274.2316 Y-631.1323
G1 X274.1958 Y-631.1661
G1 X274.1587 Y-631.1994
G1 X274.1206 Y-631.2319
G1 X274.0815 Y-631.2642
G1 X274.0411 Y-631.2957
G1 X273.9995 Y-631.3269
G1 X273.9570 Y-631.3574
G1 X273.9131 Y-631.3876
G1 X273.8681 Y-631.4171
G1 X273.8219 Y-631.4463
G1 X273.7747 Y-631.4750
G1 X273.7261 Y-631.5032
G1 X273.6761 Y-631.5309
G1 X273.6251 Y-631.5580
G1 X273.5727 Y-631.5850
G1 X273.5191 Y-631.6111
G1 X273.4640 Y-631.6370
G1 X273.4079 Y-631.6624
G1 X273.3502 Y-631.6876
G1 X273.2913 Y-631.7122
G1 X273.2308 Y-631.7364
G1 X273.1691 Y-631.7600
G1 X273.1061 Y-631.7833
G1 X273.0416 Y-631.8062
G1 X272.9758 Y-631.8288
G1 X272.9085 Y-631.8509
G1 X272.8397 Y-631.8728
G1 X272.7693 Y-631.8941
G1 X272.6243 Y-631.9357
G1 X272.4734 Y-631.9759
G1 X272.3162 Y-632.0145
G1 X272.2354 Y-632.0333
G1 X272.1529 Y-632.0518
G1 X272.0688 Y-632.0701
G1 X271.9829 Y-632.0879
G1 X271.8956 Y-632.1054
G1 X271.8067 Y-632.1227
G1 X271.6238 Y-632.1562
G1 X271.5298 Y-632.1725
G1 X271.3368 Y-632.2042
G1 X271.1366 Y-632.2350
G1 X270.9296 Y-632.2647
G1 X270.7152 Y-632.2931
G1 X270.4937 Y-632.3208
G1 X270.2649 Y-632.3475
G1 X270.0284 Y-632.3734
G1 X269.7843 Y-632.3983
G1 X269.5324 Y-632.4227
G1 X269.4036 Y-632.4343
G1 X269.1399 Y-632.4575
G1 X268.8681 Y-632.4801
G1 X268.4452 Y-632.5126
G1 X268.0033 Y-632.5438
G1 X267.6982 Y-632.5641
G1 X267.3845 Y-632.5840
G1 X266.7305 Y-632.6226
G1 X266.3901 Y-632.6414
G1 X265.8623 Y-632.6690
G1 X265.5448 Y-632.6845
G1 X265.2382 Y-632.6977
G1 X264.9426 Y-632.7087
G1 X264.7986 Y-632.7132
G1 X264.5186 Y-632.7209
G1 X264.2489 Y-632.7259
G1 X263.9888 Y-632.7290
G1 X263.8623 Y-632.7295
G1 X263.6167 Y-632.7287
G1 X263.4973 Y-632.7275
G1 X263.3802 Y-632.7254
G1 X263.2654 Y-632.7229
G1 X263.1529 Y-632.7198
G1 X263.0424 Y-632.7160
G1 X262.9342 Y-632.7117
G1 X262.8278 Y-632.7066
G1 X262.7239 Y-632.7008
G1 X262.6218 Y-632.6944
G1 X262.5217 Y-632.6876
G1 X262.4237 Y-632.6800
G1 X262.3276 Y-632.6716
G1 X262.2334 Y-632.6627
G1 X262.1410 Y-632.6530
G1 X262.0505 Y-632.6429
G1 X261.9621 Y-632.6320
G1 X261.8753 Y-632.6203
G1 X261.7902 Y-632.6078
G1 X261.7069 Y-632.5949
G1 X261.6251 Y-632.5812
G1 X261.5453 Y-632.5669
G1 X261.4668 Y-632.5517
G1 X261.3901 Y-632.5359
G1 X261.3149 Y-632.5194
G1 X261.2413 Y-632.5024
G1 X261.1692 Y-632.4844
G1 X261.0985 Y-632.4658
G1 X261.0292 Y-632.4465
G1 X260.9614 Y-632.4265
G1 X260.8951 Y-632.4056
G1 X260.8301 Y-632.3841
G1 X260.7661 Y-632.3617
G1 X260.7036 Y-632.3386
G1 X260.6424 Y-632.3150
G1 X260.5824 Y-632.2903
G1 X260.5235 Y-632.2652
G1 X260.4656 Y-632.2390
G1 X260.4092 Y-632.2124
G1 X260.3536 Y-632.1847
G1 X260.2989 Y-632.1565
G1 X260.2456 Y-632.1273
G1 X260.1930 Y-632.0973
G1 X260.1417 Y-632.0666
G1 X260.0909 Y-632.0351
G1 X260.0414 Y-632.0028
G1 X259.9926 Y-631.9698
G1 X259.9446 Y-631.9360
G1 X259.8974 Y-631.9012
G1 X259.8504 Y-631.8646
G1 X259.8024 Y-631.8242
G1 X259.7534 Y-631.7800
G1 X259.7036 Y-631.7323
G1 X259.6530 Y-631.6810
G1 X259.6015 Y-631.6261
G1 X259.5491 Y-631.5680
G1 X259.4961 Y-631.5062
G1 X259.4422 Y-631.4412
G1 X259.3876 Y-631.3726
G1 X259.3325 Y-631.3010
G1 X259.2766 Y-631.2261
G1 X259.2200 Y-631.1481
G1 X259.1628 Y-631.0668
G1 X259.1054 Y-630.9825
G1 X259.0472 Y-630.8954
G1 X258.9886 Y-630.8052
G1 X258.9296 Y-630.7120
G1 X258.8699 Y-630.6160
G1 X258.8103 Y-630.5172
G1 X258.7501 Y-630.4156
G1 X258.6896 Y-630.3112
G1 X258.6289 Y-630.2042
G1 X258.5677 Y-630.0948
G1 X258.5065 Y-629.9825
G1 X258.4453 Y-629.8679
G1 X258.3835 Y-629.7508
G1 X258.3221 Y-629.6312
G1 X258.2603 Y-629.5093
G1 X258.1984 Y-629.3851
G1 X258.1366 Y-629.2588
G1 X258.0188 Y-629.0135
G1 X257.9624 Y-628.8997
G1 X257.9060 Y-628.7889
G1 X257.8494 Y-628.6810
G1 X257.7922 Y-628.5758
G1 X257.7348 Y-628.4735
G1 X257.6769 Y-628.3739
G1 X257.6185 Y-628.2771
G1 X257.5593 Y-628.1829
G1 X257.4996 Y-628.0915
G1 X257.4387 Y-628.0026
G1 X257.3772 Y-627.9162
G1 X257.3144 Y-627.8324
G1 X257.2507 Y-627.7511
G1 X257.1859 Y-627.6724
G1 X257.1199 Y-627.5959
G1 X257.0523 Y-627.5220
G1 X256.9835 Y-627.4504
G1 X256.9131 Y-627.3810
G1 X256.8412 Y-627.3142
G1 X256.7676 Y-627.2494
G1 X256.6921 Y-627.1870
G1 X256.6149 Y-627.1268
G1 X256.5357 Y-627.0686
G1 X256.4547 Y-627.0127
G1 X256.3713 Y-626.9586
G1 X256.2857 Y-626.9068
G1 X256.1981 Y-626.8570
G1 X256.1082 Y-626.8093
G1 X256.0157 Y-626.7633
G1 X255.9207 Y-626.7193
G1 X255.8232 Y-626.6772
G1 X255.7229 Y-626.6368
G1 X255.6198 Y-626.5984
G1 X255.5138 Y-626.5619
G1 X255.4051 Y-626.5268
G1 X255.2934 Y-626.4935
G1 X255.1783 Y-626.4620
G1 X255.0602 Y-626.4321
G1 X254.9388 Y-626.4036
G1 X254.8141 Y-626.3770
G1 X254.6858 Y-626.3518
G1 X254.5542 Y-626.3279
G1 X254.4188 Y-626.3056
G1 X254.2799 Y-626.2848
G1 X254.1369 Y-626.2652
G1 X253.9903 Y-626.2472
G1 X253.8397 Y-626.2304
G1 X253.6850 Y-626.2146
G1 X253.5263 Y-626.2004
G1 X253.3635 Y-626.1875
G1 X253.1961 Y-626.1755
G1 X253.0246 Y-626.1646
G1 X252.8486 Y-626.1550
G1 X252.6680 Y-626.1466
G1 X252.4826 Y-626.1390
G1 X252.2929 Y-626.1324
G1 X252.0980 Y-626.1268
G1 X251.8987 Y-626.1222
G1 X251.6939 Y-626.1184
G1 X251.4844 Y-626.1156
G1 X251.2698 Y-626.1136
G1 X251.0498 Y-626.1123
G1 X250.8247 Y-626.1118
G1 X250.4216 Y-626.1120
G1 X250.1661 Y-626.1133
G1 X249.8024 Y-626.1166
G1 X249.4608 Y-626.1214
G1 X249.1402 Y-626.1283
G1 X248.8397 Y-626.1372
G1 X248.6500 Y-626.1443
G1 X248.4684 Y-626.1524
G1 X248.2103 Y-626.1664
G1 X248.0475 Y-626.1771
G1 X247.9685 Y-626.1829
G1 X247.8161 Y-626.1951
G1 X247.6701 Y-626.2086
G1 X247.5301 Y-626.2233
G1 X247.3963 Y-626.2390
G1 X247.3312 Y-626.2474
G1 X247.2055 Y-626.2652
G1 X247.0848 Y-626.2842
G1 X246.9688 Y-626.3046
G1 X246.9124 Y-626.3152
G1 X246.8029 Y-626.3376
G1 X246.6972 Y-626.3615
G1 X246.6459 Y-626.3739
G1 X246.5954 Y-626.3869
G1 X246.4966 Y-626.4135
G1 X246.4008 Y-626.4417
G1 X246.3079 Y-626.4714
G1 X246.2621 Y-626.4869
G1 X246.1725 Y-626.5192
G1 X246.0849 Y-626.5530
G1 X246.0414 Y-626.5705
G1 X245.9558 Y-626.6068
G1 X245.9134 Y-626.6256
G1 X245.8438 Y-626.6581
G1 X245.7765 Y-626.6917
G1 X245.7120 Y-626.7262
G1 X245.6497 Y-626.7618
G1 X245.5901 Y-626.7986
G1 X245.5332 Y-626.8367
G1 X245.4786 Y-626.8761
G1 X245.4265 Y-626.9167
G1 X245.3772 Y-626.9586
G1 X245.3302 Y-627.0018
G1 X245.2860 Y-627.0462
G1 X245.2441 Y-627.0925
G1 X245.2050 Y-627.1397
G1 X245.1684 Y-627.1887
G1 X245.1344 Y-627.2390
G1 X245.1029 Y-627.2911
G1 X245.0739 Y-627.3447
G1 X245.0475 Y-627.3998
G1 X245.0239 Y-627.4567
G1 X245.0028 Y-627.5151
G1 X244.9843 Y-627.5753
G1 X244.9685 Y-627.6373
G1 X244.9553 Y-627.7011
G1 X244.9446 Y-627.7666
G1 X244.9368 Y-627.8342
G1 X244.9312 Y-627.9035
G1 X244.9286 Y-627.9746
G1 X244.9284 Y-628.0478
G1 X244.9309 Y-628.1229
G1 X244.9363 Y-628.2004
G1 X244.9441 Y-628.2797
G1 X244.9546 Y-628.3609
G1 X244.9678 Y-628.4445
G1 X244.9838 Y-628.5301
G1 X245.0023 Y-628.6180
G1 X245.0234 Y-628.7082
G1 X245.0475 Y-628.8006
G1 X245.0739 Y-628.8954
G1 X245.1034 Y-628.9924
G1 X245.1354 Y-629.0917
G1 X245.1699 Y-629.1936
G1 X245.2075 Y-629.2977
G1 X245.2477 Y-629.4046
G1 X245.2906 Y-629.5139
G1 X245.3361 Y-629.6256
G1 X245.3843 Y-629.7399
G1 X245.4354 Y-629.8570
G1 X245.4892 Y-629.9766
G1 X245.5459 Y-630.0988
G1 X245.6050 Y-630.2238
G1 X245.6673 Y-630.3518
G1 X245.7320 Y-630.4824
G1 X245.7996 Y-630.6157
G1 X245.8700 Y-630.7518
G1 X245.9431 Y-630.8910
G1 X246.0191 Y-631.0330
G1 X246.0978 Y-631.1781
G1 X246.1791 Y-631.3261
G1 X246.2634 Y-631.4773
G1 X246.3505 Y-631.6315
G1 X246.4405 Y-631.7887
G1 X246.5332 Y-631.9490
G1 X246.6287 Y-632.1125
G1 X246.7270 Y-632.2792
G1 X246.8121 Y-632.4219
G1 X246.8964 Y-632.5624
G1 X247.0635 Y-632.8369
G1 X247.2291 Y-633.1034
G1 X247.3112 Y-633.2334
G1 X247.3930 Y-633.3617
G1 X247.4745 Y-633.4882
G1 X247.5555 Y-633.6124
G1 X247.6363 Y-633.7351
G1 X247.7171 Y-633.8557
G1 X247.7973 Y-633.9746
G1 X247.8776 Y-634.0917
G1 X247.9576 Y-634.2073
G1 X248.0376 Y-634.3208
G1 X248.1174 Y-634.4328
G1 X248.1971 Y-634.5433
G1 X248.2769 Y-634.6520
G1 X248.3566 Y-634.7592
G1 X248.4364 Y-634.8646
G1 X248.5161 Y-634.9688
G1 X248.5959 Y-635.0714
G1 X248.6759 Y-635.1725
G1 X248.7559 Y-635.2723
G1 X248.8362 Y-635.3706
G1 X248.9164 Y-635.4674
G1 X248.9972 Y-635.5631
G1 X249.0780 Y-635.6574
G1 X249.1590 Y-635.7506
G1 X249.2405 Y-635.8423
G1 X249.3223 Y-635.9329
G1 X249.4044 Y-636.0223
G1 X249.4869 Y-636.1105
G1 X249.5697 Y-636.1979
G1 X249.6530 Y-636.2837
G1 X249.7369 Y-636.3688
G1 X249.8212 Y-636.4529
G1 X249.9060 Y-636.5359
G1 X249.9914 Y-636.6180
G1 X250.0775 Y-636.6993
G1 X250.1641 Y-636.7795
G1 X250.2512 Y-636.8590
G1 X250.3394 Y-636.9375
G1 X250.4280 Y-637.0152
G1 X250.5172 Y-637.0922
G1 X250.6073 Y-637.1687
G1 X250.6983 Y-637.2441
G1 X250.7899 Y-637.3190
G1 X250.8827 Y-637.3934
G1 X250.9759 Y-637.4671
G1 X251.0704 Y-637.5403
G1 X251.1656 Y-637.6126
G1 X251.2619 Y-637.6848
G1 X251.3592 Y-637.7564
G1 X251.4572 Y-637.8275
G1 X251.5565 Y-637.8981
G1 X251.6568 Y-637.9685
G1 X251.7584 Y-638.0383
G1 X251.8611 Y-638.1079
G1 X251.9647 Y-638.1773
G1 X252.0696 Y-638.2464
G1 X252.1758 Y-638.3152
G1 X252.2832 Y-638.3840
G1 X252.3998 Y-638.4569
G1 X252.5182 Y-638.5296
G1 X252.6383 Y-638.6015
G1 X252.7602 Y-638.6726
G1 X252.8839 Y-638.7432
G1 X253.0094 Y-638.8133
G1 X253.1364 Y-638.8826
G1 X253.2652 Y-638.9512
G1 X253.3957 Y-639.0193
G1 X253.5278 Y-639.0866
G1 X253.6614 Y-639.1534
G1 X253.7965 Y-639.2194
G1 X253.9332 Y-639.2847
G1 X254.0711 Y-639.3492
G1 X254.2108 Y-639.4130
G1 X254.3518 Y-639.4762
G1 X254.4940 Y-639.5387
G1 X254.6378 Y-639.6002
G1 X254.7826 Y-639.6612
G1 X254.9289 Y-639.7214
G1 X255.0765 Y-639.7805
G1 X255.2253 Y-639.8392
G1 X255.3752 Y-639.8969
G1 X255.5263 Y-639.9538
G1 X255.6784 Y-640.0099
G1 X255.8318 Y-640.0653
G1 X255.9863 Y-640.1196
G1 X256.1417 Y-640.1735
G1 X256.2982 Y-640.2260
G1 X256.4557 Y-640.2781
G1 X256.6139 Y-640.3292
G1 X256.7732 Y-640.3792
G1 X256.9334 Y-640.4285
G1 X257.0942 Y-640.4767
G1 X257.2563 Y-640.5242
G1 X257.4188 Y-640.5707
G1 X257.5822 Y-640.6162
G1 X257.7462 Y-640.6609
G1 X257.9108 Y-640.7046
G1 X258.0764 Y-640.7473
G1 X258.2426 Y-640.7889
G1 X258.4092 Y-640.8298
G1 X258.5763 Y-640.8694
G1 X258.7440 Y-640.9083
G1 X258.9124 Y-640.9459
G1 X259.0810 Y-640.9827
G1 X259.2502 Y-641.0183
G1 X259.4199 Y-641.0531
G1 X259.5898 Y-641.0866
G1 X259.7602 Y-641.1191
G1 X259.9306 Y-641.1506
G1 X260.1016 Y-641.1811
G1 X260.2728 Y-641.2103
G1 X260.4442 Y-641.2385
G1 X260.6159 Y-641.2657
G1 X260.7876 Y-641.2916
G1 X260.9593 Y-641.3165
G1 X261.1313 Y-641.3401
G1 X261.3035 Y-641.3627
G1 X261.4755 Y-641.3840
G1 X261.6477 Y-641.4044
G1 X261.8196 Y-641.4234
G1 X261.9916 Y-641.4412
G1 X262.1636 Y-641.4579
G1 X262.9680 Y-641.5344
G1 X263.7112 Y-641.6081
G1 X263.8943 Y-641.6276
G1 X263.9461 Y-641.6327
G1 X264.0046 Y-641.6375
G1 X264.0698 Y-641.6418
G1 X264.1412 Y-641.6459
G1 X264.2187 Y-641.6497
G1 X264.3022 Y-641.6530
G1 X264.4859 Y-641.6586
G1 X264.6909 Y-641.6627
G1 X264.9151 Y-641.6655
G1 X265.0340 Y-641.6662
G1 X265.2842 Y-641.6670
G1 X265.5494 Y-641.6665
G1 X265.9720 Y-641.6637
G1 X266.5730 Y-641.6558
G1 X266.8857 Y-641.6502
G1 X267.5268 Y-641.6363
G1 X268.0147 Y-641.6233
G1 X268.5026 Y-641.6086
G1 X268.9847 Y-641.5921
G1 X269.2999 Y-641.5801
G1 X269.7597 Y-641.5611
G1 X270.0548 Y-641.5476
G1 X270.3388 Y-641.5336
G1 X270.7406 Y-641.5115
G1 X270.9896 Y-641.4966
G1 X271.2217 Y-641.4811
G1 X271.4351 Y-641.4651
G1 X271.5341 Y-641.4569
G1 X271.7165 Y-641.4407
G1 X271.7990 Y-641.4325
G1 X271.9464 Y-641.4160
G1 X272.0106 Y-641.4077
G1 X272.2326 Y-641.3764
G1 X272.4531 Y-641.3442
G1 X272.6723 Y-641.3106
G1 X272.8902 Y-641.2761
G1 X273.1064 Y-641.2405
G1 X273.3213 Y-641.2037
G1 X273.5346 Y-641.1656
G1 X273.7465 Y-641.1265
G1 X273.9568 Y-641.0863
G1 X274.1658 Y-641.0449
G1 X274.3733 Y-641.0025
G1 X274.5793 Y-640.9591
G1 X274.7838 Y-640.9144
G1 X274.9870 Y-640.8684
G1 X275.1887 Y-640.8217
G1 X275.3888 Y-640.7734
G1 X275.5875 Y-640.7244
G1 X275.7846 Y-640.6741
G1 X275.9801 Y-640.6228
G1 X276.1745 Y-640.5702
G1 X276.3670 Y-640.5169
G1 X276.5582 Y-640.4620
G1 X276.7480 Y-640.4064
G1 X276.9362 Y-640.3495
G1 X277.1229 Y-640.2916
G1 X277.3081 Y-640.2324
G1 X277.4917 Y-640.1725
G1 X277.6741 Y-640.1112
G1 X277.8547 Y-640.0488
G1 X278.0337 Y-639.9855
G1 X278.2115 Y-639.9210
G1 X278.3876 Y-639.8555
G1 X278.5623 Y-639.7887
G1 X278.7353 Y-639.7208
G1 X278.9070 Y-639.6523
G1 X279.0769 Y-639.5822
G1 X279.2456 Y-639.5113
G1 X279.4124 Y-639.4392
G1 X279.5778 Y-639.3663
G1 X279.7419 Y-639.2921
G1 X279.9042 Y-639.2167
G1 X280.0650 Y-639.1405
G1 X280.2245 Y-639.0632
G1 X280.3822 Y-638.9848
G1 X280.5384 Y-638.9053
G1 X280.6931 Y-638.8247
G1 X280.8463 Y-638.7432
G1 X280.9977 Y-638.6604
G1 X281.1478 Y-638.5768
G1 X281.2961 Y-638.4920
G1 X281.4432 Y-638.4061
G1 X281.5885 Y-638.3193
G1 X281.7322 Y-638.2314
G1 X281.8745 Y-638.1425
G1 X282.0152 Y-638.0526
G1 X282.1541 Y-637.9616
G1 X282.2915 Y-637.8694
G1 X282.4277 Y-637.7765
G1 X282.5620 Y-637.6822
G1 X282.6946 Y-637.5870
G1 X282.8260 Y-637.4910
G1 X282.9555 Y-637.3937
G1 X283.0835 Y-637.2954
G1 X283.2100 Y-637.1961
G1 X283.3347 Y-637.0960
G1 X283.4579 Y-636.9947
G1 X283.5796 Y-636.8923
G1 X283.6997 Y-636.7889
G1 X283.8181 Y-636.6845
G1 X283.9349 Y-636.5791
G1 X284.0502 Y-636.4727
G1 X284.1638 Y-636.3655
G1 X284.2758 Y-636.2570
G1 X284.3863 Y-636.1476
G1 X284.4950 Y-636.0371
G1 X284.6022 Y-635.9258
G1 X284.7078 Y-635.8133
G1 X284.8117 Y-635.7000
G1 X284.9141 Y-635.5855
G1 X285.0147 Y-635.4702
G1 X285.1137 Y-635.3536
G1 X285.2113 Y-635.2362
G1 X285.3070 Y-635.1179
G1 X285.4013 Y-634.9985
G1 X285.4937 Y-634.8781
G1 X285.5846 Y-634.7567
G1 X285.6738 Y-634.6345
G1 X285.7614 Y-634.5110
G1 X285.8473 Y-634.3868
G1 X285.9316 Y-634.2616
G1 X286.0144 Y-634.1354
G1 X286.0954 Y-634.0081
G1 X286.1747 Y-633.8799
G1 X286.2524 Y-633.7508
G1 X286.3284 Y-633.6205
G1 X286.4028 Y-633.4895
G1 X286.4754 Y-633.3574
G1 X286.5465 Y-633.2243
G1 X286.6159 Y-633.0904
G1 X286.6837 Y-632.9556
G1 X286.7497 Y-632.8194
G1 X286.8140 Y-632.6828
G1 X286.8767 Y-632.5448
G1 X286.9377 Y-632.4062
G1 X286.9969 Y-632.2665
G1 X287.0545 Y-632.1257
G1 X287.1104 Y-631.9840
G1 X287.1648 Y-631.8415
G1 X287.2174 Y-631.6980
G1 X287.2682 Y-631.5535
G1 X287.3174 Y-631.4082
G1 X287.3649 Y-631.2619
G1 X287.4107 Y-631.1146
G1 X287.4546 Y-630.9662
G1 X287.4970 Y-630.8171
G1 X287.5377 Y-630.6673
G1 X287.5768 Y-630.5161
G1 X287.6139 Y-630.3642
G1 X287.6494 Y-630.2113
G1 X287.6832 Y-630.0577
G1 X287.7152 Y-629.9030
G1 X287.7457 Y-629.7473
G1 X287.7744 Y-629.5908
G1 X287.8013 Y-629.4333
G1 X287.8264 Y-629.2751
G1 X287.8498 Y-629.1158
G1 X287.8717 Y-628.9556
G1 X287.8915 Y-628.7945
G1 X287.9062 Y-628.6652
G1 X287.9192 Y-628.5349
G1 X287.9308 Y-628.4036
G1 X287.9413 Y-628.2715
G1 X287.9501 Y-628.1384
G1 X287.9575 Y-628.0043
G1 X287.9636 Y-627.8695
G1 X287.9684 Y-627.7341
G1 X287.9720 Y-627.5977
G1 X287.9740 Y-627.4608
G1 X287.9745 Y-627.3234
G1 X287.9740 Y-627.1852
G1 X287.9720 Y-627.0465
G1 X287.9687 Y-626.9073
G1 X287.9641 Y-626.7679
G1 X287.9583 Y-626.6279
G1 X287.9512 Y-626.4874
G1 X287.9428 Y-626.3470
G1 X287.9331 Y-626.2063
G1 X287.9220 Y-626.0650
G1 X287.9098 Y-625.9241
G1 X287.8963 Y-625.7826
G1 X287.8816 Y-625.6414
G1 X287.8658 Y-625.4999
G1 X287.8485 Y-625.3587
G1 X287.8303 Y-625.2174
G1 X287.8107 Y-625.0762
G1 X287.7899 Y-624.9355
G1 X287.7680 Y-624.7948
G1 X287.7447 Y-624.6543
G1 X287.7205 Y-624.5141
G1 X287.6951 Y-624.3744
G1 X287.6685 Y-624.2350
G1 X287.6408 Y-624.0963
G1 X287.6118 Y-623.9579
G1 X287.5818 Y-623.8199
G1 X287.5506 Y-623.6828
G1 X287.5186 Y-623.5461
G1 X287.4851 Y-623.4102
G1 X287.4508 Y-623.2751
G1 X287.4152 Y-623.1407
G1 X287.3786 Y-623.0071
G1 X287.3411 Y-622.8745
G1 X287.3024 Y-622.7430
G1 X287.2628 Y-622.6122
G1 X287.2219 Y-622.4824
G1 X287.1803 Y-622.3538
G1 X287.1373 Y-622.2261
G1 X287.0937 Y-622.0998
G1 X287.0490 Y-621.9746
G1 X287.0030 Y-621.8507
G1 X286.9562 Y-621.7280
G1 X286.9085 Y-621.6068
G1 X286.8597 Y-621.4869
G1 X286.8102 Y-621.3686
G1 X286.7596 Y-621.2515
G1 X286.7081 Y-621.1362
G1 X286.6555 Y-621.0224
G1 X286.6022 Y-620.9101
G1 X286.5478 Y-620.7996
G1 X286.4924 Y-620.6909
G1 X286.4363 Y-620.5840
G1 X286.3794 Y-620.4786
G1 X286.3215 Y-620.3754
G1 X286.2626 Y-620.2731
G1 X286.2029 Y-620.1715
G1 X286.1419 Y-620.0706
G1 X286.0805 Y-619.9703
G1 X286.0177 Y-619.8705
G1 X285.9542 Y-619.7717
G1 X285.8897 Y-619.6731
G1 X285.8242 Y-619.5753
G1 X285.7579 Y-619.4783
G1 X285.6903 Y-619.3818
G1 X285.6220 Y-619.2860
G1 X285.5529 Y-619.1908
G1 X285.4825 Y-619.0960
G1 X285.4112 Y-619.0021
G1 X285.3390 Y-618.9086
G1 X285.2659 Y-618.8159
G1 X285.1917 Y-618.7237
G1 X285.1165 Y-618.6322
G1 X285.0406 Y-618.5413
G1 X284.9634 Y-618.4511
G1 X284.8851 Y-618.3615
G1 X284.8061 Y-618.2723
G1 X284.7261 Y-618.1837
G1 X284.6448 Y-618.0960
G1 X284.5628 Y-618.0087
G1 X284.4797 Y-617.9221
G1 X284.3957 Y-617.8360
G1 X284.3103 Y-617.7504
G1 X284.2242 Y-617.6655
G1 X284.1371 Y-617.5812
G1 X284.0487 Y-617.4976
G1 X283.9596 Y-617.4146
G1 X283.8694 Y-617.3320
G1 X283.7779 Y-617.2500
G1 X283.6857 Y-617.1687
G1 X283.5923 Y-617.0879
G1 X283.4978 Y-617.0079
G1 X283.4023 Y-616.9282
G1 X283.3058 Y-616.8492
G1 X283.2082 Y-616.7709
G1 X283.1094 Y-616.6929
G1 X283.0096 Y-616.6157
G1 X282.9090 Y-616.5390
G1 X282.8072 Y-616.4628
G1 X282.7040 Y-616.3871
G1 X282.6001 Y-616.3122
G1 X282.4950 Y-616.2378
G1 X282.3888 Y-616.1639
G1 X282.2816 Y-616.0907
G1 X282.1732 Y-616.0178
G1 X282.0637 Y-615.9457
G1 X281.9532 Y-615.8741
G1 X281.8417 Y-615.8029
G1 X281.7289 Y-615.7323
G1 X281.6151 Y-615.6625
G1 X281.5001 Y-615.5929
G1 X281.3840 Y-615.5240
G1 X281.2669 Y-615.4557
G1 X281.1485 Y-615.3879
G1 X281.0292 Y-615.3208
G1 X280.9085 Y-615.2540
G1 X280.7868 Y-615.1877
G1 X280.6642 Y-615.1222
G1 X280.5402 Y-615.0572
G1 X280.4150 Y-614.9924
G1 X280.2887 Y-614.9284
G1 X280.1615 Y-614.8649
G1 X280.0330 Y-614.8019
G1 X279.9032 Y-614.7397
G1 X279.7724 Y-614.6777
G1 X279.6403 Y-614.6162
G1 X279.5072 Y-614.5553
G1 X279.3728 Y-614.4951
G1 X279.2374 Y-614.4351
G1 X279.1008 Y-614.3760
G1 X278.9629 Y-614.3170
G1 X278.8239 Y-614.2589
G1 X278.6837 Y-614.2010
G1 X278.5422 Y-614.1438
G1 X278.3997 Y-614.0869
G1 X278.2560 Y-614.0308
G1 X278.1110 Y-613.9749
G1 X277.9646 Y-613.9198
G1 X277.8173 Y-613.8649
G1 X277.6687 Y-613.8106
G1 X277.5191 Y-613.7570
G1 X277.3680 Y-613.7036
G1 X277.2159 Y-613.6508
G1 X277.0624 Y-613.5987
G1 X276.9078 Y-613.5469
G1 X276.7518 Y-613.4956
G1 X276.5948 Y-613.4448
G1 X276.4363 Y-613.3945
G1 X276.2768 Y-613.3445
G1 X276.1160 Y-613.2952
G1 X275.9540 Y-613.2464
G1 X275.7907 Y-613.1979
G1 X275.6261 Y-613.1499
G1 X275.4602 Y-613.1027
G1 X275.2933 Y-613.0557
G1 X275.1249 Y-613.0092
G1 X274.9553 Y-612.9630
G1 X274.7846 Y-612.9175
G1 X274.6124 Y-612.8723
G1 X274.2644 Y-612.7836
G1 X274.0884 Y-612.7399
G1 X273.9111 Y-612.6965
G1 X273.5529 Y-612.6114
G1 X273.3718 Y-612.5695
G1 X273.1894 Y-612.5281
G1 X272.8206 Y-612.4466
G1 X272.4468 Y-612.3668
G1 X272.2578 Y-612.3277
G1 X271.8760 Y-612.2507
G1 X271.6832 Y-612.2129
G1 X271.4889 Y-612.1753
G1 X271.2933 Y-612.1385
G1 X270.8984 Y-612.0656
G1 X270.4978 Y-611.9947
G1 X270.2956 Y-611.9599
G1 X269.9136 Y-611.8954
G1 X269.5623 Y-611.8349
G1 X269.2192 Y-611.7742
G1 X268.8839 Y-611.7133
G1 X268.7190 Y-611.6825
G1 X268.3952 Y-611.6211
G1 X268.2359 Y-611.5901
G1 X267.9230 Y-611.5279
G1 X267.6169 Y-611.4651
G1 X267.4666 Y-611.4334
G1 X267.1712 Y-611.3699
G1 X266.8821 Y-611.3056
G1 X266.5997 Y-611.2406
G1 X266.4610 Y-611.2078
G1 X266.1879 Y-611.1418
G1 X266.0536 Y-611.1085
G1 X265.9210 Y-611.0750
G1 X265.7897 Y-611.0412
G1 X265.6599 Y-611.0072
G1 X265.4046 Y-610.9386
G1 X265.1547 Y-610.8690
G1 X264.9103 Y-610.7984
G1 X264.6710 Y-610.7267
G1 X264.4369 Y-610.6541
G1 X264.3215 Y-610.6173
G1 X264.2072 Y-610.5802
G1 X264.0945 Y-610.5428
G1 X263.8720 Y-610.4672
G1 X263.6538 Y-610.3902
G1 X263.5463 Y-610.3513
G1 X263.3348 Y-610.2723
G1 X263.1270 Y-610.1921
G1 X263.0244 Y-610.1514
G1 X262.8222 Y-610.0689
G1 X262.6236 Y-609.9848
G1 X262.5255 Y-609.9424
G1 X262.4285 Y-609.8995
G1 X262.3320 Y-609.8560
G1 X262.1415 Y-609.7681
G1 X262.0472 Y-609.7234
G1 X261.9540 Y-609.6785
G1 X261.8610 Y-609.6330
G1 X261.6693 Y-609.5365
G1 X261.4821 Y-609.4392
G1 X261.3000 Y-609.3412
G1 X261.1229 Y-609.2426
G1 X260.9507 Y-609.1433
G1 X260.7833 Y-609.0432
G1 X260.6213 Y-608.9426
G1 X260.4640 Y-608.8418
G1 X260.3116 Y-608.7402
G1 X260.1646 Y-608.6381
G1 X260.0223 Y-608.5357
G1 X259.8852 Y-608.4329
G1 X259.7531 Y-608.3297
G1 X259.6261 Y-608.2264
G1 X259.5042 Y-608.1227
G1 X259.3873 Y-608.0188
G1 X259.2756 Y-607.9147
G1 X259.1689 Y-607.8106
G1 X259.0673 Y-607.7064
G1 X258.9710 Y-607.6020
G1 X258.8798 Y-607.4976
G1 X258.7937 Y-607.3932
G1 X258.7130 Y-607.2889
G1 X258.6373 Y-607.1847
G1 X258.5667 Y-607.0806
G1 X258.5016 Y-606.9767
G1 X258.4414 Y-606.8731
G1 X258.3866 Y-606.7697
G1 X258.3370 Y-606.6666
G1 X258.2929 Y-606.5637
G1 X258.2537 Y-606.4613
G1 X258.2202 Y-606.3592
G1 X258.1918 Y-606.2576
G1 X258.1686 Y-606.1565
G1 X258.1506 Y-606.0559
G1 X258.1382 Y-605.9561
G1 X258.1311 Y-605.8565
G1 X258.1293 Y-605.7580
G1 X258.1328 Y-605.6600
G1 X258.1420 Y-605.5627
G1 X258.1562 Y-605.4659
G1 X258.1760 Y-605.3701
G1 X258.2012 Y-605.2754
G1 X258.2319 Y-605.1814
G1 X258.2680 Y-605.0882
G1 X258.3094 Y-604.9960
G1 X258.3564 Y-604.9051
G1 X258.4089 Y-604.8149
G1 X258.4668 Y-604.7257
G1 X258.5303 Y-604.6379
G1 X258.5992 Y-604.5512
G1 X258.6736 Y-604.4656
G1 X258.7536 Y-604.3813
G1 X258.8392 Y-604.2983
G1 X258.9304 Y-604.2167
G1 X259.0272 Y-604.1362
G1 X259.1293 Y-604.0572
G1 X259.2372 Y-603.9797
G1 X259.3508 Y-603.9038
G1 X259.4699 Y-603.8291
G1 X259.5946 Y-603.7562
G1 X259.7249 Y-603.6848
G1 X259.8610 Y-603.6150
G1 X260.0028 Y-603.5469
G1 X260.0909 Y-603.5065
G1 X260.1816 Y-603.4669
G1 X260.2743 Y-603.4281
G1 X260.3691 Y-603.3897
G1 X260.4658 Y-603.3521
G1 X260.5646 Y-603.3153
G1 X260.6655 Y-603.2790
G1 X260.7681 Y-603.2434
G1 X260.8725 Y-603.2083
G1 X260.9789 Y-603.1743
G1 X261.0869 Y-603.1408
G1 X261.1968 Y-603.1080
G1 X261.3081 Y-603.0760
G1 X261.4214 Y-603.0445
G1 X261.5359 Y-603.0140
G1 X261.6520 Y-602.9841
G1 X261.7696 Y-602.9551
G1 X261.8887 Y-602.9267
G1 X262.0091 Y-602.8990
G1 X262.1308 Y-602.8720
G1 X262.2537 Y-602.8461
G1 X262.3779 Y-602.8207
G1 X262.5034 Y-602.7961
G1 X262.6299 Y-602.7725
G1 X262.7574 Y-602.7494
G1 X262.8862 Y-602.7273
G1 X263.0157 Y-602.7059
G1 X263.1463 Y-602.6854
G1 X263.2779 Y-602.6655
G1 X263.4102 Y-602.6467
G1 X263.5430 Y-602.6285
G1 X263.6769 Y-602.6112
G1 X263.8115 Y-602.5947
G1 X263.9466 Y-602.5792
G1 X264.0823 Y-602.5645
G1 X264.2187 Y-602.5505
G1 X264.3556 Y-602.5375
G1 X264.4927 Y-602.5253
G1 X264.6304 Y-602.5142
G1 X264.7683 Y-602.5037
G1 X264.9068 Y-602.4943
G1 X265.0452 Y-602.4857
G1 X265.1841 Y-602.4778
G1 X265.3231 Y-602.4710
G1 X265.4620 Y-602.4651
G1 X265.6012 Y-602.4603
G1 X265.7404 Y-602.4562
G1 X265.8793 Y-602.4529
G1 X266.0185 Y-602.4509
G1 X266.1575 Y-602.4496
G1 X266.2961 Y-602.4491
G1 X266.4346 Y-602.4499
G1 X266.5727 Y-602.4514
G1 X266.7107 Y-602.4542
G1 X266.8481 Y-602.4578
G1 X266.9852 Y-602.4621
G1 X267.1219 Y-602.4677
G1 X267.2580 Y-602.4743
G1 X267.3937 Y-602.4816
G1 X267.5285 Y-602.4903
G1 X267.6629 Y-602.4997
G1 X267.7965 Y-602.5104
G1 X267.9294 Y-602.5218
G1 X268.0612 Y-602.5345
G1 X268.2789 Y-602.5573
G1 X268.4899 Y-602.5825
G1 X268.6949 Y-602.6099
G1 X268.8938 Y-602.6399
G1 X269.0871 Y-602.6721
G1 X269.2748 Y-602.7069
G1 X269.4569 Y-602.7445
G1 X269.6340 Y-602.7847
G1 X269.8059 Y-602.8279
G1 X269.9733 Y-602.8738
G1 X270.1359 Y-602.9228
G1 X270.2941 Y-602.9749
G1 X270.4480 Y-603.0303
G1 X270.5981 Y-603.0890
G1 X270.7442 Y-603.1512
G1 X270.8867 Y-603.2167
G1 X271.0259 Y-603.2858
G1 X271.1618 Y-603.3587
G1 X271.2946 Y-603.4352
G1 X271.4247 Y-603.5157
G1 X271.5522 Y-603.6003
G1 X271.6771 Y-603.6887
G1 X271.7998 Y-603.7814
G1 X271.9205 Y-603.8781
G1 X272.0393 Y-603.9795
G1 X272.1564 Y-604.0852
G1 X272.2723 Y-604.1954
G1 X272.3866 Y-604.3102
G1 X272.5001 Y-604.4296
G1 X272.6126 Y-604.5540
G1 X272.7244 Y-604.6833
G1 X272.8356 Y-604.8174
G1 X272.9903 Y-605.0064
G1 X273.1407 Y-605.1873
G1 X273.2870 Y-605.3602
G1 X273.4295 Y-605.5258
G1 X273.5687 Y-605.6838
G1 X273.7048 Y-605.8347
G1 X273.8382 Y-605.9787
G1 X273.9692 Y-606.1159
G1 X274.0980 Y-606.2467
G1 X274.2250 Y-606.3714
G1 X274.3505 Y-606.4900
G1 X274.4747 Y-606.6028
G1 X274.5981 Y-606.7102
G1 X274.7211 Y-606.8124
G1 X274.8440 Y-606.9091
G1 X274.9667 Y-607.0013
G1 X275.0899 Y-607.0890
G1 X275.2138 Y-607.1720
G1 X275.3388 Y-607.2510
G1 X275.4653 Y-607.3262
G1 X275.5933 Y-607.3976
G1 X275.7231 Y-607.4656
G1 X275.8554 Y-607.5304
G1 X275.9906 Y-607.5921
G1 X276.1285 Y-607.6511
G1 X276.2695 Y-607.7077
G1 X276.4142 Y-607.7618
G1 X276.5628 Y-607.8141
G1 X276.7157 Y-607.8644
G1 X276.8730 Y-607.9132
G1 X277.0353 Y-607.9604
G1 X277.2026 Y-608.0067
G1 X277.2496 Y-608.0186
G1 X277.3017 Y-608.0303
G1 X277.3583 Y-608.0417
G1 X277.4198 Y-608.0531
G1 X277.4853 Y-608.0641
G1 X277.5552 Y-608.0750
G1 X277.6294 Y-608.0854
G1 X277.7073 Y-608.0958
G1 X277.8745 Y-608.1156
G1 X277.9634 Y-608.1253
G1 X278.1511 Y-608.1436
G1 X278.2496 Y-608.1525
G1 X278.4554 Y-608.1692
G1 X278.5621 Y-608.1771
G1 X278.7830 Y-608.1923
G1 X278.8968 Y-608.1994
G1 X279.1305 Y-608.2129
G1 X279.3708 Y-608.2251
G1 X279.4935 Y-608.2307
G1 X279.7421 Y-608.2411
G1 X279.9946 Y-608.2502
G1 X280.1221 Y-608.2543
G1 X280.3784 Y-608.2614
G1 X280.5069 Y-608.2645
G1 X280.7645 Y-608.2695
G1 X281.1488 Y-608.2749
G1 X281.4020 Y-608.2764
G1 X281.6517 Y-608.2767
G1 X281.8963 Y-608.2754
G1 X282.0165 Y-608.2741
G1 X282.2517 Y-608.2706
G1 X282.3662 Y-608.2680
G1 X282.5890 Y-608.2622
G1 X282.6969 Y-608.2586
G1 X282.9049 Y-608.2502
G1 X283.1015 Y-608.2403
G1 X283.1950 Y-608.2345
G1 X283.3723 Y-608.2220
G1 X283.4556 Y-608.2152
G1 X283.5351 Y-608.2078
G1 X283.6108 Y-608.2000
G1 X283.6824 Y-608.1918
G1 X283.7498 Y-608.1829
G1 X283.8130 Y-608.1740
G1 X283.9385 Y-608.1537
G1 X284.0606 Y-608.1324
G1 X284.1790 Y-608.1100
G1 X284.2938 Y-608.0864
G1 X284.4053 Y-608.0615
G1 X284.5130 Y-608.0354
G1 X284.6169 Y-608.0077
G1 X284.7175 Y-607.9790
G1 X284.8145 Y-607.9490
G1 X284.9080 Y-607.9175
G1 X284.9979 Y-607.8845
G1 X285.0843 Y-607.8502
G1 X285.1668 Y-607.8146
G1 X285.2461 Y-607.7773
G1 X285.3220 Y-607.7387
G1 X285.3941 Y-607.6983
G1 X285.4627 Y-607.6564
G1 X285.5280 Y-607.6130
G1 X285.5895 Y-607.5680
G1 X285.6476 Y-607.5213
G1 X285.7025 Y-607.4730
G1 X285.7536 Y-607.4230
G1 X285.8013 Y-607.3711
G1 X285.8455 Y-607.3176
G1 X285.8861 Y-607.2622
G1 X285.9235 Y-607.2050
G1 X285.9573 Y-607.1459
G1 X285.9877 Y-607.0851
G1 X286.0147 Y-607.0222
G1 X286.0383 Y-606.9576
G1 X286.0581 Y-606.8908
G1 X286.0749 Y-606.8223
G1 X286.0881 Y-606.7516
G1 X286.0980 Y-606.6790
G1 X286.1043 Y-606.6041
G1 X286.1071 Y-606.5274
G1 X286.1069 Y-606.4484
G1 X286.1031 Y-606.3673
G1 X286.0957 Y-606.2840
G1 X286.0853 Y-606.1984
G1 X286.0713 Y-606.1108
G1 X286.0540 Y-606.0206
G1 X286.0332 Y-605.9284
G1 X286.0093 Y-605.8337
G1 X285.9819 Y-605.7369
G1 X285.9512 Y-605.6376
G1 X285.9171 Y-605.5357
G1 X285.8798 Y-605.4316
G1 X285.8389 Y-605.3252
G1 X285.7950 Y-605.2160
G1 X285.7475 Y-605.1045
G1 X285.6969 Y-604.9902
G1 X285.6428 Y-604.8736
G1 X285.5857 Y-604.7542
G1 X285.5250 Y-604.6323
G1 X285.4612 Y-604.5078
G1 X285.3941 Y-604.3806
G1 X285.3238 Y-604.2505
G1 X285.2501 Y-604.1179
G1 X285.1732 Y-603.9823
G1 X285.0929 Y-603.8441
G1 X285.0096 Y-603.7031
G1 X284.9230 Y-603.5591
G1 X284.8331 Y-603.4123
G1 X284.6695 Y-603.1499
G1 X284.5067 Y-602.8941
G1 X284.4254 Y-602.7687
G1 X284.3441 Y-602.6445
G1 X284.1823 Y-602.4009
G1 X284.0205 Y-602.1634
G1 X283.9395 Y-602.0465
G1 X283.8587 Y-601.9312
G1 X283.7777 Y-601.8174
G1 X283.6967 Y-601.7049
G1 X283.6156 Y-601.5937
G1 X283.5344 Y-601.4839
G1 X283.4531 Y-601.3752
G1 X283.3718 Y-601.2680
G1 X283.2903 Y-601.1619
G1 X283.2085 Y-601.0570
G1 X283.1264 Y-600.9533
G1 X283.0441 Y-600.8510
G1 X282.9616 Y-600.7496
G1 X282.8790 Y-600.6495
G1 X282.7960 Y-600.5505
G1 X282.7127 Y-600.4524
G1 X282.6291 Y-600.3557
G1 X282.5450 Y-600.2597
G1 X282.4607 Y-600.1649
G1 X282.3759 Y-600.0712
G1 X282.2905 Y-599.9782
G1 X282.2049 Y-599.8863
G1 X282.1188 Y-599.7953
G1 X282.0322 Y-599.7054
G1 X281.9453 Y-599.6163
G1 X281.8577 Y-599.5279
G1 X281.7696 Y-599.4405
G1 X281.6809 Y-599.3539
G1 X281.5915 Y-599.2680
G1 X281.5016 Y-599.1832
G1 X281.4112 Y-599.0989
G1 X281.3200 Y-599.0153
G1 X281.2280 Y-598.9325
G1 X281.1356 Y-598.8502
G1 X281.0424 Y-598.7689
G1 X280.9484 Y-598.6879
G1 X280.8536 Y-598.6079
G1 X280.7581 Y-598.5281
G1 X280.6619 Y-598.4491
G1 X280.5648 Y-598.3707
G1 X280.4668 Y-598.2927
G1 X280.3680 Y-598.2152
G1 X280.2684 Y-598.1382
G1 X280.1678 Y-598.0618
G1 X280.0665 Y-597.9859
G1 X279.9639 Y-597.9102
G1 X279.8605 Y-597.8350
G1 X279.7561 Y-597.7600
G1 X279.6507 Y-597.6856
G1 X279.5443 Y-597.6115
G1 X279.4368 Y-597.5375
G1 X279.3284 Y-597.4639
G1 X279.2186 Y-597.3905
G1 X279.1082 Y-597.3176
G1 X278.9626 Y-597.2231
G1 X278.8161 Y-597.1299
G1 X278.6680 Y-597.0374
G1 X278.5184 Y-596.9460
G1 X278.3675 Y-596.8558
G1 X278.2153 Y-596.7664
G1 X278.0619 Y-596.6780
G1 X277.9072 Y-596.5906
G1 X277.7510 Y-596.5043
G1 X277.5938 Y-596.4189
G1 X277.4351 Y-596.3346
G1 X277.2753 Y-596.2515
G1 X277.1143 Y-596.1692
G1 X276.9519 Y-596.0880
G1 X276.7886 Y-596.0080
G1 X276.6240 Y-595.9290
G1 X276.4584 Y-595.8510
G1 X276.2915 Y-595.7740
G1 X276.1237 Y-595.6983
G1 X275.9545 Y-595.6236
G1 X275.7846 Y-595.5500
G1 X275.6134 Y-595.4773
G1 X275.4412 Y-595.4060
G1 X275.2682 Y-595.3356
G1 X275.0939 Y-595.2665
G1 X274.9187 Y-595.1985
G1 X274.7427 Y-595.1314
G1 X274.5656 Y-595.0656
G1 X274.3878 Y-595.0008
G1 X274.2090 Y-594.9373
G1 X274.0292 Y-594.8751
G1 X273.8486 Y-594.8139
G1 X273.6672 Y-594.7537
G1 X273.4851 Y-594.6950
G1 X273.3020 Y-594.6371
G1 X273.1181 Y-594.5807
G1 X272.9337 Y-594.5254
G1 X272.7482 Y-594.4713
G1 X272.5621 Y-594.4184
G1 X272.3754 Y-594.3666
G1 X272.1879 Y-594.3163
G1 X271.9997 Y-594.2670
G1 X271.8107 Y-594.2188
G1 X271.6212 Y-594.1720
G1 X271.4313 Y-594.1266
G1 X271.2405 Y-594.0821
G1 X271.0492 Y-594.0392
G1 X270.8572 Y-593.9973
G1 X270.6649 Y-593.9569
G1 X270.4719 Y-593.9175
G1 X270.2786 Y-593.8794
G1 X270.0845 Y-593.8429
G1 X269.8902 Y-593.8073
G1 X269.6952 Y-593.7733
G1 X269.4998 Y-593.7405
G1 X269.3043 Y-593.7090
G1 X269.1079 Y-593.6788
G1 X268.9116 Y-593.6498
G1 X268.7145 Y-593.6224
G1 X268.5174 Y-593.5960
G1 X268.3198 Y-593.5711
G1 X268.1219 Y-593.5477
G1 X267.9235 Y-593.5254
G1 X267.7251 Y-593.5045
G1 X267.5600 Y-593.4893
G1 X267.3838 Y-593.4753
G1 X267.1976 Y-593.4631
G1 X267.0023 Y-593.4522
G1 X266.7980 Y-593.4431
G1 X266.5862 Y-593.4352
G1 X266.3670 Y-593.4288
G1 X266.1417 Y-593.4240
G1 X265.9108 Y-593.4207
G1 X265.6751 Y-593.4187
G1 X265.4353 Y-593.4179
G1 X265.4353 Y-593.4179
G1 X265.1920 Y-593.4187
G1 X264.9464 Y-593.4207
G1 X264.6990 Y-593.4240
G1 X264.4503 Y-593.4286
G1 X264.2014 Y-593.4347
G1 X263.9530 Y-593.4418
G1 X263.7058 Y-593.4502
G1 X263.4605 Y-593.4601
G1 X263.2179 Y-593.4707
G1 X262.9789 Y-593.4829
G1 X262.7439 Y-593.4961
G1 X262.5141 Y-593.5106
G1 X262.2898 Y-593.5261
G1 X262.0721 Y-593.5426
G1 X261.8616 Y-593.5604
G1 X261.6591 Y-593.5792
G1 X261.4653 Y-593.5990
G1 X261.2809 Y-593.6198
G1 X261.1069 Y-593.6414
G1 X260.9439 Y-593.6643
G1 X260.7927 Y-593.6882
G1 X260.5748 Y-593.7253
G1 X260.3586 Y-593.7636
G1 X260.1448 Y-593.8030
G1 X259.9329 Y-593.8434
G1 X259.7229 Y-593.8850
G1 X259.5148 Y-593.9277
G1 X259.3089 Y-593.9716
G1 X259.1049 Y-594.0168
G1 X258.9027 Y-594.0631
G1 X258.7023 Y-594.1106
G1 X258.5039 Y-594.1591
G1 X258.3076 Y-594.2089
G1 X258.1130 Y-594.2597
G1 X257.9202 Y-594.3117
G1 X257.7292 Y-594.3651
G1 X257.5403 Y-594.4197
G1 X257.3528 Y-594.4756
G1 X257.1674 Y-594.5325
G1 X256.9837 Y-594.5906
G1 X256.8019 Y-594.6501
G1 X256.6215 Y-594.7108
G1 X256.4432 Y-594.7725
G1 X256.2664 Y-594.8357
G1 X256.0914 Y-594.9000
G1 X255.9182 Y-594.9658
G1 X255.7468 Y-595.0328
G1 X255.5768 Y-595.1009
G1 X255.4084 Y-595.1705
G1 X255.2421 Y-595.2411
G1 X255.0770 Y-595.3133
G1 X254.9136 Y-595.3867
G1 X254.7521 Y-595.4613
G1 X254.5918 Y-595.5373
G1 X254.4333 Y-595.6148
G1 X254.2764 Y-595.6932
G1 X254.1209 Y-595.7733
G1 X253.9670 Y-595.8545
G1 X253.8146 Y-595.9373
G1 X253.6637 Y-596.0212
G1 X253.5144 Y-596.1068
G1 X253.3665 Y-596.1934
G1 X253.2202 Y-596.2815
G1 X253.0752 Y-596.3709
G1 X252.9317 Y-596.4619
G1 X252.7897 Y-596.5541
G1 X252.6490 Y-596.6478
G1 X252.5098 Y-596.7428
G1 X252.3721 Y-596.8393
G1 X252.2355 Y-596.9371
G1 X252.1003 Y-597.0364
G1 X251.9667 Y-597.1372
G1 X251.8341 Y-597.2393
G1 X251.7031 Y-597.3430
G1 X251.5733 Y-597.4481
G1 X251.4448 Y-597.5546
G1 X251.3175 Y-597.6625
G1 X251.1915 Y-597.7720
G1 X251.0668 Y-597.8830
G1 X250.9434 Y-597.9955
G1 X250.8212 Y-598.1093
G1 X250.7000 Y-598.2246
G1 X250.5801 Y-598.3415
G1 X250.4615 Y-598.4601
G1 X250.3439 Y-598.5800
G1 X250.1933 Y-598.7374
G1 X250.0455 Y-598.8957
G1 X249.9007 Y-599.0547
G1 X249.7592 Y-599.2142
G1 X249.6205 Y-599.3747
G1 X249.4849 Y-599.5360
G1 X249.3523 Y-599.6983
G1 X249.2225 Y-599.8616
G1 X249.0955 Y-600.0257
G1 X248.9713 Y-600.1911
G1 X248.8501 Y-600.3574
G1 X248.7315 Y-600.5253
G1 X248.6157 Y-600.6943
G1 X248.5027 Y-600.8644
G1 X248.3922 Y-601.0361
G1 X248.2842 Y-601.2091
G1 X248.1788 Y-601.3839
G1 X248.0762 Y-601.5599
G1 X247.9759 Y-601.7377
G1 X247.8781 Y-601.9170
G1 X247.7828 Y-602.0984
G1 X247.6899 Y-602.2812
G1 X247.5995 Y-602.4659
G1 X247.5111 Y-602.6528
G1 X247.4252 Y-602.8413
G1 X247.3416 Y-603.0321
G1 X247.2601 Y-603.2249
G1 X247.1809 Y-603.4197
G1 X247.1036 Y-603.6168
G1 X247.0287 Y-603.8162
G1 X246.9558 Y-604.0178
G1 X246.8850 Y-604.2221
G1 X246.8255 Y-604.3999
G1 X246.7686 Y-604.5779
G1 X246.7138 Y-604.7560
G1 X246.6617 Y-604.9340
G1 X246.6116 Y-605.1118
G1 X246.5641 Y-605.2896
G1 X246.5189 Y-605.4677
G1 X246.4760 Y-605.6452
G1 X246.4356 Y-605.8230
G1 X246.3975 Y-606.0006
G1 X246.3617 Y-606.1779
G1 X246.3284 Y-606.3551
G1 X246.2974 Y-606.5322
G1 X246.2687 Y-606.7090
G1 X246.2423 Y-606.8855
; Retract
G1 Z2.5400 F2540

; Path 11
; Rapid to initial position
G1 X260.2852 Y-505.4486 F2540
G1 Z0.0000
; plunge
G1 Z-3.1750 F127
; cut
G1 X267.2413 Y-496.7435 F1016
G1 X190.7012 Y-496.7077
G1 X165.1853 Y-496.7006
G1 X165.1853 Y-496.7006
G1 X116.8735 Y-496.7341
G1 X85.1797 Y-496.8331
G1 X63.5495 Y-496.9845
G1 X57.6623 Y-497.0452
G1 X51.8742 Y-497.1151
G1 X47.3720 Y-497.1778
G1 X44.3349 Y-497.2253
G1 X42.1922 Y-497.2619
G1 X38.4185 Y-497.3340
G1 X36.4848 Y-497.3757
G1 X35.0975 Y-497.4082
G1 X33.9250 Y-497.4379
G1 X31.8000 Y-497.4979
G1 X30.3545 Y-497.5449
G1 X29.3489 Y-497.5822
G1 X28.5356 Y-497.6162
G1 X27.9555 Y-497.6437
G1 X27.5618 Y-497.6642
G1 X27.2039 Y-497.6848
G1 X26.8823 Y-497.7054
G1 X26.5974 Y-497.7260
G1 X26.3878 Y-497.7432
G1 X26.2387 Y-497.7569
G1 X26.1064 Y-497.7707
G1 X25.9905 Y-497.7844
G1 X25.8915 Y-497.7981
G1 X25.8483 Y-497.8049
G1 X25.8094 Y-497.8118
G1 X25.7746 Y-497.8187
G1 X25.7442 Y-497.8255
G1 X25.7180 Y-497.8324
G1 X25.6865 Y-497.8425
G1 X25.6710 Y-497.8494
G1 X25.6649 Y-497.8530
G1 X25.6494 Y-497.8657
G1 X25.6372 Y-497.8832
G1 X25.6286 Y-497.9055
G1 X25.6233 Y-497.9319
G1 X25.6215 Y-497.9632
G1 X25.6230 Y-497.9985
G1 X25.6278 Y-498.0381
G1 X25.6357 Y-498.0821
G1 X25.6471 Y-498.1301
G1 X25.6614 Y-498.1819
G1 X25.6791 Y-498.2380
G1 X25.6997 Y-498.2977
G1 X25.7236 Y-498.3612
G1 X25.7503 Y-498.4285
G1 X25.7802 Y-498.4994
G1 X25.8130 Y-498.5738
G1 X25.8486 Y-498.6518
G1 X25.8872 Y-498.7331
G1 X25.9288 Y-498.8176
G1 X25.9730 Y-498.9053
G1 X26.0200 Y-498.9962
G1 X26.0698 Y-499.0902
G1 X26.1224 Y-499.1870
G1 X26.1777 Y-499.2868
G1 X26.2354 Y-499.3897
G1 X26.2959 Y-499.4948
G1 X26.3591 Y-499.6030
G1 X26.4246 Y-499.7135
G1 X26.4927 Y-499.8265
G1 X26.5631 Y-499.9421
G1 X26.6360 Y-500.0597
G1 X26.7114 Y-500.1798
G1 X26.8437 Y-500.3881
G1 X26.9413 Y-500.5385
G1 X27.0383 Y-500.6861
G1 X27.2019 Y-500.9284
G1 X27.3030 Y-501.0742
G1 X27.4076 Y-501.2220
G1 X27.4798 Y-501.3223
G1 X27.5925 Y-501.4765
G1 X27.6713 Y-501.5824
G1 X27.7952 Y-501.7470
G1 X27.8823 Y-501.8611
G1 X28.0688 Y-502.1019
G1 X28.2735 Y-502.3620
G1 X28.4993 Y-502.6449
G1 X28.6837 Y-502.8740
G1 X29.0967 Y-503.3820
G1 X29.6621 Y-504.0711
G1 X31.4183 Y-506.1996
G1 X228.2281 Y-505.6149
G1 X260.2852 Y-505.4486
; Retract
G1 Z2.5400 F2540

; Path 12
; Rapid to initial position
G1 X259.6284 Y-484.5766 F2540
G1 Z0.0000
; plunge
G1 Z-3.1750 F127
; cut
G1 X267.7307 Y-484.4920 F1016
G1 X269.1168 Y-484.4735
G1 X270.3886 Y-484.4534
G1 X271.2380 Y-484.4357
G1 X271.6733 Y-484.4214
G1 X271.7561 Y-484.4158
G1 X271.7744 Y-484.4131
G1 X271.7775 Y-484.4118
G1 X271.7861 Y-484.4011
G1 X271.8173 Y-484.3544
G1 X271.8399 Y-484.3188
G1 X271.8669 Y-484.2754
G1 X271.9334 Y-484.1659
G1 X272.1671 Y-483.7720
G1 X272.3479 Y-483.4631
G1 X272.6289 Y-482.9795
G1 X273.0315 Y-482.2820
G1 X273.2938 Y-481.8253
G1 X273.8481 Y-480.8568
G1 X274.4170 Y-479.8578
G1 X274.8808 Y-479.0399
G1 X275.2326 Y-478.4166
G1 X275.7079 Y-477.5698
G1 X275.8478 Y-477.3186
G1 X276.0934 Y-476.8746
G1 X276.2433 Y-476.6005
G1 X276.4025 Y-476.3044
G1 X276.5765 Y-475.9757
G1 X276.6921 Y-475.7544
G1 X276.8651 Y-475.4199
G1 X277.0373 Y-475.0819
G1 X277.1516 Y-474.8545
G1 X277.3225 Y-474.5109
G1 X277.4925 Y-474.1642
G1 X277.6619 Y-473.8139
G1 X277.8303 Y-473.4606
G1 X277.9979 Y-473.1042
G1 X278.1092 Y-472.8649
G1 X278.2753 Y-472.5035
G1 X278.4404 Y-472.1393
G1 X278.6047 Y-471.7720
G1 X278.7683 Y-471.4019
G1 X278.9847 Y-470.9043
G1 X279.0922 Y-470.6539
G1 X279.1993 Y-470.4022
G1 X279.3591 Y-470.0224
G1 X279.5179 Y-469.6402
G1 X279.7279 Y-469.1266
G1 X279.8844 Y-468.7387
G1 X279.9880 Y-468.4786
G1 X280.1424 Y-468.0869
G1 X280.2959 Y-467.6930
G1 X280.4985 Y-467.1644
G1 X280.6494 Y-466.7656
G1 X280.7492 Y-466.4987
G1 X280.8486 Y-466.2307
G1 X281.0944 Y-465.5574
G1 X281.2402 Y-465.1507
G1 X281.3850 Y-464.7425
G1 X281.6233 Y-464.0583
G1 X281.7175 Y-463.7834
G1 X281.8112 Y-463.5078
G1 X281.9507 Y-463.0931
G1 X282.0429 Y-462.8159
G1 X282.1800 Y-462.3989
G1 X282.3159 Y-461.9805
G1 X282.4503 Y-461.5609
G1 X282.6273 Y-460.9993
G1 X282.7584 Y-460.5769
G1 X282.8450 Y-460.2947
G1 X283.0162 Y-459.7291
G1 X283.1008 Y-459.4454
G1 X283.1846 Y-459.1616
G1 X283.3093 Y-458.7349
G1 X283.4323 Y-458.3074
G1 X283.5539 Y-457.8792
G1 X283.6738 Y-457.4504
G1 X283.7922 Y-457.0209
G1 X283.8701 Y-456.7342
G1 X284.0241 Y-456.1604
G1 X284.1749 Y-455.5856
G1 X284.3228 Y-455.0103
G1 X284.4317 Y-454.5785
G1 X284.5389 Y-454.1462
G1 X284.6443 Y-453.7141
G1 X284.7137 Y-453.4258
G1 X284.8501 Y-452.8495
G1 X284.9832 Y-452.2732
G1 X285.0485 Y-451.9849
G1 X285.1767 Y-451.4088
G1 X285.2707 Y-450.9773
G1 X285.3629 Y-450.5457
G1 X285.4531 Y-450.1147
G1 X285.5415 Y-449.6841
G1 X285.6278 Y-449.2539
G1 X285.7122 Y-448.8243
G1 X285.7947 Y-448.3953
G1 X285.8486 Y-448.1098
G1 X285.9275 Y-447.6819
G1 X286.0048 Y-447.2549
G1 X286.0551 Y-446.9707
G1 X286.1528 Y-446.4032
G1 X286.2237 Y-445.9790
G1 X286.2925 Y-445.5556
G1 X286.3372 Y-445.2739
G1 X286.4025 Y-444.8526
G1 X286.4861 Y-444.2925
G1 X286.5463 Y-443.8739
G1 X286.6045 Y-443.4566
G1 X286.6603 Y-443.0408
G1 X286.7139 Y-442.6262
G1 X286.7652 Y-442.2132
G1 X286.7983 Y-441.9389
G1 X286.8346 Y-441.6255
G1 X286.8701 Y-441.3070
G1 X286.9047 Y-440.9841
G1 X286.9385 Y-440.6565
G1 X286.9712 Y-440.3250
G1 X287.0030 Y-439.9897
G1 X287.0340 Y-439.6506
G1 X287.0787 Y-439.1363
G1 X287.1074 Y-438.7898
G1 X287.1351 Y-438.4406
G1 X287.1617 Y-438.0893
G1 X287.2001 Y-437.5587
G1 X287.2245 Y-437.2028
G1 X287.2478 Y-436.8457
G1 X287.2702 Y-436.4876
G1 X287.3022 Y-435.9488
G1 X287.3411 Y-435.2300
G1 X287.3677 Y-434.6913
G1 X287.3924 Y-434.1541
G1 X287.4145 Y-433.6191
G1 X287.4345 Y-433.0878
G1 X287.4521 Y-432.5607
G1 X287.4675 Y-432.0390
G1 X287.4764 Y-431.6946
G1 X287.4879 Y-431.1838
G1 X287.4970 Y-430.6806
G1 X287.5039 Y-430.1863
G1 X287.5092 Y-429.5424
G1 X287.5102 Y-429.2277
G1 X287.5102 Y-428.9181
G1 X287.5082 Y-428.4640
G1 X287.5069 Y-428.3154
G1 X287.5036 Y-428.0230
G1 X287.4993 Y-427.7368
G1 X287.4940 Y-427.4571
G1 X287.4874 Y-427.1843
G1 X287.4797 Y-426.9186
G1 X287.4754 Y-426.7886
G1 X287.4660 Y-426.5341
G1 X287.4556 Y-426.2874
G1 X287.4442 Y-426.0489
G1 X287.4315 Y-425.8186
G1 X287.4178 Y-425.5971
G1 X287.4104 Y-425.4896
G1 X287.3949 Y-425.2816
G1 X287.3781 Y-425.0830
G1 X287.3604 Y-424.8937
G1 X287.3413 Y-424.7147
G1 X287.3314 Y-424.6288
G1 X287.3212 Y-424.5458
G1 X287.3108 Y-424.4652
G1 X287.2999 Y-424.3873
G1 X287.2776 Y-424.2394
G1 X287.2659 Y-424.1698
G1 X287.2537 Y-424.1028
G1 X287.2415 Y-424.0388
G1 X287.2290 Y-423.9776
G1 X287.2161 Y-423.9191
G1 X287.2029 Y-423.8638
G1 X287.1894 Y-423.8114
G1 X287.1757 Y-423.7619
G1 X287.1617 Y-423.7154
G1 X287.1475 Y-423.6723
G1 X287.1328 Y-423.6319
G1 X287.1178 Y-423.5950
G1 X286.9562 Y-423.2148
G1 X286.9562 Y-423.2148
G1 X284.6075 Y-423.5940
G1 X279.8971 Y-424.3474
G1 X279.6637 Y-424.3860
G1 X279.3126 Y-424.4454
G1 X278.9603 Y-424.5069
G1 X278.6070 Y-424.5701
G1 X278.1341 Y-424.6573
G1 X277.6591 Y-424.7479
G1 X277.4211 Y-424.7944
G1 X277.0627 Y-424.8658
G1 X276.8232 Y-424.9146
G1 X276.4630 Y-424.9890
G1 X276.2222 Y-425.0398
G1 X275.7394 Y-425.1437
G1 X275.4970 Y-425.1970
G1 X275.1328 Y-425.2783
G1 X274.8892 Y-425.3337
G1 X274.5232 Y-425.4183
G1 X274.0332 Y-425.5338
G1 X273.6644 Y-425.6227
G1 X273.2946 Y-425.7137
G1 X272.7996 Y-425.8376
G1 X272.4272 Y-425.9326
G1 X272.1783 Y-425.9971
G1 X271.6792 Y-426.1284
G1 X271.4287 Y-426.1955
G1 X270.9266 Y-426.3319
G1 X270.5486 Y-426.4363
G1 X269.9167 Y-426.6146
G1 X269.4087 Y-426.7609
G1 X268.8989 Y-426.9105
G1 X268.3871 Y-427.0634
G1 X268.1305 Y-427.1411
G1 X267.7447 Y-427.2592
G1 X267.4871 Y-427.3390
G1 X266.9703 Y-427.5010
G1 X266.5811 Y-427.6247
G1 X266.1912 Y-427.7502
G1 X265.6698 Y-427.9204
G1 X265.4082 Y-428.0068
G1 X265.0152 Y-428.1378
G1 X264.6210 Y-428.2709
G1 X264.2258 Y-428.4055
G1 X263.8295 Y-428.5422
G1 X263.4325 Y-428.6806
G1 X262.9012 Y-428.8681
G1 X262.3680 Y-429.0588
G1 X261.9672 Y-429.2041
G1 X261.5651 Y-429.3512
G1 X261.0277 Y-429.5501
G1 X260.3530 Y-429.8033
G1 X259.8115 Y-430.0096
G1 X259.2682 Y-430.2191
G1 X258.7231 Y-430.4320
G1 X258.3129 Y-430.5938
G1 X257.6274 Y-430.8673
G1 X257.2149 Y-431.0339
G1 X256.8011 Y-431.2023
G1 X256.3866 Y-431.3728
G1 X255.9710 Y-431.5447
G1 X255.5545 Y-431.7187
G1 X254.9975 Y-431.9534
G1 X254.4389 Y-432.1914
G1 X254.0188 Y-432.3720
G1 X253.3165 Y-432.6771
G1 X253.0348 Y-432.8005
G1 X252.6116 Y-432.9872
G1 X252.3289 Y-433.1127
G1 X251.9040 Y-433.3024
G1 X251.3360 Y-433.5582
G1 X250.6238 Y-433.8825
G1 X250.0521 Y-434.1454
G1 X249.6223 Y-434.3448
G1 X249.1915 Y-434.5460
G1 X248.9037 Y-434.6811
G1 X248.4714 Y-434.8853
G1 X247.8936 Y-435.1604
G1 X247.3142 Y-435.4388
G1 X246.7331 Y-435.7202
G1 X246.1590 Y-436.0007
G1 X245.3063 Y-436.4215
G1 X244.8819 Y-436.6329
G1 X244.3183 Y-436.9156
G1 X243.7572 Y-437.1993
G1 X243.1986 Y-437.4840
G1 X242.7813 Y-437.6984
G1 X242.2271 Y-437.9849
G1 X241.4003 Y-438.4167
G1 X240.7158 Y-438.7784
G1 X240.0351 Y-439.1416
G1 X239.6287 Y-439.3603
G1 X239.0889 Y-439.6529
G1 X238.4176 Y-440.0199
G1 X237.8834 Y-440.3148
G1 X237.4844 Y-440.5366
G1 X236.6909 Y-440.9818
G1 X236.2962 Y-441.2054
G1 X235.7722 Y-441.5043
G1 X235.1209 Y-441.8792
G1 X234.6025 Y-442.1805
G1 X233.9584 Y-442.5582
G1 X233.7018 Y-442.7098
G1 X233.3180 Y-442.9376
G1 X232.8088 Y-443.2422
G1 X232.1758 Y-443.6245
G1 X231.6724 Y-443.9313
G1 X231.1715 Y-444.2391
G1 X230.6731 Y-444.5480
G1 X230.3010 Y-444.7802
G1 X229.9305 Y-445.0131
G1 X229.4387 Y-445.3242
G1 X229.0714 Y-445.5584
G1 X228.5843 Y-445.8713
G1 X228.0996 Y-446.1853
G1 X227.4974 Y-446.5790
G1 X227.1380 Y-446.8160
G1 X226.5423 Y-447.2122
G1 X226.0689 Y-447.5302
G1 X225.7153 Y-447.7695
G1 X225.3635 Y-448.0090
G1 X225.0130 Y-448.2493
G1 X224.5479 Y-448.5703
G1 X224.0857 Y-448.8924
G1 X223.7405 Y-449.1347
G1 X223.2828 Y-449.4583
G1 X222.9414 Y-449.7017
G1 X222.4883 Y-450.0270
G1 X222.1502 Y-450.2716
G1 X221.5901 Y-450.6806
G1 X221.0341 Y-451.0910
G1 X220.5924 Y-451.4202
G1 X220.1535 Y-451.7504
G1 X219.8258 Y-451.9988
G1 X219.2833 Y-452.4136
G1 X218.8522 Y-452.7466
G1 X218.6379 Y-452.9135
G1 X218.3173 Y-453.1642
G1 X217.7867 Y-453.5830
G1 X217.2602 Y-454.0034
G1 X216.8421 Y-454.3407
G1 X216.3232 Y-454.7636
G1 X216.0138 Y-455.0181
G1 X215.5017 Y-455.4431
G1 X215.1967 Y-455.6989
G1 X215.0623 Y-455.8129
G1 X214.8741 Y-455.9755
G1 X214.7263 Y-456.1053
G1 X214.5731 Y-456.2414
G1 X214.2503 Y-456.5333
G1 X214.0811 Y-456.6884
G1 X213.7877 Y-456.9607
G1 X213.4806 Y-457.2493
G1 X213.1604 Y-457.5538
G1 X212.9620 Y-457.7441
G1 X212.5520 Y-458.1406
G1 X212.0522 Y-458.6295
G1 X211.7565 Y-458.9211
G1 X211.3773 Y-459.2975
G1 X210.9086 Y-459.7662
G1 X210.3443 Y-460.3351
G1 X209.7621 Y-460.9267
G1 X209.1634 Y-461.5393
G1 X208.3717 Y-462.3557
G1 X207.6493 Y-463.1063
G1 X206.7248 Y-464.0743
G1 X205.8751 Y-464.9706
G1 X205.0118 Y-465.8873
G1 X204.3326 Y-466.6127
G1 X203.7464 Y-467.2419
G1 X202.9600 Y-468.0900
G1 X202.0715 Y-469.0537
G1 X201.3793 Y-469.8088
G1 X200.7865 Y-470.4585
G1 X200.0961 Y-471.2185
G1 X199.5068 Y-471.8703
G1 X198.6285 Y-472.8469
G1 X197.8558 Y-473.7118
G1 X197.2826 Y-474.3569
G1 X196.5279 Y-475.2111
G1 X195.8782 Y-475.9513
G1 X195.0596 Y-476.8903
G1 X194.4375 Y-477.6094
G1 X193.5742 Y-478.6163
G1 X192.9795 Y-479.3163
G1 X192.7101 Y-479.6356
G1 X192.3265 Y-480.0920
G1 X192.0850 Y-480.3813
G1 X191.7431 Y-480.7936
G1 X191.5287 Y-481.0542
G1 X191.3250 Y-481.3033
G1 X191.1320 Y-481.5413
G1 X190.9496 Y-481.7681
G1 X190.7774 Y-481.9840
G1 X190.6156 Y-482.1895
G1 X190.4639 Y-482.3841
G1 X190.3920 Y-482.4776
G1 X190.2554 Y-482.6566
G1 X190.1909 Y-482.7425
G1 X190.0692 Y-482.9061
G1 X189.9572 Y-483.0600
G1 X189.9049 Y-483.1331
G1 X189.8073 Y-483.2721
G1 X189.7195 Y-483.4016
G1 X189.6791 Y-483.4626
G1 X189.6407 Y-483.5215
G1 X189.6049 Y-483.5779
G1 X189.5714 Y-483.6320
G1 X189.5401 Y-483.6838
G1 X189.5112 Y-483.7331
G1 X189.4845 Y-483.7803
G1 X189.4601 Y-483.8255
G1 X189.4378 Y-483.8682
G1 X189.4177 Y-483.9089
G1 X189.3999 Y-483.9472
G1 X189.3844 Y-483.9833
G1 X189.3710 Y-484.0173
G1 X189.3598 Y-484.0493
G1 X189.3507 Y-484.0790
G1 X189.3438 Y-484.1067
G1 X189.3390 Y-484.1321
G1 X189.3362 Y-484.1558
G1 X189.3357 Y-484.1771
G1 X189.3372 Y-484.1966
G1 X189.3407 Y-484.2139
G1 X189.3463 Y-484.2294
G1 X189.3540 Y-484.2429
G1 X189.3636 Y-484.2543
G1 X189.3689 Y-484.2586
G1 X189.3758 Y-484.2629
G1 X189.3847 Y-484.2673
G1 X189.3951 Y-484.2716
G1 X189.4213 Y-484.2800
G1 X189.4545 Y-484.2886
G1 X189.5170 Y-484.3013
G1 X189.5671 Y-484.3099
G1 X189.6875 Y-484.3269
G1 X189.7576 Y-484.3353
G1 X189.8749 Y-484.3480
G1 X190.0070 Y-484.3607
G1 X190.2051 Y-484.3775
G1 X190.4284 Y-484.3943
G1 X190.6118 Y-484.4067
G1 X190.9478 Y-484.4273
G1 X191.2432 Y-484.4435
G1 X191.7299 Y-484.4677
G1 X192.2671 Y-484.4913
G1 X192.6524 Y-484.5068
G1 X193.0593 Y-484.5220
G1 X193.9351 Y-484.5517
G1 X194.6448 Y-484.5733
G1 X195.9232 Y-484.6076
G1 X197.1708 Y-484.6366
G1 X198.3527 Y-484.6607
G1 X200.0829 Y-484.6909
G1 X201.4129 Y-484.7107
G1 X202.8495 Y-484.7290
G1 X203.2455 Y-484.7333
G1 X205.6445 Y-484.7575
G1 X208.0555 Y-484.7775
G1 X210.3115 Y-484.7933
G1 X213.5340 Y-484.8113
G1 X215.8388 Y-484.8202
G1 X217.7125 Y-484.8235
G1 X220.5380 Y-484.8207
G1 X225.3564 Y-484.8057
G1 X232.2253 Y-484.7732
G1 X243.1588 Y-484.7062
G1 X259.6284 Y-484.5766
; Retract
G1 Z2.5400 F2540

; Path 13
; Rapid to initial position
G1 X181.5775 Y-484.4931 F2540
G1 Z0.0000
; plunge
G1 Z-3.1750 F127
; cut
G1 X181.4967 Y-470.8065 F1016
G1 X181.4840 Y-468.7374
G1 X181.4225 Y-461.3107
G1 X181.3776 Y-457.8924
G1 X181.3372 Y-455.6813
G1 X181.3022 Y-454.1822
G1 X181.2605 Y-452.7448
G1 X181.2059 Y-451.2351
G1 X181.1769 Y-450.5559
G1 X181.1284 Y-449.5462
G1 X181.0814 Y-448.6841
G1 X181.0443 Y-448.0623
G1 X180.9821 Y-447.1005
G1 X180.9582 Y-446.7563
G1 X180.9336 Y-446.4141
G1 X180.9082 Y-446.0743
G1 X180.8640 Y-445.5124
G1 X180.8272 Y-445.0672
G1 X180.7985 Y-444.7355
G1 X180.7385 Y-444.0771
G1 X180.6857 Y-443.5338
G1 X180.6306 Y-442.9945
G1 X180.5727 Y-442.4594
G1 X180.5366 Y-442.1398
G1 X180.4995 Y-441.8216
G1 X180.4355 Y-441.2938
G1 X180.3822 Y-440.8731
G1 X180.3128 Y-440.3499
G1 X180.2552 Y-439.9326
G1 X180.2107 Y-439.6204
G1 X180.1650 Y-439.3090
G1 X180.1023 Y-438.8942
G1 X180.0375 Y-438.4802
G1 X179.9874 Y-438.1701
G1 X179.9189 Y-437.7566
G1 X179.8300 Y-437.2402
G1 X179.7563 Y-436.8269
G1 X179.6804 Y-436.4134
G1 X179.6219 Y-436.1030
G1 X179.5620 Y-435.7924
G1 X179.4802 Y-435.3773
G1 X179.3959 Y-434.9615
G1 X179.3090 Y-434.5445
G1 X179.2422 Y-434.2308
G1 X179.1277 Y-433.7063
G1 X179.0332 Y-433.2849
G1 X178.9112 Y-432.7555
G1 X178.8107 Y-432.3296
G1 X178.7073 Y-431.9016
G1 X178.6545 Y-431.6865
G1 X178.5470 Y-431.2547
G1 X178.4086 Y-430.7108
G1 X178.3232 Y-430.3824
G1 X178.2364 Y-430.0522
G1 X178.0878 Y-429.4977
G1 X177.9656 Y-429.0502
G1 X177.8719 Y-428.7124
G1 X177.7119 Y-428.1442
G1 X177.5803 Y-427.6852
G1 X177.4114 Y-427.1053
G1 X177.2374 Y-426.5186
G1 X177.0583 Y-425.9245
G1 X176.9852 Y-425.6847
G1 X176.7987 Y-425.0799
G1 X176.5287 Y-424.2189
G1 X176.3293 Y-423.5938
G1 X176.1658 Y-423.0870
G1 X175.9565 Y-422.4449
G1 X175.7848 Y-421.9245
G1 X175.5206 Y-421.1315
G1 X175.3852 Y-420.7294
G1 X175.2478 Y-420.3235
G1 X174.9666 Y-419.4998
G1 X174.6275 Y-418.5181
G1 X174.2336 Y-417.3885
G1 X173.8607 Y-416.3268
G1 X173.5783 Y-415.5298
G1 X173.3161 Y-414.7993
G1 X173.1180 Y-414.2537
G1 X172.9275 Y-413.7363
G1 X172.7883 Y-413.3626
G1 X172.6054 Y-412.8783
G1 X172.4236 Y-412.4041
G1 X172.1940 Y-411.8155
G1 X172.0532 Y-411.4599
G1 X171.8102 Y-410.8541
G1 X171.5526 Y-410.2212
G1 X171.2178 Y-409.4079
G1 X170.9636 Y-408.7980
G1 X170.7698 Y-408.3385
G1 X170.5732 Y-407.8770
G1 X170.3741 Y-407.4140
G1 X170.2397 Y-407.1046
G1 X170.0362 Y-406.6390
G1 X169.8305 Y-406.1722
G1 X169.6918 Y-405.8603
G1 X169.4114 Y-405.2349
G1 X169.1269 Y-404.6075
G1 X168.9110 Y-404.1361
G1 X168.6197 Y-403.5059
G1 X168.3987 Y-403.0327
G1 X168.1010 Y-402.4008
G1 X167.8000 Y-401.7681
G1 X167.6481 Y-401.4516
G1 X167.3421 Y-400.8181
G1 X167.0329 Y-400.1846
G1 X166.8772 Y-399.8679
G1 X166.5638 Y-399.2347
G1 X166.4058 Y-398.9179
G1 X166.1678 Y-398.4434
G1 X165.9285 Y-397.9695
G1 X165.5265 Y-397.1806
G1 X165.2834 Y-396.7081
G1 X164.9575 Y-396.0795
G1 X164.7116 Y-395.6091
G1 X164.4647 Y-395.1397
G1 X164.2168 Y-394.6715
G1 X164.0510 Y-394.3601
G1 X163.8013 Y-393.8941
G1 X163.4673 Y-393.2748
G1 X163.2158 Y-392.8123
G1 X162.9636 Y-392.3513
G1 X162.5417 Y-391.5870
G1 X162.2877 Y-391.1310
G1 X161.9484 Y-390.5263
G1 X161.6931 Y-390.0752
G1 X161.3525 Y-389.4772
G1 X161.0111 Y-388.8837
G1 X160.7551 Y-388.4414
G1 X160.3276 Y-387.7104
G1 X160.0711 Y-387.2756
G1 X159.8145 Y-386.8435
G1 X159.5580 Y-386.4148
G1 X159.2161 Y-385.8476
G1 X159.0451 Y-385.5664
G1 X158.7891 Y-385.1471
G1 X158.4482 Y-384.5936
G1 X158.1079 Y-384.0462
G1 X157.7683 Y-383.5057
G1 X157.4297 Y-382.9721
G1 X157.1762 Y-382.5763
G1 X156.9237 Y-382.1849
G1 X156.5880 Y-381.6693
G1 X156.3370 Y-381.2878
G1 X156.0871 Y-380.9106
G1 X155.7551 Y-380.4148
G1 X155.5072 Y-380.0485
G1 X155.2603 Y-379.6868
G1 X155.0147 Y-379.3302
G1 X154.6888 Y-378.8623
G1 X154.4460 Y-378.5177
G1 X154.2044 Y-378.1778
G1 X154.0441 Y-377.9545
G1 X153.8049 Y-377.6238
G1 X153.5669 Y-377.2985
G1 X153.3307 Y-376.9789
G1 X153.1739 Y-376.7691
G1 X152.9403 Y-376.4590
G1 X152.7084 Y-376.1549
G1 X152.5547 Y-375.9556
G1 X152.3256 Y-375.6614
G1 X152.1739 Y-375.4689
G1 X152.0231 Y-375.2789
G1 X151.7983 Y-374.9995
G1 X151.5755 Y-374.7262
G1 X151.4282 Y-374.5479
G1 X151.2087 Y-374.2855
G1 X150.9916 Y-374.0300
G1 X150.8255 Y-373.8375
G1 X150.7310 Y-373.7295
G1 X150.5417 Y-373.5167
G1 X150.4472 Y-373.4120
G1 X150.3525 Y-373.3084
G1 X150.2580 Y-373.2060
G1 X150.1635 Y-373.1047
G1 X150.0693 Y-373.0046
G1 X149.9751 Y-372.9055
G1 X149.8811 Y-372.8080
G1 X149.7871 Y-372.7115
G1 X149.6934 Y-372.6162
G1 X149.5999 Y-372.5222
G1 X149.5069 Y-372.4298
G1 X149.4140 Y-372.3386
G1 X149.3215 Y-372.2487
G1 X149.2293 Y-372.1600
G1 X149.1374 Y-372.0729
G1 X149.0462 Y-371.9873
G1 X148.9553 Y-371.9030
G1 X148.8646 Y-371.8202
G1 X148.7747 Y-371.7389
G1 X148.6852 Y-371.6592
G1 X148.5964 Y-371.5809
G1 X148.5080 Y-371.5042
G1 X148.4203 Y-371.4290
G1 X148.3332 Y-371.3556
G1 X148.2466 Y-371.2835
G1 X148.1610 Y-371.2134
G1 X148.0759 Y-371.1448
G1 X147.9916 Y-371.0777
G1 X147.9083 Y-371.0127
G1 X147.8255 Y-370.9492
G1 X147.7437 Y-370.8875
G1 X147.6626 Y-370.8276
G1 X147.5824 Y-370.7694
G1 X147.5034 Y-370.7130
G1 X147.4252 Y-370.6586
G1 X147.3477 Y-370.6061
G1 X147.2715 Y-370.5553
G1 X147.1963 Y-370.5065
G1 X147.1221 Y-370.4595
G1 X147.0490 Y-370.4148
G1 X146.9768 Y-370.3716
G1 X146.9060 Y-370.3307
G1 X146.8364 Y-370.2919
G1 X146.7678 Y-370.2550
G1 X146.7005 Y-370.2202
G1 X146.6347 Y-370.1875
G1 X146.5699 Y-370.1567
G1 X146.5064 Y-370.1283
G1 X146.4445 Y-370.1019
G1 X146.3838 Y-370.0777
G1 X146.3243 Y-370.0559
G1 X146.2664 Y-370.0361
G1 X146.2100 Y-370.0186
G1 X146.1549 Y-370.0033
G1 X146.1016 Y-369.9904
G1 X146.0495 Y-369.9797
G1 X145.9992 Y-369.9713
G1 X145.9504 Y-369.9652
G1 X145.9032 Y-369.9617
G1 X145.8577 Y-369.9604
G1 X145.8577 Y-369.9604
G1 X145.8095 Y-369.9627
G1 X145.7559 Y-369.9688
G1 X145.6974 Y-369.9789
G1 X145.6345 Y-369.9927
G1 X145.5671 Y-370.0104
G1 X145.4955 Y-370.0318
G1 X145.4201 Y-370.0564
G1 X145.3406 Y-370.0846
G1 X145.2578 Y-370.1161
G1 X145.1714 Y-370.1509
G1 X145.0823 Y-370.1885
G1 X144.9898 Y-370.2294
G1 X144.8948 Y-370.2728
G1 X144.7975 Y-370.3190
G1 X144.6977 Y-370.3681
G1 X144.5961 Y-370.4194
G1 X144.4925 Y-370.4732
G1 X144.3873 Y-370.5294
G1 X144.2809 Y-370.5878
G1 X144.1729 Y-370.6482
G1 X144.0642 Y-370.7105
G1 X143.9548 Y-370.7747
G1 X143.8448 Y-370.8408
G1 X143.7345 Y-370.9083
G1 X143.6240 Y-370.9774
G1 X143.5138 Y-371.0478
G1 X143.4038 Y-371.1197
G1 X143.2944 Y-371.1928
G1 X143.1856 Y-371.2667
G1 X143.0779 Y-371.3419
G1 X142.9715 Y-371.4176
G1 X142.8664 Y-371.4943
G1 X142.7777 Y-371.5603
G1 X142.6441 Y-371.6619
G1 X142.5545 Y-371.7315
G1 X142.4643 Y-371.8027
G1 X142.3286 Y-371.9116
G1 X142.1920 Y-372.0239
G1 X142.0546 Y-372.1392
G1 X141.9624 Y-372.2179
G1 X141.8699 Y-372.2980
G1 X141.6840 Y-372.4623
G1 X141.4965 Y-372.6317
G1 X141.4023 Y-372.7186
G1 X141.2603 Y-372.8514
G1 X141.0696 Y-373.0330
G1 X140.9258 Y-373.1730
G1 X140.7330 Y-373.3637
G1 X140.5387 Y-373.5601
G1 X140.3921 Y-373.7105
G1 X140.1958 Y-373.9157
G1 X140.0477 Y-374.0729
G1 X139.8491 Y-374.2870
G1 X139.5992 Y-374.5616
G1 X139.4485 Y-374.7300
G1 X139.2464 Y-374.9591
G1 X138.9924 Y-375.2520
G1 X138.8389 Y-375.4316
G1 X138.6337 Y-375.6749
G1 X138.4790 Y-375.8606
G1 X138.2720 Y-376.1123
G1 X138.0117 Y-376.4336
G1 X137.6975 Y-376.8283
G1 X137.4869 Y-377.0973
G1 X137.2222 Y-377.4399
G1 X137.0096 Y-377.7188
G1 X136.7960 Y-378.0020
G1 X136.5280 Y-378.3625
G1 X136.3668 Y-378.5819
G1 X136.0427 Y-379.0277
G1 X135.8801 Y-379.2543
G1 X135.7170 Y-379.4831
G1 X135.4991 Y-379.7917
G1 X135.2258 Y-380.1834
G1 X135.0063 Y-380.5011
G1 X134.7864 Y-380.8230
G1 X134.5105 Y-381.2306
G1 X134.2893 Y-381.5611
G1 X133.9566 Y-382.0640
G1 X133.6225 Y-382.5753
G1 X133.5110 Y-382.7478
G1 X133.1199 Y-383.3579
G1 X132.8958 Y-383.7115
G1 X132.6716 Y-384.0686
G1 X132.3904 Y-384.5199
G1 X132.0526 Y-385.0686
G1 X131.7706 Y-385.5316
G1 X131.4318 Y-386.0940
G1 X131.2057 Y-386.4729
G1 X130.8664 Y-387.0475
G1 X130.5265 Y-387.6289
G1 X130.1298 Y-388.3160
G1 X129.7897 Y-388.9121
G1 X129.4496 Y-389.5148
G1 X129.2797 Y-389.8186
G1 X128.8829 Y-390.5336
G1 X128.4300 Y-391.3607
G1 X128.0907 Y-391.9880
G1 X127.6955 Y-392.7272
G1 X127.3007 Y-393.4739
G1 X126.9632 Y-394.1199
G1 X126.7386 Y-394.5534
G1 X126.4021 Y-395.2083
G1 X126.1224 Y-395.7574
G1 X125.7877 Y-396.4211
G1 X125.4539 Y-397.0896
G1 X125.1768 Y-397.6500
G1 X124.8451 Y-398.3266
G1 X124.4046 Y-399.2357
G1 X124.1854 Y-399.6926
G1 X123.9667 Y-400.1516
G1 X123.6944 Y-400.7277
G1 X123.3691 Y-401.4224
G1 X123.0991 Y-402.0043
G1 X122.8303 Y-402.5882
G1 X122.6162 Y-403.0571
G1 X122.3498 Y-403.6454
G1 X122.0846 Y-404.2357
G1 X121.8735 Y-404.7096
G1 X121.6109 Y-405.3035
G1 X121.2456 Y-406.1384
G1 X120.8319 Y-407.0967
G1 X120.5243 Y-407.8183
G1 X120.3206 Y-408.3004
G1 X120.0170 Y-409.0256
G1 X119.8161 Y-409.5102
G1 X119.6663 Y-409.8742
G1 X119.3683 Y-410.6032
G1 X119.1222 Y-411.2120
G1 X118.8293 Y-411.9441
G1 X118.6840 Y-412.3106
G1 X118.4435 Y-412.9222
G1 X118.1103 Y-413.7797
G1 X117.8748 Y-414.3931
G1 X117.5951 Y-415.1297
G1 X117.2731 Y-415.9900
G1 X117.1819 Y-416.2362
G1 X116.9556 Y-416.8511
G1 X116.7318 Y-417.4665
G1 X116.5103 Y-418.0817
G1 X116.2914 Y-418.6974
G1 X116.0208 Y-419.4678
G1 X115.7536 Y-420.2389
G1 X115.4918 Y-421.0032
G1 X115.2865 Y-421.6090
G1 X115.0851 Y-422.2095
G1 X114.7905 Y-423.0992
G1 X114.5992 Y-423.6847
G1 X114.4120 Y-424.2636
G1 X114.2291 Y-424.8351
G1 X114.0508 Y-425.3992
G1 X113.8342 Y-426.0934
G1 X113.7496 Y-426.3674
G1 X113.5840 Y-426.9092
G1 X113.4232 Y-427.4421
G1 X113.2675 Y-427.9656
G1 X113.1540 Y-428.3519
G1 X113.0071 Y-428.8584
G1 X112.9005 Y-429.2316
G1 X112.7628 Y-429.7197
G1 X112.6307 Y-430.1970
G1 X112.5042 Y-430.6628
G1 X112.3833 Y-431.1167
G1 X112.2683 Y-431.5590
G1 X112.1329 Y-432.0939
G1 X112.0313 Y-432.5071
G1 X111.9358 Y-432.9072
G1 X111.8682 Y-433.1980
G1 X111.7839 Y-433.5739
G1 X111.7247 Y-433.8462
G1 X111.6693 Y-434.1104
G1 X111.6012 Y-434.4495
G1 X111.5545 Y-434.6936
G1 X111.5256 Y-434.8516
G1 X111.4984 Y-435.0055
G1 X111.4494 Y-435.2950
G1 X111.3955 Y-435.6252
G1 X111.3597 Y-435.8513
G1 X111.2883 Y-436.3174
G1 X111.2528 Y-436.5574
G1 X111.2175 Y-436.8020
G1 X111.1644 Y-437.1774
G1 X111.1293 Y-437.4332
G1 X111.0592 Y-437.9577
G1 X111.0069 Y-438.3626
G1 X110.9551 Y-438.7769
G1 X110.8862 Y-439.3438
G1 X110.8349 Y-439.7794
G1 X110.7503 Y-440.5254
G1 X110.6668 Y-441.2955
G1 X110.6338 Y-441.6102
G1 X110.5515 Y-442.4126
G1 X110.4867 Y-443.0707
G1 X110.3909 Y-444.0834
G1 X110.3437 Y-444.6011
G1 X110.2662 Y-445.4799
G1 X110.1900 Y-446.3783
G1 X110.1451 Y-446.9265
G1 X110.0714 Y-447.8543
G1 X110.0280 Y-448.4195
G1 X109.9569 Y-449.3750
G1 X109.9012 Y-450.1510
G1 X109.8603 Y-450.7398
G1 X109.7803 Y-451.9333
G1 X109.6904 Y-453.3516
G1 X109.6409 Y-454.1738
G1 X109.6046 Y-454.7959
G1 X109.5690 Y-455.4223
G1 X109.5342 Y-456.0527
G1 X109.5027 Y-456.6407
G1 X109.4516 Y-457.6305
G1 X109.3958 Y-458.7773
G1 X109.3511 Y-459.7527
G1 X109.3094 Y-460.7202
G1 X109.2642 Y-461.8380
G1 X109.2230 Y-462.9429
G1 X109.1961 Y-463.7237
G1 X109.1570 Y-464.9567
G1 X109.1311 Y-465.8675
G1 X109.1080 Y-466.7656
G1 X109.0846 Y-467.7964
G1 X109.0704 Y-468.5205
G1 X109.0536 Y-469.5167
G1 X109.0407 Y-470.4913
G1 X109.0338 Y-471.1736
G1 X109.0275 Y-472.1083
G1 X109.0249 Y-473.0179
G1 X109.0252 Y-473.5261
G1 X109.0262 Y-473.9015
G1 X109.0303 Y-474.6371
G1 X109.0371 Y-475.3516
G1 X109.0485 Y-476.1583
G1 X109.0590 Y-476.7156
G1 X109.0714 Y-477.2569
G1 X109.0856 Y-477.7816
G1 X109.1019 Y-478.2896
G1 X109.1161 Y-478.6833
G1 X109.1316 Y-479.0658
G1 X109.1441 Y-479.3450
G1 X109.1616 Y-479.7069
G1 X109.1804 Y-480.0572
G1 X109.1903 Y-480.2276
G1 X109.2109 Y-480.5594
G1 X109.2383 Y-480.9564
G1 X109.2736 Y-481.4062
G1 X109.2860 Y-481.5497
G1 X109.3117 Y-481.8266
G1 X109.3249 Y-481.9599
G1 X109.3523 Y-482.2165
G1 X109.3810 Y-482.4593
G1 X109.4108 Y-482.6879
G1 X109.4339 Y-482.8502
G1 X109.4496 Y-482.9538
G1 X109.4821 Y-483.1502
G1 X109.4986 Y-483.2426
G1 X109.5157 Y-483.3315
G1 X109.5416 Y-483.4580
G1 X109.5682 Y-483.5756
G1 X109.5863 Y-483.6495
G1 X109.5954 Y-483.6848
G1 X109.6234 Y-483.7852
G1 X109.6424 Y-483.8474
G1 X109.6521 Y-483.8769
G1 X109.6714 Y-483.9330
G1 X109.6912 Y-483.9851
G1 X109.7110 Y-484.0333
G1 X109.7313 Y-484.0773
G1 X109.7519 Y-484.1174
G1 X109.7727 Y-484.1532
G1 X109.7938 Y-484.1850
G1 X109.8045 Y-484.1992
G1 X109.8154 Y-484.2126
G1 X109.8210 Y-484.2175
G1 X109.8266 Y-484.2205
G1 X109.8380 Y-484.2251
G1 X109.8647 Y-484.2327
G1 X109.9106 Y-484.2416
G1 X109.9726 Y-484.2500
G1 X110.0519 Y-484.2581
G1 X110.2251 Y-484.2708
G1 X110.5342 Y-484.2863
G1 X110.8090 Y-484.2962
G1 X111.6185 Y-484.3160
G1 X112.6076 Y-484.3315
G1 X113.3465 Y-484.3399
G1 X116.8987 Y-484.3648
G1 X121.5067 Y-484.3813
G1 X171.4424 Y-484.4639
G1 X181.5775 Y-484.4931
; Retract
G1 Z2.5400 F2540

; Path 14
; Rapid to initial position
G1 X101.7908 Y-484.3615 F2540
G1 Z0.0000
; plunge
G1 Z-3.1750 F127
; cut
G1 X101.7829 Y-484.2800 F1016
G1 X101.7547 Y-484.1822
G1 X101.7064 Y-484.0663
G1 X101.6391 Y-483.9312
G1 X101.5533 Y-483.7750
G1 X101.4499 Y-483.5957
G1 X101.2972 Y-483.3384
G1 X101.2642 Y-483.2840
G1 X101.1956 Y-483.1730
G1 X101.1230 Y-483.0582
G1 X101.0077 Y-482.8797
G1 X100.9261 Y-482.7565
G1 X100.7971 Y-482.5655
G1 X100.6602 Y-482.3673
G1 X100.5154 Y-482.1619
G1 X100.3633 Y-481.9493
G1 X100.2576 Y-481.8040
G1 X100.0930 Y-481.5802
G1 X99.9213 Y-481.3501
G1 X99.8029 Y-481.1931
G1 X99.5568 Y-480.8708
G1 X99.2990 Y-480.5380
G1 X99.0295 Y-480.1946
G1 X98.7489 Y-479.8416
G1 X98.5312 Y-479.5705
G1 X98.2317 Y-479.2010
G1 X98.0003 Y-478.9180
G1 X97.6833 Y-478.5335
G1 X97.3567 Y-478.1408
G1 X96.9358 Y-477.6391
G1 X96.6765 Y-477.3328
G1 X96.3234 Y-476.9180
G1 X95.9622 Y-476.4969
G1 X95.4999 Y-475.9620
G1 X95.1220 Y-475.5279
G1 X94.5421 Y-474.8667
G1 X94.2467 Y-474.5322
G1 X93.7468 Y-473.9693
G1 X93.5444 Y-473.7425
G1 X93.0326 Y-473.1718
G1 X92.4080 Y-472.4801
G1 X91.7735 Y-471.7832
G1 X91.1301 Y-471.0816
G1 X90.4794 Y-470.3773
G1 X89.7123 Y-469.5535
G1 X89.1603 Y-468.9650
G1 X88.6056 Y-468.3773
G1 X87.9373 Y-467.6739
G1 X87.2678 Y-466.9742
G1 X86.8210 Y-466.5104
G1 X86.1515 Y-465.8195
G1 X85.5950 Y-465.2493
G1 X85.1510 Y-464.7971
G1 X84.8190 Y-464.4606
G1 X84.4880 Y-464.1266
G1 X84.0489 Y-463.6854
G1 X83.7209 Y-463.3577
G1 X83.1781 Y-462.8185
G1 X82.7476 Y-462.3938
G1 X82.4268 Y-462.0791
G1 X81.8975 Y-461.5632
G1 X81.3747 Y-461.0583
G1 X80.9620 Y-460.6628
G1 X80.6559 Y-460.3714
G1 X80.4535 Y-460.1797
G1 X79.9536 Y-459.7098
G1 X79.7563 Y-459.5259
G1 X79.3664 Y-459.1644
G1 X79.1738 Y-458.9874
G1 X78.7941 Y-458.6407
G1 X78.5139 Y-458.3872
G1 X78.1469 Y-458.0585
G1 X77.9663 Y-457.8982
G1 X77.6602 Y-457.6285
G1 X77.1162 Y-457.1535
G1 X76.7875 Y-456.8693
G1 X76.3471 Y-456.4913
G1 X76.0148 Y-456.2086
G1 X75.5696 Y-455.8327
G1 X75.2338 Y-455.5515
G1 X74.7837 Y-455.1777
G1 X74.4446 Y-454.8980
G1 X73.9902 Y-454.5261
G1 X73.5333 Y-454.1556
G1 X73.1888 Y-453.8784
G1 X72.8431 Y-453.6021
G1 X72.6117 Y-453.4182
G1 X72.0311 Y-452.9600
G1 X71.7977 Y-452.7774
G1 X71.3293 Y-452.4129
G1 X71.0941 Y-452.2313
G1 X70.6224 Y-451.8688
G1 X70.2671 Y-451.5980
G1 X69.6719 Y-451.1482
G1 X69.3133 Y-450.8795
G1 X68.9536 Y-450.6115
G1 X68.3514 Y-450.1667
G1 X67.9884 Y-449.9011
G1 X67.6245 Y-449.6361
G1 X67.1373 Y-449.2843
G1 X66.7708 Y-449.0215
G1 X66.2803 Y-448.6722
G1 X66.0344 Y-448.4982
G1 X65.5411 Y-448.1515
G1 X65.1701 Y-447.8924
G1 X64.6737 Y-447.5485
G1 X64.1756 Y-447.2061
G1 X63.6758 Y-446.8655
G1 X63.2998 Y-446.6110
G1 X62.9229 Y-446.3575
G1 X62.5452 Y-446.1050
G1 X61.9138 Y-445.6864
G1 X61.4068 Y-445.3534
G1 X60.7713 Y-444.9397
G1 X60.2610 Y-444.6107
G1 X59.8777 Y-444.3654
G1 X59.4934 Y-444.1208
G1 X58.9798 Y-443.7964
G1 X58.5937 Y-443.5544
G1 X58.0781 Y-443.2333
G1 X57.8198 Y-443.0735
G1 X57.3024 Y-442.7553
G1 X56.6539 Y-442.3603
G1 X56.0037 Y-441.9684
G1 X55.3519 Y-441.5795
G1 X54.8295 Y-441.2709
G1 X54.3060 Y-440.9641
G1 X53.7815 Y-440.6593
G1 X53.1249 Y-440.2813
G1 X52.4667 Y-439.9067
G1 X51.8076 Y-439.5353
G1 X51.5435 Y-439.3877
G1 X51.0151 Y-439.0941
G1 X50.6181 Y-438.8754
G1 X50.2211 Y-438.6580
G1 X49.8236 Y-438.4418
G1 X49.2930 Y-438.1553
G1 X48.6293 Y-437.8005
G1 X48.2305 Y-437.5894
G1 X47.6987 Y-437.3098
G1 X47.0332 Y-436.9636
G1 X46.7667 Y-436.8262
G1 X46.3672 Y-436.6212
G1 X45.7007 Y-436.2823
G1 X45.3006 Y-436.0809
G1 X44.7670 Y-435.8142
G1 X44.2331 Y-435.5501
G1 X43.6992 Y-435.2884
G1 X43.0317 Y-434.9648
G1 X42.6311 Y-434.7726
G1 X42.0969 Y-434.5183
G1 X41.6964 Y-434.3293
G1 X41.4294 Y-434.2041
G1 X41.0289 Y-434.0177
G1 X40.4950 Y-433.7710
G1 X40.0947 Y-433.5879
G1 X39.5610 Y-433.3458
G1 X38.8943 Y-433.0471
G1 X38.2280 Y-432.7525
G1 X37.8285 Y-432.5777
G1 X37.4292 Y-432.4045
G1 X36.8971 Y-432.1759
G1 X36.4983 Y-432.0062
G1 X36.0995 Y-431.8381
G1 X35.5686 Y-431.6164
G1 X35.0383 Y-431.3974
G1 X34.6408 Y-431.2351
G1 X34.3759 Y-431.1277
G1 X33.8468 Y-430.9151
G1 X33.1864 Y-430.6534
G1 X32.6588 Y-430.4472
G1 X32.1318 Y-430.2440
G1 X31.4744 Y-429.9941
G1 X31.2118 Y-429.8955
G1 X30.6873 Y-429.7002
G1 X30.0327 Y-429.4604
G1 X29.3799 Y-429.2255
G1 X28.8587 Y-429.0408
G1 X28.3385 Y-428.8592
G1 X27.8194 Y-428.6806
G1 X27.4307 Y-428.5488
G1 X26.7846 Y-428.3329
G1 X26.2689 Y-428.1637
G1 X26.0116 Y-428.0804
G1 X25.6261 Y-427.9567
G1 X25.1135 Y-427.7947
G1 X24.4744 Y-427.5966
G1 X24.2194 Y-427.5188
G1 X23.7104 Y-427.3657
G1 X23.3296 Y-427.2529
G1 X22.8232 Y-427.1053
G1 X22.4442 Y-426.9969
G1 X21.9405 Y-426.8551
G1 X21.6893 Y-426.7855
G1 X21.1879 Y-426.6489
G1 X20.6883 Y-426.5155
G1 X20.3147 Y-426.4177
G1 X20.0663 Y-426.3537
G1 X19.6941 Y-426.2590
G1 X19.4467 Y-426.1970
G1 X18.9532 Y-426.0756
G1 X18.7071 Y-426.0162
G1 X18.3388 Y-425.9288
G1 X17.9715 Y-425.8432
G1 X17.7274 Y-425.7873
G1 X17.3619 Y-425.7050
G1 X16.9977 Y-425.6248
G1 X16.6345 Y-425.5465
G1 X16.1521 Y-425.4452
G1 X15.9116 Y-425.3959
G1 X15.5519 Y-425.3238
G1 X15.1933 Y-425.2534
G1 X14.9550 Y-425.2077
G1 X14.5986 Y-425.1409
G1 X14.2433 Y-425.0761
G1 X13.8895 Y-425.0134
G1 X13.5367 Y-424.9527
G1 X13.3022 Y-424.9136
G1 X12.9464 Y-424.8556
G1 X12.6789 Y-424.8140
G1 X12.2288 Y-424.7459
G1 X11.8996 Y-424.6974
G1 X11.3680 Y-424.6204
G1 X10.7986 Y-424.5397
G1 X10.1986 Y-424.4561
G1 X8.9411 Y-424.2844
G1 X8.5131 Y-424.2270
G1 X7.4473 Y-424.0860
G1 X6.8222 Y-424.0047
G1 X6.0218 Y-423.9024
G1 X5.4572 Y-423.8315
G1 X4.7668 Y-423.7467
G1 X4.3061 Y-423.6918
G1 X4.0307 Y-423.6601
G1 X3.7836 Y-423.6324
G1 X3.4704 Y-423.5991
G1 X3.3038 Y-423.5831
G1 X3.1737 Y-423.5722
G1 X3.1229 Y-423.5689
G1 X3.0823 Y-423.5668
G1 X3.0518 Y-423.5666
G1 X3.0518 Y-423.5666
G1 X3.0320 Y-423.5676
G1 X3.0231 Y-423.5701
G1 X3.0216 Y-423.5737
G1 X3.0206 Y-423.5818
G1 X3.0190 Y-423.6105
G1 X3.0188 Y-423.6309
G1 X3.0198 Y-423.7162
G1 X3.0234 Y-423.8363
G1 X3.0376 Y-424.1744
G1 X3.0521 Y-424.4668
G1 X3.0805 Y-424.9964
G1 X3.1100 Y-425.5132
G1 X3.1590 Y-426.3365
G1 X3.2332 Y-427.5364
G1 X3.3571 Y-429.4670
G1 X3.4613 Y-431.0377
G1 X3.5471 Y-432.3032
G1 X3.6754 Y-434.1447
G1 X3.7871 Y-435.6948
G1 X3.8529 Y-436.5747
G1 X3.9131 Y-437.3474
G1 X3.9660 Y-437.9925
G1 X3.9987 Y-438.3634
G1 X4.0432 Y-438.8340
G1 X4.0894 Y-439.3037
G1 X4.1214 Y-439.6163
G1 X4.1544 Y-439.9288
G1 X4.2057 Y-440.3969
G1 X4.2588 Y-440.8642
G1 X4.3142 Y-441.3308
G1 X4.3523 Y-441.6415
G1 X4.4112 Y-442.1073
G1 X4.4516 Y-442.4175
G1 X4.5138 Y-442.8823
G1 X4.5783 Y-443.3466
G1 X4.6225 Y-443.6560
G1 X4.6906 Y-444.1195
G1 X4.7607 Y-444.5828
G1 X4.8087 Y-444.8914
G1 X4.8824 Y-445.3542
G1 X4.9583 Y-445.8167
G1 X5.0363 Y-446.2788
G1 X5.1438 Y-446.8947
G1 X5.1991 Y-447.2028
G1 X5.2553 Y-447.5104
G1 X5.3411 Y-447.9722
G1 X5.3998 Y-448.2800
G1 X5.4894 Y-448.7415
G1 X5.5814 Y-449.2031
G1 X5.6439 Y-449.5109
G1 X5.7074 Y-449.8188
G1 X5.7719 Y-450.1266
G1 X5.8704 Y-450.5884
G1 X5.9713 Y-451.0504
G1 X6.0744 Y-451.5127
G1 X6.1445 Y-451.8208
G1 X6.2512 Y-452.2836
G1 X6.3238 Y-452.5919
G1 X6.4343 Y-453.0552
G1 X6.5474 Y-453.5188
G1 X6.6624 Y-453.9826
G1 X6.7800 Y-454.4469
G1 X6.8997 Y-454.9117
G1 X7.0630 Y-455.5322
G1 X7.2304 Y-456.1538
G1 X7.3586 Y-456.6206
G1 X7.4455 Y-456.9323
G1 X7.5334 Y-457.2442
G1 X7.6223 Y-457.5564
G1 X7.7122 Y-457.8688
G1 X7.8031 Y-458.1817
G1 X7.9477 Y-458.6724
G1 X8.0937 Y-459.1614
G1 X8.2413 Y-459.6491
G1 X8.3909 Y-460.1357
G1 X8.5423 Y-460.6219
G1 X8.6444 Y-460.9455
G1 X8.7993 Y-461.4311
G1 X9.0094 Y-462.0786
G1 X9.1161 Y-462.4027
G1 X9.2238 Y-462.7270
G1 X9.3876 Y-463.2145
G1 X9.5540 Y-463.7029
G1 X9.7231 Y-464.1931
G1 X9.8377 Y-464.5208
G1 X10.0117 Y-465.0141
G1 X10.1890 Y-465.5096
G1 X10.3696 Y-466.0080
G1 X10.5534 Y-466.5094
G1 X10.7406 Y-467.0138
G1 X10.8674 Y-467.3521
G1 X10.9959 Y-467.6920
G1 X11.1917 Y-468.2053
G1 X11.3246 Y-468.5500
G1 X11.5268 Y-469.0704
G1 X11.6639 Y-469.4202
G1 X11.7333 Y-469.5957
G1 X12.0150 Y-470.3041
G1 X12.2314 Y-470.8418
G1 X12.4521 Y-471.3854
G1 X12.7536 Y-472.1195
G1 X12.9852 Y-472.6777
G1 X13.1425 Y-473.0537
G1 X13.3017 Y-473.4326
G1 X13.5448 Y-474.0072
G1 X13.8770 Y-474.7849
G1 X14.1323 Y-475.3775
G1 X14.3929 Y-475.9782
G1 X14.6591 Y-476.5876
G1 X14.8397 Y-476.9988
G1 X15.2085 Y-477.8332
G1 X15.4920 Y-478.4700
G1 X15.6842 Y-478.8997
G1 X16.1770 Y-479.9942
G1 X16.4808 Y-480.6648
G1 X18.0571 Y-484.1189
G1 X18.6840 Y-484.1918
G1 X18.7749 Y-484.2007
G1 X18.9504 Y-484.2142
G1 X19.2565 Y-484.2327
G1 X19.5892 Y-484.2492
G1 X19.9210 Y-484.2637
G1 X20.6370 Y-484.2909
G1 X21.8252 Y-484.3290
G1 X22.4582 Y-484.3470
G1 X23.2390 Y-484.3678
G1 X24.2971 Y-484.3940
G1 X25.9204 Y-484.4308
G1 X27.8267 Y-484.4702
G1 X29.7444 Y-484.5065
G1 X35.9717 Y-484.6076
G1 X40.5879 Y-484.6693
G1 X43.8099 Y-484.7064
G1 X46.8861 Y-484.7372
G1 X50.6250 Y-484.7681
G1 X52.1330 Y-484.7765
G1 X58.0420 Y-484.7849
G1 X72.1434 Y-484.7712
G1 X91.3356 Y-484.7204
G1 X97.9157 Y-484.6891
G1 X99.6988 Y-484.6754
G1 X100.4413 Y-484.6665
G1 X100.7298 Y-484.6607
G1 X100.8164 Y-484.6574
G1 X101.0310 Y-484.6427
G1 X101.2121 Y-484.6277
G1 X101.3676 Y-484.6104
G1 X101.4974 Y-484.5891
G1 X101.6025 Y-484.5621
G1 X101.6838 Y-484.5276
G1 X101.7417 Y-484.4837
G1 X101.7773 Y-484.4291
G1 X101.7908 Y-484.3615
; Retract
G1 Z2.5400 F2540

; Path 15
; Rapid to initial position
G1 X77.1652 Y-593.6653 F2540
G1 Z0.0000
; plunge
G1 Z-3.1750 F127
; cut
G1 X77.0593 Y-593.6452 F1016
G1 X76.9336 Y-593.6402
G1 X76.9336 Y-593.6402
G1 X76.7789 Y-593.6478
G1 X76.5868 Y-593.6658
G1 X76.5109 Y-593.6747
G1 X76.4322 Y-593.6864
G1 X76.3504 Y-593.7009
G1 X76.2653 Y-593.7181
G1 X76.1774 Y-593.7382
G1 X76.0860 Y-593.7611
G1 X75.9912 Y-593.7867
G1 X75.8927 Y-593.8154
G1 X75.7908 Y-593.8469
G1 X75.6851 Y-593.8817
G1 X75.5757 Y-593.9196
G1 X75.4624 Y-593.9605
G1 X75.3448 Y-594.0044
G1 X75.2234 Y-594.0516
G1 X75.0974 Y-594.1019
G1 X74.9673 Y-594.1558
G1 X74.8325 Y-594.2129
G1 X74.6933 Y-594.2734
G1 X74.5495 Y-594.3371
G1 X74.4009 Y-594.4044
G1 X74.2472 Y-594.4753
G1 X74.0888 Y-594.5497
G1 X73.9252 Y-594.6277
G1 X73.7565 Y-594.7092
G1 X73.5825 Y-594.7946
G1 X73.4030 Y-594.8837
G1 X73.2180 Y-594.9765
G1 X73.0275 Y-595.0730
G1 X72.8312 Y-595.1736
G1 X72.6293 Y-595.2780
G1 X72.4212 Y-595.3862
G1 X72.2071 Y-595.4984
G1 X71.9978 Y-595.6092
G1 X71.7928 Y-595.7184
G1 X71.5922 Y-595.8266
G1 X71.3956 Y-595.9335
G1 X71.2028 Y-596.0394
G1 X71.0138 Y-596.1444
G1 X70.8284 Y-596.2485
G1 X70.6463 Y-596.3521
G1 X70.4677 Y-596.4547
G1 X70.2920 Y-596.5571
G1 X70.1192 Y-596.6590
G1 X69.9493 Y-596.7603
G1 X69.7822 Y-596.8616
G1 X69.6173 Y-596.9627
G1 X69.4548 Y-597.0638
G1 X69.2942 Y-597.1649
G1 X69.1360 Y-597.2663
G1 X68.9793 Y-597.3679
G1 X68.8243 Y-597.4700
G1 X68.6712 Y-597.5723
G1 X68.5190 Y-597.6755
G1 X68.3682 Y-597.7791
G1 X68.2183 Y-597.8837
G1 X68.0695 Y-597.9892
G1 X67.9211 Y-598.0956
G1 X67.7733 Y-598.2030
G1 X67.6260 Y-598.3117
G1 X67.4789 Y-598.4217
G1 X67.3318 Y-598.5332
G1 X67.1848 Y-598.6460
G1 X67.0375 Y-598.7605
G1 X66.8896 Y-598.8766
G1 X66.7408 Y-598.9952
G1 X66.5930 Y-599.1151
G1 X66.4464 Y-599.2360
G1 X66.3006 Y-599.3582
G1 X66.1561 Y-599.4814
G1 X66.0126 Y-599.6059
G1 X65.8701 Y-599.7313
G1 X65.7286 Y-599.8581
G1 X65.5881 Y-599.9856
G1 X65.4487 Y-600.1146
G1 X65.3105 Y-600.2444
G1 X65.1734 Y-600.3755
G1 X65.0372 Y-600.5073
G1 X64.9021 Y-600.6404
G1 X64.7682 Y-600.7745
G1 X64.6354 Y-600.9096
G1 X64.5038 Y-601.0458
G1 X64.3730 Y-601.1829
G1 X64.2435 Y-601.3211
G1 X64.1152 Y-601.4603
G1 X63.9879 Y-601.6005
G1 X63.8617 Y-601.7415
G1 X63.7367 Y-601.8835
G1 X63.6128 Y-602.0265
G1 X63.4898 Y-602.1705
G1 X63.3684 Y-602.3153
G1 X63.2478 Y-602.4611
G1 X63.1284 Y-602.6076
G1 X63.0103 Y-602.7552
G1 X62.8932 Y-602.9038
G1 X62.7774 Y-603.0529
G1 X62.6626 Y-603.2030
G1 X62.5493 Y-603.3541
G1 X62.4368 Y-603.5060
G1 X62.3255 Y-603.6587
G1 X62.2155 Y-603.8121
G1 X62.1068 Y-603.9663
G1 X61.9991 Y-604.1215
G1 X61.8929 Y-604.2774
G1 X61.7875 Y-604.4339
G1 X61.6836 Y-604.5914
G1 X61.5808 Y-604.7496
G1 X61.4792 Y-604.9084
G1 X61.3788 Y-605.0681
G1 X61.2798 Y-605.2284
G1 X61.1820 Y-605.3894
G1 X61.0852 Y-605.5512
G1 X60.9900 Y-605.7138
G1 X60.8957 Y-605.8769
G1 X60.8028 Y-606.0407
G1 X60.7111 Y-606.2053
G1 X60.6207 Y-606.3704
G1 X60.5315 Y-606.5363
G1 X60.4436 Y-606.7026
G1 X60.3570 Y-606.8698
G1 X60.2717 Y-607.0371
G1 X60.1876 Y-607.2055
G1 X60.1050 Y-607.3742
G1 X60.0235 Y-607.5436
G1 X59.9432 Y-607.7135
G1 X59.8642 Y-607.8842
G1 X59.7868 Y-608.0552
G1 X59.7106 Y-608.2269
G1 X59.6356 Y-608.3991
G1 X59.5620 Y-608.5716
G1 X59.4896 Y-608.7448
G1 X59.4185 Y-608.9183
G1 X59.3489 Y-609.0925
G1 X59.2806 Y-609.2670
G1 X59.2135 Y-609.4420
G1 X59.1480 Y-609.6175
G1 X59.0834 Y-609.7935
G1 X59.0205 Y-609.9698
G1 X58.9590 Y-610.1466
G1 X58.8988 Y-610.3239
G1 X58.8399 Y-610.5014
G1 X58.7825 Y-610.6795
G1 X58.7263 Y-610.8578
G1 X58.6715 Y-611.0366
G1 X58.6181 Y-611.2157
G1 X58.5660 Y-611.3950
G1 X58.5155 Y-611.5748
G1 X58.4662 Y-611.7549
G1 X58.4185 Y-611.9353
G1 X58.3722 Y-612.1161
G1 X58.3273 Y-612.2972
G1 X58.2836 Y-612.4783
G1 X58.2414 Y-612.6599
G1 X58.2008 Y-612.8418
G1 X58.1614 Y-613.0239
G1 X58.1236 Y-613.2063
G1 X58.0873 Y-613.3887
G1 X58.0522 Y-613.5715
G1 X58.0187 Y-613.7544
G1 X57.9867 Y-613.9376
G1 X57.9562 Y-614.1209
G1 X57.9270 Y-614.3046
G1 X57.8993 Y-614.4882
G1 X57.8731 Y-614.6721
G1 X57.8482 Y-614.8563
G1 X57.8249 Y-615.0404
G1 X57.8033 Y-615.2246
G1 X57.7830 Y-615.4090
G1 X57.7642 Y-615.5936
G1 X57.7469 Y-615.7783
G1 X57.7309 Y-615.9630
G1 X57.7167 Y-616.1476
G1 X57.7040 Y-616.3325
G1 X57.6925 Y-616.5174
G1 X57.6829 Y-616.7023
G1 X57.6748 Y-616.8873
G1 X57.6679 Y-617.0722
G1 X57.6628 Y-617.2571
G1 X57.6593 Y-617.4422
G1 X57.6570 Y-617.6272
G1 X57.6565 Y-617.8121
G1 X57.6575 Y-617.9970
G1 X57.6600 Y-618.1819
G1 X57.6641 Y-618.3668
G1 X57.6699 Y-618.5515
G1 X57.6771 Y-618.7361
G1 X57.6859 Y-618.9208
G1 X57.6964 Y-619.1054
G1 X57.7083 Y-619.2898
G1 X57.7220 Y-619.4740
G1 X57.7370 Y-619.6584
G1 X57.7538 Y-619.8423
G1 X57.7723 Y-620.0262
G1 X57.7931 Y-620.2190
G1 X57.8152 Y-620.4110
G1 X57.8388 Y-620.6025
G1 X57.8637 Y-620.7935
G1 X57.8899 Y-620.9838
G1 X57.9176 Y-621.1735
G1 X57.9465 Y-621.3625
G1 X57.9770 Y-621.5510
G1 X58.0088 Y-621.7387
G1 X58.0418 Y-621.9259
G1 X58.0763 Y-622.1125
G1 X58.1122 Y-622.2985
G1 X58.1492 Y-622.4839
G1 X58.1878 Y-622.6686
G1 X58.2277 Y-622.8527
G1 X58.2691 Y-623.0361
G1 X58.3115 Y-623.2190
G1 X58.3555 Y-623.4011
G1 X58.4010 Y-623.5827
G1 X58.4477 Y-623.7635
G1 X58.4957 Y-623.9439
G1 X58.5450 Y-624.1235
G1 X58.5958 Y-624.3025
G1 X58.6478 Y-624.4811
G1 X58.7012 Y-624.6586
G1 X58.7560 Y-624.8359
G1 X58.8122 Y-625.0122
G1 X58.8696 Y-625.1882
G1 X58.9283 Y-625.3632
G1 X58.9885 Y-625.5380
G1 X59.0499 Y-625.7117
G1 X59.1129 Y-625.8850
G1 X59.1769 Y-626.0577
G1 X59.2425 Y-626.2296
G1 X59.3095 Y-626.4008
G1 X59.3776 Y-626.5715
G1 X59.4472 Y-626.7414
G1 X59.5180 Y-626.9109
G1 X59.5902 Y-627.0795
G1 X59.6638 Y-627.2474
G1 X59.7385 Y-627.4148
G1 X59.8147 Y-627.5817
G1 X59.8924 Y-627.7475
G1 X59.9712 Y-627.9129
G1 X60.0514 Y-628.0777
G1 X60.1330 Y-628.2416
G1 X60.2158 Y-628.4051
G1 X60.2999 Y-628.5677
G1 X60.3855 Y-628.7298
G1 X60.4723 Y-628.8910
G1 X60.5605 Y-629.0518
G1 X60.6499 Y-629.2118
G1 X60.7408 Y-629.3711
G1 X60.8330 Y-629.5299
G1 X60.9262 Y-629.6878
G1 X61.0210 Y-629.8451
G1 X61.1172 Y-630.0018
G1 X61.2145 Y-630.1575
G1 X61.3133 Y-630.3129
G1 X61.4134 Y-630.4674
G1 X61.5147 Y-630.6213
G1 X61.6174 Y-630.7745
G1 X61.7212 Y-630.9271
G1 X61.8266 Y-631.0787
G1 X61.9331 Y-631.2299
G1 X62.0410 Y-631.3802
G1 X62.1502 Y-631.5301
G1 X62.2607 Y-631.6792
G1 X62.3727 Y-631.8275
G1 X62.4858 Y-631.9751
G1 X62.6003 Y-632.1219
G1 X62.7159 Y-632.2682
G1 X62.8330 Y-632.4138
G1 X62.9514 Y-632.5586
G1 X63.0710 Y-632.7028
G1 X63.1922 Y-632.8461
G1 X63.3143 Y-632.9888
G1 X63.4378 Y-633.1308
G1 X63.5627 Y-633.2723
G1 X63.6890 Y-633.4128
G1 X63.8165 Y-633.5527
G1 X63.9450 Y-633.6919
G1 X64.0751 Y-633.8303
G1 X64.2066 Y-633.9680
G1 X64.3392 Y-634.1049
G1 X64.4731 Y-634.2413
G1 X64.6082 Y-634.3769
G1 X64.7449 Y-634.5116
G1 X64.8825 Y-634.6459
G1 X65.0217 Y-634.7793
G1 X65.1619 Y-634.9119
G1 X65.3037 Y-635.0439
G1 X65.4467 Y-635.1750
G1 X65.5909 Y-635.3056
G1 X65.7365 Y-635.4354
G1 X65.8833 Y-635.5644
G1 X66.0314 Y-635.6927
G1 X66.1807 Y-635.8202
G1 X66.3313 Y-635.9469
G1 X66.4832 Y-636.0729
G1 X66.6364 Y-636.1984
G1 X66.7908 Y-636.3228
G1 X66.9465 Y-636.4468
G1 X67.1035 Y-636.5700
G1 X67.2620 Y-636.6924
G1 X67.4215 Y-636.8138
G1 X67.5823 Y-636.9347
G1 X67.7443 Y-637.0549
G1 X67.9079 Y-637.1742
G1 X68.0725 Y-637.2929
G1 X68.2384 Y-637.4107
G1 X68.4055 Y-637.5278
G1 X68.5742 Y-637.6444
G1 X68.7438 Y-637.7600
G1 X68.9148 Y-637.8748
G1 X69.0870 Y-637.9888
G1 X69.2605 Y-638.1021
G1 X69.4352 Y-638.2146
G1 X69.6112 Y-638.3266
G1 X69.7885 Y-638.4376
G1 X69.9671 Y-638.5479
G1 X70.1469 Y-638.6573
G1 X70.3280 Y-638.7661
G1 X70.5104 Y-638.8740
G1 X70.6940 Y-638.9812
G1 X70.8790 Y-639.0876
G1 X71.0649 Y-639.1933
G1 X71.2523 Y-639.2982
G1 X71.4172 Y-639.3896
G1 X71.7293 Y-639.5596
G1 X71.8779 Y-639.6385
G1 X72.0222 Y-639.7142
G1 X72.1632 Y-639.7864
G1 X72.2325 Y-639.8212
G1 X72.3694 Y-639.8890
G1 X72.4372 Y-639.9218
G1 X72.5719 Y-639.9855
G1 X72.7057 Y-640.0467
G1 X72.8393 Y-640.1057
G1 X72.9734 Y-640.1631
G1 X73.0410 Y-640.1910
G1 X73.1771 Y-640.2456
G1 X73.2462 Y-640.2725
G1 X73.3859 Y-640.3256
G1 X73.5292 Y-640.3774
G1 X73.6760 Y-640.4287
G1 X73.8276 Y-640.4795
G1 X73.9054 Y-640.5047
G1 X74.0649 Y-640.5552
G1 X74.2307 Y-640.6058
G1 X74.4035 Y-640.6566
G1 X74.6770 Y-640.7343
G1 X74.8701 Y-640.7871
G1 X75.0722 Y-640.8412
G1 X75.2843 Y-640.8966
G1 X75.6224 Y-640.9830
G1 X76.1144 Y-641.1054
G1 X76.8025 Y-641.2725
G1 X76.9417 Y-641.2918
G1 X77.1444 Y-641.3025
G1 X77.3831 Y-641.3033
G1 X77.6308 Y-641.2939
G1 X77.7972 Y-641.2807
G1 X77.9391 Y-641.2611
G1 X78.0613 Y-641.2337
G1 X78.1688 Y-641.1958
G1 X78.2658 Y-641.1460
G1 X78.3575 Y-641.0820
G1 X78.4484 Y-641.0018
G1 X78.5434 Y-640.9030
G1 X78.5790 Y-640.8623
G1 X78.6135 Y-640.8204
G1 X78.6465 Y-640.7770
G1 X78.6783 Y-640.7315
G1 X78.7088 Y-640.6840
G1 X78.7382 Y-640.6342
G1 X78.7669 Y-640.5816
G1 X78.7944 Y-640.5263
G1 X78.8208 Y-640.4679
G1 X78.8464 Y-640.4059
G1 X78.8713 Y-640.3403
G1 X78.8954 Y-640.2710
G1 X78.9188 Y-640.1976
G1 X78.9417 Y-640.1196
G1 X78.9638 Y-640.0371
G1 X78.9854 Y-639.9494
G1 X79.0067 Y-639.8567
G1 X79.0275 Y-639.7587
G1 X79.0481 Y-639.6551
G1 X79.0684 Y-639.5453
G1 X79.0885 Y-639.4295
G1 X79.1083 Y-639.3073
G1 X79.1281 Y-639.1783
G1 X79.1479 Y-639.0424
G1 X79.1677 Y-638.8992
G1 X79.1878 Y-638.7488
G1 X79.2079 Y-638.5905
G1 X79.2282 Y-638.4244
G1 X79.2488 Y-638.2499
G1 X79.2696 Y-638.0670
G1 X79.3128 Y-637.6749
G1 X79.3384 Y-637.4318
G1 X79.3620 Y-637.1979
G1 X79.3836 Y-636.9728
G1 X79.4029 Y-636.7564
G1 X79.4202 Y-636.5479
G1 X79.4355 Y-636.3472
G1 X79.4487 Y-636.1539
G1 X79.4596 Y-635.9675
G1 X79.4682 Y-635.7879
G1 X79.4748 Y-635.6147
G1 X79.4791 Y-635.4473
G1 X79.4812 Y-635.2852
G1 X79.4812 Y-635.1288
G1 X79.4786 Y-634.9769
G1 X79.4738 Y-634.8296
G1 X79.4667 Y-634.6863
G1 X79.4570 Y-634.5469
G1 X79.4454 Y-634.4107
G1 X79.4309 Y-634.2776
G1 X79.4144 Y-634.1473
G1 X79.3951 Y-634.0191
G1 X79.3735 Y-633.8931
G1 X79.3496 Y-633.7684
G1 X79.3229 Y-633.6449
G1 X79.2937 Y-633.5222
G1 X79.2622 Y-633.4001
G1 X79.2279 Y-633.2781
G1 X79.1911 Y-633.1557
G1 X79.1517 Y-633.0330
G1 X79.1096 Y-632.9091
G1 X79.0649 Y-632.7839
G1 X79.0176 Y-632.6568
G1 X78.9841 Y-632.5713
G1 X78.9493 Y-632.4877
G1 X78.9132 Y-632.4062
G1 X78.8754 Y-632.3261
G1 X78.8358 Y-632.2474
G1 X78.7941 Y-632.1697
G1 X78.7499 Y-632.0930
G1 X78.7032 Y-632.0168
G1 X78.6534 Y-631.9411
G1 X78.6008 Y-631.8654
G1 X78.5447 Y-631.7897
G1 X78.4850 Y-631.7132
G1 X78.4215 Y-631.6365
G1 X78.3539 Y-631.5588
G1 X78.2820 Y-631.4798
G1 X78.2056 Y-631.3995
G1 X78.1246 Y-631.3178
G1 X78.0382 Y-631.2339
G1 X77.9468 Y-631.1478
G1 X77.8497 Y-631.0597
G1 X77.7471 Y-630.9688
G1 X77.6381 Y-630.8748
G1 X77.5233 Y-630.7780
G1 X77.4017 Y-630.6777
G1 X77.2737 Y-630.5735
G1 X77.1383 Y-630.4658
G1 X76.9960 Y-630.3538
G1 X76.8462 Y-630.2375
G1 X76.6887 Y-630.1166
G1 X76.5233 Y-629.9909
G1 X76.3496 Y-629.8601
G1 X75.9275 Y-629.5438
G1 X75.5772 Y-629.2794
G1 X75.2391 Y-629.0211
G1 X75.1291 Y-628.9363
G1 X74.8066 Y-628.6856
G1 X74.4957 Y-628.4402
G1 X74.1957 Y-628.1999
G1 X73.9069 Y-627.9642
G1 X73.8132 Y-627.8867
G1 X73.6290 Y-627.7333
G1 X73.4494 Y-627.5817
G1 X73.3615 Y-627.5065
G1 X73.1888 Y-627.3574
G1 X73.1042 Y-627.2835
G1 X72.9384 Y-627.1367
G1 X72.7768 Y-626.9916
G1 X72.6978 Y-626.9195
G1 X72.5429 Y-626.7765
G1 X72.3923 Y-626.6348
G1 X72.3184 Y-626.5642
G1 X72.1738 Y-626.4242
G1 X72.0334 Y-626.2853
G1 X71.8970 Y-626.1473
G1 X71.7647 Y-626.0102
G1 X71.6999 Y-625.9419
G1 X71.5731 Y-625.8060
G1 X71.5112 Y-625.7381
G1 X71.4502 Y-625.6706
G1 X71.3311 Y-625.5357
G1 X71.2729 Y-625.4687
G1 X71.2155 Y-625.4016
G1 X71.1591 Y-625.3345
G1 X71.0486 Y-625.2007
G1 X70.9948 Y-625.1341
G1 X70.8899 Y-625.0008
G1 X70.7880 Y-624.8674
G1 X70.7385 Y-624.8009
G1 X70.6417 Y-624.6675
G1 X70.5945 Y-624.6010
G1 X70.5023 Y-624.4676
G1 X70.4134 Y-624.3340
G1 X70.3699 Y-624.2670
G1 X70.2856 Y-624.1329
G1 X70.2445 Y-624.0656
G1 X70.2041 Y-623.9982
G1 X70.1642 Y-623.9307
G1 X70.1253 Y-623.8631
G1 X70.0870 Y-623.7953
G1 X70.0494 Y-623.7272
G1 X70.0126 Y-623.6592
G1 X69.9762 Y-623.5908
G1 X69.9056 Y-623.4537
G1 X69.8713 Y-623.3846
G1 X69.8048 Y-623.2459
G1 X69.7723 Y-623.1763
G1 X69.7405 Y-623.1062
G1 X69.6786 Y-622.9655
G1 X69.6486 Y-622.8946
G1 X69.6191 Y-622.8232
G1 X69.5620 Y-622.6800
G1 X69.5343 Y-622.6078
G1 X69.5071 Y-622.5352
G1 X69.4804 Y-622.4623
G1 X69.4543 Y-622.3892
G1 X69.4286 Y-622.3155
G1 X69.4035 Y-622.2413
G1 X69.3788 Y-622.1669
G1 X69.3547 Y-622.0920
G1 X69.3311 Y-622.0165
G1 X69.2851 Y-621.8646
G1 X69.2412 Y-621.7107
G1 X69.1987 Y-621.5548
G1 X69.1784 Y-621.4760
G1 X69.1385 Y-621.3170
G1 X69.1192 Y-621.2368
G1 X69.0819 Y-621.0744
G1 X69.0639 Y-620.9924
G1 X69.0286 Y-620.8268
G1 X68.9948 Y-620.6584
G1 X68.9785 Y-620.5733
G1 X68.9468 Y-620.4013
G1 X68.9160 Y-620.2266
G1 X68.8812 Y-620.0077
G1 X68.8505 Y-619.7872
G1 X68.8241 Y-619.5647
G1 X68.8017 Y-619.3404
G1 X68.7837 Y-619.1146
G1 X68.7697 Y-618.8875
G1 X68.7598 Y-618.6589
G1 X68.7542 Y-618.4295
G1 X68.7527 Y-618.1989
G1 X68.7550 Y-617.9678
G1 X68.7616 Y-617.7356
G1 X68.7723 Y-617.5032
G1 X68.7870 Y-617.2700
G1 X68.8058 Y-617.0369
G1 X68.8284 Y-616.8034
G1 X68.8553 Y-616.5703
G1 X68.8858 Y-616.3371
G1 X68.9206 Y-616.1042
G1 X68.9592 Y-615.8720
G1 X69.0016 Y-615.6401
G1 X69.0481 Y-615.4090
G1 X69.0982 Y-615.1789
G1 X69.1525 Y-614.9497
G1 X69.2104 Y-614.7219
G1 X69.2721 Y-614.4953
G1 X69.3379 Y-614.2700
G1 X69.4073 Y-614.0465
G1 X69.4804 Y-613.8245
G1 X69.5574 Y-613.6046
G1 X69.6382 Y-613.3866
G1 X69.7225 Y-613.1710
G1 X69.8106 Y-612.9574
G1 X69.8548 Y-612.8542
G1 X69.8995 Y-612.7514
G1 X69.9447 Y-612.6493
G1 X69.9907 Y-612.5479
G1 X70.0372 Y-612.4468
G1 X70.0844 Y-612.3462
G1 X70.1322 Y-612.2459
G1 X70.1807 Y-612.1461
G1 X70.2300 Y-612.0468
G1 X70.2800 Y-611.9477
G1 X70.3308 Y-611.8492
G1 X70.3824 Y-611.7506
G1 X70.4347 Y-611.6526
G1 X70.4878 Y-611.5545
G1 X70.5419 Y-611.4567
G1 X70.5968 Y-611.3592
G1 X70.6524 Y-611.2617
G1 X70.7090 Y-611.1644
G1 X70.7667 Y-611.0671
G1 X70.8254 Y-610.9698
G1 X70.8848 Y-610.8725
G1 X70.9455 Y-610.7753
G1 X71.0070 Y-610.6780
G1 X71.0697 Y-610.5807
G1 X71.1335 Y-610.4832
G1 X71.1982 Y-610.3854
G1 X71.2643 Y-610.2876
G1 X71.3313 Y-610.1895
G1 X71.3994 Y-610.0912
G1 X71.4690 Y-609.9927
G1 X71.5396 Y-609.8936
G1 X71.6115 Y-609.7946
G1 X71.6846 Y-609.6950
G1 X71.7591 Y-609.5949
G1 X71.8348 Y-609.4946
G1 X71.9117 Y-609.3938
G1 X71.9902 Y-609.2924
G1 X72.0700 Y-609.1906
G1 X72.1510 Y-609.0882
G1 X72.2335 Y-608.9851
G1 X72.3176 Y-608.8814
G1 X72.4030 Y-608.7773
G1 X72.5785 Y-608.5667
G1 X72.6684 Y-608.4603
G1 X72.7598 Y-608.3534
G1 X72.9478 Y-608.1365
G1 X73.1418 Y-607.9165
G1 X73.2414 Y-607.8050
G1 X73.4459 Y-607.5792
G1 X73.5505 Y-607.4649
G1 X73.7652 Y-607.2330
G1 X73.8751 Y-607.1154
G1 X73.9872 Y-606.9965
G1 X74.2165 Y-606.7555
G1 X74.4532 Y-606.5096
G1 X75.0331 Y-605.9140
G1 X75.1401 Y-605.8030
G1 X75.3468 Y-605.5871
G1 X75.5442 Y-605.3783
G1 X75.7329 Y-605.1763
G1 X75.9127 Y-604.9810
G1 X76.0842 Y-604.7918
G1 X76.1667 Y-604.6993
G1 X76.3260 Y-604.5190
G1 X76.4774 Y-604.3437
G1 X76.6211 Y-604.1735
G1 X76.6902 Y-604.0900
G1 X76.7575 Y-604.0077
G1 X76.8231 Y-603.9267
G1 X76.8868 Y-603.8464
G1 X76.9488 Y-603.7671
G1 X77.0682 Y-603.6114
G1 X77.1253 Y-603.5347
G1 X77.2348 Y-603.3839
G1 X77.2874 Y-603.3094
G1 X77.3384 Y-603.2358
G1 X77.3880 Y-603.1626
G1 X77.4360 Y-603.0900
G1 X77.4827 Y-603.0181
G1 X77.5282 Y-602.9465
G1 X77.5721 Y-602.8754
G1 X77.6148 Y-602.8047
G1 X77.6562 Y-602.7344
G1 X77.6963 Y-602.6643
G1 X77.7354 Y-602.5944
G1 X77.7733 Y-602.5248
G1 X77.8099 Y-602.4552
G1 X77.8454 Y-602.3859
G1 X77.8800 Y-602.3168
G1 X77.9132 Y-602.2475
G1 X77.9457 Y-602.1784
G1 X77.9772 Y-602.1090
G1 X78.0372 Y-601.9701
G1 X78.0936 Y-601.8304
G1 X78.1202 Y-601.7600
G1 X78.1464 Y-601.6894
G1 X78.1718 Y-601.6186
G1 X78.1964 Y-601.5469
G1 X78.2203 Y-601.4753
G1 X78.2434 Y-601.4029
G1 X78.2660 Y-601.3300
G1 X78.2881 Y-601.2564
G1 X78.3095 Y-601.1824
G1 X78.3303 Y-601.1075
G1 X78.3504 Y-601.0318
G1 X78.3814 Y-600.9035
G1 X78.4093 Y-600.7644
G1 X78.4344 Y-600.6147
G1 X78.4565 Y-600.4555
G1 X78.4761 Y-600.2876
G1 X78.4926 Y-600.1111
G1 X78.5066 Y-599.9269
G1 X78.5177 Y-599.7359
G1 X78.5261 Y-599.5386
G1 X78.5317 Y-599.3354
G1 X78.5350 Y-599.1273
G1 X78.5355 Y-598.9150
G1 X78.5335 Y-598.6986
G1 X78.5287 Y-598.4794
G1 X78.5216 Y-598.2576
G1 X78.5122 Y-598.0344
G1 X78.5000 Y-597.8098
G1 X78.4855 Y-597.5848
G1 X78.4687 Y-597.3600
G1 X78.4497 Y-597.1362
G1 X78.4281 Y-596.9140
G1 X78.4042 Y-596.6938
G1 X78.3783 Y-596.4763
G1 X78.3501 Y-596.2625
G1 X78.3196 Y-596.0527
G1 X78.2869 Y-595.8479
G1 X78.2521 Y-595.6483
G1 X78.2152 Y-595.4550
G1 X78.1764 Y-595.2686
G1 X78.1355 Y-595.0892
G1 X78.0926 Y-594.9183
G1 X78.0476 Y-594.7557
G1 X77.9678 Y-594.5500
G1 X77.8492 Y-594.3290
G1 X77.7080 Y-594.1200
G1 X77.5602 Y-593.9488
G1 X77.4484 Y-593.8426
G1 X77.3511 Y-593.7616
G1 X77.2594 Y-593.7034
G1 X77.1652 Y-593.6653
; Retract
G1 Z2.5400 F2540

; Path 16
; Rapid to initial position
G1 X51.9166 Y-593.3775 F2540
G1 Z0.0000
; plunge
G1 Z-3.1750 F127
; cut
G1 X48.3657 Y-593.4278 F1016
G1 X47.6570 Y-593.4382
G1 X46.9311 Y-593.4509
G1 X46.3258 Y-593.4647
G1 X45.9814 Y-593.4751
G1 X45.8249 Y-593.4807
G1 X45.6783 Y-593.4867
G1 X45.4757 Y-593.4967
G1 X45.3509 Y-593.5038
G1 X45.1782 Y-593.5154
G1 X45.0715 Y-593.5241
G1 X44.9232 Y-593.5381
G1 X44.8310 Y-593.5482
G1 X44.7436 Y-593.5591
G1 X44.6601 Y-593.5708
G1 X44.5803 Y-593.5833
G1 X44.5033 Y-593.5967
G1 X44.4287 Y-593.6110
G1 X44.3555 Y-593.6262
G1 X44.2836 Y-593.6424
G1 X44.1767 Y-593.6686
G1 X44.0319 Y-593.7075
G1 X43.9196 Y-593.7397
G1 X43.7269 Y-593.7984
G1 X43.5470 Y-593.8583
G1 X43.3794 Y-593.9193
G1 X43.2237 Y-593.9820
G1 X43.0799 Y-594.0463
G1 X42.9478 Y-594.1123
G1 X42.8267 Y-594.1807
G1 X42.7165 Y-594.2513
G1 X42.6166 Y-594.3247
G1 X42.5272 Y-594.4006
G1 X42.4477 Y-594.4796
G1 X42.3779 Y-594.5617
G1 X42.3172 Y-594.6473
G1 X42.2656 Y-594.7364
G1 X42.2229 Y-594.8291
G1 X42.1884 Y-594.9262
G1 X42.1726 Y-594.9749
G1 X42.1559 Y-595.0222
G1 X42.1376 Y-595.0682
G1 X42.1183 Y-595.1123
G1 X42.0980 Y-595.1553
G1 X42.0759 Y-595.1969
G1 X42.0527 Y-595.2371
G1 X42.0281 Y-595.2757
G1 X42.0022 Y-595.3128
G1 X41.9748 Y-595.3486
G1 X41.9458 Y-595.3829
G1 X41.9153 Y-595.4159
G1 X41.8833 Y-595.4474
G1 X41.8498 Y-595.4776
G1 X41.8145 Y-595.5063
G1 X41.7777 Y-595.5335
G1 X41.7391 Y-595.5594
G1 X41.6987 Y-595.5838
G1 X41.6568 Y-595.6069
G1 X41.6128 Y-595.6285
G1 X41.5668 Y-595.6485
G1 X41.5193 Y-595.6673
G1 X41.4696 Y-595.6849
G1 X41.4180 Y-595.7009
G1 X41.3647 Y-595.7156
G1 X41.3090 Y-595.7288
G1 X41.2514 Y-595.7407
G1 X41.1914 Y-595.7512
G1 X41.1295 Y-595.7600
G1 X41.0654 Y-595.7679
G1 X40.9992 Y-595.7743
G1 X40.9306 Y-595.7791
G1 X40.8597 Y-595.7827
G1 X40.7866 Y-595.7849
G1 X40.7109 Y-595.7857
G1 X40.6329 Y-595.7852
G1 X40.5526 Y-595.7832
G1 X40.4696 Y-595.7799
G1 X40.3842 Y-595.7753
G1 X40.2963 Y-595.7692
G1 X40.2057 Y-595.7618
G1 X40.1127 Y-595.7532
G1 X40.0167 Y-595.7430
G1 X39.9184 Y-595.7316
G1 X39.8170 Y-595.7189
G1 X39.7129 Y-595.7047
G1 X39.6062 Y-595.6892
G1 X39.4965 Y-595.6724
G1 X39.2684 Y-595.6348
G1 X39.1500 Y-595.6140
G1 X38.9042 Y-595.5683
G1 X38.7767 Y-595.5434
G1 X38.6461 Y-595.5172
G1 X38.5125 Y-595.4898
G1 X38.2354 Y-595.4309
G1 X38.0919 Y-595.3994
G1 X37.9453 Y-595.3666
G1 X37.7955 Y-595.3326
G1 X37.4853 Y-595.2604
G1 X32.8493 Y-594.1568
G1 X32.6177 Y-594.1027
G1 X32.3853 Y-594.0499
G1 X32.1539 Y-593.9988
G1 X31.9245 Y-593.9495
G1 X31.6992 Y-593.9025
G1 X31.4790 Y-593.8581
G1 X31.2659 Y-593.8164
G1 X31.0609 Y-593.7778
G1 X30.8658 Y-593.7425
G1 X30.6822 Y-593.7108
G1 X30.5115 Y-593.6831
G1 X30.3550 Y-593.6595
G1 X30.2146 Y-593.6404
G1 X30.0916 Y-593.6259
G1 X29.9875 Y-593.6165
G1 X29.9039 Y-593.6125
G1 X29.6931 Y-593.6107
G1 X29.5222 Y-593.6153
G1 X29.3842 Y-593.6287
G1 X29.2715 Y-593.6531
G1 X29.1772 Y-593.6905
G1 X29.0937 Y-593.7430
G1 X29.0139 Y-593.8131
G1 X28.9303 Y-593.9028
G1 X28.9105 Y-593.9259
G1 X28.8912 Y-593.9498
G1 X28.8722 Y-593.9742
G1 X28.8539 Y-593.9991
G1 X28.8359 Y-594.0247
G1 X28.8181 Y-594.0511
G1 X28.8011 Y-594.0783
G1 X28.7843 Y-594.1063
G1 X28.7680 Y-594.1352
G1 X28.7523 Y-594.1649
G1 X28.7368 Y-594.1954
G1 X28.7218 Y-594.2272
G1 X28.7073 Y-594.2597
G1 X28.6931 Y-594.2935
G1 X28.6794 Y-594.3280
G1 X28.6659 Y-594.3641
G1 X28.6530 Y-594.4009
G1 X28.6405 Y-594.4392
G1 X28.6283 Y-594.4786
G1 X28.6164 Y-594.5195
G1 X28.6050 Y-594.5614
G1 X28.5938 Y-594.6049
G1 X28.5831 Y-594.6498
G1 X28.5727 Y-594.6960
G1 X28.5532 Y-594.7933
G1 X28.5438 Y-594.8441
G1 X28.5346 Y-594.8967
G1 X28.5260 Y-594.9508
G1 X28.5176 Y-595.0067
G1 X28.5097 Y-595.0643
G1 X28.4945 Y-595.1847
G1 X28.4874 Y-595.2477
G1 X28.4742 Y-595.3796
G1 X28.4620 Y-595.5190
G1 X28.4564 Y-595.5919
G1 X28.4460 Y-595.7440
G1 X28.4366 Y-595.9048
G1 X28.4282 Y-596.0745
G1 X28.4208 Y-596.2536
G1 X28.4114 Y-596.5406
G1 X28.4041 Y-596.8502
G1 X28.4002 Y-597.0699
G1 X28.3959 Y-597.4199
G1 X28.3931 Y-597.7959
G1 X28.3919 Y-598.1984
G1 X28.3921 Y-598.6092
G1 X28.3942 Y-598.9952
G1 X28.3964 Y-599.2396
G1 X28.4015 Y-599.5873
G1 X28.4061 Y-599.8073
G1 X28.4114 Y-600.0178
G1 X28.4178 Y-600.2195
G1 X28.4254 Y-600.4128
G1 X28.4338 Y-600.5977
G1 X28.4432 Y-600.7748
G1 X28.4538 Y-600.9444
G1 X28.4597 Y-601.0265
G1 X28.4721 Y-601.1852
G1 X28.4856 Y-601.3371
G1 X28.5006 Y-601.4829
G1 X28.5166 Y-601.6224
G1 X28.5252 Y-601.6899
G1 X28.5433 Y-601.8210
G1 X28.5529 Y-601.8845
G1 X28.5730 Y-602.0077
G1 X28.5946 Y-602.1260
G1 X28.6060 Y-602.1837
G1 X28.6296 Y-602.2955
G1 X28.6550 Y-602.4034
G1 X28.6682 Y-602.4560
G1 X28.6819 Y-602.5078
G1 X28.6959 Y-602.5586
G1 X28.7104 Y-602.6089
G1 X28.7251 Y-602.6582
G1 X28.7558 Y-602.7550
G1 X28.7719 Y-602.8022
G1 X28.7884 Y-602.8492
G1 X28.8226 Y-602.9411
G1 X28.8404 Y-602.9866
G1 X28.8587 Y-603.0316
G1 X28.8963 Y-603.1205
G1 X28.9159 Y-603.1644
G1 X28.9359 Y-603.2081
G1 X28.9977 Y-603.3348
G1 X29.0604 Y-603.4507
G1 X29.1254 Y-603.5561
G1 X29.1937 Y-603.6518
G1 X29.2661 Y-603.7384
G1 X29.3441 Y-603.8167
G1 X29.4284 Y-603.8873
G1 X29.5204 Y-603.9510
G1 X29.6210 Y-604.0082
G1 X29.7315 Y-604.0600
G1 X29.8526 Y-604.1065
G1 X29.9860 Y-604.1492
G1 X30.1320 Y-604.1880
G1 X30.2923 Y-604.2238
G1 X30.4678 Y-604.2576
G1 X30.6598 Y-604.2899
G1 X30.7525 Y-604.3061
G1 X30.8480 Y-604.3262
G1 X30.9463 Y-604.3501
G1 X31.0472 Y-604.3773
G1 X31.1506 Y-604.4082
G1 X31.2562 Y-604.4425
G1 X31.3642 Y-604.4801
G1 X31.4744 Y-604.5210
G1 X31.5867 Y-604.5652
G1 X31.7010 Y-604.6125
G1 X31.8173 Y-604.6630
G1 X31.9352 Y-604.7163
G1 X32.0551 Y-604.7727
G1 X32.1765 Y-604.8319
G1 X32.2991 Y-604.8939
G1 X32.4236 Y-604.9589
G1 X32.5491 Y-605.0262
G1 X32.6761 Y-605.0963
G1 X32.8041 Y-605.1687
G1 X32.9331 Y-605.2439
G1 X33.0632 Y-605.3211
G1 X33.1940 Y-605.4009
G1 X33.3256 Y-605.4829
G1 X33.4579 Y-605.5670
G1 X33.5907 Y-605.6531
G1 X33.7241 Y-605.7412
G1 X33.8579 Y-605.8314
G1 X33.9918 Y-605.9234
G1 X34.1259 Y-606.0173
G1 X34.2603 Y-606.1128
G1 X34.3946 Y-606.2101
G1 X34.5288 Y-606.3089
G1 X34.6626 Y-606.4093
G1 X34.7965 Y-606.5111
G1 X34.9296 Y-606.6142
G1 X35.0624 Y-606.7189
G1 X35.1947 Y-606.8245
G1 X35.3263 Y-606.9315
G1 X35.4571 Y-607.0394
G1 X35.5869 Y-607.1486
G1 X35.7160 Y-607.2586
G1 X35.8440 Y-607.3694
G1 X35.9707 Y-607.4811
G1 X36.0962 Y-607.5937
G1 X36.2201 Y-607.7067
G1 X36.3431 Y-607.8205
G1 X36.4642 Y-607.9345
G1 X36.5836 Y-608.0493
G1 X36.7015 Y-608.1644
G1 X36.8176 Y-608.2800
G1 X36.9316 Y-608.3955
G1 X37.0436 Y-608.5114
G1 X37.1536 Y-608.6272
G1 X37.2615 Y-608.7433
G1 X37.3670 Y-608.8591
G1 X37.4701 Y-608.9749
G1 X37.5707 Y-609.0907
G1 X37.6685 Y-609.2060
G1 X37.7640 Y-609.3211
G1 X37.8564 Y-609.4357
G1 X37.9461 Y-609.5500
G1 X38.0327 Y-609.6635
G1 X38.1163 Y-609.7768
G1 X38.1968 Y-609.8891
G1 X38.2770 Y-610.0041
G1 X38.3560 Y-610.1194
G1 X38.4335 Y-610.2350
G1 X38.5097 Y-610.3508
G1 X38.5846 Y-610.4669
G1 X38.6583 Y-610.5832
G1 X38.7304 Y-610.6998
G1 X38.8013 Y-610.8167
G1 X38.8709 Y-610.9340
G1 X38.9392 Y-611.0514
G1 X39.0063 Y-611.1692
G1 X39.0721 Y-611.2876
G1 X39.1363 Y-611.4059
G1 X39.1993 Y-611.5248
G1 X39.2610 Y-611.6439
G1 X39.3215 Y-611.7636
G1 X39.3807 Y-611.8835
G1 X39.4386 Y-612.0036
G1 X39.4952 Y-612.1243
G1 X39.5506 Y-612.2454
G1 X39.6044 Y-612.3668
G1 X39.6573 Y-612.4885
G1 X39.7086 Y-612.6109
G1 X39.7589 Y-612.7333
G1 X39.8076 Y-612.8565
G1 X39.8551 Y-612.9800
G1 X39.9016 Y-613.1039
G1 X39.9466 Y-613.2284
G1 X39.9903 Y-613.3534
G1 X40.0329 Y-613.4786
G1 X40.0741 Y-613.6046
G1 X40.1142 Y-613.7308
G1 X40.1528 Y-613.8575
G1 X40.1904 Y-613.9848
G1 X40.2265 Y-614.1126
G1 X40.2615 Y-614.2408
G1 X40.2953 Y-614.3696
G1 X40.3278 Y-614.4992
G1 X40.3591 Y-614.6289
G1 X40.3890 Y-614.7595
G1 X40.4177 Y-614.8903
G1 X40.4452 Y-615.0219
G1 X40.4716 Y-615.1542
G1 X40.4967 Y-615.2868
G1 X40.5204 Y-615.4202
G1 X40.5430 Y-615.5540
G1 X40.5646 Y-615.6886
G1 X40.5846 Y-615.8238
G1 X40.6037 Y-615.9594
G1 X40.6212 Y-616.0958
G1 X40.6377 Y-616.2327
G1 X40.6532 Y-616.3704
G1 X40.6672 Y-616.5085
G1 X40.6801 Y-616.6475
G1 X40.6918 Y-616.7872
G1 X40.7022 Y-616.9274
G1 X40.7116 Y-617.0684
G1 X40.7198 Y-617.2101
G1 X40.7266 Y-617.3526
G1 X40.7322 Y-617.4956
G1 X40.7368 Y-617.6394
G1 X40.7401 Y-617.7839
G1 X40.7424 Y-617.9292
G1 X40.7434 Y-618.0752
G1 X40.7434 Y-618.2467
G1 X40.7424 Y-618.4138
G1 X40.7403 Y-618.5766
G1 X40.7373 Y-618.7356
G1 X40.7330 Y-618.8908
G1 X40.7276 Y-619.0425
G1 X40.7213 Y-619.1908
G1 X40.7137 Y-619.3363
G1 X40.7048 Y-619.4793
G1 X40.6946 Y-619.6195
G1 X40.6832 Y-619.7577
G1 X40.6702 Y-619.8939
G1 X40.6560 Y-620.0282
G1 X40.6403 Y-620.1613
G1 X40.6232 Y-620.2929
G1 X40.6047 Y-620.4237
G1 X40.5844 Y-620.5538
G1 X40.5628 Y-620.6833
G1 X40.5394 Y-620.8128
G1 X40.5145 Y-620.9421
G1 X40.4879 Y-621.0719
G1 X40.4594 Y-621.2020
G1 X40.4292 Y-621.3330
G1 X40.3974 Y-621.4651
G1 X40.3636 Y-621.5985
G1 X40.3278 Y-621.7333
G1 X40.2905 Y-621.8697
G1 X40.2509 Y-622.0084
G1 X40.2095 Y-622.1494
G1 X40.1660 Y-622.2929
G1 X40.1203 Y-622.4392
G1 X40.0728 Y-622.5883
G1 X40.0078 Y-622.7854
G1 X39.9410 Y-622.9800
G1 X39.8724 Y-623.1722
G1 X39.8018 Y-623.3622
G1 X39.7294 Y-623.5497
G1 X39.6550 Y-623.7351
G1 X39.5788 Y-623.9180
G1 X39.5006 Y-624.0986
G1 X39.4205 Y-624.2769
G1 X39.3385 Y-624.4529
G1 X39.2544 Y-624.6264
G1 X39.1686 Y-624.7978
G1 X39.0807 Y-624.9670
G1 X38.9908 Y-625.1336
G1 X38.8991 Y-625.2982
G1 X38.8051 Y-625.4605
G1 X38.7093 Y-625.6205
G1 X38.6118 Y-625.7783
G1 X38.5120 Y-625.9340
G1 X38.4101 Y-626.0871
G1 X38.3065 Y-626.2383
G1 X38.2006 Y-626.3871
G1 X38.0929 Y-626.5337
G1 X37.9832 Y-626.6779
G1 X37.8711 Y-626.8202
G1 X37.7574 Y-626.9601
G1 X37.6415 Y-627.0981
G1 X37.5234 Y-627.2337
G1 X37.4033 Y-627.3670
G1 X37.2811 Y-627.4984
G1 X37.1569 Y-627.6277
G1 X37.0307 Y-627.7544
G1 X36.9024 Y-627.8794
G1 X36.7718 Y-628.0020
G1 X36.6392 Y-628.1224
G1 X36.5046 Y-628.2411
G1 X36.3677 Y-628.3571
G1 X36.2288 Y-628.4714
G1 X36.0876 Y-628.5835
G1 X35.9446 Y-628.6934
G1 X35.7990 Y-628.8014
G1 X35.6514 Y-628.9070
G1 X35.5018 Y-629.0109
G1 X35.3499 Y-629.1125
G1 X35.1960 Y-629.2121
G1 X35.0398 Y-629.3096
G1 X34.8813 Y-629.4049
G1 X34.7208 Y-629.4984
G1 X34.5580 Y-629.5898
G1 X34.3929 Y-629.6792
G1 X34.2257 Y-629.7663
G1 X34.0563 Y-629.8517
G1 X33.8846 Y-629.9350
G1 X33.7106 Y-630.0163
G1 X33.5346 Y-630.0955
G1 X33.3560 Y-630.1730
G1 X33.1754 Y-630.2482
G1 X32.9923 Y-630.3216
G1 X32.8071 Y-630.3929
G1 X32.6197 Y-630.4623
G1 X32.4300 Y-630.5299
G1 X32.2379 Y-630.5954
G1 X32.0434 Y-630.6589
G1 X31.7050 Y-630.7648
G1 X31.5631 Y-630.8103
G1 X31.4218 Y-630.8573
G1 X31.2824 Y-630.9048
G1 X31.1457 Y-630.9528
G1 X31.0124 Y-631.0008
G1 X30.8834 Y-631.0485
G1 X30.7599 Y-631.0958
G1 X30.6426 Y-631.1420
G1 X30.5323 Y-631.1867
G1 X30.4302 Y-631.2299
G1 X30.3370 Y-631.2710
G1 X30.2537 Y-631.3096
G1 X30.1813 Y-631.3454
G1 X30.1206 Y-631.3785
G1 X30.0723 Y-631.4077
G1 X29.9895 Y-631.4651
G1 X29.9105 Y-631.5250
G1 X29.8351 Y-631.5880
G1 X29.7635 Y-631.6538
G1 X29.6956 Y-631.7226
G1 X29.6311 Y-631.7948
G1 X29.5704 Y-631.8702
G1 X29.5133 Y-631.9495
G1 X29.4594 Y-632.0323
G1 X29.4094 Y-632.1189
G1 X29.3624 Y-632.2096
G1 X29.3192 Y-632.3046
G1 X29.2791 Y-632.4036
G1 X29.2423 Y-632.5072
G1 X29.2090 Y-632.6154
G1 X29.1788 Y-632.7285
G1 X29.1518 Y-632.8463
G1 X29.1280 Y-632.9693
G1 X29.1074 Y-633.0975
G1 X29.0899 Y-633.2309
G1 X29.0754 Y-633.3698
G1 X29.0639 Y-633.5146
G1 X29.0556 Y-633.6650
G1 X29.0500 Y-633.8214
G1 X29.0474 Y-633.9837
G1 X29.0479 Y-634.1527
G1 X29.0510 Y-634.3277
G1 X29.0568 Y-634.5095
G1 X29.0657 Y-634.6977
G1 X29.0772 Y-634.8931
G1 X29.0914 Y-635.0952
G1 X29.1081 Y-635.3045
G1 X29.4422 Y-639.2763
G1 X29.4615 Y-639.4973
G1 X29.4808 Y-639.7120
G1 X29.5184 Y-640.1166
G1 X29.5366 Y-640.3043
G1 X29.5544 Y-640.4808
G1 X29.5880 Y-640.7953
G1 X29.6032 Y-640.9306
G1 X29.6177 Y-641.0500
G1 X29.6309 Y-641.1524
G1 X29.6426 Y-641.2362
G1 X29.6530 Y-641.3002
G1 X29.6619 Y-641.3437
G1 X29.6692 Y-641.3650
G1 X29.7030 Y-641.3947
G1 X29.7624 Y-641.4188
G1 X29.8453 Y-641.4374
G1 X29.9491 Y-641.4503
G1 X30.0718 Y-641.4582
G1 X30.2118 Y-641.4610
G1 X30.3665 Y-641.4585
G1 X30.5336 Y-641.4511
G1 X30.7111 Y-641.4392
G1 X30.8973 Y-641.4221
G1 X31.0896 Y-641.4008
G1 X31.2859 Y-641.3751
G1 X31.4841 Y-641.3449
G1 X31.6822 Y-641.3106
G1 X31.8780 Y-641.2720
G1 X32.0690 Y-641.2299
G1 X32.1803 Y-641.2027
G1 X32.3106 Y-641.1692
G1 X32.4584 Y-641.1298
G1 X32.6220 Y-641.0851
G1 X32.7998 Y-641.0355
G1 X32.9903 Y-640.9814
G1 X33.1917 Y-640.9235
G1 X33.4025 Y-640.8621
G1 X33.6212 Y-640.7976
G1 X34.0751 Y-640.6617
G1 X34.3073 Y-640.5910
G1 X34.5407 Y-640.5192
G1 X34.7736 Y-640.4468
G1 X35.0048 Y-640.3744
G1 X35.4457 Y-640.2342
G1 X35.8590 Y-640.1041
G1 X36.2537 Y-639.9820
G1 X36.6304 Y-639.8674
G1 X36.8120 Y-639.8130
G1 X36.9893 Y-639.7607
G1 X37.1625 Y-639.7104
G1 X37.3314 Y-639.6619
G1 X37.4960 Y-639.6152
G1 X37.6568 Y-639.5705
G1 X37.8135 Y-639.5278
G1 X37.9661 Y-639.4869
G1 X38.1152 Y-639.4478
G1 X38.2603 Y-639.4107
G1 X38.4015 Y-639.3754
G1 X38.5392 Y-639.3421
G1 X38.6733 Y-639.3106
G1 X38.8038 Y-639.2809
G1 X38.9308 Y-639.2532
G1 X39.0545 Y-639.2273
G1 X39.1747 Y-639.2032
G1 X39.2918 Y-639.1808
G1 X39.4056 Y-639.1605
G1 X39.5160 Y-639.1420
G1 X39.6235 Y-639.1252
G1 X39.7281 Y-639.1102
G1 X39.8295 Y-639.0970
G1 X39.9280 Y-639.0858
G1 X40.0238 Y-639.0762
G1 X40.1168 Y-639.0686
G1 X40.2072 Y-639.0625
G1 X40.2948 Y-639.0584
G1 X40.3796 Y-639.0559
G1 X40.4622 Y-639.0554
G1 X40.5422 Y-639.0564
G1 X40.6199 Y-639.0594
G1 X40.6954 Y-639.0640
G1 X40.7685 Y-639.0703
G1 X40.8394 Y-639.0785
G1 X40.9082 Y-639.0884
G1 X40.9750 Y-639.0998
G1 X41.0395 Y-639.1133
G1 X41.1023 Y-639.1283
G1 X41.1632 Y-639.1450
G1 X41.2224 Y-639.1633
G1 X41.2798 Y-639.1834
G1 X41.3355 Y-639.2052
G1 X41.3896 Y-639.2288
G1 X41.4421 Y-639.2540
G1 X41.4932 Y-639.2807
G1 X41.5427 Y-639.3094
G1 X41.5910 Y-639.3396
G1 X41.6380 Y-639.3713
G1 X41.6837 Y-639.4049
G1 X41.7284 Y-639.4399
G1 X41.7718 Y-639.4768
G1 X41.8142 Y-639.5151
G1 X41.8559 Y-639.5550
G1 X41.8965 Y-639.5966
G1 X41.9362 Y-639.6401
G1 X42.0152 Y-639.7307
G1 X42.0563 Y-639.7760
G1 X42.0987 Y-639.8199
G1 X42.1427 Y-639.8631
G1 X42.1876 Y-639.9050
G1 X42.2344 Y-639.9464
G1 X42.2824 Y-639.9865
G1 X42.3319 Y-640.0259
G1 X42.3829 Y-640.0643
G1 X42.4355 Y-640.1016
G1 X42.4899 Y-640.1382
G1 X42.5458 Y-640.1740
G1 X42.6037 Y-640.2085
G1 X42.6631 Y-640.2426
G1 X42.7243 Y-640.2756
G1 X42.7873 Y-640.3076
G1 X42.8523 Y-640.3391
G1 X42.9194 Y-640.3693
G1 X42.9882 Y-640.3990
G1 X43.0591 Y-640.4277
G1 X43.1320 Y-640.4557
G1 X43.2072 Y-640.4828
G1 X43.2844 Y-640.5093
G1 X43.3639 Y-640.5347
G1 X43.4454 Y-640.5593
G1 X43.5292 Y-640.5834
G1 X43.6156 Y-640.6065
G1 X43.7043 Y-640.6289
G1 X43.7952 Y-640.6505
G1 X43.8887 Y-640.6713
G1 X43.9847 Y-640.6916
G1 X44.0830 Y-640.7109
G1 X44.1841 Y-640.7297
G1 X44.2877 Y-640.7475
G1 X44.3941 Y-640.7648
G1 X44.5031 Y-640.7815
G1 X44.6148 Y-640.7973
G1 X44.7297 Y-640.8125
G1 X44.8470 Y-640.8270
G1 X44.9671 Y-640.8407
G1 X45.0903 Y-640.8539
G1 X45.2166 Y-640.8664
G1 X45.3459 Y-640.8783
G1 X45.4779 Y-640.8895
G1 X45.6133 Y-640.9002
G1 X45.7518 Y-640.9101
G1 X45.8935 Y-640.9195
G1 X46.0383 Y-640.9284
G1 X46.1863 Y-640.9365
G1 X46.3377 Y-640.9441
G1 X46.4927 Y-640.9512
G1 X46.6507 Y-640.9576
G1 X46.8125 Y-640.9634
G1 X46.9773 Y-640.9687
G1 X47.1460 Y-640.9736
G1 X47.3182 Y-640.9779
G1 X47.6733 Y-640.9847
G1 X48.0433 Y-640.9896
G1 X48.4284 Y-640.9924
G1 X48.6268 Y-640.9931
G1 X51.9166 Y-640.9934
G1 X51.9166 Y-593.3775
G1 X51.9166 Y-593.3775
; Retract
G1 Z2.5400 F2540

; Path 17
; Rapid to initial position
G1 X22.6868 Y-596.2472 F2540
G1 Z0.0000
; plunge
G1 Z-3.1750 F127
; cut
G1 X22.6672 Y-596.0506 F1016
G1 X22.6461 Y-595.8578
G1 X22.6233 Y-595.6691
G1 X22.5986 Y-595.4850
G1 X22.5727 Y-595.3059
G1 X22.5450 Y-595.1324
G1 X22.5161 Y-594.9650
G1 X22.4859 Y-594.8042
G1 X22.4541 Y-594.6503
G1 X22.4213 Y-594.5040
G1 X22.3873 Y-594.3658
G1 X22.3520 Y-594.2360
G1 X22.3159 Y-594.1151
G1 X22.2786 Y-594.0039
G1 X22.2405 Y-593.9025
G1 X22.2014 Y-593.8119
G1 X22.1618 Y-593.7319
G1 X22.1211 Y-593.6633
G1 X22.0797 Y-593.6069
G1 X22.0091 Y-593.5243
G1 X21.9459 Y-593.4636
G1 X21.8824 Y-593.4238
G1 X21.8105 Y-593.4032
G1 X21.7226 Y-593.4009
G1 X21.7226 Y-593.4009
G1 X21.6108 Y-593.4161
G1 X21.4671 Y-593.4474
G1 X21.2837 Y-593.4936
G1 X21.2204 Y-593.5106
G1 X21.1516 Y-593.5307
G1 X21.0772 Y-593.5535
G1 X20.9972 Y-593.5789
G1 X20.9121 Y-593.6074
G1 X20.8219 Y-593.6381
G1 X20.7269 Y-593.6717
G1 X20.6271 Y-593.7075
G1 X20.5229 Y-593.7456
G1 X20.4145 Y-593.7860
G1 X20.1849 Y-593.8733
G1 X20.0645 Y-593.9203
G1 X19.8128 Y-594.0196
G1 X19.5481 Y-594.1263
G1 X19.2717 Y-594.2396
G1 X18.9852 Y-594.3587
G1 X18.8384 Y-594.4205
G1 X18.5392 Y-594.5472
G1 X18.0785 Y-594.7456
G1 X17.6075 Y-594.9516
G1 X17.2900 Y-595.0923
G1 X16.9718 Y-595.2345
G1 X16.6540 Y-595.3783
G1 X16.3380 Y-595.5223
G1 X16.0254 Y-595.6666
G1 X15.7175 Y-595.8098
G1 X15.4158 Y-595.9518
G1 X15.2677 Y-596.0222
G1 X14.9779 Y-596.1611
G1 X14.6975 Y-596.2970
G1 X14.4285 Y-596.4296
G1 X14.1719 Y-596.5576
G1 X13.9294 Y-596.6811
G1 X13.8138 Y-596.7407
G1 X13.5948 Y-596.8558
G1 X13.3934 Y-596.9643
G1 X13.2110 Y-597.0659
G1 X13.1275 Y-597.1139
G1 X13.0490 Y-597.1598
G1 X12.9324 Y-597.2294
G1 X12.8161 Y-597.3003
G1 X12.7003 Y-597.3719
G1 X12.5847 Y-597.4446
G1 X12.4694 Y-597.5180
G1 X12.3546 Y-597.5927
G1 X12.2398 Y-597.6681
G1 X12.1257 Y-597.7443
G1 X12.0117 Y-597.8215
G1 X11.8981 Y-597.8997
G1 X11.7848 Y-597.9790
G1 X11.6721 Y-598.0590
G1 X11.5595 Y-598.1398
G1 X11.4475 Y-598.2216
G1 X11.3358 Y-598.3044
G1 X11.2245 Y-598.3879
G1 X11.1135 Y-598.4723
G1 X11.0028 Y-598.5576
G1 X10.8928 Y-598.6437
G1 X10.7831 Y-598.7306
G1 X10.6736 Y-598.8185
G1 X10.5646 Y-598.9071
G1 X10.4562 Y-598.9965
G1 X10.3480 Y-599.0867
G1 X10.2403 Y-599.1779
G1 X10.1331 Y-599.2698
G1 X10.0264 Y-599.3625
G1 X9.9200 Y-599.4560
G1 X9.8141 Y-599.5502
G1 X9.7086 Y-599.6452
G1 X9.6035 Y-599.7410
G1 X9.4991 Y-599.8378
G1 X9.3950 Y-599.9350
G1 X9.2913 Y-600.0331
G1 X9.1882 Y-600.1319
G1 X9.0856 Y-600.2315
G1 X8.9835 Y-600.3318
G1 X8.8819 Y-600.4329
G1 X8.7805 Y-600.5345
G1 X8.6799 Y-600.6371
G1 X8.5799 Y-600.7402
G1 X8.4800 Y-600.8441
G1 X8.3810 Y-600.9485
G1 X8.2824 Y-601.0537
G1 X8.1844 Y-601.1596
G1 X8.0869 Y-601.2663
G1 X7.9898 Y-601.3734
G1 X7.8933 Y-601.4814
G1 X7.7975 Y-601.5899
G1 X7.7023 Y-601.6991
G1 X7.6073 Y-601.8088
G1 X7.5131 Y-601.9193
G1 X7.4196 Y-602.0303
G1 X7.3264 Y-602.1421
G1 X7.2339 Y-602.2543
G1 X7.1420 Y-602.3671
G1 X7.0508 Y-602.4806
G1 X6.9599 Y-602.5947
G1 X6.8699 Y-602.7092
G1 X6.7803 Y-602.8243
G1 X6.6914 Y-602.9401
G1 X6.6030 Y-603.0565
G1 X6.5154 Y-603.1733
G1 X6.4282 Y-603.2909
G1 X6.3419 Y-603.4087
G1 X6.2560 Y-603.5274
G1 X6.1709 Y-603.6462
G1 X6.0863 Y-603.7659
G1 X6.0025 Y-603.8858
G1 X5.9192 Y-604.0064
G1 X5.8367 Y-604.1273
G1 X5.7549 Y-604.2490
G1 X5.6736 Y-604.3709
G1 X5.5931 Y-604.4936
G1 X5.5133 Y-604.6165
G1 X5.4341 Y-604.7400
G1 X5.3556 Y-604.8639
G1 X5.2779 Y-604.9881
G1 X5.2006 Y-605.1128
G1 X5.1242 Y-605.2381
G1 X5.0485 Y-605.3638
G1 X4.9736 Y-605.4898
G1 X4.8994 Y-605.6163
G1 X4.8257 Y-605.7433
G1 X4.7531 Y-605.8705
G1 X4.6810 Y-605.9983
G1 X4.6096 Y-606.1263
G1 X4.5390 Y-606.2548
G1 X4.4691 Y-606.3836
G1 X4.4003 Y-606.5129
G1 X4.3320 Y-606.6424
G1 X4.2644 Y-606.7722
G1 X4.1976 Y-606.9025
G1 X4.1316 Y-607.0331
G1 X4.0663 Y-607.1641
G1 X4.0020 Y-607.2955
G1 X3.9383 Y-607.4270
G1 X3.8755 Y-607.5589
G1 X3.8133 Y-607.6909
G1 X3.7521 Y-607.8235
G1 X3.6916 Y-607.9564
G1 X3.6322 Y-608.0895
G1 X3.5733 Y-608.2228
G1 X3.5154 Y-608.3564
G1 X3.4582 Y-608.4903
G1 X3.4018 Y-608.6244
G1 X3.3464 Y-608.7590
G1 X3.2918 Y-608.8936
G1 X3.2380 Y-609.0285
G1 X3.1852 Y-609.1636
G1 X3.1331 Y-609.2990
G1 X3.0818 Y-609.4344
G1 X3.0315 Y-609.5703
G1 X2.9822 Y-609.7062
G1 X2.9337 Y-609.8423
G1 X2.8859 Y-609.9787
G1 X2.8392 Y-610.1154
G1 X2.7932 Y-610.2520
G1 X2.7483 Y-610.3889
G1 X2.7041 Y-610.5261
G1 X2.6609 Y-610.6632
G1 X2.6187 Y-610.8007
G1 X2.5773 Y-610.9381
G1 X2.5370 Y-611.0757
G1 X2.4976 Y-611.2134
G1 X2.4590 Y-611.3513
G1 X2.4214 Y-611.4895
G1 X2.3848 Y-611.6274
G1 X2.3297 Y-611.8403
G1 X2.2771 Y-612.0478
G1 X2.2268 Y-612.2505
G1 X2.1791 Y-612.4489
G1 X2.1336 Y-612.6432
G1 X2.0902 Y-612.8339
G1 X2.0493 Y-613.0211
G1 X2.0107 Y-613.2058
G1 X1.9738 Y-613.3876
G1 X1.9395 Y-613.5675
G1 X1.9070 Y-613.7453
G1 X1.8766 Y-613.9218
G1 X1.8481 Y-614.0973
G1 X1.8217 Y-614.2721
G1 X1.7968 Y-614.4466
G1 X1.7739 Y-614.6211
G1 X1.7529 Y-614.7958
G1 X1.7335 Y-614.9716
G1 X1.7160 Y-615.1486
G1 X1.7000 Y-615.3269
G1 X1.6855 Y-615.5073
G1 X1.6726 Y-615.6899
G1 X1.6614 Y-615.8753
G1 X1.6515 Y-616.0635
G1 X1.6429 Y-616.2553
G1 X1.6358 Y-616.4506
G1 X1.6299 Y-616.6503
G1 X1.6253 Y-616.8545
G1 X1.6220 Y-617.0633
G1 X1.6198 Y-617.2777
G1 X1.6187 Y-617.4976
G1 X1.6187 Y-617.7234
G1 X1.6198 Y-617.9563
G1 X1.6220 Y-618.1844
G1 X1.6256 Y-618.4075
G1 X1.6302 Y-618.6259
G1 X1.6363 Y-618.8403
G1 X1.6436 Y-619.0506
G1 X1.6520 Y-619.2571
G1 X1.6622 Y-619.4603
G1 X1.6736 Y-619.6602
G1 X1.6863 Y-619.8575
G1 X1.7005 Y-620.0521
G1 X1.7165 Y-620.2444
G1 X1.7338 Y-620.4346
G1 X1.7529 Y-620.6233
G1 X1.7734 Y-620.8105
G1 X1.7955 Y-620.9967
G1 X1.8197 Y-621.1819
G1 X1.8453 Y-621.3665
G1 X1.8725 Y-621.5510
G1 X1.9017 Y-621.7356
G1 X1.9329 Y-621.9203
G1 X1.9657 Y-622.1054
G1 X2.0005 Y-622.2916
G1 X2.0373 Y-622.4791
G1 X2.0762 Y-622.6678
G1 X2.1168 Y-622.8583
G1 X2.1598 Y-623.0508
G1 X2.2045 Y-623.2456
G1 X2.2515 Y-623.4433
G1 X2.3007 Y-623.6434
G1 X2.3520 Y-623.8469
G1 X2.4056 Y-624.0539
G1 X2.4722 Y-624.3018
G1 X2.5065 Y-624.4255
G1 X2.5413 Y-624.5487
G1 X2.6129 Y-624.7945
G1 X2.6873 Y-625.0389
G1 X2.7257 Y-625.1608
G1 X2.8039 Y-625.4036
G1 X2.8440 Y-625.5245
G1 X2.8849 Y-625.6452
G1 X2.9263 Y-625.7653
G1 X2.9685 Y-625.8855
G1 X3.0112 Y-626.0051
G1 X3.0546 Y-626.1245
G1 X3.0988 Y-626.2436
G1 X3.1435 Y-626.3625
G1 X3.1887 Y-626.4808
G1 X3.2347 Y-626.5989
G1 X3.2814 Y-626.7168
G1 X3.3287 Y-626.8344
G1 X3.3764 Y-626.9515
G1 X3.4249 Y-627.0686
G1 X3.5240 Y-627.3013
G1 X3.5745 Y-627.4171
G1 X3.6256 Y-627.5327
G1 X3.6774 Y-627.6480
G1 X3.7297 Y-627.7628
G1 X3.7826 Y-627.8773
G1 X3.8362 Y-627.9916
G1 X3.8905 Y-628.1057
G1 X3.9454 Y-628.2192
G1 X4.0008 Y-628.3322
G1 X4.0569 Y-628.4453
G1 X4.1138 Y-628.5578
G1 X4.1712 Y-628.6701
G1 X4.2291 Y-628.7818
G1 X4.2878 Y-628.8933
G1 X4.3470 Y-629.0046
G1 X4.4066 Y-629.1153
G1 X4.4671 Y-629.2258
G1 X4.5283 Y-629.3358
G1 X4.5900 Y-629.4455
G1 X4.6523 Y-629.5550
G1 X4.7153 Y-629.6640
G1 X4.7788 Y-629.7727
G1 X4.8428 Y-629.8809
G1 X4.9075 Y-629.9888
G1 X5.0389 Y-630.2037
G1 X5.1054 Y-630.3104
G1 X5.1727 Y-630.4171
G1 X5.3089 Y-630.6289
G1 X5.3777 Y-630.7341
G1 X5.4473 Y-630.8392
G1 X5.5883 Y-631.0480
G1 X5.6596 Y-631.1519
G1 X5.8042 Y-631.3584
G1 X5.8773 Y-631.4610
G1 X6.0254 Y-631.6652
G1 X6.1003 Y-631.7668
G1 X6.1760 Y-631.8679
G1 X6.2520 Y-631.9685
G1 X6.3287 Y-632.0688
G1 X6.4061 Y-632.1689
G1 X6.4839 Y-632.2685
G1 X6.5623 Y-632.3675
G1 X6.6413 Y-632.4664
G1 X6.8011 Y-632.6627
G1 X6.8819 Y-632.7602
G1 X7.0452 Y-632.9540
G1 X7.1277 Y-633.0503
G1 X7.2108 Y-633.1461
G1 X7.2944 Y-633.2416
G1 X7.3787 Y-633.3368
G1 X7.4635 Y-633.4313
G1 X7.5489 Y-633.5255
G1 X7.6347 Y-633.6193
G1 X7.7213 Y-633.7127
G1 X7.8082 Y-633.8057
G1 X7.8958 Y-633.8981
G1 X7.9842 Y-633.9904
G1 X8.0729 Y-634.0820
G1 X8.1623 Y-634.1732
G1 X8.2522 Y-634.2642
G1 X8.3426 Y-634.3543
G1 X8.4336 Y-634.4442
G1 X8.5250 Y-634.5339
G1 X8.6172 Y-634.6231
G1 X8.7099 Y-634.7117
G1 X8.8031 Y-634.7998
G1 X8.8969 Y-634.8875
G1 X8.9911 Y-634.9749
G1 X9.0861 Y-635.0617
G1 X9.1816 Y-635.1481
G1 X9.2774 Y-635.2339
G1 X9.3739 Y-635.3195
G1 X9.4712 Y-635.4046
G1 X9.5687 Y-635.4892
G1 X9.6667 Y-635.5733
G1 X9.7655 Y-635.6571
G1 X9.9644 Y-635.8230
G1 X10.0648 Y-635.9053
G1 X10.1656 Y-635.9873
G1 X10.3690 Y-636.1496
G1 X10.4714 Y-636.2299
G1 X10.5745 Y-636.3099
G1 X10.6782 Y-636.3894
G1 X10.7820 Y-636.4684
G1 X10.8867 Y-636.5471
G1 X10.9918 Y-636.6251
G1 X11.2037 Y-636.7798
G1 X11.3104 Y-636.8565
G1 X11.4176 Y-636.9327
G1 X11.5252 Y-637.0084
G1 X11.7396 Y-637.1565
G1 X11.9497 Y-637.2995
G1 X12.1577 Y-637.4392
G1 X12.2611 Y-637.5075
G1 X12.4666 Y-637.6424
G1 X12.5689 Y-637.7084
G1 X12.7734 Y-637.8390
G1 X12.8755 Y-637.9032
G1 X12.9779 Y-637.9667
G1 X13.1826 Y-638.0924
G1 X13.2852 Y-638.1544
G1 X13.4915 Y-638.2771
G1 X13.5953 Y-638.3378
G1 X13.8044 Y-638.4582
G1 X14.0157 Y-638.5773
G1 X14.1227 Y-638.6365
G1 X14.3388 Y-638.7544
G1 X14.4483 Y-638.8130
G1 X14.5588 Y-638.8715
G1 X14.7828 Y-638.9886
G1 X15.0119 Y-639.1054
G1 X15.2461 Y-639.2225
G1 X15.4864 Y-639.3401
G1 X15.6088 Y-639.3990
G1 X15.8585 Y-639.5179
G1 X16.1155 Y-639.6378
G1 X16.2469 Y-639.6982
G1 X16.5156 Y-639.8204
G1 X16.7924 Y-639.9441
G1 X17.0785 Y-640.0701
G1 X17.3739 Y-640.1984
G1 X17.6792 Y-640.3292
G1 X17.9951 Y-640.4628
G1 X18.3220 Y-640.5994
G1 X18.6604 Y-640.7394
G1 X19.1907 Y-640.9566
G1 X19.5603 Y-641.1062
G1 X22.7338 Y-642.3817
G1 X22.7693 Y-638.9619
G1 X22.7716 Y-638.7076
G1 X22.7744 Y-638.0889
G1 X22.7739 Y-637.7295
G1 X22.7719 Y-637.3785
G1 X22.7683 Y-637.0361
G1 X22.7632 Y-636.7026
G1 X22.7589 Y-636.4849
G1 X22.7538 Y-636.2710
G1 X22.7449 Y-635.9576
G1 X22.7345 Y-635.6525
G1 X22.7226 Y-635.3559
G1 X22.7089 Y-635.0681
G1 X22.6990 Y-634.8806
G1 X22.6827 Y-634.6068
G1 X22.6647 Y-634.3416
G1 X22.6454 Y-634.0846
G1 X22.6243 Y-633.8362
G1 X22.6093 Y-633.6751
G1 X22.5936 Y-633.5179
G1 X22.5773 Y-633.3645
G1 X22.5600 Y-633.2146
G1 X22.5331 Y-632.9967
G1 X22.5143 Y-632.8562
G1 X22.4846 Y-632.6523
G1 X22.4638 Y-632.5210
G1 X22.4424 Y-632.3935
G1 X22.4089 Y-632.2088
G1 X22.3972 Y-632.1491
G1 X22.3736 Y-632.0325
G1 X22.3495 Y-631.9195
G1 X22.3243 Y-631.8103
G1 X22.2987 Y-631.7043
G1 X22.2855 Y-631.6530
G1 X22.2585 Y-631.5527
G1 X22.2448 Y-631.5039
G1 X22.2169 Y-631.4092
G1 X22.1882 Y-631.3180
G1 X22.1587 Y-631.2304
G1 X22.1437 Y-631.1880
G1 X22.1285 Y-631.1466
G1 X22.0975 Y-631.0660
G1 X22.0660 Y-630.9893
G1 X22.0335 Y-630.9162
G1 X22.0005 Y-630.8466
G1 X21.9834 Y-630.8131
G1 X21.9494 Y-630.7488
G1 X21.9144 Y-630.6881
G1 X21.8966 Y-630.6591
G1 X21.8785 Y-630.6309
G1 X21.8605 Y-630.6038
G1 X21.8237 Y-630.5520
G1 X21.7861 Y-630.5037
G1 X21.7670 Y-630.4811
G1 X21.7477 Y-630.4592
G1 X21.7284 Y-630.4382
G1 X21.7086 Y-630.4178
G1 X21.6690 Y-630.3802
G1 X21.6487 Y-630.3627
G1 X21.6284 Y-630.3462
G1 X21.6078 Y-630.3305
G1 X21.5872 Y-630.3155
G1 X21.5661 Y-630.3015
G1 X21.5450 Y-630.2886
G1 X21.5237 Y-630.2764
G1 X21.5021 Y-630.2649
G1 X21.4805 Y-630.2545
G1 X21.4084 Y-630.2215
G1 X21.2118 Y-630.1331
G1 X20.8407 Y-629.9690
G1 X20.5854 Y-629.8578
G1 X20.4945 Y-629.8171
G1 X20.4031 Y-629.7745
G1 X20.3106 Y-629.7290
G1 X20.2174 Y-629.6812
G1 X20.1231 Y-629.6307
G1 X20.0279 Y-629.5776
G1 X19.9314 Y-629.5220
G1 X19.8338 Y-629.4633
G1 X19.7350 Y-629.4021
G1 X19.6347 Y-629.3381
G1 X19.5331 Y-629.2710
G1 X19.4302 Y-629.2012
G1 X19.3256 Y-629.1283
G1 X19.2194 Y-629.0523
G1 X19.1117 Y-628.9731
G1 X19.0022 Y-628.8910
G1 X18.8910 Y-628.8057
G1 X18.7777 Y-628.7171
G1 X18.6626 Y-628.6251
G1 X18.5456 Y-628.5299
G1 X18.4267 Y-628.4313
G1 X18.3053 Y-628.3292
G1 X18.1818 Y-628.2235
G1 X18.0564 Y-628.1146
G1 X17.9283 Y-628.0018
G1 X17.7980 Y-627.8855
G1 X17.6652 Y-627.7653
G1 X17.5298 Y-627.6416
G1 X17.3919 Y-627.5139
G1 X17.2512 Y-627.3825
G1 X17.1079 Y-627.2472
G1 X16.9619 Y-627.1080
G1 X16.7592 Y-626.9126
G1 X16.5651 Y-626.7226
G1 X16.3789 Y-626.5375
G1 X16.2009 Y-626.3569
G1 X16.1145 Y-626.2682
G1 X16.0302 Y-626.1806
G1 X15.9476 Y-626.0937
G1 X15.8669 Y-626.0079
G1 X15.7881 Y-625.9231
G1 X15.7109 Y-625.8390
G1 X15.6355 Y-625.7554
G1 X15.5618 Y-625.6729
G1 X15.4897 Y-625.5908
G1 X15.4193 Y-625.5095
G1 X15.3505 Y-625.4288
G1 X15.2834 Y-625.3488
G1 X15.2176 Y-625.2690
G1 X15.1536 Y-625.1898
G1 X15.0909 Y-625.1110
G1 X15.0297 Y-625.0325
G1 X14.9700 Y-624.9543
G1 X14.9118 Y-624.8766
G1 X14.8549 Y-624.7989
G1 X14.7993 Y-624.7214
G1 X14.7450 Y-624.6442
G1 X14.6921 Y-624.5670
G1 X14.6403 Y-624.4897
G1 X14.5900 Y-624.4128
G1 X14.5407 Y-624.3356
G1 X14.4925 Y-624.2583
G1 X14.4457 Y-624.1809
G1 X14.3998 Y-624.1031
G1 X14.3551 Y-624.0254
G1 X14.3114 Y-623.9474
G1 X14.2687 Y-623.8690
G1 X14.2270 Y-623.7902
G1 X14.1864 Y-623.7110
G1 X14.1468 Y-623.6315
G1 X14.1079 Y-623.5515
G1 X14.0701 Y-623.4707
G1 X14.0330 Y-623.3897
G1 X13.9967 Y-623.3076
G1 X13.9611 Y-623.2251
G1 X13.9266 Y-623.1420
G1 X13.8925 Y-623.0579
G1 X13.8593 Y-622.9731
G1 X13.8267 Y-622.8875
G1 X13.7947 Y-622.8009
G1 X13.7635 Y-622.7133
G1 X13.7328 Y-622.6249
G1 X13.7025 Y-622.5352
G1 X13.6731 Y-622.4445
G1 X13.6439 Y-622.3528
G1 X13.6152 Y-622.2599
G1 X13.5870 Y-622.1656
G1 X13.5593 Y-622.0704
G1 X13.5319 Y-621.9736
G1 X13.5047 Y-621.8756
G1 X13.4780 Y-621.7760
G1 X13.4516 Y-621.6752
G1 X13.4300 Y-621.5906
G1 X13.3904 Y-621.4290
G1 X13.3723 Y-621.3505
G1 X13.3553 Y-621.2733
G1 X13.3393 Y-621.1966
G1 X13.3243 Y-621.1199
G1 X13.3104 Y-621.0427
G1 X13.2974 Y-620.9647
G1 X13.2852 Y-620.8852
G1 X13.2740 Y-620.8039
G1 X13.2636 Y-620.7201
G1 X13.2542 Y-620.6333
G1 X13.2456 Y-620.5433
G1 X13.2375 Y-620.4494
G1 X13.2304 Y-620.3511
G1 X13.2237 Y-620.2479
G1 X13.2179 Y-620.1392
G1 X13.2126 Y-620.0249
G1 X13.2080 Y-619.9043
G1 X13.2039 Y-619.7765
G1 X13.2004 Y-619.6416
G1 X13.1945 Y-619.3480
G1 X13.1925 Y-619.1882
G1 X13.1892 Y-618.8403
G1 X13.1882 Y-618.6513
G1 X13.1869 Y-618.2401
G1 X13.1864 Y-617.5642
G1 X13.1872 Y-617.1578
G1 X13.1892 Y-616.7874
G1 X13.1907 Y-616.6152
G1 X13.1945 Y-616.2944
G1 X13.1971 Y-616.1453
G1 X13.2034 Y-615.8680
G1 X13.2113 Y-615.6165
G1 X13.2212 Y-615.3876
G1 X13.2271 Y-615.2812
G1 X13.2331 Y-615.1794
G1 X13.2400 Y-615.0821
G1 X13.2474 Y-614.9886
G1 X13.2552 Y-614.8992
G1 X13.2639 Y-614.8128
G1 X13.2730 Y-614.7298
G1 X13.2829 Y-614.6495
G1 X13.2936 Y-614.5715
G1 X13.3048 Y-614.4956
G1 X13.3165 Y-614.4214
G1 X13.3292 Y-614.3485
G1 X13.3426 Y-614.2769
G1 X13.3568 Y-614.2060
G1 X13.3716 Y-614.1354
G1 X13.3873 Y-614.0648
G1 X13.4038 Y-613.9942
G1 X13.4269 Y-613.9005
G1 X13.4511 Y-613.8070
G1 X13.4767 Y-613.7135
G1 X13.5037 Y-613.6201
G1 X13.5321 Y-613.5266
G1 X13.5618 Y-613.4331
G1 X13.5926 Y-613.3396
G1 X13.6251 Y-613.2459
G1 X13.6586 Y-613.1524
G1 X13.6939 Y-613.0587
G1 X13.7302 Y-612.9650
G1 X13.7681 Y-612.8710
G1 X13.8072 Y-612.7770
G1 X13.8478 Y-612.6831
G1 X13.8900 Y-612.5888
G1 X13.9332 Y-612.4946
G1 X13.9781 Y-612.4004
G1 X14.0244 Y-612.3059
G1 X14.0721 Y-612.2111
G1 X14.1211 Y-612.1164
G1 X14.1717 Y-612.0214
G1 X14.2237 Y-611.9261
G1 X14.2771 Y-611.8309
G1 X14.3319 Y-611.7354
G1 X14.3883 Y-611.6396
G1 X14.4462 Y-611.5439
G1 X14.5057 Y-611.4476
G1 X14.5664 Y-611.3513
G1 X14.6286 Y-611.2548
G1 X14.6926 Y-611.1578
G1 X14.7579 Y-611.0608
G1 X14.8247 Y-610.9635
G1 X14.8930 Y-610.8657
G1 X14.9629 Y-610.7679
G1 X15.0343 Y-610.6696
G1 X15.1072 Y-610.5710
G1 X15.1816 Y-610.4722
G1 X15.2578 Y-610.3732
G1 X15.3353 Y-610.2736
G1 X15.4145 Y-610.1738
G1 X15.4950 Y-610.0737
G1 X15.5773 Y-609.9731
G1 X15.6614 Y-609.8723
G1 X15.7467 Y-609.7709
G1 X15.8339 Y-609.6693
G1 X15.9225 Y-609.5672
G1 X16.0127 Y-609.4649
G1 X16.1046 Y-609.3620
G1 X16.1981 Y-609.2586
G1 X16.2933 Y-609.1547
G1 X16.3901 Y-609.0506
G1 X16.4884 Y-608.9460
G1 X16.5885 Y-608.8410
G1 X16.6901 Y-608.7354
G1 X16.7935 Y-608.6292
G1 X16.8986 Y-608.5228
G1 X17.0053 Y-608.4159
G1 X17.1138 Y-608.3082
G1 X17.2237 Y-608.2002
G1 X17.3355 Y-608.0915
G1 X17.4490 Y-607.9825
G1 X17.5644 Y-607.8728
G1 X17.6812 Y-607.7626
G1 X17.9700 Y-607.4928
G1 X18.1366 Y-607.3358
G1 X18.2994 Y-607.1809
G1 X18.4587 Y-607.0280
G1 X18.6141 Y-606.8769
G1 X18.7663 Y-606.7275
G1 X18.9149 Y-606.5799
G1 X19.0597 Y-606.4341
G1 X19.2014 Y-606.2899
G1 X19.3396 Y-606.1471
G1 X19.4742 Y-606.0059
G1 X19.6058 Y-605.8659
G1 X19.7338 Y-605.7275
G1 X19.8585 Y-605.5904
G1 X19.9801 Y-605.4542
G1 X20.0985 Y-605.3193
G1 X20.2138 Y-605.1857
G1 X20.3258 Y-605.0529
G1 X20.4351 Y-604.9211
G1 X20.5410 Y-604.7903
G1 X20.6441 Y-604.6600
G1 X20.7439 Y-604.5307
G1 X20.8412 Y-604.4019
G1 X20.9352 Y-604.2739
G1 X21.0266 Y-604.1464
G1 X21.1150 Y-604.0194
G1 X21.2009 Y-603.8929
G1 X21.2837 Y-603.7666
G1 X21.3639 Y-603.6407
G1 X21.4417 Y-603.5149
G1 X21.5166 Y-603.3894
G1 X21.5890 Y-603.2640
G1 X21.6586 Y-603.1385
G1 X21.7259 Y-603.0133
G1 X21.7907 Y-602.8875
G1 X21.8529 Y-602.7618
G1 X21.9128 Y-602.6361
G1 X21.9705 Y-602.5098
G1 X22.0256 Y-602.3831
G1 X22.0784 Y-602.2561
G1 X22.1290 Y-602.1286
G1 X22.1775 Y-602.0006
G1 X22.2235 Y-601.8718
G1 X22.2677 Y-601.7425
G1 X22.3096 Y-601.6122
G1 X22.3495 Y-601.4811
G1 X22.3871 Y-601.3493
G1 X22.4229 Y-601.2165
G1 X22.4569 Y-601.0826
G1 X22.4887 Y-600.9477
G1 X22.5186 Y-600.8119
G1 X22.5468 Y-600.6744
G1 X22.5732 Y-600.5358
G1 X22.5976 Y-600.3961
G1 X22.6205 Y-600.2546
G1 X22.6416 Y-600.1118
G1 X22.6609 Y-599.9676
G1 X22.6786 Y-599.8215
G1 X22.6949 Y-599.6739
G1 X22.7096 Y-599.5243
G1 X22.7226 Y-599.3732
G1 X22.7343 Y-599.2203
G1 X22.7444 Y-599.0651
G1 X22.7533 Y-598.9081
G1 X22.7620 Y-598.7092
G1 X22.7683 Y-598.5073
G1 X22.7721 Y-598.3034
G1 X22.7734 Y-598.0976
G1 X22.7724 Y-597.8906
G1 X22.7691 Y-597.6826
G1 X22.7635 Y-597.4745
G1 X22.7559 Y-597.2668
G1 X22.7460 Y-597.0595
G1 X22.7340 Y-596.8533
G1 X22.7203 Y-596.6490
G1 X22.7043 Y-596.4469
G1 X22.6868 Y-596.2472
; Retract
G1 Z2.5400 F2540
M2
