G21         ; Set units to mm
G90         ; Absolute positioning
G1 Z2.54 F2540      ; Move to clearance level

;
; Operation:    0
; Name:         
; Type:         Engrave
; Paths:        35
; Direction:    Conventional
; Cut Depth:    3.175
; Pass Depth:   3.175
; Plunge rate:  127
; Cut rate:     1016
;

; Path 0
; Rapid to initial position
G1 X157.0022 Y-0.0061 F2540
G1 Z0.0000
; plunge
G1 Z-3.1750 F127
; cut
G1 X156.1084 Y-0.0066 F1016
G1 X155.5844 Y-0.0084
G1 X154.7381 Y-0.0140
G1 X154.0899 Y-0.0206
G1 X153.4716 Y-0.0292
G1 X152.8884 Y-0.0399
G1 X152.3441 Y-0.0526
G1 X151.9639 Y-0.0635
G1 X151.7249 Y-0.0714
G1 X151.3896 Y-0.0843
G1 X151.0833 Y-0.0983
G1 X150.8963 Y-0.1082
G1 X150.6428 Y-0.1242
G1 X150.4927 Y-0.1354
G1 X150.4234 Y-0.1412
G1 X150.3581 Y-0.1473
G1 X150.2397 Y-0.1595
G1 X150.1384 Y-0.1725
G1 X150.0939 Y-0.1791
G1 X150.0541 Y-0.1859
G1 X150.0187 Y-0.1928
G1 X149.9878 Y-0.1999
G1 X149.9616 Y-0.2070
G1 X149.9398 Y-0.2141
G1 X149.9230 Y-0.2217
G1 X149.9108 Y-0.2291
G1 X149.9034 Y-0.2370
G1 X149.8773 Y-0.2619
G1 X149.8295 Y-0.2880
G1 X149.7614 Y-0.3150
G1 X149.6743 Y-0.3426
G1 X149.5692 Y-0.3708
G1 X149.4475 Y-0.3990
G1 X149.3101 Y-0.4272
G1 X149.1585 Y-0.4554
G1 X148.9936 Y-0.4831
G1 X148.8171 Y-0.5103
G1 X148.6296 Y-0.5364
G1 X148.4325 Y-0.5618
G1 X148.2270 Y-0.5857
G1 X148.0147 Y-0.6083
G1 X147.7960 Y-0.6292
G1 X147.5727 Y-0.6482
G1 X147.3573 Y-0.6655
G1 X146.9266 Y-0.7013
G1 X146.4960 Y-0.7386
G1 X146.0663 Y-0.7770
G1 X145.6365 Y-0.8169
G1 X144.9931 Y-0.8793
G1 X144.5646 Y-0.9225
G1 X144.1366 Y-0.9672
G1 X143.4955 Y-1.0366
G1 X143.0688 Y-1.0846
G1 X142.4295 Y-1.1593
G1 X142.0038 Y-1.2106
G1 X141.5788 Y-1.2631
G1 X141.1541 Y-1.3172
G1 X140.7300 Y-1.3726
G1 X140.5181 Y-1.4008
G1 X140.0947 Y-1.4582
G1 X139.6718 Y-1.5169
G1 X139.2497 Y-1.5771
G1 X138.8278 Y-1.6383
G1 X138.4066 Y-1.7010
G1 X137.9858 Y-1.7650
G1 X137.7757 Y-1.7976
G1 X137.3558 Y-1.8636
G1 X136.9365 Y-1.9309
G1 X136.5176 Y-1.9997
G1 X136.0995 Y-2.0696
G1 X135.6820 Y-2.1410
G1 X135.2649 Y-2.2136
G1 X134.8483 Y-2.2875
G1 X134.4325 Y-2.3627
G1 X134.0173 Y-2.4392
G1 X133.6027 Y-2.5171
G1 X133.1887 Y-2.5961
G1 X132.7755 Y-2.6767
G1 X132.3624 Y-2.7584
G1 X131.9505 Y-2.8415
G1 X131.5390 Y-2.9258
G1 X131.1280 Y-3.0114
G1 X130.5131 Y-3.1425
G1 X130.1039 Y-3.2311
G1 X129.6952 Y-3.3213
G1 X129.0838 Y-3.4590
G1 X128.6769 Y-3.5524
G1 X128.2708 Y-3.6472
G1 X127.8654 Y-3.7429
G1 X127.6629 Y-3.7915
G1 X127.2586 Y-3.8892
G1 X126.8547 Y-3.9886
G1 X126.4519 Y-4.0889
G1 X126.0495 Y-4.1905
G1 X125.6480 Y-4.2934
G1 X125.2471 Y-4.3978
G1 X124.6475 Y-4.5563
G1 X124.4481 Y-4.6098
G1 X124.0495 Y-4.7178
G1 X123.4531 Y-4.8821
G1 X123.0564 Y-4.9934
G1 X122.6607 Y-5.1059
G1 X122.2654 Y-5.2194
G1 X121.8712 Y-5.3343
G1 X121.6744 Y-5.3922
G1 X121.2814 Y-5.5090
G1 X120.8890 Y-5.6271
G1 X120.4976 Y-5.7462
G1 X120.1069 Y-5.8669
G1 X119.7173 Y-5.9886
G1 X119.5227 Y-6.0500
G1 X119.1341 Y-6.1737
G1 X118.7463 Y-6.2984
G1 X118.3594 Y-6.4244
G1 X117.7808 Y-6.6159
G1 X117.3960 Y-6.7452
G1 X117.0122 Y-6.8755
G1 X116.6292 Y-7.0071
G1 X116.2472 Y-7.1399
G1 X115.8659 Y-7.2741
G1 X115.6757 Y-7.3416
G1 X115.2957 Y-7.4775
G1 X114.9167 Y-7.6147
G1 X114.5388 Y-7.7528
G1 X113.9734 Y-7.9626
G1 X113.5974 Y-8.1041
G1 X113.2225 Y-8.2466
G1 X112.8486 Y-8.3904
G1 X112.6622 Y-8.4628
G1 X112.2896 Y-8.6083
G1 X111.9180 Y-8.7551
G1 X111.5474 Y-8.9032
G1 X111.1778 Y-9.0523
G1 X110.8093 Y-9.2027
G1 X110.6254 Y-9.2784
G1 X110.2581 Y-9.4305
G1 X109.8918 Y-9.5839
G1 X109.7092 Y-9.6611
G1 X109.3445 Y-9.8163
G1 X108.9807 Y-9.9725
G1 X108.4372 Y-10.2093
G1 X108.0760 Y-10.3688
G1 X107.7158 Y-10.5293
G1 X107.3567 Y-10.6909
G1 X106.9988 Y-10.8537
G1 X106.6416 Y-11.0178
G1 X106.2855 Y-11.1829
G1 X105.9307 Y-11.3492
G1 X105.5769 Y-11.5169
G1 X105.2241 Y-11.6855
G1 X104.8723 Y-11.8554
G1 X104.5218 Y-12.0264
G1 X104.1720 Y-12.1986
G1 X103.9978 Y-12.2852
G1 X103.6498 Y-12.4592
G1 X103.3031 Y-12.6342
G1 X102.9574 Y-12.8105
G1 X102.6127 Y-12.9880
G1 X102.2693 Y-13.1666
G1 X101.9269 Y-13.3462
G1 X101.5858 Y-13.5270
G1 X101.4156 Y-13.6180
G1 X101.0760 Y-13.8006
G1 X100.7377 Y-13.9842
G1 X100.4004 Y-14.1691
G1 X100.0643 Y-14.3551
G1 X99.7295 Y-14.5423
G1 X99.3958 Y-14.7305
G1 X99.0633 Y-14.9200
G1 X98.7321 Y-15.1105
G1 X98.4019 Y-15.3022
G1 X98.0730 Y-15.4950
G1 X97.7491 Y-15.6863
G1 X97.4415 Y-15.8669
G1 X97.1497 Y-16.0365
G1 X96.8728 Y-16.1955
G1 X96.6102 Y-16.3439
G1 X96.4839 Y-16.4140
G1 X96.2411 Y-16.5468
G1 X96.1243 Y-16.6093
G1 X96.0105 Y-16.6693
G1 X95.8995 Y-16.7269
G1 X95.7915 Y-16.7818
G1 X95.6861 Y-16.8346
G1 X95.5832 Y-16.8847
G1 X95.4829 Y-16.9324
G1 X95.3851 Y-16.9779
G1 X95.2896 Y-17.0208
G1 X95.1962 Y-17.0614
G1 X95.1050 Y-17.0998
G1 X95.0158 Y-17.1359
G1 X94.9287 Y-17.1696
G1 X94.8433 Y-17.2011
G1 X94.7598 Y-17.2303
G1 X94.6777 Y-17.2575
G1 X94.5972 Y-17.2824
G1 X94.5185 Y-17.3050
G1 X94.4410 Y-17.3256
G1 X94.3646 Y-17.3441
G1 X94.2896 Y-17.3604
G1 X94.2157 Y-17.3746
G1 X94.1426 Y-17.3868
G1 X94.0707 Y-17.3970
G1 X93.9993 Y-17.4048
G1 X93.9287 Y-17.4109
G1 X93.8588 Y-17.4153
G1 X93.7895 Y-17.4173
G1 X93.7207 Y-17.4175
G1 X93.6518 Y-17.4160
G1 X93.5835 Y-17.4122
G1 X93.5154 Y-17.4069
G1 X93.4471 Y-17.3995
G1 X93.3790 Y-17.3906
G1 X93.3107 Y-17.3797
G1 X93.2421 Y-17.3670
G1 X93.1733 Y-17.3525
G1 X93.1040 Y-17.3363
G1 X93.0341 Y-17.3182
G1 X92.9637 Y-17.2987
G1 X92.8926 Y-17.2776
G1 X92.8207 Y-17.2545
G1 X92.7481 Y-17.2301
G1 X92.6744 Y-17.2039
G1 X92.5995 Y-17.1760
G1 X92.5236 Y-17.1468
G1 X92.4463 Y-17.1158
G1 X92.3676 Y-17.0835
G1 X92.2876 Y-17.0495
G1 X92.2061 Y-17.0142
G1 X92.0377 Y-16.9393
G1 X91.9157 Y-16.8859
G1 X91.7880 Y-16.8338
G1 X91.6554 Y-16.7838
G1 X91.5195 Y-16.7356
G1 X91.3811 Y-16.6896
G1 X91.2414 Y-16.6461
G1 X91.1009 Y-16.6055
G1 X90.9612 Y-16.5679
G1 X90.8233 Y-16.5336
G1 X90.6882 Y-16.5029
G1 X90.5566 Y-16.4762
G1 X90.4301 Y-16.4536
G1 X90.3094 Y-16.4353
G1 X90.1957 Y-16.4219
G1 X90.0897 Y-16.4132
G1 X89.9930 Y-16.4099
G1 X89.8863 Y-16.4051
G1 X89.7712 Y-16.3921
G1 X89.6478 Y-16.3711
G1 X89.5167 Y-16.3424
G1 X89.3790 Y-16.3060
G1 X89.2348 Y-16.2626
G1 X89.0849 Y-16.2121
G1 X88.9300 Y-16.1547
G1 X88.7702 Y-16.0906
G1 X88.6069 Y-16.0203
G1 X88.4400 Y-15.9438
G1 X88.2706 Y-15.8615
G1 X88.0989 Y-15.7737
G1 X87.9257 Y-15.6802
G1 X87.7517 Y-15.5816
G1 X87.3968 Y-15.3711
G1 X87.2188 Y-15.2700
G1 X87.0430 Y-15.1750
G1 X86.8700 Y-15.0861
G1 X86.7001 Y-15.0035
G1 X86.5335 Y-14.9273
G1 X86.3709 Y-14.8580
G1 X86.2124 Y-14.7952
G1 X86.0582 Y-14.7394
G1 X85.9091 Y-14.6903
G1 X85.7651 Y-14.6487
G1 X85.6270 Y-14.6144
G1 X85.4944 Y-14.5872
G1 X85.3684 Y-14.5679
G1 X85.2490 Y-14.5560
G1 X85.1365 Y-14.5522
G1 X85.0351 Y-14.5494
G1 X84.9206 Y-14.5410
G1 X84.7943 Y-14.5278
G1 X84.6574 Y-14.5095
G1 X84.5114 Y-14.4869
G1 X84.3575 Y-14.4597
G1 X84.1967 Y-14.4285
G1 X84.0303 Y-14.3937
G1 X83.8601 Y-14.3553
G1 X83.6867 Y-14.3139
G1 X83.5119 Y-14.2695
G1 X83.3366 Y-14.2222
G1 X83.1624 Y-14.1729
G1 X82.9902 Y-14.1214
G1 X82.8215 Y-14.0680
G1 X82.6574 Y-14.0129
G1 X82.4578 Y-13.9446
G1 X82.2566 Y-13.8773
G1 X82.0539 Y-13.8107
G1 X81.8502 Y-13.7450
G1 X81.6453 Y-13.6802
G1 X81.4393 Y-13.6162
G1 X81.2320 Y-13.5529
G1 X81.0235 Y-13.4910
G1 X80.8142 Y-13.4295
G1 X80.6036 Y-13.3690
G1 X80.3923 Y-13.3096
G1 X80.1799 Y-13.2509
G1 X79.9668 Y-13.1933
G1 X79.7527 Y-13.1366
G1 X79.5378 Y-13.0807
G1 X79.3222 Y-13.0261
G1 X79.1060 Y-12.9720
G1 X78.8888 Y-12.9192
G1 X78.6714 Y-12.8671
G1 X78.4530 Y-12.8163
G1 X78.2343 Y-12.7663
G1 X78.0151 Y-12.7173
G1 X77.7951 Y-12.6693
G1 X77.5752 Y-12.6223
G1 X77.3544 Y-12.5763
G1 X77.1334 Y-12.5313
G1 X76.9125 Y-12.4871
G1 X76.6910 Y-12.4442
G1 X76.4692 Y-12.4026
G1 X76.2472 Y-12.3617
G1 X76.0252 Y-12.3218
G1 X75.8033 Y-12.2832
G1 X75.5810 Y-12.2453
G1 X75.3590 Y-12.2088
G1 X75.1368 Y-12.1732
G1 X74.9148 Y-12.1389
G1 X74.6928 Y-12.1056
G1 X74.4710 Y-12.0734
G1 X74.2493 Y-12.0424
G1 X74.0280 Y-12.0122
G1 X73.8071 Y-11.9835
G1 X73.5861 Y-11.9558
G1 X73.3659 Y-11.9291
G1 X73.1459 Y-11.9037
G1 X72.9262 Y-11.8793
G1 X72.7072 Y-11.8562
G1 X72.4888 Y-11.8344
G1 X72.2709 Y-11.8135
G1 X72.0534 Y-11.7940
G1 X71.8368 Y-11.7754
G1 X71.6209 Y-11.7582
G1 X71.4055 Y-11.7422
G1 X71.1911 Y-11.7274
G1 X70.9775 Y-11.7137
G1 X70.7647 Y-11.7015
G1 X70.5528 Y-11.6904
G1 X70.3420 Y-11.6804
G1 X70.1319 Y-11.6718
G1 X69.9232 Y-11.6644
G1 X69.7154 Y-11.6583
G1 X69.5086 Y-11.6535
G1 X69.3029 Y-11.6497
G1 X69.0987 Y-11.6474
G1 X68.8955 Y-11.6464
G1 X66.2211 Y-11.6416
G1 X65.7642 Y-13.8245
G1 X65.7357 Y-13.9639
G1 X65.7080 Y-14.1079
G1 X65.6806 Y-14.2563
G1 X65.6539 Y-14.4089
G1 X65.6280 Y-14.5656
G1 X65.6024 Y-14.7264
G1 X65.5777 Y-14.8907
G1 X65.5533 Y-15.0589
G1 X65.5297 Y-15.2306
G1 X65.5066 Y-15.4056
G1 X65.4842 Y-15.5837
G1 X65.4624 Y-15.7650
G1 X65.4413 Y-15.9489
G1 X65.4207 Y-16.1359
G1 X65.4009 Y-16.3253
G1 X65.3819 Y-16.5174
G1 X65.3633 Y-16.7114
G1 X65.3456 Y-16.9080
G1 X65.3283 Y-17.1064
G1 X65.3118 Y-17.3065
G1 X65.2958 Y-17.5085
G1 X65.2808 Y-17.7119
G1 X65.2663 Y-17.9169
G1 X65.2526 Y-18.1232
G1 X65.2394 Y-18.3304
G1 X65.2272 Y-18.5387
G1 X65.2155 Y-18.7477
G1 X65.2046 Y-18.9575
G1 X65.1942 Y-19.1679
G1 X65.1848 Y-19.3784
G1 X65.1761 Y-19.5892
G1 X65.1680 Y-19.8003
G1 X65.1543 Y-20.2217
G1 X65.1485 Y-20.4320
G1 X65.1393 Y-20.8509
G1 X65.1332 Y-21.2664
G1 X65.1302 Y-21.6774
G1 X65.1299 Y-21.8808
G1 X65.1304 Y-22.0828
G1 X65.1317 Y-22.2829
G1 X65.1337 Y-22.4813
G1 X65.1368 Y-22.6776
G1 X65.1403 Y-22.8717
G1 X65.1449 Y-23.0635
G1 X65.1505 Y-23.2529
G1 X65.1566 Y-23.4396
G1 X65.1637 Y-23.6238
G1 X65.1716 Y-23.8049
G1 X65.1805 Y-23.9829
G1 X65.1901 Y-24.1577
G1 X65.2005 Y-24.3291
G1 X65.2120 Y-24.4973
G1 X65.2242 Y-24.6616
G1 X65.2371 Y-24.8222
G1 X65.2513 Y-24.9786
G1 X65.2661 Y-25.1313
G1 X65.2818 Y-25.2794
G1 X65.2986 Y-25.4234
G1 X65.3161 Y-25.5626
G1 X65.3346 Y-25.6972
G1 X65.3522 Y-25.8143
G1 X65.3717 Y-25.9372
G1 X65.3933 Y-26.0652
G1 X65.4172 Y-26.1981
G1 X65.4426 Y-26.3357
G1 X65.4700 Y-26.4777
G1 X65.4990 Y-26.6238
G1 X65.5297 Y-26.7734
G1 X65.5620 Y-26.9263
G1 X65.5958 Y-27.0822
G1 X65.6311 Y-27.2412
G1 X65.6676 Y-27.4023
G1 X65.7055 Y-27.5656
G1 X65.7845 Y-27.8973
G1 X65.8256 Y-28.0650
G1 X65.8678 Y-28.2336
G1 X65.9107 Y-28.4025
G1 X65.9991 Y-28.7409
G1 X66.0441 Y-28.9095
G1 X66.0898 Y-29.0774
G1 X66.1360 Y-29.2443
G1 X66.1825 Y-29.4099
G1 X66.2765 Y-29.7353
G1 X66.3237 Y-29.8948
G1 X66.3712 Y-30.0515
G1 X66.4185 Y-30.2052
G1 X66.4660 Y-30.3555
G1 X66.5129 Y-30.5026
G1 X66.6392 Y-30.8846
G1 X66.7835 Y-31.3230
G1 X66.8485 Y-31.5234
G1 X66.9089 Y-31.7129
G1 X66.9648 Y-31.8915
G1 X67.0164 Y-32.0604
G1 X67.0639 Y-32.2202
G1 X67.1071 Y-32.3715
G1 X67.1462 Y-32.5156
G1 X67.1815 Y-32.6525
G1 X67.2127 Y-32.7833
G1 X67.2404 Y-32.9090
G1 X67.2643 Y-33.0299
G1 X67.2846 Y-33.1470
G1 X67.3016 Y-33.2610
G1 X67.3151 Y-33.3728
G1 X67.3255 Y-33.4828
G1 X67.3326 Y-33.5920
G1 X67.3367 Y-33.7010
G1 X67.3379 Y-33.8110
G1 X67.3362 Y-33.9220
G1 X67.3318 Y-34.0352
G1 X67.3247 Y-34.1516
G1 X67.3153 Y-34.2715
G1 X67.3031 Y-34.3957
G1 X67.2889 Y-34.5252
G1 X67.2722 Y-34.6603
G1 X67.2536 Y-34.8023
G1 X67.2328 Y-34.9517
G1 X67.2102 Y-35.1091
G1 X67.1855 Y-35.2755
G1 X67.1500 Y-35.4968
G1 X67.1083 Y-35.7223
G1 X67.0608 Y-35.9517
G1 X67.0077 Y-36.1841
G1 X66.9493 Y-36.4185
G1 X66.8858 Y-36.6542
G1 X66.8175 Y-36.8902
G1 X66.7446 Y-37.1257
G1 X66.6676 Y-37.3601
G1 X66.5866 Y-37.5923
G1 X66.5020 Y-37.8216
G1 X66.4139 Y-38.0469
G1 X66.3227 Y-38.2676
G1 X66.2285 Y-38.4830
G1 X66.1317 Y-38.6921
G1 X66.0324 Y-38.8937
G1 X65.9966 Y-38.9646
G1 X65.9277 Y-39.1028
G1 X65.8310 Y-39.3017
G1 X65.7705 Y-39.4297
G1 X65.7416 Y-39.4927
G1 X65.6862 Y-39.6164
G1 X65.6333 Y-39.7383
G1 X65.5836 Y-39.8590
G1 X65.5597 Y-39.9189
G1 X65.5366 Y-39.9788
G1 X65.4919 Y-40.0987
G1 X65.4705 Y-40.1589
G1 X65.4497 Y-40.2194
G1 X65.4294 Y-40.2801
G1 X65.3905 Y-40.4028
G1 X65.3537 Y-40.5277
G1 X65.3359 Y-40.5912
G1 X65.3186 Y-40.6555
G1 X65.2854 Y-40.7868
G1 X65.2536 Y-40.9224
G1 X65.2384 Y-40.9920
G1 X65.2234 Y-41.0629
G1 X65.2089 Y-41.1350
G1 X65.1805 Y-41.2839
G1 X65.1667 Y-41.3606
G1 X65.1533 Y-41.4391
G1 X65.1401 Y-41.5193
G1 X65.1142 Y-41.6855
G1 X65.1015 Y-41.7713
G1 X65.0766 Y-41.9499
G1 X65.0644 Y-42.0423
G1 X65.0403 Y-42.2346
G1 X65.0164 Y-42.4365
G1 X64.9928 Y-42.6494
G1 X64.9689 Y-42.8734
G1 X64.9209 Y-43.3581
G1 X64.8838 Y-43.7558
G1 X64.8127 Y-44.5541
G1 X64.6814 Y-45.9966
G1 X64.6186 Y-46.6662
G1 X64.5330 Y-47.5544
G1 X64.4957 Y-47.9290
G1 X64.4533 Y-48.3398
G1 X64.4281 Y-48.5704
G1 X64.4017 Y-48.7949
G1 X64.3862 Y-48.9377
G1 X64.3593 Y-49.2049
G1 X64.3392 Y-49.4152
G1 X64.2821 Y-50.0383
G1 X64.2310 Y-50.6184
G1 X64.1495 Y-51.5836
G1 X64.1078 Y-52.0931
G1 X64.0395 Y-52.9562
G1 X64.0116 Y-53.3032
G1 X63.9818 Y-53.6522
G1 X63.9503 Y-54.0007
G1 X63.9341 Y-54.1741
G1 X63.8835 Y-54.6877
G1 X63.8487 Y-55.0215
G1 X63.8134 Y-55.3458
G1 X63.7776 Y-55.6583
G1 X63.7421 Y-55.9565
G1 X63.7243 Y-56.0995
G1 X63.6890 Y-56.3723
G1 X63.6544 Y-56.6250
G1 X63.6374 Y-56.7431
G1 X63.6206 Y-56.8556
G1 X63.5881 Y-57.0616
G1 X63.5724 Y-57.1546
G1 X63.5572 Y-57.2407
G1 X63.5422 Y-57.3197
G1 X63.5277 Y-57.3908
G1 X63.4746 Y-57.6326
G1 X63.4474 Y-57.7690
G1 X63.4220 Y-57.9082
G1 X63.3910 Y-58.0984
G1 X63.3768 Y-58.1957
G1 X63.3509 Y-58.3954
G1 X63.3392 Y-58.4977
G1 X63.3283 Y-58.6021
G1 X63.3136 Y-58.7621
G1 X63.3009 Y-58.9270
G1 X63.2899 Y-59.0969
G1 X63.2838 Y-59.2130
G1 X63.2785 Y-59.3316
G1 X63.2722 Y-59.5145
G1 X63.2691 Y-59.6397
G1 X63.2671 Y-59.7677
G1 X63.2653 Y-59.9651
G1 X63.2653 Y-60.1005
G1 X63.2671 Y-60.3093
G1 X63.2709 Y-60.5254
G1 X63.2767 Y-60.7492
G1 X63.2846 Y-60.9806
G1 X63.2948 Y-61.2206
G1 X63.3067 Y-61.4688
G1 X63.3209 Y-61.7261
G1 X63.3316 Y-61.9023
G1 X63.3433 Y-62.0829
G1 X63.3623 Y-62.3621
G1 X63.3913 Y-62.7492
G1 X63.4241 Y-63.1546
G1 X63.4512 Y-63.4710
G1 X63.4807 Y-63.7987
G1 X63.5122 Y-64.1373
G1 X63.5579 Y-64.6069
G1 X63.6074 Y-65.0982
G1 X63.6610 Y-65.6112
G1 X63.7492 Y-66.4235
G1 X63.8132 Y-66.9950
G1 X63.8988 Y-67.7438
G1 X64.0103 Y-68.6953
G1 X64.2323 Y-70.5531
G1 X64.5155 Y-72.8909
G1 X64.7235 Y-74.5800
G1 X64.8597 Y-75.6608
G1 X64.9224 Y-76.1423
G1 X64.9590 Y-76.4083
G1 X65.1104 Y-77.3908
G1 X63.5376 Y-77.4189
G1 X63.3100 Y-77.4263
G1 X63.0888 Y-77.4393
G1 X62.8736 Y-77.4583
G1 X62.6648 Y-77.4835
G1 X62.4619 Y-77.5147
G1 X62.2653 Y-77.5520
G1 X62.0743 Y-77.5957
G1 X61.8891 Y-77.6458
G1 X61.7098 Y-77.7019
G1 X61.5363 Y-77.7646
G1 X61.3682 Y-77.8340
G1 X61.2056 Y-77.9097
G1 X61.0486 Y-77.9920
G1 X60.8970 Y-78.0811
G1 X60.7505 Y-78.1769
G1 X60.6092 Y-78.2792
G1 X60.4731 Y-78.3887
G1 X60.3420 Y-78.5050
G1 X60.2160 Y-78.6282
G1 X60.0946 Y-78.7585
G1 X59.9783 Y-78.8960
G1 X59.8665 Y-79.0402
G1 X59.7596 Y-79.1921
G1 X59.6570 Y-79.3511
G1 X59.5589 Y-79.5172
G1 X59.4655 Y-79.6910
G1 X59.3761 Y-79.8723
G1 X59.2912 Y-80.0608
G1 X59.2102 Y-80.2571
G1 X59.1335 Y-80.4611
G1 X59.0608 Y-80.6727
G1 X58.9920 Y-80.8919
G1 X58.9402 Y-81.0684
G1 X58.8963 Y-81.2277
G1 X58.8604 Y-81.3719
G1 X58.8330 Y-81.5033
G1 X58.8145 Y-81.6237
G1 X58.8053 Y-81.7357
G1 X58.8053 Y-81.8413
G1 X58.8152 Y-81.9427
G1 X58.8353 Y-82.0417
G1 X58.8658 Y-82.1411
G1 X58.9069 Y-82.2424
G1 X58.9592 Y-82.3481
G1 X59.0230 Y-82.4601
G1 X59.0984 Y-82.5810
G1 X59.1858 Y-82.7126
G1 X59.2856 Y-82.8571
G1 X59.3740 Y-82.9823
G1 X59.4655 Y-83.1085
G1 X59.5597 Y-83.2355
G1 X59.6567 Y-83.3638
G1 X59.7565 Y-83.4928
G1 X59.8589 Y-83.6226
G1 X59.9638 Y-83.7532
G1 X60.0710 Y-83.8848
G1 X60.1810 Y-84.0166
G1 X60.2930 Y-84.1492
G1 X60.4076 Y-84.2825
G1 X60.5241 Y-84.4161
G1 X60.6430 Y-84.5502
G1 X60.7639 Y-84.6846
G1 X60.8868 Y-84.8192
G1 X61.0118 Y-84.9544
G1 X61.1388 Y-85.0895
G1 X61.2676 Y-85.2249
G1 X61.3979 Y-85.3603
G1 X61.5302 Y-85.4956
G1 X61.6641 Y-85.6310
G1 X61.7995 Y-85.7664
G1 X61.9364 Y-85.9015
G1 X62.0748 Y-86.0367
G1 X62.2145 Y-86.1713
G1 X62.3555 Y-86.3056
G1 X62.4980 Y-86.4398
G1 X62.6415 Y-86.5731
G1 X62.7860 Y-86.7062
G1 X62.9318 Y-86.8388
G1 X63.0784 Y-86.9706
G1 X63.2262 Y-87.1019
G1 X63.3745 Y-87.2325
G1 X63.5239 Y-87.3623
G1 X63.6740 Y-87.4911
G1 X63.8246 Y-87.6191
G1 X63.9760 Y-87.7461
G1 X64.1276 Y-87.8723
G1 X64.2800 Y-87.9973
G1 X64.4327 Y-88.1210
G1 X64.5858 Y-88.2437
G1 X64.7390 Y-88.3651
G1 X64.8927 Y-88.4852
G1 X65.0464 Y-88.6038
G1 X65.2000 Y-88.7212
G1 X65.3539 Y-88.8373
G1 X65.5076 Y-88.9516
G1 X65.6613 Y-89.0643
G1 X65.8147 Y-89.1753
G1 X65.9679 Y-89.2848
G1 X66.1208 Y-89.3925
G1 X66.2734 Y-89.4982
G1 X66.4256 Y-89.6023
G1 X66.5770 Y-89.7042
G1 X66.7281 Y-89.8042
G1 X66.8785 Y-89.9023
G1 X67.0281 Y-89.9980
G1 X67.1769 Y-90.0918
G1 X67.3250 Y-90.1832
G1 X67.4723 Y-90.2724
G1 X67.6184 Y-90.3592
G1 X67.7636 Y-90.4438
G1 X67.9077 Y-90.5259
G1 X68.0507 Y-90.6054
G1 X68.2079 Y-90.6917
G1 X68.3552 Y-90.7733
G1 X68.4936 Y-90.8505
G1 X68.6232 Y-90.9236
G1 X68.7446 Y-90.9935
G1 X68.8579 Y-91.0605
G1 X68.9638 Y-91.1253
G1 X69.0629 Y-91.1883
G1 X69.1556 Y-91.2503
G1 X69.2419 Y-91.3117
G1 X69.3229 Y-91.3729
G1 X69.3986 Y-91.4347
G1 X69.4695 Y-91.4974
G1 X69.5361 Y-91.5617
G1 X69.5990 Y-91.6280
G1 X69.6585 Y-91.6970
G1 X69.7149 Y-91.7692
G1 X69.7687 Y-91.8451
G1 X69.8208 Y-91.9254
G1 X69.8711 Y-92.0105
G1 X69.9201 Y-92.1007
G1 X69.9686 Y-92.1969
G1 X70.0166 Y-92.2998
G1 X70.0649 Y-92.4093
G1 X70.1139 Y-92.5266
G1 X70.1637 Y-92.6518
G1 X70.2153 Y-92.7857
G1 X70.2686 Y-92.9287
G1 X70.3245 Y-93.0813
G1 X70.3831 Y-93.2444
G1 X70.5660 Y-93.7588
G1 X70.6780 Y-94.0694
G1 X70.7916 Y-94.3788
G1 X70.9064 Y-94.6866
G1 X71.0227 Y-94.9935
G1 X71.1403 Y-95.2988
G1 X71.1998 Y-95.4509
G1 X71.3196 Y-95.7544
G1 X71.4411 Y-96.0564
G1 X71.5023 Y-96.2071
G1 X71.5640 Y-96.3574
G1 X71.6882 Y-96.6569
G1 X71.7509 Y-96.8063
G1 X71.8772 Y-97.1039
G1 X72.0049 Y-97.4004
G1 X72.1342 Y-97.6953
G1 X72.2650 Y-97.9891
G1 X72.3971 Y-98.2815
G1 X72.5310 Y-98.5726
G1 X72.6658 Y-98.8626
G1 X72.7339 Y-99.0069
G1 X72.8711 Y-99.2950
G1 X73.0098 Y-99.5817
G1 X73.0796 Y-99.7245
G1 X73.1500 Y-99.8670
G1 X73.2914 Y-100.1512
G1 X73.4344 Y-100.4339
G1 X73.5066 Y-100.5749
G1 X73.6516 Y-100.8555
G1 X73.7248 Y-100.9955
G1 X73.7984 Y-101.1352
G1 X73.9463 Y-101.4136
G1 X74.0209 Y-101.5520
G1 X74.1710 Y-101.8283
G1 X74.3227 Y-102.1034
G1 X74.4758 Y-102.3772
G1 X74.5531 Y-102.5136
G1 X74.7083 Y-102.7854
G1 X74.8650 Y-103.0559
G1 X74.9440 Y-103.1908
G1 X75.1027 Y-103.4595
G1 X75.2630 Y-103.7267
G1 X75.4248 Y-103.9927
G1 X75.5063 Y-104.1253
G1 X75.6702 Y-104.3894
G1 X75.8355 Y-104.6521
G1 X76.0024 Y-104.9137
G1 X76.0865 Y-105.0440
G1 X76.2554 Y-105.3036
G1 X76.4258 Y-105.5619
G1 X76.5978 Y-105.8189
G1 X76.7710 Y-106.0747
G1 X76.9460 Y-106.3290
G1 X77.1220 Y-106.5822
G1 X77.2998 Y-106.8342
G1 X77.4789 Y-107.0846
G1 X77.6595 Y-107.3340
G1 X77.7504 Y-107.4580
G1 X77.9330 Y-107.7054
G1 X78.1172 Y-107.9515
G1 X78.2099 Y-108.0742
G1 X78.3029 Y-108.1964
G1 X78.4901 Y-108.4400
G1 X78.5840 Y-108.5611
G1 X78.7733 Y-108.8027
G1 X78.8685 Y-108.9231
G1 X78.9640 Y-109.0430
G1 X79.0600 Y-109.1626
G1 X79.2528 Y-109.4011
G1 X79.4471 Y-109.6381
G1 X79.6430 Y-109.8740
G1 X79.7415 Y-109.9914
G1 X79.9394 Y-110.2253
G1 X80.1388 Y-110.4577
G1 X80.3397 Y-110.6891
G1 X80.4405 Y-110.8042
G1 X80.5419 Y-110.9190
G1 X80.7456 Y-111.1479
G1 X80.9508 Y-111.3752
G1 X81.0539 Y-111.4885
G1 X81.1576 Y-111.6015
G1 X81.3656 Y-111.8263
G1 X81.5751 Y-112.0501
G1 X81.6806 Y-112.1613
G1 X81.8921 Y-112.3831
G1 X82.1052 Y-112.6033
G1 X82.3199 Y-112.8225
G1 X82.5360 Y-113.0404
G1 X82.7537 Y-113.2568
G1 X82.9727 Y-113.4722
G1 X83.1929 Y-113.6861
G1 X83.3036 Y-113.7925
G1 X83.4149 Y-113.8987
G1 X83.6381 Y-114.1103
G1 X83.8629 Y-114.3203
G1 X83.9760 Y-114.4250
G1 X84.2028 Y-114.6332
G1 X84.3168 Y-114.7369
G1 X84.5459 Y-114.9431
G1 X84.6610 Y-115.0457
G1 X84.8924 Y-115.2502
G1 X85.0087 Y-115.3518
G1 X85.2421 Y-115.5543
G1 X85.3595 Y-115.6551
G1 X85.5950 Y-115.8555
G1 X85.8322 Y-116.0549
G1 X86.0707 Y-116.2528
G1 X86.1906 Y-116.3513
G1 X86.4314 Y-116.5474
G1 X86.5523 Y-116.6449
G1 X86.7951 Y-116.8390
G1 X87.0395 Y-117.0318
G1 X87.1624 Y-117.1278
G1 X87.4088 Y-117.3188
G1 X87.5327 Y-117.4138
G1 X87.7814 Y-117.6028
G1 X87.9064 Y-117.6967
G1 X88.1573 Y-117.8839
G1 X88.2833 Y-117.9769
G1 X88.5363 Y-118.1621
G1 X88.6635 Y-118.2543
G1 X88.9188 Y-118.4374
G1 X89.1756 Y-118.6195
G1 X89.4337 Y-118.8001
G1 X89.6932 Y-118.9794
G1 X89.9544 Y-119.1577
G1 X90.2170 Y-119.3345
G1 X90.3488 Y-119.4224
G1 X90.6135 Y-119.5974
G1 X90.8797 Y-119.7712
G1 X91.1474 Y-119.9436
G1 X91.2818 Y-120.0292
G1 X91.5515 Y-120.1997
G1 X91.6871 Y-120.2845
G1 X91.9592 Y-120.4531
G1 X92.0956 Y-120.5370
G1 X92.3699 Y-120.7036
G1 X92.6455 Y-120.8689
G1 X92.9226 Y-121.0330
G1 X93.2012 Y-121.1958
G1 X93.4811 Y-121.3574
G1 X93.7626 Y-121.5177
G1 X94.0455 Y-121.6767
G1 X94.3300 Y-121.8344
G1 X94.6158 Y-121.9909
G1 X94.9033 Y-122.1461
G1 X95.1918 Y-122.2997
G1 X95.4822 Y-122.4524
G1 X95.7737 Y-122.6038
G1 X96.0669 Y-122.7539
G1 X96.3615 Y-122.9027
G1 X100.0178 Y-124.7249
G1 X97.8324 Y-126.1603
G1 X97.6963 Y-126.2492
G1 X97.4222 Y-126.4262
G1 X97.2843 Y-126.5144
G1 X97.1459 Y-126.6020
G1 X97.0069 Y-126.6891
G1 X96.7273 Y-126.8626
G1 X96.4453 Y-127.0345
G1 X96.1614 Y-127.2050
G1 X95.8756 Y-127.3739
G1 X95.5876 Y-127.5413
G1 X95.4428 Y-127.6243
G1 X95.2978 Y-127.7069
G1 X95.0062 Y-127.8712
G1 X94.8596 Y-127.9528
G1 X94.7125 Y-128.0338
G1 X94.5652 Y-128.1143
G1 X94.2693 Y-128.2746
G1 X93.9716 Y-128.4328
G1 X93.6724 Y-128.5895
G1 X93.5220 Y-128.6673
G1 X93.2208 Y-128.8214
G1 X92.9178 Y-128.9736
G1 X92.6135 Y-129.1242
G1 X92.4608 Y-129.1989
G1 X92.1548 Y-129.3467
G1 X92.0013 Y-129.4199
G1 X91.6932 Y-129.5649
G1 X91.5388 Y-129.6368
G1 X91.3841 Y-129.7079
G1 X91.0740 Y-129.8494
G1 X90.9185 Y-129.9192
G1 X90.7628 Y-129.9886
G1 X90.4509 Y-130.1260
G1 X90.1380 Y-130.2614
G1 X89.9813 Y-130.3284
G1 X89.6671 Y-130.4607
G1 X89.3524 Y-130.5911
G1 X89.1946 Y-130.6556
G1 X88.8789 Y-130.7828
G1 X88.7207 Y-130.8456
G1 X88.4039 Y-130.9698
G1 X88.0869 Y-131.0917
G1 X87.7694 Y-131.2116
G1 X87.6104 Y-131.2708
G1 X87.4517 Y-131.3292
G1 X87.1334 Y-131.4447
G1 X86.8152 Y-131.5580
G1 X86.4964 Y-131.6690
G1 X86.1779 Y-131.7777
G1 X85.8591 Y-131.8842
G1 X85.6999 Y-131.9365
G1 X85.5403 Y-131.9883
G1 X85.2218 Y-132.0899
G1 X84.9033 Y-132.1895
G1 X84.5850 Y-132.2865
G1 X84.4260 Y-132.3340
G1 X84.1080 Y-132.4275
G1 X83.9493 Y-132.4732
G1 X83.6318 Y-132.5631
G1 X83.4733 Y-132.6070
G1 X83.3150 Y-132.6502
G1 X82.9986 Y-132.7351
G1 X82.6828 Y-132.8174
G1 X82.3676 Y-132.8971
G1 X82.2101 Y-132.9360
G1 X82.0529 Y-132.9741
G1 X81.7392 Y-133.0488
G1 X81.4263 Y-133.1206
G1 X81.2701 Y-133.1554
G1 X80.9584 Y-133.2235
G1 X80.6478 Y-133.2888
G1 X80.3382 Y-133.3513
G1 X80.1837 Y-133.3815
G1 X79.8756 Y-133.4399
G1 X79.7220 Y-133.4681
G1 X79.4159 Y-133.5225
G1 X79.2632 Y-133.5486
G1 X79.1108 Y-133.5740
G1 X78.9587 Y-133.5987
G1 X78.6559 Y-133.6459
G1 X78.5048 Y-133.6685
G1 X78.3542 Y-133.6904
G1 X78.2041 Y-133.7114
G1 X75.7248 Y-134.0546
G1 X75.8683 Y-130.9426
G1 X75.8802 Y-130.6589
G1 X75.8899 Y-130.3795
G1 X75.8937 Y-130.2413
G1 X75.8998 Y-129.9682
G1 X75.9033 Y-129.6993
G1 X75.9043 Y-129.4343
G1 X75.9041 Y-129.3033
G1 X75.9033 Y-129.1735
G1 X75.8995 Y-128.9169
G1 X75.8967 Y-128.7899
G1 X75.8934 Y-128.6642
G1 X75.8894 Y-128.5395
G1 X75.8795 Y-128.2929
G1 X75.8736 Y-128.1709
G1 X75.8670 Y-128.0500
G1 X75.8599 Y-127.9304
G1 X75.8520 Y-127.8115
G1 X75.8436 Y-127.6937
G1 X75.8347 Y-127.5766
G1 X75.8251 Y-127.4608
G1 X75.8147 Y-127.3457
G1 X75.8038 Y-127.2319
G1 X75.7921 Y-127.1186
G1 X75.7799 Y-127.0066
G1 X75.7672 Y-126.8956
G1 X75.7537 Y-126.7854
G1 X75.7395 Y-126.6761
G1 X75.7248 Y-126.5677
G1 X75.7093 Y-126.4605
G1 X75.6933 Y-126.3541
G1 X75.6765 Y-126.2484
G1 X75.6590 Y-126.1438
G1 X75.6409 Y-126.0401
G1 X75.6224 Y-125.9375
G1 X75.6031 Y-125.8357
G1 X75.5830 Y-125.7348
G1 X75.5622 Y-125.6347
G1 X75.5409 Y-125.5357
G1 X75.5190 Y-125.4374
G1 X75.4964 Y-125.3401
G1 X75.4731 Y-125.2436
G1 X75.4489 Y-125.1481
G1 X75.4243 Y-125.0536
G1 X75.3989 Y-124.9596
G1 X75.3730 Y-124.8669
G1 X75.3463 Y-124.7747
G1 X75.3189 Y-124.6835
G1 X75.2909 Y-124.5934
G1 X75.2622 Y-124.5039
G1 X75.2328 Y-124.4153
G1 X75.2025 Y-124.3277
G1 X75.1718 Y-124.2408
G1 X75.1406 Y-124.1547
G1 X75.1083 Y-124.0696
G1 X75.0755 Y-123.9853
G1 X75.0420 Y-123.9017
G1 X75.0077 Y-123.8189
G1 X74.9729 Y-123.7371
G1 X74.9371 Y-123.6561
G1 X74.9008 Y-123.5758
G1 X74.8640 Y-123.4963
G1 X74.8261 Y-123.4178
G1 X74.7878 Y-123.3401
G1 X74.7486 Y-123.2632
G1 X74.7090 Y-123.1870
G1 X74.6684 Y-123.1115
G1 X74.6272 Y-123.0368
G1 X74.5853 Y-122.9632
G1 X74.5426 Y-122.8900
G1 X74.4992 Y-122.8179
G1 X74.4550 Y-122.7465
G1 X74.4103 Y-122.6756
G1 X74.3649 Y-122.6058
G1 X74.3186 Y-122.5367
G1 X74.2716 Y-122.4684
G1 X74.2239 Y-122.4008
G1 X74.1756 Y-122.3338
G1 X74.1266 Y-122.2677
G1 X74.0766 Y-122.2024
G1 X74.0260 Y-122.1377
G1 X73.9747 Y-122.0739
G1 X73.9226 Y-122.0107
G1 X73.8701 Y-121.9482
G1 X73.8165 Y-121.8865
G1 X73.7621 Y-121.8255
G1 X73.7072 Y-121.7653
G1 X73.6514 Y-121.7059
G1 X73.5950 Y-121.6470
G1 X73.5378 Y-121.5888
G1 X73.4799 Y-121.5314
G1 X73.4212 Y-121.4747
G1 X73.3618 Y-121.4189
G1 X73.3016 Y-121.3635
G1 X73.2406 Y-121.3089
G1 X73.1789 Y-121.2548
G1 X73.1164 Y-121.2017
G1 X73.0532 Y-121.1491
G1 X72.9892 Y-121.0970
G1 X72.9244 Y-121.0460
G1 X72.8589 Y-120.9954
G1 X72.7928 Y-120.9454
G1 X72.7258 Y-120.8961
G1 X72.6580 Y-120.8476
G1 X72.5894 Y-120.7996
G1 X72.5200 Y-120.7524
G1 X72.4499 Y-120.7059
G1 X72.3791 Y-120.6599
G1 X72.3075 Y-120.6144
G1 X72.2351 Y-120.5697
G1 X72.1619 Y-120.5255
G1 X72.0880 Y-120.4821
G1 X72.0133 Y-120.4394
G1 X71.9376 Y-120.3970
G1 X71.8614 Y-120.3556
G1 X71.7842 Y-120.3145
G1 X71.7065 Y-120.2741
G1 X71.6277 Y-120.2342
G1 X71.5482 Y-120.1951
G1 X71.4680 Y-120.1565
G1 X71.3870 Y-120.1186
G1 X71.3052 Y-120.0810
G1 X71.2086 Y-120.0384
G1 X71.1126 Y-119.9972
G1 X71.0169 Y-119.9581
G1 X70.9209 Y-119.9205
G1 X70.8246 Y-119.8844
G1 X70.7276 Y-119.8502
G1 X70.6300 Y-119.8174
G1 X70.5310 Y-119.7861
G1 X70.4309 Y-119.7564
G1 X70.3290 Y-119.7280
G1 X70.2252 Y-119.7011
G1 X70.1192 Y-119.6754
G1 X70.0108 Y-119.6510
G1 X69.8998 Y-119.6279
G1 X69.7857 Y-119.6061
G1 X69.6686 Y-119.5855
G1 X69.5480 Y-119.5659
G1 X69.4238 Y-119.5474
G1 X69.2953 Y-119.5299
G1 X69.1627 Y-119.5134
G1 X69.0258 Y-119.4979
G1 X68.8838 Y-119.4831
G1 X68.7370 Y-119.4694
G1 X68.5848 Y-119.4565
G1 X68.4273 Y-119.4443
G1 X68.2638 Y-119.4326
G1 X68.0944 Y-119.4219
G1 X67.9183 Y-119.4117
G1 X67.7360 Y-119.4021
G1 X67.5467 Y-119.3930
G1 X67.3504 Y-119.3846
G1 X66.6829 Y-119.3584
G1 X66.4708 Y-119.3495
G1 X66.2716 Y-119.3406
G1 X66.0847 Y-119.3315
G1 X65.9097 Y-119.3223
G1 X65.7461 Y-119.3129
G1 X65.5937 Y-119.3030
G1 X65.4517 Y-119.2926
G1 X65.3199 Y-119.2817
G1 X65.1980 Y-119.2700
G1 X65.0855 Y-119.2578
G1 X64.9816 Y-119.2444
G1 X64.8863 Y-119.2304
G1 X64.7992 Y-119.2152
G1 X64.7195 Y-119.1986
G1 X64.6471 Y-119.1811
G1 X64.5815 Y-119.1621
G1 X64.5224 Y-119.1417
G1 X64.4690 Y-119.1196
G1 X64.4213 Y-119.0963
G1 X64.3783 Y-119.0709
G1 X64.3402 Y-119.0440
G1 X64.3064 Y-119.0147
G1 X64.2765 Y-118.9838
G1 X64.2498 Y-118.9507
G1 X64.2259 Y-118.9154
G1 X64.2048 Y-118.8778
G1 X64.1855 Y-118.8380
G1 X64.1683 Y-118.7955
G1 X64.1520 Y-118.7506
G1 X64.1365 Y-118.7028
G1 X64.0758 Y-118.5222
G1 X64.0044 Y-118.3406
G1 X63.9232 Y-118.1583
G1 X63.8320 Y-117.9756
G1 X63.7311 Y-117.7928
G1 X63.6214 Y-117.6101
G1 X63.5028 Y-117.4280
G1 X63.3755 Y-117.2467
G1 X63.2404 Y-117.0666
G1 X63.0974 Y-116.8878
G1 X62.9468 Y-116.7105
G1 X62.7893 Y-116.5352
G1 X62.6250 Y-116.3622
G1 X62.4540 Y-116.1918
G1 X62.2772 Y-116.0244
G1 X62.0946 Y-115.8601
G1 X61.9064 Y-115.6990
G1 X61.7131 Y-115.5418
G1 X61.5152 Y-115.3886
G1 X61.3128 Y-115.2398
G1 X61.1063 Y-115.0955
G1 X60.8962 Y-114.9563
G1 X60.6826 Y-114.8222
G1 X60.4657 Y-114.6937
G1 X60.2465 Y-114.5710
G1 X60.0245 Y-114.4544
G1 X59.8007 Y-114.3442
G1 X59.5749 Y-114.2406
G1 X59.3479 Y-114.1440
G1 X59.1198 Y-114.0546
G1 X58.8909 Y-113.9731
G1 X58.6618 Y-113.8992
G1 X58.4312 Y-113.8222
G1 X58.2229 Y-113.7389
G1 X58.0403 Y-113.6513
G1 X57.8863 Y-113.5619
G1 X57.7647 Y-113.4727
G1 X57.6788 Y-113.3859
G1 X57.6316 Y-113.3036
G1 X57.6265 Y-113.2279
G1 X57.6405 Y-113.1674
G1 X57.6537 Y-113.1021
G1 X57.6669 Y-113.0325
G1 X57.6796 Y-112.9586
G1 X57.6918 Y-112.8806
G1 X57.7037 Y-112.7986
G1 X57.7152 Y-112.7125
G1 X57.7263 Y-112.6228
G1 X57.7372 Y-112.5296
G1 X57.7477 Y-112.4328
G1 X57.7576 Y-112.3328
G1 X57.7672 Y-112.2296
G1 X57.7853 Y-112.0140
G1 X57.8018 Y-111.7877
G1 X57.8167 Y-111.5512
G1 X57.8302 Y-111.3058
G1 X57.8363 Y-111.1804
G1 X57.8472 Y-110.9241
G1 X57.8566 Y-110.6617
G1 X57.8607 Y-110.5289
G1 X57.8676 Y-110.2596
G1 X57.8729 Y-109.9871
G1 X57.8749 Y-109.8502
G1 X57.8764 Y-109.7128
G1 X57.8785 Y-109.4374
G1 X57.8787 Y-109.1621
G1 X57.8782 Y-109.0249
G1 X57.8759 Y-108.7521
G1 X57.8742 Y-108.6167
G1 X57.8693 Y-108.3485
G1 X57.8663 Y-108.2164
G1 X57.8589 Y-107.9556
G1 X57.8546 Y-107.8278
G1 X57.8447 Y-107.5771
G1 X57.8328 Y-107.3343
G1 X57.8193 Y-107.1009
G1 X57.8119 Y-106.9878
G1 X57.8040 Y-106.8776
G1 X57.7957 Y-106.7699
G1 X57.7868 Y-106.6655
G1 X57.7776 Y-106.5642
G1 X57.7680 Y-106.4661
G1 X57.7578 Y-106.3714
G1 X57.7474 Y-106.2802
G1 X57.7362 Y-106.1928
G1 X57.7248 Y-106.1093
G1 X57.7129 Y-106.0295
G1 X57.7004 Y-105.9541
G1 X57.6791 Y-105.8334
G1 X57.6570 Y-105.7133
G1 X57.6339 Y-105.5941
G1 X57.6097 Y-105.4755
G1 X57.5848 Y-105.3574
G1 X57.5589 Y-105.2403
G1 X57.5323 Y-105.1237
G1 X57.5046 Y-105.0079
G1 X57.4759 Y-104.8929
G1 X57.4464 Y-104.7786
G1 X57.4159 Y-104.6648
G1 X57.3847 Y-104.5517
G1 X57.3524 Y-104.4395
G1 X57.3194 Y-104.3277
G1 X57.2854 Y-104.2170
G1 X57.2503 Y-104.1067
G1 X57.2145 Y-103.9973
G1 X57.1777 Y-103.8883
G1 X57.1401 Y-103.7803
G1 X57.1015 Y-103.6729
G1 X57.0621 Y-103.5662
G1 X57.0217 Y-103.4603
G1 X56.9806 Y-103.3551
G1 X56.9384 Y-103.2505
G1 X56.8952 Y-103.1466
G1 X56.8513 Y-103.0435
G1 X56.8066 Y-102.9411
G1 X56.7609 Y-102.8395
G1 X56.7144 Y-102.7384
G1 X56.6669 Y-102.6384
G1 X56.6184 Y-102.5388
G1 X56.5691 Y-102.4400
G1 X56.5191 Y-102.3419
G1 X56.4680 Y-102.2444
G1 X56.4159 Y-102.1479
G1 X56.3631 Y-102.0519
G1 X56.3095 Y-101.9566
G1 X56.2549 Y-101.8621
G1 X56.1995 Y-101.7684
G1 X56.1431 Y-101.6754
G1 X56.0860 Y-101.5832
G1 X56.0278 Y-101.4915
G1 X55.9689 Y-101.4009
G1 X55.9090 Y-101.3107
G1 X55.8483 Y-101.2213
G1 X55.7868 Y-101.1326
G1 X55.7243 Y-101.0448
G1 X55.6608 Y-100.9576
G1 X55.5965 Y-100.8713
G1 X55.5315 Y-100.7854
G1 X55.4657 Y-100.7006
G1 X55.3989 Y-100.6163
G1 X55.3311 Y-100.5329
G1 X55.2625 Y-100.4501
G1 X55.1932 Y-100.3681
G1 X55.1228 Y-100.2868
G1 X55.0517 Y-100.2063
G1 X54.9798 Y-100.1265
G1 X54.9069 Y-100.0476
G1 X54.8330 Y-99.9693
G1 X54.7586 Y-99.8918
G1 X54.6832 Y-99.8151
G1 X54.6067 Y-99.7392
G1 X54.5297 Y-99.6638
G1 X54.4518 Y-99.5893
G1 X54.3728 Y-99.5154
G1 X54.2930 Y-99.4425
G1 X54.2125 Y-99.3701
G1 X54.1310 Y-99.2988
G1 X54.0489 Y-99.2279
G1 X53.9656 Y-99.1580
G1 X53.8818 Y-99.0887
G1 X53.7969 Y-99.0204
G1 X53.7113 Y-98.9526
G1 X53.6247 Y-98.8858
G1 X53.5374 Y-98.8195
G1 X53.4492 Y-98.7539
G1 X53.3601 Y-98.6894
G1 X53.2704 Y-98.6254
G1 X53.1795 Y-98.5624
G1 X53.0880 Y-98.4999
G1 X52.9956 Y-98.4385
G1 X52.9024 Y-98.3775
G1 X52.8084 Y-98.3176
G1 X52.7134 Y-98.2581
G1 X52.6176 Y-98.1997
G1 X52.5211 Y-98.1420
G1 X52.4238 Y-98.0851
G1 X52.3255 Y-98.0288
G1 X52.2265 Y-97.9734
G1 X52.1266 Y-97.9188
G1 X52.0258 Y-97.8649
G1 X51.9242 Y-97.8118
G1 X51.8218 Y-97.7595
G1 X51.7187 Y-97.7080
G1 X51.6148 Y-97.6572
G1 X51.5099 Y-97.6074
G1 X51.4043 Y-97.5581
G1 X51.2978 Y-97.5098
G1 X51.1904 Y-97.4621
G1 X51.0824 Y-97.4154
G1 X50.9735 Y-97.3694
G1 X50.8638 Y-97.3242
G1 X50.7530 Y-97.2797
G1 X50.6418 Y-97.2360
G1 X50.5295 Y-97.1931
G1 X50.4165 Y-97.1509
G1 X50.3027 Y-97.1098
G1 X50.1881 Y-97.0691
G1 X50.0725 Y-97.0295
G1 X49.9562 Y-96.9907
G1 X49.8391 Y-96.9526
G1 X49.7213 Y-96.9152
G1 X49.6026 Y-96.8786
G1 X49.4833 Y-96.8428
G1 X49.3629 Y-96.8080
G1 X49.2420 Y-96.7740
G1 X49.1200 Y-96.7407
G1 X48.9974 Y-96.7082
G1 X48.8737 Y-96.6765
G1 X48.7495 Y-96.6455
G1 X48.6245 Y-96.6155
G1 X48.4985 Y-96.5863
G1 X48.3718 Y-96.5576
G1 X48.2443 Y-96.5302
G1 X48.1160 Y-96.5032
G1 X47.9870 Y-96.4771
G1 X47.8572 Y-96.4519
G1 X45.9171 Y-96.0824
G1 X42.4078 Y-98.9533
G1 X39.3322 Y-97.3986
G1 X39.1277 Y-97.2960
G1 X38.9240 Y-97.1949
G1 X38.7213 Y-97.0953
G1 X38.5194 Y-96.9975
G1 X38.3182 Y-96.9013
G1 X38.1180 Y-96.8068
G1 X37.9186 Y-96.7138
G1 X37.7200 Y-96.6226
G1 X37.5221 Y-96.5330
G1 X37.3253 Y-96.4448
G1 X37.1292 Y-96.3585
G1 X36.9339 Y-96.2736
G1 X36.7396 Y-96.1906
G1 X36.5460 Y-96.1090
G1 X36.3532 Y-96.0293
G1 X36.1612 Y-95.9510
G1 X35.9702 Y-95.8743
G1 X35.7800 Y-95.7994
G1 X35.5905 Y-95.7260
G1 X35.4020 Y-95.6544
G1 X35.2141 Y-95.5843
G1 X35.0271 Y-95.5159
G1 X34.8409 Y-95.4491
G1 X34.6558 Y-95.3839
G1 X34.4714 Y-95.3204
G1 X34.2875 Y-95.2584
G1 X34.1048 Y-95.1982
G1 X33.9227 Y-95.1395
G1 X33.7416 Y-95.0826
G1 X33.5610 Y-95.0272
G1 X33.3814 Y-94.9736
G1 X33.2029 Y-94.9216
G1 X33.0248 Y-94.8710
G1 X32.8478 Y-94.8223
G1 X32.6715 Y-94.7750
G1 X32.4960 Y-94.7296
G1 X32.3212 Y-94.6856
G1 X32.1473 Y-94.6432
G1 X31.9743 Y-94.6026
G1 X31.8021 Y-94.5637
G1 X31.6306 Y-94.5261
G1 X31.4599 Y-94.4905
G1 X31.2903 Y-94.4562
G1 X31.1211 Y-94.4237
G1 X30.9529 Y-94.3930
G1 X30.7856 Y-94.3638
G1 X30.6189 Y-94.3361
G1 X30.4531 Y-94.3102
G1 X30.2880 Y-94.2861
G1 X30.1239 Y-94.2632
G1 X29.9606 Y-94.2424
G1 X29.7980 Y-94.2228
G1 X29.6362 Y-94.2050
G1 X29.4752 Y-94.1890
G1 X29.3149 Y-94.1746
G1 X29.1554 Y-94.1616
G1 X28.9969 Y-94.1504
G1 X28.8392 Y-94.1408
G1 X28.6819 Y-94.1327
G1 X28.5257 Y-94.1266
G1 X28.3703 Y-94.1217
G1 X28.2156 Y-94.1187
G1 X28.0619 Y-94.1172
G1 X27.9088 Y-94.1174
G1 X27.7564 Y-94.1192
G1 X27.6050 Y-94.1227
G1 X27.4544 Y-94.1278
G1 X27.3042 Y-94.1347
G1 X27.1551 Y-94.1431
G1 X27.0068 Y-94.1530
G1 X26.8592 Y-94.1647
G1 X26.7124 Y-94.1779
G1 X26.5664 Y-94.1929
G1 X26.4213 Y-94.2094
G1 X26.2768 Y-94.2276
G1 X26.1330 Y-94.2475
G1 X25.9903 Y-94.2688
G1 X25.8481 Y-94.2919
G1 X25.7068 Y-94.3165
G1 X25.5664 Y-94.3430
G1 X25.4264 Y-94.3709
G1 X25.2875 Y-94.4006
G1 X25.1493 Y-94.4319
G1 X25.0119 Y-94.4646
G1 X24.8750 Y-94.4992
G1 X24.7391 Y-94.5352
G1 X24.6040 Y-94.5731
G1 X24.4696 Y-94.6125
G1 X24.3360 Y-94.6536
G1 X24.2032 Y-94.6963
G1 X24.0711 Y-94.7407
G1 X23.9398 Y-94.7867
G1 X23.8092 Y-94.8342
G1 X23.6794 Y-94.8835
G1 X23.5504 Y-94.9343
G1 X23.4221 Y-94.9869
G1 X23.2946 Y-95.0410
G1 X23.1678 Y-95.0968
G1 X23.0421 Y-95.1542
G1 X22.9169 Y-95.2132
G1 X22.7924 Y-95.2739
G1 X22.6687 Y-95.3361
G1 X22.5455 Y-95.4001
G1 X22.4234 Y-95.4656
G1 X22.3020 Y-95.5330
G1 X22.1813 Y-95.6018
G1 X22.0614 Y-95.6721
G1 X21.9423 Y-95.7443
G1 X21.8239 Y-95.8179
G1 X21.7061 Y-95.8934
G1 X21.5892 Y-95.9703
G1 X21.4732 Y-96.0491
G1 X21.3576 Y-96.1293
G1 X21.2430 Y-96.2114
G1 X21.1290 Y-96.2950
G1 X21.0157 Y-96.3800
G1 X20.9034 Y-96.4669
G1 X20.7917 Y-96.5553
G1 X20.6807 Y-96.6455
G1 X20.5704 Y-96.7372
G1 X20.4610 Y-96.8304
G1 X20.3523 Y-96.9254
G1 X20.2443 Y-97.0222
G1 X20.1371 Y-97.1205
G1 X20.0304 Y-97.2203
G1 X19.9248 Y-97.3219
G1 X19.8196 Y-97.4250
G1 X19.7155 Y-97.5297
G1 X19.6441 Y-97.6033
G1 X19.5722 Y-97.6795
G1 X19.4998 Y-97.7585
G1 X19.4269 Y-97.8400
G1 X19.3535 Y-97.9239
G1 X19.2796 Y-98.0105
G1 X19.2054 Y-98.0994
G1 X19.1308 Y-98.1906
G1 X19.0558 Y-98.2840
G1 X18.9807 Y-98.3798
G1 X18.9052 Y-98.4776
G1 X18.8295 Y-98.5774
G1 X18.7536 Y-98.6795
G1 X18.6776 Y-98.7834
G1 X18.6014 Y-98.8891
G1 X18.5252 Y-98.9968
G1 X18.4488 Y-99.1062
G1 X18.3726 Y-99.2172
G1 X18.2964 Y-99.3300
G1 X18.2202 Y-99.4446
G1 X18.1440 Y-99.5604
G1 X18.0680 Y-99.6777
G1 X17.9921 Y-99.7963
G1 X17.9167 Y-99.9165
G1 X17.8412 Y-100.0376
G1 X17.7660 Y-100.1603
G1 X17.6914 Y-100.2840
G1 X17.6169 Y-100.4087
G1 X17.5428 Y-100.5345
G1 X17.4691 Y-100.6612
G1 X17.3960 Y-100.7887
G1 X17.3231 Y-100.9172
G1 X17.2509 Y-101.0465
G1 X17.1793 Y-101.1763
G1 X17.1082 Y-101.3069
G1 X17.0378 Y-101.4379
G1 X16.9680 Y-101.5698
G1 X16.8305 Y-101.8342
G1 X16.7630 Y-101.9670
G1 X16.6964 Y-102.1001
G1 X16.6304 Y-102.2335
G1 X16.5654 Y-102.3668
G1 X16.5011 Y-102.5002
G1 X16.4381 Y-102.6338
G1 X16.3759 Y-102.7671
G1 X16.3147 Y-102.9005
G1 X16.2545 Y-103.0336
G1 X16.1953 Y-103.1667
G1 X16.1374 Y-103.2993
G1 X16.0807 Y-103.4313
G1 X16.0251 Y-103.5632
G1 X15.9708 Y-103.6945
G1 X15.9177 Y-103.8253
G1 X15.8659 Y-103.9553
G1 X15.8153 Y-104.0849
G1 X15.7663 Y-104.2134
G1 X15.7185 Y-104.3414
G1 X15.6723 Y-104.4684
G1 X15.6273 Y-104.5944
G1 X15.5842 Y-104.7196
G1 X15.5425 Y-104.8436
G1 X15.5024 Y-104.9665
G1 X15.4244 Y-105.2139
G1 X15.3858 Y-105.3333
G1 X15.3482 Y-105.4468
G1 X15.3111 Y-105.5545
G1 X15.2743 Y-105.6571
G1 X15.2372 Y-105.7547
G1 X15.1996 Y-105.8479
G1 X15.1615 Y-105.9368
G1 X15.1224 Y-106.0221
G1 X15.0818 Y-106.1039
G1 X15.0396 Y-106.1829
G1 X14.9957 Y-106.2589
G1 X14.9492 Y-106.3328
G1 X14.9004 Y-106.4047
G1 X14.8488 Y-106.4750
G1 X14.7940 Y-106.5444
G1 X14.7356 Y-106.6127
G1 X14.6736 Y-106.6805
G1 X14.6075 Y-106.7486
G1 X14.5369 Y-106.8167
G1 X14.4620 Y-106.8855
G1 X14.3817 Y-106.9551
G1 X14.2964 Y-107.0265
G1 X14.2055 Y-107.0994
G1 X14.1087 Y-107.1745
G1 X14.0058 Y-107.2520
G1 X13.8963 Y-107.3325
G1 X13.7803 Y-107.4163
G1 X13.6568 Y-107.5035
G1 X13.5260 Y-107.5949
G1 X13.3876 Y-107.6904
G1 X12.9964 Y-107.9586
G1 X12.6550 Y-108.1954
G1 X12.5479 Y-108.2708
G1 X12.3434 Y-108.4161
G1 X12.2458 Y-108.4864
G1 X12.1514 Y-108.5553
G1 X12.0599 Y-108.6228
G1 X11.9713 Y-108.6891
G1 X11.8857 Y-108.7542
G1 X11.8029 Y-108.8179
G1 X11.7229 Y-108.8807
G1 X11.6454 Y-108.9426
G1 X11.5707 Y-109.0033
G1 X11.4988 Y-109.0635
G1 X11.4292 Y-109.1230
G1 X11.3622 Y-109.1816
G1 X11.2977 Y-109.2398
G1 X11.2354 Y-109.2975
G1 X11.1757 Y-109.3549
G1 X11.1181 Y-109.4118
G1 X11.0627 Y-109.4684
G1 X11.0094 Y-109.5251
G1 X10.9581 Y-109.5814
G1 X10.9090 Y-109.6378
G1 X10.8618 Y-109.6945
G1 X10.8166 Y-109.7511
G1 X10.7732 Y-109.8080
G1 X10.7315 Y-109.8654
G1 X10.6916 Y-109.9231
G1 X10.6535 Y-109.9812
G1 X10.6169 Y-110.0399
G1 X10.5819 Y-110.0993
G1 X10.5486 Y-110.1595
G1 X10.5166 Y-110.2205
G1 X10.4859 Y-110.2822
G1 X10.4567 Y-110.3450
G1 X10.4285 Y-110.4090
G1 X10.4018 Y-110.4740
G1 X10.3762 Y-110.5400
G1 X10.3518 Y-110.6076
G1 X10.3281 Y-110.6767
G1 X10.3058 Y-110.7470
G1 X10.2842 Y-110.8189
G1 X10.2636 Y-110.8923
G1 X10.2438 Y-110.9678
G1 X10.2248 Y-111.0447
G1 X10.2062 Y-111.1237
G1 X10.1887 Y-111.2045
G1 X10.1714 Y-111.2873
G1 X10.1549 Y-111.3724
G1 X10.1387 Y-111.4595
G1 X10.1229 Y-111.5492
G1 X10.1077 Y-111.6409
G1 X10.0777 Y-111.8319
G1 X10.0487 Y-112.0336
G1 X10.0198 Y-112.2459
G1 X9.9893 Y-112.4859
G1 X9.9741 Y-112.6175
G1 X9.9598 Y-112.7511
G1 X9.9464 Y-112.8873
G1 X9.9337 Y-113.0252
G1 X9.9220 Y-113.1654
G1 X9.9111 Y-113.3074
G1 X9.9012 Y-113.4514
G1 X9.8920 Y-113.5972
G1 X9.8836 Y-113.7445
G1 X9.8763 Y-113.8936
G1 X9.8697 Y-114.0442
G1 X9.8638 Y-114.1964
G1 X9.8590 Y-114.3500
G1 X9.8547 Y-114.5050
G1 X9.8514 Y-114.6609
G1 X9.8491 Y-114.8184
G1 X9.8473 Y-114.9767
G1 X9.8466 Y-115.1362
G1 X9.8463 Y-115.2964
G1 X9.8471 Y-115.4577
G1 X9.8486 Y-115.6198
G1 X9.8542 Y-115.9457
G1 X9.8580 Y-116.1097
G1 X9.8682 Y-116.4387
G1 X9.8742 Y-116.6038
G1 X9.8890 Y-116.9347
G1 X9.9068 Y-117.2660
G1 X9.9167 Y-117.4313
G1 X9.9390 Y-117.7620
G1 X9.9512 Y-117.9269
G1 X9.9642 Y-118.0912
G1 X9.9776 Y-118.2553
G1 X9.9921 Y-118.4186
G1 X10.0071 Y-118.5817
G1 X10.0228 Y-118.7437
G1 X10.0393 Y-118.9053
G1 X10.0566 Y-119.0658
G1 X10.0744 Y-119.2253
G1 X10.0929 Y-119.3841
G1 X10.1122 Y-119.5415
G1 X10.1323 Y-119.6980
G1 X10.1529 Y-119.8532
G1 X10.1742 Y-120.0071
G1 X10.1961 Y-120.1595
G1 X10.2187 Y-120.3107
G1 X10.2420 Y-120.4600
G1 X10.2659 Y-120.6078
G1 X10.2906 Y-120.7541
G1 X10.3157 Y-120.8984
G1 X10.3416 Y-121.0409
G1 X10.3683 Y-121.1816
G1 X10.3952 Y-121.3203
G1 X10.4231 Y-121.4567
G1 X10.4516 Y-121.5911
G1 X10.4805 Y-121.7232
G1 X10.5100 Y-121.8529
G1 X10.5405 Y-121.9802
G1 X10.5712 Y-122.1052
G1 X10.6004 Y-122.2174
G1 X10.6329 Y-122.3361
G1 X10.6688 Y-122.4603
G1 X10.7076 Y-122.5898
G1 X10.7495 Y-122.7247
G1 X10.7942 Y-122.8644
G1 X10.8417 Y-123.0084
G1 X10.8918 Y-123.1567
G1 X10.9441 Y-123.3089
G1 X10.9990 Y-123.4646
G1 X11.0561 Y-123.6236
G1 X11.1150 Y-123.7854
G1 X11.1763 Y-123.9497
G1 X11.2392 Y-124.1163
G1 X11.3038 Y-124.2850
G1 X11.3701 Y-124.4549
G1 X11.4376 Y-124.6264
G1 X11.5067 Y-124.7988
G1 X11.5768 Y-124.9718
G1 X11.6482 Y-125.1453
G1 X11.7203 Y-125.3185
G1 X11.7935 Y-125.4915
G1 X11.8671 Y-125.6640
G1 X11.9416 Y-125.8352
G1 X12.0162 Y-126.0053
G1 X12.0914 Y-126.1737
G1 X12.1666 Y-126.3401
G1 X12.2420 Y-126.5044
G1 X12.3172 Y-126.6660
G1 X12.3924 Y-126.8247
G1 X12.4671 Y-126.9804
G1 X12.5415 Y-127.1323
G1 X12.5999 Y-127.2504
G1 X12.7119 Y-127.4788
G1 X12.8687 Y-127.8014
G1 X13.0127 Y-128.1021
G1 X13.1018 Y-128.2913
G1 X13.1856 Y-128.4724
G1 X13.2644 Y-128.6457
G1 X13.3383 Y-128.8115
G1 X13.4074 Y-128.9708
G1 X13.4719 Y-129.1242
G1 X13.5321 Y-129.2720
G1 X13.5606 Y-129.3439
G1 X13.5880 Y-129.4148
G1 X13.6401 Y-129.5535
G1 X13.6647 Y-129.6213
G1 X13.7109 Y-129.7541
G1 X13.7328 Y-129.8197
G1 X13.7737 Y-129.9484
G1 X13.7930 Y-130.0119
G1 X13.8115 Y-130.0752
G1 X13.8293 Y-130.1379
G1 X13.8623 Y-130.2626
G1 X13.8778 Y-130.3246
G1 X13.9068 Y-130.4486
G1 X13.9202 Y-130.5103
G1 X13.9332 Y-130.5725
G1 X13.9573 Y-130.6972
G1 X13.9685 Y-130.7600
G1 X13.9890 Y-130.8870
G1 X13.9987 Y-130.9512
G1 X14.0167 Y-131.0815
G1 X14.0251 Y-131.1478
G1 X14.0406 Y-131.2827
G1 X14.0477 Y-131.3518
G1 X14.0612 Y-131.4928
G1 X14.0736 Y-131.6385
G1 X14.0851 Y-131.7894
G1 X14.1117 Y-132.1930
G1 X14.1247 Y-132.3579
G1 X14.1392 Y-132.5212
G1 X14.1552 Y-132.6835
G1 X14.1729 Y-132.8445
G1 X14.1925 Y-133.0043
G1 X14.2136 Y-133.1628
G1 X14.2364 Y-133.3200
G1 X14.2608 Y-133.4757
G1 X14.2867 Y-133.6304
G1 X14.3144 Y-133.7836
G1 X14.3436 Y-133.9352
G1 X14.3746 Y-134.0858
G1 X14.4071 Y-134.2349
G1 X14.4412 Y-134.3825
G1 X14.4770 Y-134.5288
G1 X14.5141 Y-134.6736
G1 X14.5529 Y-134.8171
G1 X14.5933 Y-134.9588
G1 X14.6352 Y-135.0996
G1 X14.6789 Y-135.2385
G1 X14.7239 Y-135.3759
G1 X14.7706 Y-135.5120
G1 X14.8186 Y-135.6464
G1 X14.8684 Y-135.7793
G1 X14.9195 Y-135.9108
G1 X14.9723 Y-136.0406
G1 X15.0264 Y-136.1689
G1 X15.0820 Y-136.2954
G1 X15.1392 Y-136.4206
G1 X15.1978 Y-136.5440
G1 X15.2580 Y-136.6657
G1 X15.3198 Y-136.7859
G1 X15.3827 Y-136.9045
G1 X15.4473 Y-137.0213
G1 X15.5133 Y-137.1364
G1 X15.5806 Y-137.2497
G1 X15.6497 Y-137.3614
G1 X15.7198 Y-137.4714
G1 X15.7917 Y-137.5796
G1 X15.8648 Y-137.6860
G1 X15.9393 Y-137.7909
G1 X16.0152 Y-137.8938
G1 X16.0924 Y-137.9949
G1 X16.1712 Y-138.0942
G1 X16.2514 Y-138.1917
G1 X16.3327 Y-138.2873
G1 X16.4155 Y-138.3810
G1 X16.4998 Y-138.4729
G1 X16.5854 Y-138.5628
G1 X16.6723 Y-138.6510
G1 X16.7604 Y-138.7373
G1 X16.8501 Y-138.8217
G1 X16.9408 Y-138.9040
G1 X17.0330 Y-138.9842
G1 X17.1265 Y-139.0627
G1 X17.2215 Y-139.1392
G1 X17.3175 Y-139.2136
G1 X17.4147 Y-139.2862
G1 X17.5136 Y-139.3566
G1 X17.6134 Y-139.4249
G1 X17.7147 Y-139.4912
G1 X17.8171 Y-139.5555
G1 X17.9210 Y-139.6177
G1 X18.0177 Y-139.6738
G1 X18.1120 Y-139.7272
G1 X18.2042 Y-139.7780
G1 X18.2949 Y-139.8260
G1 X18.3838 Y-139.8715
G1 X18.4719 Y-139.9146
G1 X18.5593 Y-139.9553
G1 X18.6464 Y-139.9939
G1 X18.7335 Y-140.0299
G1 X18.8214 Y-140.0642
G1 X18.9098 Y-140.0962
G1 X18.9995 Y-140.1265
G1 X19.0906 Y-140.1549
G1 X19.1839 Y-140.1813
G1 X19.2791 Y-140.2062
G1 X19.3772 Y-140.2293
G1 X19.4782 Y-140.2512
G1 X19.5826 Y-140.2712
G1 X19.6908 Y-140.2903
G1 X19.8034 Y-140.3078
G1 X19.9202 Y-140.3241
G1 X20.0419 Y-140.3393
G1 X20.1686 Y-140.3535
G1 X20.3012 Y-140.3670
G1 X20.4396 Y-140.3794
G1 X20.5844 Y-140.3909
G1 X20.7358 Y-140.4018
G1 X20.8943 Y-140.4122
G1 X21.0602 Y-140.4219
G1 X21.2339 Y-140.4313
G1 X21.4158 Y-140.4402
G1 X21.6060 Y-140.4488
G1 X21.7350 Y-140.4541
G1 X21.8633 Y-140.4584
G1 X21.9908 Y-140.4620
G1 X22.1178 Y-140.4648
G1 X22.2443 Y-140.4668
G1 X22.3700 Y-140.4678
G1 X22.4953 Y-140.4681
G1 X22.6200 Y-140.4673
G1 X22.7444 Y-140.4658
G1 X22.8681 Y-140.4635
G1 X22.9918 Y-140.4602
G1 X23.1148 Y-140.4562
G1 X23.2377 Y-140.4511
G1 X23.3601 Y-140.4450
G1 X23.4826 Y-140.4381
G1 X23.6045 Y-140.4305
G1 X23.7264 Y-140.4219
G1 X23.8481 Y-140.4122
G1 X23.9697 Y-140.4015
G1 X24.0911 Y-140.3901
G1 X24.2128 Y-140.3777
G1 X24.3342 Y-140.3642
G1 X24.4556 Y-140.3500
G1 X24.5773 Y-140.3345
G1 X24.6990 Y-140.3182
G1 X24.8206 Y-140.3010
G1 X24.9425 Y-140.2827
G1 X25.0647 Y-140.2634
G1 X25.1871 Y-140.2431
G1 X25.3098 Y-140.2217
G1 X25.4328 Y-140.1996
G1 X25.5560 Y-140.1763
G1 X25.6797 Y-140.1519
G1 X25.8039 Y-140.1265
G1 X25.9283 Y-140.1001
G1 X26.0533 Y-140.0726
G1 X26.1788 Y-140.0439
G1 X26.3047 Y-140.0145
G1 X26.4315 Y-139.9837
G1 X26.5587 Y-139.9520
G1 X26.6865 Y-139.9192
G1 X26.8150 Y-139.8852
G1 X26.9443 Y-139.8501
G1 X27.0744 Y-139.8140
G1 X27.2052 Y-139.7770
G1 X27.3370 Y-139.7386
G1 X27.4693 Y-139.6990
G1 X27.6029 Y-139.6583
G1 X27.7371 Y-139.6167
G1 X27.8724 Y-139.5738
G1 X28.0088 Y-139.5298
G1 X28.1460 Y-139.4846
G1 X28.2844 Y-139.4384
G1 X28.4239 Y-139.3909
G1 X28.5646 Y-139.3421
G1 X28.7063 Y-139.2921
G1 X28.8493 Y-139.2410
G1 X28.9936 Y-139.1890
G1 X29.1391 Y-139.1354
G1 X29.2859 Y-139.0807
G1 X29.4343 Y-139.0249
G1 X29.5836 Y-138.9677
G1 X29.8872 Y-138.8499
G1 X31.8607 Y-138.0739
G1 X32.3863 Y-138.8209
G1 X32.4775 Y-138.9479
G1 X32.5707 Y-139.0736
G1 X32.6662 Y-139.1981
G1 X32.7637 Y-139.3213
G1 X32.8635 Y-139.4430
G1 X32.9654 Y-139.5633
G1 X33.0690 Y-139.6822
G1 X33.1749 Y-139.7998
G1 X33.2829 Y-139.9159
G1 X33.3926 Y-140.0305
G1 X33.5041 Y-140.1437
G1 X33.6177 Y-140.2552
G1 X33.7327 Y-140.3655
G1 X33.8498 Y-140.4739
G1 X33.9684 Y-140.5809
G1 X34.0886 Y-140.6860
G1 X34.2105 Y-140.7899
G1 X34.3342 Y-140.8918
G1 X34.4592 Y-140.9921
G1 X34.5857 Y-141.0909
G1 X34.7134 Y-141.1877
G1 X34.8430 Y-141.2829
G1 X34.9735 Y-141.3764
G1 X35.1056 Y-141.4681
G1 X35.2389 Y-141.5578
G1 X35.3733 Y-141.6459
G1 X35.5089 Y-141.7320
G1 X35.6459 Y-141.8163
G1 X35.7838 Y-141.8986
G1 X35.9227 Y-141.9789
G1 X36.0627 Y-142.0574
G1 X36.2036 Y-142.1341
G1 X36.3456 Y-142.2085
G1 X36.4884 Y-142.2809
G1 X36.6321 Y-142.3515
G1 X36.7764 Y-142.4198
G1 X36.9217 Y-142.4861
G1 X37.0677 Y-142.5501
G1 X37.2143 Y-142.6124
G1 X37.3614 Y-142.6723
G1 X37.5092 Y-142.7300
G1 X37.6575 Y-142.7853
G1 X37.8064 Y-142.8387
G1 X37.9557 Y-142.8897
G1 X38.1056 Y-142.9385
G1 X38.2557 Y-142.9850
G1 X38.4061 Y-143.0292
G1 X38.5567 Y-143.0711
G1 X38.7078 Y-143.1105
G1 X38.8590 Y-143.1475
G1 X39.0103 Y-143.1823
G1 X39.1617 Y-143.2146
G1 X39.3134 Y-143.2443
G1 X39.4647 Y-143.2717
G1 X39.6164 Y-143.2966
G1 X39.7680 Y-143.3190
G1 X39.9194 Y-143.3388
G1 X40.0705 Y-143.3561
G1 X40.2217 Y-143.3706
G1 X40.3725 Y-143.3827
G1 X40.5232 Y-143.3919
G1 X40.6735 Y-143.3987
G1 X40.8234 Y-143.4028
G1 X40.9730 Y-143.4041
G1 X41.0703 Y-143.4087
G1 X41.1704 Y-143.4221
G1 X41.2732 Y-143.4450
G1 X41.3796 Y-143.4772
G1 X41.4894 Y-143.5194
G1 X41.6029 Y-143.5712
G1 X41.7208 Y-143.6332
G1 X41.8432 Y-143.7056
G1 X41.9705 Y-143.7884
G1 X42.1030 Y-143.8819
G1 X42.2412 Y-143.9862
G1 X42.3850 Y-144.1018
G1 X42.5351 Y-144.2286
G1 X42.6916 Y-144.3667
G1 X42.8551 Y-144.5169
G1 X43.2018 Y-144.8463
G1 X43.3766 Y-145.0073
G1 X43.5501 Y-145.1620
G1 X43.7225 Y-145.3104
G1 X43.8942 Y-145.4528
G1 X44.0652 Y-145.5892
G1 X44.2359 Y-145.7195
G1 X44.4063 Y-145.8443
G1 X44.5765 Y-145.9631
G1 X44.7472 Y-146.0764
G1 X44.9184 Y-146.1839
G1 X45.0901 Y-146.2862
G1 X45.2625 Y-146.3830
G1 X45.4363 Y-146.4744
G1 X45.6110 Y-146.5610
G1 X45.7876 Y-146.6423
G1 X45.9656 Y-146.7185
G1 X46.1457 Y-146.7899
G1 X46.3278 Y-146.8567
G1 X46.5125 Y-146.9187
G1 X46.6994 Y-146.9758
G1 X46.8894 Y-147.0287
G1 X47.0822 Y-147.0772
G1 X47.2783 Y-147.1211
G1 X47.4777 Y-147.1610
G1 X47.6806 Y-147.1968
G1 X47.8876 Y-147.2283
G1 X48.0987 Y-147.2562
G1 X48.3138 Y-147.2801
G1 X48.5336 Y-147.3002
G1 X48.7578 Y-147.3164
G1 X48.9869 Y-147.3294
G1 X51.0106 Y-147.4264
G1 X51.9572 Y-149.3418
G1 X52.0677 Y-149.5593
G1 X52.1830 Y-149.7749
G1 X52.3029 Y-149.9883
G1 X52.4269 Y-150.1988
G1 X52.5549 Y-150.4066
G1 X52.6865 Y-150.6111
G1 X52.8211 Y-150.8120
G1 X52.9587 Y-151.0091
G1 X53.0992 Y-151.2019
G1 X53.2417 Y-151.3901
G1 X53.3862 Y-151.5735
G1 X53.5323 Y-151.7515
G1 X53.6799 Y-151.9243
G1 X53.8284 Y-152.0911
G1 X53.9775 Y-152.2517
G1 X54.1269 Y-152.4058
G1 X54.2765 Y-152.5532
G1 X54.4256 Y-152.6934
G1 X54.5742 Y-152.8260
G1 X54.7218 Y-152.9509
G1 X54.8683 Y-153.0675
G1 X55.0131 Y-153.1760
G1 X55.1558 Y-153.2755
G1 X55.2966 Y-153.3660
G1 X55.4347 Y-153.4470
G1 X55.5699 Y-153.5181
G1 X55.7019 Y-153.5793
G1 X55.8302 Y-153.6301
G1 X55.9549 Y-153.6703
G1 X56.0753 Y-153.6992
G1 X56.1914 Y-153.7170
G1 X56.3027 Y-153.7228
G1 X56.4347 Y-153.7200
G1 X56.5785 Y-153.7111
G1 X56.7334 Y-153.6969
G1 X56.8983 Y-153.6774
G1 X57.0728 Y-153.6527
G1 X57.2562 Y-153.6230
G1 X57.4474 Y-153.5887
G1 X57.6461 Y-153.5499
G1 X57.8515 Y-153.5067
G1 X58.0629 Y-153.4594
G1 X58.2793 Y-153.4084
G1 X58.5005 Y-153.3538
G1 X58.7253 Y-153.2956
G1 X58.9531 Y-153.2341
G1 X59.1835 Y-153.1696
G1 X59.4154 Y-153.1026
G1 X59.6483 Y-153.0327
G1 X59.8815 Y-152.9603
G1 X60.1139 Y-152.8862
G1 X60.3453 Y-152.8097
G1 X60.5749 Y-152.7315
G1 X60.8018 Y-152.6520
G1 X61.0253 Y-152.5709
G1 X61.2447 Y-152.4886
G1 X61.4596 Y-152.4056
G1 X61.6687 Y-152.3218
G1 X61.8716 Y-152.2377
G1 X62.0677 Y-152.1531
G1 X62.2562 Y-152.0683
G1 X62.4365 Y-151.9839
G1 X62.6074 Y-151.8999
G1 X62.7687 Y-151.8161
G1 X62.9427 Y-151.7213
G1 X63.1185 Y-151.6215
G1 X63.2953 Y-151.5168
G1 X63.4731 Y-151.4076
G1 X63.6516 Y-151.2943
G1 X63.8307 Y-151.1767
G1 X64.0100 Y-151.0553
G1 X64.1896 Y-150.9301
G1 X64.3687 Y-150.8016
G1 X64.5475 Y-150.6698
G1 X64.7255 Y-150.5349
G1 X64.9023 Y-150.3972
G1 X65.0784 Y-150.2570
G1 X65.2526 Y-150.1145
G1 X65.4251 Y-149.9697
G1 X65.5958 Y-149.8229
G1 X65.7642 Y-149.6746
G1 X65.9300 Y-149.5247
G1 X66.0933 Y-149.3736
G1 X66.2534 Y-149.2214
G1 X66.4103 Y-149.0683
G1 X66.5640 Y-148.9146
G1 X66.7139 Y-148.7604
G1 X66.8597 Y-148.6060
G1 X67.0014 Y-148.4518
G1 X67.1385 Y-148.2976
G1 X67.2709 Y-148.1440
G1 X67.3984 Y-147.9911
G1 X67.5206 Y-147.8389
G1 X67.6374 Y-147.6880
G1 X67.7484 Y-147.5384
G1 X67.8536 Y-147.3901
G1 X68.5991 Y-146.3147
G1 X84.8111 Y-146.3147
G1 X84.8441 Y-150.8445
G1 X84.8469 Y-151.0734
G1 X84.8505 Y-151.3007
G1 X84.8545 Y-151.5265
G1 X84.8594 Y-151.7510
G1 X84.8650 Y-151.9740
G1 X84.8713 Y-152.1955
G1 X84.8784 Y-152.4157
G1 X84.8860 Y-152.6344
G1 X84.8944 Y-152.8519
G1 X84.9038 Y-153.0678
G1 X84.9137 Y-153.2826
G1 X84.9244 Y-153.4960
G1 X84.9358 Y-153.7084
G1 X84.9480 Y-153.9192
G1 X84.9607 Y-154.1290
G1 X84.9744 Y-154.3375
G1 X84.9889 Y-154.5448
G1 X85.0041 Y-154.7510
G1 X85.0199 Y-154.9563
G1 X85.0367 Y-155.1602
G1 X85.0542 Y-155.3629
G1 X85.0722 Y-155.5648
G1 X85.0913 Y-155.7655
G1 X85.1111 Y-155.9654
G1 X85.1317 Y-156.1640
G1 X85.1530 Y-156.3619
G1 X85.1751 Y-156.5587
G1 X85.1979 Y-156.7546
G1 X85.2216 Y-156.9496
G1 X85.2462 Y-157.1437
G1 X85.2714 Y-157.3370
G1 X85.2975 Y-157.5293
G1 X85.3242 Y-157.7210
G1 X85.3519 Y-157.9118
G1 X85.3803 Y-158.1018
G1 X85.4098 Y-158.2910
G1 X85.4398 Y-158.4795
G1 X85.4707 Y-158.6675
G1 X85.5025 Y-158.8546
G1 X85.5350 Y-159.0411
G1 X85.5683 Y-159.2270
G1 X85.6026 Y-159.4122
G1 X85.6376 Y-159.5968
G1 X85.6734 Y-159.7810
G1 X85.7100 Y-159.9644
G1 X85.7476 Y-160.1475
G1 X85.7860 Y-160.3299
G1 X85.8253 Y-160.5120
G1 X85.8655 Y-160.6934
G1 X85.9064 Y-160.8745
G1 X85.9480 Y-161.0553
G1 X85.9907 Y-161.2356
G1 X86.0341 Y-161.4155
G1 X86.0786 Y-161.5951
G1 X86.1238 Y-161.7744
G1 X86.1698 Y-161.9534
G1 X86.2167 Y-162.1320
G1 X86.2647 Y-162.3106
G1 X86.3135 Y-162.4886
G1 X86.3630 Y-162.6667
G1 X86.4136 Y-162.8445
G1 X86.4649 Y-163.0223
G1 X86.5703 Y-163.3784
G1 X86.6229 Y-163.5531
G1 X86.7255 Y-163.8915
G1 X86.7758 Y-164.0550
G1 X86.8743 Y-164.3715
G1 X86.9706 Y-164.6740
G1 X87.0648 Y-164.9631
G1 X87.1113 Y-165.1030
G1 X87.1573 Y-165.2397
G1 X87.2030 Y-165.3733
G1 X87.2482 Y-165.5039
G1 X87.3382 Y-165.7566
G1 X87.3826 Y-165.8788
G1 X87.4271 Y-165.9984
G1 X87.4712 Y-166.1152
G1 X87.5152 Y-166.2295
G1 X87.5594 Y-166.3416
G1 X87.6033 Y-166.4510
G1 X87.6473 Y-166.5582
G1 X87.6912 Y-166.6631
G1 X87.7352 Y-166.7660
G1 X87.7794 Y-166.8668
G1 X87.8235 Y-166.9654
G1 X87.8680 Y-167.0622
G1 X87.9127 Y-167.1569
G1 X87.9577 Y-167.2499
G1 X88.0029 Y-167.3413
G1 X88.0483 Y-167.4307
G1 X88.0941 Y-167.5188
G1 X88.1403 Y-167.6052
G1 X88.1870 Y-167.6903
G1 X88.2343 Y-167.7741
G1 X88.2818 Y-167.8564
G1 X88.3300 Y-167.9374
G1 X88.3788 Y-168.0174
G1 X88.4281 Y-168.0962
G1 X88.4781 Y-168.1742
G1 X88.5287 Y-168.2511
G1 X88.5800 Y-168.3271
G1 X88.6323 Y-168.4023
G1 X88.6851 Y-168.4769
G1 X88.7390 Y-168.5506
G1 X88.7936 Y-168.6240
G1 X88.8489 Y-168.6966
G1 X88.9053 Y-168.7690
G1 X88.9627 Y-168.8409
G1 X89.0212 Y-168.9125
G1 X89.0806 Y-168.9839
G1 X89.1413 Y-169.0553
G1 X89.2028 Y-169.1264
G1 X89.3295 Y-169.2689
G1 X89.3948 Y-169.3403
G1 X89.4613 Y-169.4119
G1 X89.5292 Y-169.4838
G1 X89.5982 Y-169.5559
G1 X89.6686 Y-169.6286
G1 X89.7405 Y-169.7017
G1 X89.9561 Y-169.9194
G1 X90.0984 Y-170.0667
G1 X90.2401 Y-170.2168
G1 X90.3811 Y-170.3692
G1 X90.5210 Y-170.5237
G1 X90.6595 Y-170.6799
G1 X90.7966 Y-170.8371
G1 X90.9317 Y-170.9951
G1 X91.0646 Y-171.1536
G1 X91.1951 Y-171.3123
G1 X91.3229 Y-171.4703
G1 X91.4476 Y-171.6278
G1 X91.5690 Y-171.7840
G1 X91.6869 Y-171.9387
G1 X91.8009 Y-172.0916
G1 X91.9107 Y-172.2420
G1 X92.0161 Y-172.3895
G1 X92.1167 Y-172.5343
G1 X92.2122 Y-172.6753
G1 X92.3026 Y-172.8125
G1 X92.3872 Y-172.9453
G1 X92.4662 Y-173.0733
G1 X92.5388 Y-173.1962
G1 X92.6048 Y-173.3139
G1 X92.6645 Y-173.4254
G1 X92.7169 Y-173.5308
G1 X92.7621 Y-173.6296
G1 X92.7997 Y-173.7210
G1 X92.8296 Y-173.8053
G1 X92.8512 Y-173.8815
G1 X92.8642 Y-173.9496
G1 X92.8687 Y-174.0088
G1 X92.8533 Y-174.0888
G1 X92.8070 Y-174.1592
G1 X92.7311 Y-174.2196
G1 X92.6262 Y-174.2694
G1 X92.4931 Y-174.3088
G1 X92.3323 Y-174.3372
G1 X92.1448 Y-174.3545
G1 X91.9315 Y-174.3603
G1 X91.7364 Y-174.3624
G1 X91.5383 Y-174.3685
G1 X91.3369 Y-174.3781
G1 X91.1329 Y-174.3918
G1 X90.9259 Y-174.4094
G1 X90.7164 Y-174.4304
G1 X90.5043 Y-174.4553
G1 X90.2899 Y-174.4840
G1 X90.0732 Y-174.5160
G1 X89.8543 Y-174.5516
G1 X89.6336 Y-174.5905
G1 X89.4108 Y-174.6329
G1 X89.1865 Y-174.6786
G1 X88.9605 Y-174.7279
G1 X88.7331 Y-174.7799
G1 X88.5043 Y-174.8356
G1 X88.2744 Y-174.8940
G1 X88.0433 Y-174.9557
G1 X87.8114 Y-175.0202
G1 X87.5784 Y-175.0878
G1 X87.3450 Y-175.1584
G1 X87.1108 Y-175.2316
G1 X86.8764 Y-175.3078
G1 X86.6414 Y-175.3865
G1 X86.4065 Y-175.4680
G1 X86.1713 Y-175.5521
G1 X85.9363 Y-175.6387
G1 X85.7016 Y-175.7281
G1 X85.4672 Y-175.8196
G1 X85.2333 Y-175.9138
G1 X85.0001 Y-176.0101
G1 X84.7674 Y-176.1086
G1 X84.5355 Y-176.2097
G1 X84.3049 Y-176.3126
G1 X84.0753 Y-176.4177
G1 X83.8469 Y-176.5252
G1 X83.6198 Y-176.6344
G1 X83.3943 Y-176.7454
G1 X83.1705 Y-176.8587
G1 X82.9483 Y-176.9735
G1 X82.7281 Y-177.0901
G1 X82.5099 Y-177.2087
G1 X82.2940 Y-177.3288
G1 X82.0801 Y-177.4505
G1 X81.8688 Y-177.5737
G1 X81.6600 Y-177.6987
G1 X81.4540 Y-177.8249
G1 X81.2505 Y-177.9524
G1 X81.0501 Y-178.0814
G1 X80.8528 Y-178.2117
G1 X80.6587 Y-178.3431
G1 X80.4680 Y-178.4759
G1 X80.2805 Y-178.6095
G1 X80.0969 Y-178.7444
G1 X79.9168 Y-178.8803
G1 X79.7405 Y-179.0169
G1 X79.5683 Y-179.1546
G1 X79.3999 Y-179.2933
G1 X79.2361 Y-179.4325
G1 X79.0765 Y-179.5724
G1 X78.9214 Y-179.7131
G1 X78.7707 Y-179.8546
G1 X78.6249 Y-179.9963
G1 X78.4842 Y-180.1388
G1 X77.4611 Y-181.1929
G1 X75.8383 Y-179.9874
G1 X75.7530 Y-179.9247
G1 X75.6641 Y-179.8604
G1 X75.5721 Y-179.7952
G1 X75.4774 Y-179.7286
G1 X75.3796 Y-179.6613
G1 X75.2795 Y-179.5932
G1 X75.1771 Y-179.5244
G1 X75.0725 Y-179.4551
G1 X74.9661 Y-179.3852
G1 X74.7486 Y-179.2450
G1 X74.6379 Y-179.1749
G1 X74.5261 Y-179.1048
G1 X74.3006 Y-178.9654
G1 X74.1870 Y-178.8963
G1 X74.0735 Y-178.8279
G1 X73.9600 Y-178.7604
G1 X73.8467 Y-178.6936
G1 X73.6216 Y-178.5633
G1 X73.4004 Y-178.4380
G1 X73.2917 Y-178.3778
G1 X73.1845 Y-178.3192
G1 X73.0791 Y-178.2623
G1 X72.9757 Y-178.2072
G1 X72.8744 Y-178.1543
G1 X72.7756 Y-178.1035
G1 X72.6796 Y-178.0550
G1 X72.5861 Y-178.0090
G1 X72.4959 Y-177.9656
G1 X72.3557 Y-177.8996
G1 X72.2216 Y-177.8371
G1 X72.0926 Y-177.7782
G1 X71.9681 Y-177.7225
G1 X71.8482 Y-177.6705
G1 X71.7319 Y-177.6214
G1 X71.6189 Y-177.5755
G1 X71.5084 Y-177.5325
G1 X71.4004 Y-177.4924
G1 X71.2940 Y-177.4553
G1 X71.1891 Y-177.4208
G1 X71.0847 Y-177.3890
G1 X70.9808 Y-177.3598
G1 X70.8764 Y-177.3329
G1 X70.7715 Y-177.3083
G1 X70.6653 Y-177.2859
G1 X70.5574 Y-177.2656
G1 X70.4474 Y-177.2473
G1 X70.3344 Y-177.2310
G1 X70.2186 Y-177.2166
G1 X70.0987 Y-177.2039
G1 X69.9747 Y-177.1927
G1 X69.8462 Y-177.1830
G1 X69.7123 Y-177.1749
G1 X69.5726 Y-177.1680
G1 X69.4271 Y-177.1625
G1 X69.2744 Y-177.1579
G1 X69.1149 Y-177.1546
G1 X68.9478 Y-177.1520
G1 X68.7723 Y-177.1503
G1 X68.5881 Y-177.1495
G1 X68.3948 Y-177.1493
G1 X68.2160 Y-177.1495
G1 X68.0446 Y-177.1505
G1 X67.8800 Y-177.1523
G1 X67.7220 Y-177.1548
G1 X67.5704 Y-177.1581
G1 X67.4248 Y-177.1625
G1 X67.2851 Y-177.1678
G1 X67.1507 Y-177.1741
G1 X67.0217 Y-177.1813
G1 X66.8972 Y-177.1899
G1 X66.7776 Y-177.1993
G1 X66.6620 Y-177.2100
G1 X66.5505 Y-177.2221
G1 X66.4428 Y-177.2354
G1 X66.3382 Y-177.2501
G1 X66.2369 Y-177.2661
G1 X66.1383 Y-177.2836
G1 X66.0420 Y-177.3027
G1 X65.9481 Y-177.3232
G1 X65.8559 Y-177.3453
G1 X65.7652 Y-177.3690
G1 X65.6760 Y-177.3946
G1 X65.5876 Y-177.4218
G1 X65.5000 Y-177.4507
G1 X65.4126 Y-177.4817
G1 X65.3255 Y-177.5145
G1 X65.2379 Y-177.5493
G1 X65.1500 Y-177.5861
G1 X65.0613 Y-177.6247
G1 X64.9714 Y-177.6659
G1 X64.8800 Y-177.7088
G1 X64.7870 Y-177.7540
G1 X64.6417 Y-177.8274
G1 X64.4962 Y-177.9044
G1 X64.3501 Y-177.9847
G1 X64.2041 Y-178.0685
G1 X64.0578 Y-178.1559
G1 X63.9112 Y-178.2465
G1 X63.7649 Y-178.3405
G1 X63.6184 Y-178.4375
G1 X63.4721 Y-178.5379
G1 X63.3258 Y-178.6415
G1 X63.1797 Y-178.7482
G1 X63.0339 Y-178.8577
G1 X62.8884 Y-178.9702
G1 X62.7433 Y-179.0857
G1 X62.5988 Y-179.2041
G1 X62.4548 Y-179.3253
G1 X62.3113 Y-179.4492
G1 X62.1685 Y-179.5757
G1 X62.0263 Y-179.7050
G1 X61.8851 Y-179.8368
G1 X61.7446 Y-179.9712
G1 X61.6049 Y-180.1081
G1 X61.4665 Y-180.2473
G1 X61.3288 Y-180.3890
G1 X61.1924 Y-180.5328
G1 X61.0573 Y-180.6791
G1 X60.9232 Y-180.8274
G1 X60.7903 Y-180.9780
G1 X60.6590 Y-181.1307
G1 X60.5292 Y-181.2854
G1 X60.4007 Y-181.4421
G1 X60.2737 Y-181.6006
G1 X60.1868 Y-181.7098
G1 X60.1033 Y-181.8135
G1 X60.0227 Y-181.9118
G1 X59.9443 Y-182.0050
G1 X59.8681 Y-182.0934
G1 X59.7936 Y-182.1774
G1 X59.7202 Y-182.2569
G1 X59.6476 Y-182.3326
G1 X59.5752 Y-182.4045
G1 X59.5028 Y-182.4728
G1 X59.4302 Y-182.5379
G1 X59.3562 Y-182.6001
G1 X59.2813 Y-182.6595
G1 X59.2046 Y-182.7167
G1 X59.1256 Y-182.7715
G1 X59.0441 Y-182.8244
G1 X58.9595 Y-182.8757
G1 X58.8716 Y-182.9257
G1 X58.7797 Y-182.9745
G1 X58.6837 Y-183.0222
G1 X58.5831 Y-183.0697
G1 X58.4772 Y-183.1167
G1 X58.3659 Y-183.1635
G1 X58.2486 Y-183.2107
G1 X58.1251 Y-183.2582
G1 X57.9948 Y-183.3065
G1 X57.8571 Y-183.3557
G1 X57.7121 Y-183.4063
G1 X57.5587 Y-183.4584
G1 X57.3971 Y-183.5122
G1 X56.9328 Y-183.6633
G1 X56.8155 Y-183.7025
G1 X56.6951 Y-183.7436
G1 X56.5719 Y-183.7865
G1 X56.4464 Y-183.8312
G1 X56.1889 Y-183.9250
G1 X55.9247 Y-184.0245
G1 X55.7906 Y-184.0761
G1 X55.6555 Y-184.1287
G1 X55.5198 Y-184.1823
G1 X55.3837 Y-184.2366
G1 X55.1109 Y-184.3474
G1 X54.9750 Y-184.4037
G1 X54.8399 Y-184.4604
G1 X54.5719 Y-184.5747
G1 X54.4398 Y-184.6321
G1 X54.1810 Y-184.7466
G1 X54.0545 Y-184.8035
G1 X53.9305 Y-184.8602
G1 X53.8091 Y-184.9166
G1 X53.6908 Y-184.9722
G1 X53.5755 Y-185.0273
G1 X53.4634 Y-185.0817
G1 X53.3552 Y-185.1350
G1 X53.2508 Y-185.1876
G1 X53.1508 Y-185.2389
G1 X53.0550 Y-185.2892
G1 X51.2432 Y-186.2513
G1 X50.6854 Y-185.6636
G1 X50.6537 Y-185.6321
G1 X50.6164 Y-185.5981
G1 X50.5732 Y-185.5617
G1 X50.5249 Y-185.5231
G1 X50.4713 Y-185.4822
G1 X50.4126 Y-185.4396
G1 X50.3494 Y-185.3949
G1 X50.2813 Y-185.3484
G1 X50.2089 Y-185.3001
G1 X50.1322 Y-185.2503
G1 X50.0515 Y-185.1990
G1 X49.9669 Y-185.1464
G1 X49.8787 Y-185.0926
G1 X49.7868 Y-185.0375
G1 X49.6918 Y-184.9813
G1 X49.5935 Y-184.9242
G1 X49.4924 Y-184.8663
G1 X49.2821 Y-184.7484
G1 X49.1734 Y-184.6887
G1 X49.0624 Y-184.6285
G1 X48.9494 Y-184.5681
G1 X48.8348 Y-184.5076
G1 X48.6006 Y-184.3862
G1 X48.4815 Y-184.3258
G1 X48.3613 Y-184.2656
G1 X48.2404 Y-184.2056
G1 X48.1188 Y-184.1462
G1 X47.9969 Y-184.0873
G1 X47.8744 Y-184.0291
G1 X47.7517 Y-183.9717
G1 X41.6138 Y-181.1183
G1 X40.9976 Y-180.8325
G1 X40.5884 Y-180.6448
G1 X40.3850 Y-180.5521
G1 X39.9819 Y-180.3695
G1 X39.5859 Y-180.1917
G1 X39.1996 Y-180.0197
G1 X39.0108 Y-179.9364
G1 X38.6441 Y-179.7754
G1 X38.2935 Y-179.6230
G1 X37.9616 Y-179.4802
G1 X37.6512 Y-179.3486
G1 X37.5046 Y-179.2872
G1 X37.2308 Y-179.1739
G1 X37.1043 Y-179.1223
G1 X36.9849 Y-179.0743
G1 X36.7693 Y-178.9895
G1 X36.6738 Y-178.9532
G1 X36.5867 Y-178.9206
G1 X36.5087 Y-178.8925
G1 X36.4396 Y-178.8688
G1 X36.3802 Y-178.8495
G1 X36.2392 Y-178.8051
G1 X36.0995 Y-178.7594
G1 X35.9611 Y-178.7124
G1 X35.8242 Y-178.6641
G1 X35.6885 Y-178.6146
G1 X35.5547 Y-178.5640
G1 X35.4226 Y-178.5125
G1 X35.2920 Y-178.4599
G1 X35.1638 Y-178.4063
G1 X35.0373 Y-178.3517
G1 X34.9128 Y-178.2966
G1 X34.7906 Y-178.2404
G1 X34.6707 Y-178.1835
G1 X34.5534 Y-178.1259
G1 X34.4383 Y-178.0677
G1 X34.3261 Y-178.0090
G1 X34.2163 Y-177.9499
G1 X34.1097 Y-177.8902
G1 X34.0058 Y-177.8300
G1 X33.9049 Y-177.7695
G1 X33.8071 Y-177.7086
G1 X33.7127 Y-177.6476
G1 X33.6212 Y-177.5864
G1 X33.5336 Y-177.5249
G1 X33.4493 Y-177.4632
G1 X33.3685 Y-177.4017
G1 X33.2915 Y-177.3403
G1 X33.2184 Y-177.2788
G1 X33.1490 Y-177.2173
G1 X33.0838 Y-177.1561
G1 X33.0225 Y-177.0951
G1 X32.9656 Y-177.0344
G1 X32.8435 Y-176.9156
G1 X32.7033 Y-176.8079
G1 X32.5481 Y-176.7129
G1 X32.3817 Y-176.6319
G1 X32.2072 Y-176.5663
G1 X32.0281 Y-176.5178
G1 X31.8478 Y-176.4876
G1 X31.6695 Y-176.4772
G1 X31.6230 Y-176.4749
G1 X31.5658 Y-176.4683
G1 X31.4983 Y-176.4574
G1 X31.4206 Y-176.4424
G1 X31.3332 Y-176.4233
G1 X31.2362 Y-176.4002
G1 X31.1300 Y-176.3733
G1 X31.0152 Y-176.3428
G1 X30.8917 Y-176.3085
G1 X30.7604 Y-176.2709
G1 X30.6212 Y-176.2298
G1 X30.4744 Y-176.1856
G1 X30.3205 Y-176.1378
G1 X30.1600 Y-176.0873
G1 X29.9928 Y-176.0337
G1 X29.8196 Y-175.9773
G1 X29.6405 Y-175.9181
G1 X29.4561 Y-175.8564
G1 X29.0721 Y-175.7253
G1 X28.8729 Y-175.6562
G1 X28.6700 Y-175.5849
G1 X28.2527 Y-175.4363
G1 X28.0393 Y-175.3591
G1 X27.8229 Y-175.2801
G1 X27.6042 Y-175.1995
G1 X27.3832 Y-175.1175
G1 X27.1607 Y-175.0339
G1 X26.9364 Y-174.9488
G1 X26.7111 Y-174.8627
G1 X26.3301 Y-174.7157
G1 X26.0279 Y-174.5996
G1 X25.5920 Y-174.4337
G1 X25.1760 Y-174.2778
G1 X24.9093 Y-174.1792
G1 X24.5240 Y-174.0390
G1 X24.1554 Y-173.9077
G1 X24.0363 Y-173.8660
G1 X23.8028 Y-173.7853
G1 X23.5760 Y-173.7081
G1 X23.3550 Y-173.6347
G1 X23.1402 Y-173.5645
G1 X22.9309 Y-173.4980
G1 X22.7264 Y-173.4348
G1 X22.5270 Y-173.3746
G1 X22.4287 Y-173.3456
G1 X22.3319 Y-173.3177
G1 X22.1409 Y-173.2636
G1 X21.9537 Y-173.2123
G1 X21.7701 Y-173.1640
G1 X21.5895 Y-173.1183
G1 X21.4117 Y-173.0751
G1 X21.3236 Y-173.0545
G1 X21.1493 Y-173.0151
G1 X20.9771 Y-172.9781
G1 X20.8062 Y-172.9433
G1 X20.6367 Y-172.9105
G1 X20.4681 Y-172.8800
G1 X20.2999 Y-172.8511
G1 X20.2161 Y-172.8376
G1 X20.0482 Y-172.8114
G1 X19.8801 Y-172.7871
G1 X19.5839 Y-172.7472
G1 X19.4470 Y-172.7274
G1 X19.3010 Y-172.7053
G1 X19.1468 Y-172.6809
G1 X18.9842 Y-172.6542
G1 X18.8143 Y-172.6255
G1 X18.6370 Y-172.5948
G1 X18.4528 Y-172.5620
G1 X18.2623 Y-172.5275
G1 X18.0660 Y-172.4909
G1 X17.6568 Y-172.4132
G1 X17.4452 Y-172.3720
G1 X17.2293 Y-172.3293
G1 X16.7861 Y-172.2399
G1 X16.3312 Y-172.1460
G1 X16.1003 Y-172.0974
G1 X15.6337 Y-171.9976
G1 X15.3990 Y-171.9466
G1 X15.1638 Y-171.8948
G1 X14.6936 Y-171.7899
G1 X14.2270 Y-171.6832
G1 X13.7668 Y-171.5755
G1 X13.5405 Y-171.5216
G1 X13.3170 Y-171.4678
G1 X12.8153 Y-171.3454
G1 X12.4031 Y-171.2465
G1 X12.0030 Y-171.1528
G1 X11.6144 Y-171.0642
G1 X11.2362 Y-170.9806
G1 X10.9896 Y-170.9275
G1 X10.7475 Y-170.8765
G1 X10.6279 Y-170.8518
G1 X10.2746 Y-170.7807
G1 X10.0439 Y-170.7360
G1 X9.8163 Y-170.6931
G1 X9.5923 Y-170.6522
G1 X9.3711 Y-170.6131
G1 X9.1526 Y-170.5760
G1 X8.9370 Y-170.5407
G1 X8.7236 Y-170.5072
G1 X8.5128 Y-170.4754
G1 X8.3038 Y-170.4454
G1 X8.0965 Y-170.4172
G1 X7.8910 Y-170.3906
G1 X7.6868 Y-170.3657
G1 X7.4839 Y-170.3423
G1 X7.2822 Y-170.3205
G1 X6.9807 Y-170.2907
G1 X6.7808 Y-170.2727
G1 X6.5809 Y-170.2562
G1 X6.2814 Y-170.2341
G1 X5.9814 Y-170.2151
G1 X5.7480 Y-170.2021
G1 X5.0287 Y-170.1640
G1 X4.7178 Y-170.1493
G1 X4.4366 Y-170.1376
G1 X4.1831 Y-170.1295
G1 X3.9553 Y-170.1249
G1 X3.8169 Y-170.1241
G1 X3.7513 Y-170.1244
G1 X3.6881 Y-170.1251
G1 X3.5687 Y-170.1279
G1 X3.5123 Y-170.1302
G1 X3.4056 Y-170.1361
G1 X3.3551 Y-170.1399
G1 X3.3066 Y-170.1442
G1 X3.2601 Y-170.1490
G1 X3.2149 Y-170.1543
G1 X3.1717 Y-170.1602
G1 X3.1298 Y-170.1668
G1 X3.0894 Y-170.1739
G1 X3.0505 Y-170.1815
G1 X3.0129 Y-170.1899
G1 X2.9766 Y-170.1988
G1 X2.9416 Y-170.2082
G1 X2.9075 Y-170.2184
G1 X2.8745 Y-170.2293
G1 X2.8425 Y-170.2407
G1 X2.8115 Y-170.2529
G1 X2.7810 Y-170.2656
G1 X2.7516 Y-170.2791
G1 X2.7226 Y-170.2933
G1 X2.6942 Y-170.3080
G1 X2.6662 Y-170.3235
G1 X2.6388 Y-170.3400
G1 X2.6116 Y-170.3570
G1 X2.5850 Y-170.3746
G1 X2.5583 Y-170.3931
G1 X2.5319 Y-170.4124
G1 X2.4788 Y-170.4533
G1 X2.4254 Y-170.4972
G1 X2.3985 Y-170.5204
G1 X2.3434 Y-170.5694
G1 X2.2568 Y-170.6489
G1 X2.1412 Y-170.7589
G1 X2.0577 Y-170.8414
G1 X1.9756 Y-170.9250
G1 X1.8956 Y-171.0098
G1 X1.8171 Y-171.0954
G1 X1.7407 Y-171.1820
G1 X1.6657 Y-171.2697
G1 X1.5928 Y-171.3581
G1 X1.5217 Y-171.4477
G1 X1.4521 Y-171.5381
G1 X1.3846 Y-171.6298
G1 X1.3188 Y-171.7223
G1 X1.2548 Y-171.8158
G1 X1.1925 Y-171.9102
G1 X1.1321 Y-172.0055
G1 X1.0734 Y-172.1020
G1 X1.0165 Y-172.1993
G1 X0.9614 Y-172.2976
G1 X0.9081 Y-172.3967
G1 X0.8567 Y-172.4970
G1 X0.8070 Y-172.5981
G1 X0.7590 Y-172.6999
G1 X0.7130 Y-172.8031
G1 X0.6688 Y-172.9069
G1 X0.6261 Y-173.0118
G1 X0.5855 Y-173.1178
G1 X0.5466 Y-173.2244
G1 X0.5095 Y-173.3321
G1 X0.4742 Y-173.4409
G1 X0.4407 Y-173.5503
G1 X0.4092 Y-173.6608
G1 X0.3792 Y-173.7721
G1 X0.3513 Y-173.8843
G1 X0.3249 Y-173.9976
G1 X0.3005 Y-174.1117
G1 X0.2779 Y-174.2267
G1 X0.2570 Y-174.3428
G1 X0.2380 Y-174.4594
G1 X0.2207 Y-174.5772
G1 X0.2052 Y-174.6959
G1 X0.1918 Y-174.8155
G1 X0.1798 Y-174.9359
G1 X0.1699 Y-175.0571
G1 X0.1618 Y-175.1792
G1 X0.1554 Y-175.3024
G1 X0.1509 Y-175.4264
G1 X0.1481 Y-175.5511
G1 X0.1473 Y-175.6768
G1 X0.1481 Y-175.8036
G1 X0.1509 Y-175.9311
G1 X0.1554 Y-176.0593
G1 X0.1618 Y-176.1886
G1 X0.1699 Y-176.3187
G1 X0.1801 Y-176.4495
G1 X0.1918 Y-176.5813
G1 X0.2055 Y-176.7139
G1 X0.2210 Y-176.8475
G1 X0.2383 Y-176.9816
G1 X0.2573 Y-177.1170
G1 X0.2784 Y-177.2529
G1 X0.3010 Y-177.3898
G1 X0.3256 Y-177.5275
G1 X0.3520 Y-177.6661
G1 X0.3802 Y-177.8056
G1 X0.4054 Y-177.9227
G1 X0.4323 Y-178.0413
G1 X0.4610 Y-178.1614
G1 X0.4915 Y-178.2831
G1 X0.5235 Y-178.4063
G1 X0.5573 Y-178.5305
G1 X0.5926 Y-178.6562
G1 X0.6297 Y-178.7830
G1 X0.6680 Y-178.9107
G1 X0.7082 Y-179.0395
G1 X0.7496 Y-179.1693
G1 X0.7925 Y-179.2999
G1 X0.8367 Y-179.4314
G1 X0.8824 Y-179.5635
G1 X0.9294 Y-179.6964
G1 X0.9776 Y-179.8297
G1 X1.0272 Y-179.9633
G1 X1.0780 Y-180.0977
G1 X1.1300 Y-180.2323
G1 X1.1829 Y-180.3672
G1 X1.2372 Y-180.5023
G1 X1.2924 Y-180.6374
G1 X1.3487 Y-180.7728
G1 X1.4061 Y-180.9079
G1 X1.4643 Y-181.0431
G1 X1.5235 Y-181.1779
G1 X1.5837 Y-181.3128
G1 X1.6446 Y-181.4472
G1 X1.7064 Y-181.5810
G1 X1.7689 Y-181.7146
G1 X1.8321 Y-181.8477
G1 X1.9609 Y-182.1119
G1 X2.0922 Y-182.3730
G1 X2.1587 Y-182.5020
G1 X2.2258 Y-182.6303
G1 X2.2934 Y-182.7576
G1 X2.3614 Y-182.8836
G1 X2.4300 Y-183.0085
G1 X2.4989 Y-183.1320
G1 X2.5679 Y-183.2541
G1 X2.6375 Y-183.3750
G1 X2.7074 Y-183.4944
G1 X2.7775 Y-183.6120
G1 X2.8476 Y-183.7281
G1 X2.9182 Y-183.8427
G1 X2.9888 Y-183.9552
G1 X3.0594 Y-184.0659
G1 X3.1300 Y-184.1746
G1 X3.2009 Y-184.2816
G1 X3.2718 Y-184.3862
G1 X3.3424 Y-184.4886
G1 X3.4133 Y-184.5889
G1 X3.4839 Y-184.6870
G1 X3.5542 Y-184.7825
G1 X3.6243 Y-184.8757
G1 X3.6944 Y-184.9664
G1 X3.7643 Y-185.0545
G1 X3.8336 Y-185.1398
G1 X3.9027 Y-185.2224
G1 X3.9715 Y-185.3021
G1 X4.0399 Y-185.3791
G1 X4.1079 Y-185.4528
G1 X4.2253 Y-185.5810
G1 X4.3411 Y-185.7126
G1 X4.4549 Y-185.8467
G1 X4.5656 Y-185.9826
G1 X4.6728 Y-186.1188
G1 X4.7760 Y-186.2546
G1 X4.8743 Y-186.3890
G1 X4.9667 Y-186.5208
G1 X5.0531 Y-186.6494
G1 X5.1326 Y-186.7736
G1 X5.2045 Y-186.8924
G1 X5.2680 Y-187.0050
G1 X5.3228 Y-187.1101
G1 X5.3678 Y-187.2071
G1 X5.4023 Y-187.2945
G1 X5.4262 Y-187.3720
G1 X5.4750 Y-187.5246
G1 X5.5471 Y-187.6913
G1 X5.6388 Y-187.8670
G1 X5.7470 Y-188.0461
G1 X5.8679 Y-188.2234
G1 X5.9982 Y-188.3931
G1 X6.1344 Y-188.5500
G1 X6.2728 Y-188.6890
G1 X6.2911 Y-188.7063
G1 X6.3111 Y-188.7261
G1 X6.3566 Y-188.7728
G1 X6.4092 Y-188.8294
G1 X6.4684 Y-188.8950
G1 X6.5341 Y-188.9699
G1 X6.6446 Y-189.0982
G1 X6.7683 Y-189.2450
G1 X6.9527 Y-189.4677
G1 X7.0526 Y-189.5902
G1 X7.2669 Y-189.8556
G1 X7.5595 Y-190.2224
G1 X7.9418 Y-190.7083
G1 X8.2126 Y-191.0560
G1 X8.4229 Y-191.3278
G1 X8.7843 Y-191.7987
G1 X9.1567 Y-192.2879
G1 X9.5362 Y-192.7906
G1 X10.3759 Y-193.9130
G1 X10.7506 Y-194.4088
G1 X11.1196 Y-194.8934
G1 X11.5560 Y-195.4606
G1 X11.9144 Y-195.9216
G1 X12.3388 Y-196.4619
G1 X12.5489 Y-196.7266
G1 X12.9649 Y-197.2460
G1 X13.3761 Y-197.7527
G1 X13.5801 Y-198.0014
G1 X13.8506 Y-198.3283
G1 X14.1194 Y-198.6501
G1 X14.3868 Y-198.9671
G1 X14.6528 Y-199.2793
G1 X14.8514 Y-199.5104
G1 X15.1155 Y-199.8149
G1 X15.3132 Y-200.0405
G1 X15.5760 Y-200.3379
G1 X15.7726 Y-200.5584
G1 X16.1000 Y-200.9211
G1 X16.2964 Y-201.1362
G1 X16.5580 Y-201.4202
G1 X16.8196 Y-201.7011
G1 X17.0815 Y-201.9790
G1 X17.3439 Y-202.2544
G1 X17.6068 Y-202.5272
G1 X17.8704 Y-202.7977
G1 X18.0688 Y-202.9991
G1 X18.4671 Y-203.3986
G1 X18.6675 Y-203.5967
G1 X18.7747 Y-203.7037
G1 X18.8816 Y-203.8121
G1 X18.9885 Y-203.9221
G1 X19.0947 Y-204.0339
G1 X19.2006 Y-204.1469
G1 X19.3060 Y-204.2612
G1 X19.4109 Y-204.3765
G1 X19.5148 Y-204.4931
G1 X19.6179 Y-204.6105
G1 X19.7203 Y-204.7288
G1 X19.8217 Y-204.8477
G1 X19.9217 Y-204.9673
G1 X20.0208 Y-205.0872
G1 X20.1186 Y-205.2076
G1 X20.2148 Y-205.3283
G1 X20.3098 Y-205.4489
G1 X20.4031 Y-205.5696
G1 X20.4948 Y-205.6902
G1 X20.5847 Y-205.8106
G1 X20.6728 Y-205.9305
G1 X20.7592 Y-206.0501
G1 X20.8432 Y-206.1690
G1 X20.9255 Y-206.2874
G1 X21.0055 Y-206.4047
G1 X21.0830 Y-206.5213
G1 X21.1585 Y-206.6369
G1 X21.2314 Y-206.7512
G1 X21.3017 Y-206.8642
G1 X21.3693 Y-206.9757
G1 X21.4343 Y-207.0859
G1 X21.4963 Y-207.1944
G1 X21.5555 Y-207.3011
G1 X21.6327 Y-207.4415
G1 X21.7084 Y-207.5764
G1 X21.7823 Y-207.7065
G1 X21.8552 Y-207.8314
G1 X21.9271 Y-207.9518
G1 X21.9984 Y-208.0679
G1 X22.0690 Y-208.1799
G1 X22.1397 Y-208.2884
G1 X22.2103 Y-208.3930
G1 X22.2811 Y-208.4946
G1 X22.3525 Y-208.5934
G1 X22.4249 Y-208.6894
G1 X22.4980 Y-208.7829
G1 X22.5727 Y-208.8744
G1 X22.6487 Y-208.9640
G1 X22.7266 Y-209.0522
G1 X22.8067 Y-209.1390
G1 X22.8887 Y-209.2249
G1 X22.9735 Y-209.3100
G1 X23.0609 Y-209.3948
G1 X23.1516 Y-209.4791
G1 X23.2453 Y-209.5637
G1 X23.3429 Y-209.6488
G1 X23.4439 Y-209.7344
G1 X23.5491 Y-209.8210
G1 X23.6586 Y-209.9086
G1 X23.7726 Y-209.9981
G1 X23.8912 Y-210.0890
G1 X24.0152 Y-210.1820
G1 X24.1442 Y-210.2772
G1 X24.2786 Y-210.3752
G1 X24.5156 Y-210.5454
G1 X24.6134 Y-210.6173
G1 X24.7129 Y-210.6915
G1 X24.8135 Y-210.7679
G1 X24.9151 Y-210.8459
G1 X25.0175 Y-210.9259
G1 X25.1206 Y-211.0075
G1 X25.2242 Y-211.0903
G1 X25.3281 Y-211.1746
G1 X25.4320 Y-211.2597
G1 X25.5359 Y-211.3460
G1 X25.6393 Y-211.4329
G1 X25.7424 Y-211.5205
G1 X25.8448 Y-211.6084
G1 X25.9461 Y-211.6966
G1 X26.0467 Y-211.7849
G1 X26.1457 Y-211.8731
G1 X26.3398 Y-212.0486
G1 X26.5265 Y-212.2218
G1 X26.6167 Y-212.3072
G1 X26.7045 Y-212.3915
G1 X26.7899 Y-212.4746
G1 X26.8724 Y-212.5561
G1 X26.9519 Y-212.6361
G1 X27.0284 Y-212.7146
G1 X27.1015 Y-212.7908
G1 X27.1714 Y-212.8652
G1 X27.2372 Y-212.9373
G1 X27.2994 Y-213.0069
G1 X27.3573 Y-213.0740
G1 X27.4734 Y-213.2068
G1 X27.5971 Y-213.3412
G1 X27.7271 Y-213.4766
G1 X27.8623 Y-213.6120
G1 X28.0020 Y-213.7463
G1 X28.1445 Y-213.8787
G1 X28.2892 Y-214.0082
G1 X28.4348 Y-214.1342
G1 X28.5803 Y-214.2551
G1 X28.7244 Y-214.3707
G1 X28.8661 Y-214.4794
G1 X29.0045 Y-214.5807
G1 X29.1381 Y-214.6734
G1 X29.2664 Y-214.7570
G1 X29.3875 Y-214.8302
G1 X29.6172 Y-214.9554
G1 X29.7462 Y-215.0323
G1 X29.8867 Y-215.1217
G1 X30.0375 Y-215.2228
G1 X30.1973 Y-215.3343
G1 X30.3647 Y-215.4555
G1 X30.5382 Y-215.5850
G1 X30.7165 Y-215.7219
G1 X30.8981 Y-215.8649
G1 X31.0820 Y-216.0133
G1 X31.2664 Y-216.1659
G1 X31.4503 Y-216.3214
G1 X31.6321 Y-216.4791
G1 X31.8107 Y-216.6379
G1 X31.9844 Y-216.7966
G1 X32.3202 Y-217.1118
G1 X32.4952 Y-217.2711
G1 X32.6756 Y-217.4306
G1 X32.8597 Y-217.5894
G1 X33.0467 Y-217.7463
G1 X33.2349 Y-217.9005
G1 X33.4226 Y-218.0509
G1 X33.6090 Y-218.1962
G1 X33.7924 Y-218.3354
G1 X33.9712 Y-218.4674
G1 X34.1445 Y-218.5911
G1 X34.3103 Y-218.7057
G1 X34.4678 Y-218.8098
G1 X34.6154 Y-218.9025
G1 X34.7515 Y-218.9828
G1 X34.8747 Y-219.0493
G1 X34.9913 Y-219.1111
G1 X35.1074 Y-219.1771
G1 X35.2222 Y-219.2467
G1 X35.3352 Y-219.3193
G1 X35.4457 Y-219.3943
G1 X35.5526 Y-219.4712
G1 X35.6558 Y-219.5495
G1 X35.7541 Y-219.6282
G1 X35.8468 Y-219.7070
G1 X35.9331 Y-219.7852
G1 X36.0129 Y-219.8624
G1 X36.0848 Y-219.9378
G1 X36.1483 Y-220.0110
G1 X36.2026 Y-220.0811
G1 X36.2473 Y-220.1476
G1 X36.2948 Y-220.2355
G1 X36.3134 Y-220.2637
G1 X36.3362 Y-220.2950
G1 X36.3637 Y-220.3293
G1 X36.3959 Y-220.3663
G1 X36.4322 Y-220.4062
G1 X36.4731 Y-220.4491
G1 X36.5186 Y-220.4946
G1 X36.5679 Y-220.5429
G1 X36.6217 Y-220.5939
G1 X36.6796 Y-220.6475
G1 X36.7414 Y-220.7036
G1 X36.8074 Y-220.7626
G1 X36.8772 Y-220.8238
G1 X36.9509 Y-220.8875
G1 X37.1099 Y-221.0222
G1 X37.1947 Y-221.0928
G1 X37.3756 Y-221.2414
G1 X37.5704 Y-221.3986
G1 X37.7787 Y-221.5642
G1 X37.8879 Y-221.6501
G1 X38.1155 Y-221.8276
G1 X38.2339 Y-221.9190
G1 X38.4795 Y-222.1078
G1 X38.7365 Y-222.3036
G1 X38.8694 Y-222.4039
G1 X39.2831 Y-222.7146
G1 X39.7193 Y-223.0384
G1 X40.1759 Y-223.3745
G1 X40.6514 Y-223.7212
G1 X41.1442 Y-224.0778
G1 X41.6522 Y-224.4430
G1 X41.9986 Y-224.6907
G1 X42.3507 Y-224.9411
G1 X42.7078 Y-225.1941
G1 X43.2516 Y-225.5774
G1 X43.8041 Y-225.9647
G1 X44.1764 Y-226.2243
G1 X44.7393 Y-226.6150
G1 X45.3060 Y-227.0061
G1 X45.8749 Y-227.3965
G1 X46.4442 Y-227.7852
G1 X46.8231 Y-228.0425
G1 X47.5775 Y-228.5517
G1 X48.3235 Y-229.0511
G1 X48.6921 Y-229.2962
G1 X49.2379 Y-229.6571
G1 X49.7738 Y-230.0092
G1 X50.1249 Y-230.2380
G1 X50.4703 Y-230.4621
G1 X50.9765 Y-230.7880
G1 X51.4673 Y-231.1009
G1 X51.7848 Y-231.3015
G1 X52.2458 Y-231.5898
G1 X52.5417 Y-231.7730
G1 X52.6862 Y-231.8616
G1 X52.9679 Y-232.0333
G1 X53.2394 Y-232.1969
G1 X53.3710 Y-232.2754
G1 X53.6260 Y-232.4260
G1 X53.8696 Y-232.5675
G1 X54.1012 Y-232.6998
G1 X54.2122 Y-232.7623
G1 X54.3199 Y-232.8222
G1 X54.4246 Y-232.8796
G1 X54.5259 Y-232.9345
G1 X56.7967 Y-234.1563
G1 X62.9211 Y-234.1563
G1 X65.1289 Y-231.8098
G1 X65.3095 Y-231.6165
G1 X65.4888 Y-231.4227
G1 X65.7550 Y-231.1311
G1 X65.9305 Y-230.9358
G1 X66.1048 Y-230.7399
G1 X66.2775 Y-230.5434
G1 X66.4487 Y-230.3462
G1 X66.6186 Y-230.1486
G1 X66.7870 Y-229.9503
G1 X66.9539 Y-229.7514
G1 X67.1195 Y-229.5517
G1 X67.2836 Y-229.3518
G1 X67.4461 Y-229.1512
G1 X67.6072 Y-228.9500
G1 X67.6872 Y-228.8492
G1 X67.9249 Y-228.5456
G1 X68.0817 Y-228.3427
G1 X68.2368 Y-228.1392
G1 X68.4670 Y-227.8329
G1 X68.5429 Y-227.7306
G1 X68.6184 Y-227.6279
G1 X68.7685 Y-227.4225
G1 X68.9171 Y-227.2165
G1 X69.0641 Y-227.0100
G1 X69.2821 Y-226.6991
G1 X69.3539 Y-226.5952
G1 X69.4964 Y-226.3869
G1 X69.6377 Y-226.1781
G1 X69.7771 Y-225.9688
G1 X69.9153 Y-225.7590
G1 X70.0519 Y-225.5487
G1 X70.1871 Y-225.3379
G1 X70.3207 Y-225.1266
G1 X70.4530 Y-224.9145
G1 X70.5836 Y-224.7021
G1 X70.6483 Y-224.5957
G1 X70.7766 Y-224.3826
G1 X70.9036 Y-224.1690
G1 X71.0910 Y-223.8474
G1 X71.2140 Y-223.6325
G1 X71.3356 Y-223.4171
G1 X71.3958 Y-223.3092
G1 X71.5150 Y-223.0930
G1 X71.6328 Y-222.8764
G1 X71.6910 Y-222.7679
G1 X71.8066 Y-222.5505
G1 X71.8637 Y-222.4415
G1 X71.9767 Y-222.2233
G1 X72.0885 Y-222.0049
G1 X72.1436 Y-221.8954
G1 X72.2531 Y-221.6762
G1 X72.3072 Y-221.5662
G1 X72.4141 Y-221.3463
G1 X72.5195 Y-221.1260
G1 X72.6237 Y-220.9051
G1 X72.7260 Y-220.6836
G1 X72.8269 Y-220.4618
G1 X72.9262 Y-220.2396
G1 X73.0240 Y-220.0171
G1 X73.0722 Y-219.9056
G1 X73.2147 Y-219.5703
G1 X73.2615 Y-219.4583
G1 X73.3537 Y-219.2340
G1 X73.4446 Y-219.0095
G1 X73.5338 Y-218.7844
G1 X73.6214 Y-218.5589
G1 X73.7573 Y-218.2017
G1 X73.8071 Y-218.0735
G1 X73.8568 Y-217.9483
G1 X73.9066 Y-217.8258
G1 X73.9559 Y-217.7062
G1 X74.0054 Y-217.5896
G1 X74.0545 Y-217.4761
G1 X74.1035 Y-217.3656
G1 X74.1523 Y-217.2581
G1 X74.2005 Y-217.1540
G1 X74.2488 Y-217.0527
G1 X74.2968 Y-216.9549
G1 X74.3445 Y-216.8599
G1 X74.3918 Y-216.7684
G1 X74.4388 Y-216.6803
G1 X74.4855 Y-216.5952
G1 X74.5317 Y-216.5137
G1 X74.5777 Y-216.4354
G1 X74.6232 Y-216.3608
G1 X74.6684 Y-216.2894
G1 X74.7131 Y-216.2216
G1 X74.7573 Y-216.1570
G1 X74.8010 Y-216.0963
G1 X74.8441 Y-216.0392
G1 X74.8868 Y-215.9856
G1 X74.9290 Y-215.9356
G1 X74.9706 Y-215.8893
G1 X75.0115 Y-215.8469
G1 X75.0519 Y-215.8081
G1 X75.0918 Y-215.7730
G1 X75.1309 Y-215.7418
G1 X75.1695 Y-215.7146
G1 X75.2714 Y-215.6447
G1 X75.3791 Y-215.5673
G1 X75.4918 Y-215.4824
G1 X75.6092 Y-215.3907
G1 X75.7309 Y-215.2929
G1 X75.8561 Y-215.1896
G1 X75.9844 Y-215.0808
G1 X76.1154 Y-214.9676
G1 X76.2485 Y-214.8500
G1 X76.3831 Y-214.7286
G1 X76.5190 Y-214.6041
G1 X76.6554 Y-214.4771
G1 X76.7918 Y-214.3476
G1 X76.9280 Y-214.2167
G1 X77.0631 Y-214.0847
G1 X77.1970 Y-213.9518
G1 X77.3288 Y-213.8190
G1 X77.4581 Y-213.6864
G1 X77.5846 Y-213.5546
G1 X77.7075 Y-213.4245
G1 X77.8264 Y-213.2960
G1 X77.9409 Y-213.1700
G1 X78.0506 Y-213.0471
G1 X78.1545 Y-212.9274
G1 X78.2526 Y-212.8116
G1 X78.3443 Y-212.7004
G1 X78.4288 Y-212.5939
G1 X78.5058 Y-212.4931
G1 X78.5749 Y-212.3981
G1 X78.6354 Y-212.3095
G1 X78.6867 Y-212.2279
G1 X78.7286 Y-212.1540
G1 X78.7811 Y-212.0598
G1 X78.8368 Y-211.9724
G1 X78.8957 Y-211.8909
G1 X78.9584 Y-211.8154
G1 X79.0255 Y-211.7456
G1 X79.0976 Y-211.6811
G1 X79.1746 Y-211.6216
G1 X79.2574 Y-211.5668
G1 X79.3466 Y-211.5167
G1 X79.4421 Y-211.4705
G1 X79.5447 Y-211.4286
G1 X79.6549 Y-211.3902
G1 X79.7730 Y-211.3552
G1 X79.8995 Y-211.3234
G1 X80.0349 Y-211.2945
G1 X80.1794 Y-211.2681
G1 X80.3432 Y-211.2371
G1 X80.5134 Y-211.1990
G1 X80.6897 Y-211.1538
G1 X80.8711 Y-211.1017
G1 X81.0575 Y-211.0433
G1 X81.2482 Y-210.9787
G1 X81.4426 Y-210.9084
G1 X81.6402 Y-210.8324
G1 X81.8403 Y-210.7512
G1 X82.0425 Y-210.6653
G1 X82.2462 Y-210.5746
G1 X82.4509 Y-210.4796
G1 X82.6559 Y-210.3806
G1 X82.8606 Y-210.2780
G1 X83.0646 Y-210.1720
G1 X83.2675 Y-210.0628
G1 X83.4685 Y-209.9511
G1 X83.6671 Y-209.8368
G1 X83.8627 Y-209.7202
G1 X84.0547 Y-209.6018
G1 X84.2427 Y-209.4819
G1 X84.4258 Y-209.3608
G1 X84.6041 Y-209.2386
G1 X84.7763 Y-209.1157
G1 X84.9424 Y-208.9927
G1 X85.1017 Y-208.8695
G1 X85.2536 Y-208.7466
G1 X85.3973 Y-208.6244
G1 X85.5325 Y-208.5030
G1 X85.6587 Y-208.3826
G1 X85.7753 Y-208.2640
G1 X85.8817 Y-208.1469
G1 X85.9838 Y-208.0263
G1 X86.0903 Y-207.8942
G1 X86.2000 Y-207.7519
G1 X86.3122 Y-207.6011
G1 X86.4260 Y-207.4426
G1 X86.5406 Y-207.2777
G1 X86.6554 Y-207.1083
G1 X86.7692 Y-206.9353
G1 X86.8810 Y-206.7598
G1 X86.9904 Y-206.5838
G1 X87.0963 Y-206.4080
G1 X87.1979 Y-206.2340
G1 X87.2942 Y-206.0628
G1 X87.3846 Y-205.8962
G1 X87.4682 Y-205.7352
G1 X87.5439 Y-205.5812
G1 X87.5975 Y-205.4680
G1 X87.6483 Y-205.3582
G1 X87.6963 Y-205.2518
G1 X87.7418 Y-205.1484
G1 X87.7847 Y-205.0473
G1 X87.8251 Y-204.9485
G1 X87.8629 Y-204.8515
G1 X87.8985 Y-204.7563
G1 X87.9315 Y-204.6618
G1 X87.9625 Y-204.5683
G1 X87.9912 Y-204.4753
G1 X88.0179 Y-204.3824
G1 X88.0425 Y-204.2892
G1 X88.0648 Y-204.1954
G1 X88.0854 Y-204.1007
G1 X88.1042 Y-204.0047
G1 X88.1212 Y-203.9071
G1 X88.1362 Y-203.8076
G1 X88.1497 Y-203.7055
G1 X88.1616 Y-203.6008
G1 X88.1720 Y-203.4931
G1 X88.1807 Y-203.3821
G1 X88.1880 Y-203.2673
G1 X88.1941 Y-203.1487
G1 X88.1990 Y-203.0252
G1 X88.2023 Y-202.8972
G1 X88.2045 Y-202.7641
G1 X88.2058 Y-202.6255
G1 X88.2061 Y-202.4812
G1 X88.2053 Y-202.3306
G1 X88.2035 Y-202.1733
G1 X88.2010 Y-202.0092
G1 X88.1979 Y-201.8787
G1 X88.1934 Y-201.7464
G1 X88.1875 Y-201.6125
G1 X88.1804 Y-201.4771
G1 X88.1715 Y-201.3402
G1 X88.1616 Y-201.2020
G1 X88.1502 Y-201.0623
G1 X88.1375 Y-200.9211
G1 X88.1233 Y-200.7789
G1 X88.1080 Y-200.6351
G1 X88.0913 Y-200.4903
G1 X88.0732 Y-200.3443
G1 X88.0539 Y-200.1972
G1 X88.0334 Y-200.0491
G1 X88.0115 Y-199.9000
G1 X87.9884 Y-199.7499
G1 X87.9640 Y-199.5988
G1 X87.9386 Y-199.4471
G1 X87.9117 Y-199.2942
G1 X87.8837 Y-199.1408
G1 X87.8548 Y-198.9869
G1 X87.8243 Y-198.8320
G1 X87.7931 Y-198.6768
G1 X87.7603 Y-198.5208
G1 X87.7265 Y-198.3643
G1 X87.6917 Y-198.2074
G1 X87.6559 Y-198.0499
G1 X87.6188 Y-197.8922
G1 X87.5807 Y-197.7342
G1 X87.5414 Y-197.5759
G1 X87.5012 Y-197.4174
G1 X87.4598 Y-197.2587
G1 X87.4177 Y-197.0999
G1 X87.3742 Y-196.9412
G1 X87.3300 Y-196.7822
G1 X87.2846 Y-196.6234
G1 X87.2383 Y-196.4644
G1 X87.1911 Y-196.3059
G1 X87.1428 Y-196.1474
G1 X87.0938 Y-195.9892
G1 X87.0438 Y-195.8312
G1 X86.9927 Y-195.6735
G1 X86.9409 Y-195.5162
G1 X86.8881 Y-195.3593
G1 X86.8345 Y-195.2031
G1 X86.7799 Y-195.0471
G1 X86.7245 Y-194.8917
G1 X86.6684 Y-194.7370
G1 X86.6115 Y-194.5830
G1 X86.5535 Y-194.4296
G1 X86.4951 Y-194.2772
G1 X86.4357 Y-194.1253
G1 X86.3755 Y-193.9745
G1 X86.3145 Y-193.8246
G1 X86.2531 Y-193.6755
G1 X86.1906 Y-193.5277
G1 X86.1276 Y-193.3806
G1 X86.0638 Y-193.2348
G1 X85.9993 Y-193.0903
G1 X85.9340 Y-192.9468
G1 X85.8683 Y-192.8045
G1 X85.8017 Y-192.6636
G1 X85.7347 Y-192.5241
G1 X85.6668 Y-192.3860
G1 X85.2218 Y-191.4870
G1 X84.4603 Y-189.9440
G1 X84.4578 Y-189.9328
G1 X84.4606 Y-189.9196
G1 X84.4682 Y-189.9044
G1 X84.4809 Y-189.8876
G1 X84.4984 Y-189.8691
G1 X84.5205 Y-189.8490
G1 X84.5472 Y-189.8269
G1 X84.5784 Y-189.8035
G1 X84.6140 Y-189.7786
G1 X84.6541 Y-189.7520
G1 X84.6983 Y-189.7240
G1 X84.7466 Y-189.6946
G1 X84.7989 Y-189.6638
G1 X84.8553 Y-189.6316
G1 X84.9790 Y-189.5635
G1 X85.1174 Y-189.4906
G1 X85.2696 Y-189.4131
G1 X85.4344 Y-189.3316
G1 X85.5215 Y-189.2894
G1 X85.7044 Y-189.2023
G1 X85.8002 Y-189.1576
G1 X85.9991 Y-189.0659
G1 X86.2079 Y-188.9712
G1 X86.4258 Y-188.8744
G1 X86.6516 Y-188.7753
G1 X86.7674 Y-188.7253
G1 X87.0041 Y-188.6240
G1 X87.2472 Y-188.5213
G1 X87.4956 Y-188.4180
G1 X87.8766 Y-188.2620
G1 X88.1352 Y-188.1581
G1 X88.2655 Y-188.1063
G1 X88.5276 Y-188.0032
G1 X88.9236 Y-187.8503
G1 X89.1880 Y-187.7502
G1 X89.4522 Y-187.6516
G1 X89.7148 Y-187.5554
G1 X89.8454 Y-187.5081
G1 X89.9754 Y-187.4617
G1 X90.2332 Y-187.3707
G1 X90.4875 Y-187.2831
G1 X90.6315 Y-187.2343
G1 X90.7758 Y-187.1863
G1 X90.9198 Y-187.1391
G1 X91.0641 Y-187.0926
G1 X91.2084 Y-187.0471
G1 X91.3524 Y-187.0024
G1 X91.4966 Y-186.9585
G1 X91.6409 Y-186.9153
G1 X91.7854 Y-186.8729
G1 X91.9297 Y-186.8312
G1 X92.2188 Y-186.7505
G1 X92.3635 Y-186.7113
G1 X92.5083 Y-186.6730
G1 X92.6531 Y-186.6354
G1 X92.7981 Y-186.5986
G1 X93.0882 Y-186.5274
G1 X93.3790 Y-186.4594
G1 X93.5248 Y-186.4266
G1 X93.6706 Y-186.3946
G1 X93.8167 Y-186.3631
G1 X93.9627 Y-186.3326
G1 X94.1090 Y-186.3029
G1 X94.2556 Y-186.2739
G1 X94.4024 Y-186.2458
G1 X94.5492 Y-186.2186
G1 X94.6965 Y-186.1919
G1 X94.8439 Y-186.1660
G1 X94.9914 Y-186.1409
G1 X95.1393 Y-186.1167
G1 X95.2876 Y-186.0931
G1 X95.4359 Y-186.0702
G1 X95.5845 Y-186.0484
G1 X95.7334 Y-186.0271
G1 X95.8827 Y-186.0065
G1 X96.1819 Y-185.9679
G1 X96.3320 Y-185.9498
G1 X96.4827 Y-185.9323
G1 X96.6333 Y-185.9156
G1 X96.7844 Y-185.8998
G1 X96.9358 Y-185.8846
G1 X97.0877 Y-185.8701
G1 X97.2398 Y-185.8564
G1 X97.3922 Y-185.8434
G1 X97.5451 Y-185.8315
G1 X97.6986 Y-185.8201
G1 X97.8522 Y-185.8094
G1 X98.0062 Y-185.7995
G1 X98.1608 Y-185.7901
G1 X98.3158 Y-185.7817
G1 X98.4710 Y-185.7741
G1 X98.6267 Y-185.7670
G1 X98.7829 Y-185.7609
G1 X98.9396 Y-185.7553
G1 X99.0966 Y-185.7507
G1 X99.2543 Y-185.7466
G1 X99.4123 Y-185.7433
G1 X99.5708 Y-185.7408
G1 X99.7298 Y-185.7390
G1 X99.8893 Y-185.7378
G1 X102.9274 Y-185.7375
G1 X103.9965 Y-188.0461
G1 X104.1138 Y-188.2960
G1 X104.2319 Y-188.5445
G1 X104.3511 Y-188.7911
G1 X104.4710 Y-189.0362
G1 X104.5312 Y-189.1579
G1 X104.6523 Y-189.4004
G1 X104.7742 Y-189.6412
G1 X104.8969 Y-189.8802
G1 X105.0206 Y-190.1177
G1 X105.1451 Y-190.3534
G1 X105.2706 Y-190.5874
G1 X105.3968 Y-190.8200
G1 X105.5238 Y-191.0507
G1 X105.6518 Y-191.2798
G1 X105.7163 Y-191.3938
G1 X105.8456 Y-191.6204
G1 X105.9757 Y-191.8454
G1 X106.0412 Y-191.9575
G1 X106.2388 Y-192.2907
G1 X106.3054 Y-192.4009
G1 X106.4387 Y-192.6201
G1 X106.5728 Y-192.8378
G1 X106.6404 Y-192.9460
G1 X106.7760 Y-193.1614
G1 X106.9812 Y-193.4815
G1 X107.1888 Y-193.7977
G1 X107.3282 Y-194.0065
G1 X107.4687 Y-194.2140
G1 X107.6099 Y-194.4197
G1 X107.7521 Y-194.6237
G1 X107.8954 Y-194.8264
G1 X108.0397 Y-195.0273
G1 X108.1123 Y-195.1274
G1 X108.2581 Y-195.3260
G1 X108.4047 Y-195.5231
G1 X108.4783 Y-195.6209
G1 X108.6267 Y-195.8157
G1 X108.7758 Y-196.0090
G1 X108.9261 Y-196.2008
G1 X109.0016 Y-196.2960
G1 X109.1532 Y-196.4853
G1 X109.3061 Y-196.6732
G1 X109.4598 Y-196.8594
G1 X109.5372 Y-196.9521
G1 X109.6924 Y-197.1363
G1 X109.7704 Y-197.2277
G1 X109.9274 Y-197.4093
G1 X110.0064 Y-197.4997
G1 X110.1646 Y-197.6793
G1 X110.2444 Y-197.7685
G1 X110.4044 Y-197.9458
G1 X110.5654 Y-198.1215
G1 X110.6465 Y-198.2089
G1 X110.7277 Y-198.2958
G1 X110.8911 Y-198.4687
G1 X110.9731 Y-198.5546
G1 X111.0554 Y-198.6399
G1 X111.2208 Y-198.8099
G1 X111.3038 Y-198.8942
G1 X111.4709 Y-199.0618
G1 X111.6391 Y-199.2279
G1 X111.8085 Y-199.3928
G1 X111.9789 Y-199.5561
G1 X112.1504 Y-199.7179
G1 X112.3229 Y-199.8782
G1 X112.4966 Y-200.0372
G1 X112.5840 Y-200.1162
G1 X112.6716 Y-200.1947
G1 X112.8476 Y-200.3509
G1 X112.9360 Y-200.4284
G1 X113.1138 Y-200.5823
G1 X113.2926 Y-200.7349
G1 X113.4727 Y-200.8861
G1 X113.5631 Y-200.9610
G1 X113.7450 Y-201.1101
G1 X113.9279 Y-201.2577
G1 X114.1120 Y-201.4037
G1 X114.2048 Y-201.4764
G1 X114.3904 Y-201.6204
G1 X114.4839 Y-201.6920
G1 X114.5776 Y-201.7631
G1 X114.7658 Y-201.9046
G1 X114.9556 Y-202.0446
G1 X115.1461 Y-202.1830
G1 X115.3381 Y-202.3204
G1 X115.4344 Y-202.3885
G1 X115.6282 Y-202.5236
G1 X115.7254 Y-202.5907
G1 X115.9210 Y-202.7237
G1 X116.1179 Y-202.8556
G1 X116.3160 Y-202.9861
G1 X116.5154 Y-203.1152
G1 X116.7158 Y-203.2429
G1 X116.9177 Y-203.3694
G1 X117.0191 Y-203.4322
G1 X117.2228 Y-203.5566
G1 X117.3251 Y-203.6183
G1 X117.5306 Y-203.7408
G1 X117.7376 Y-203.8619
G1 X117.9457 Y-203.9818
G1 X118.0503 Y-204.0412
G1 X118.2604 Y-204.1591
G1 X118.3660 Y-204.2175
G1 X118.5779 Y-204.3336
G1 X118.6845 Y-204.3910
G1 X118.8984 Y-204.5051
G1 X119.1138 Y-204.6178
G1 X119.2220 Y-204.6737
G1 X119.4392 Y-204.7845
G1 X119.6579 Y-204.8939
G1 X119.8778 Y-205.0024
G1 X119.9883 Y-205.0560
G1 X120.2103 Y-205.1624
G1 X120.4336 Y-205.2676
G1 X120.6581 Y-205.3714
G1 X120.8842 Y-205.4741
G1 X120.9977 Y-205.5249
G1 X121.2258 Y-205.6257
G1 X121.4552 Y-205.7253
G1 X121.6858 Y-205.8236
G1 X121.9182 Y-205.9206
G1 X122.0348 Y-205.9686
G1 X122.2690 Y-206.0639
G1 X122.5047 Y-206.1581
G1 X122.7417 Y-206.2508
G1 X122.9802 Y-206.3425
G1 X123.2200 Y-206.4329
G1 X123.4613 Y-206.5221
G1 X123.7038 Y-206.6102
G1 X123.9482 Y-206.6971
G1 X124.1936 Y-206.7827
G1 X124.4407 Y-206.8673
G1 X124.6891 Y-206.9506
G1 X124.8138 Y-206.9917
G1 X125.0645 Y-207.0732
G1 X125.3165 Y-207.1538
G1 X125.5700 Y-207.2330
G1 X125.8250 Y-207.3110
G1 X126.0815 Y-207.3880
G1 X126.3393 Y-207.4639
G1 X126.5989 Y-207.5386
G1 X126.7292 Y-207.5754
G1 X126.9909 Y-207.6483
G1 X127.2540 Y-207.7202
G1 X128.6982 Y-208.1065
G1 X129.0427 Y-209.8205
G1 X129.0683 Y-209.9465
G1 X129.1212 Y-210.1980
G1 X129.1763 Y-210.4487
G1 X129.2045 Y-210.5736
G1 X129.2626 Y-210.8230
G1 X129.2926 Y-210.9473
G1 X129.3538 Y-211.1954
G1 X129.3853 Y-211.3191
G1 X129.4173 Y-211.4426
G1 X129.4828 Y-211.6889
G1 X129.5164 Y-211.8116
G1 X129.5850 Y-212.0565
G1 X129.6203 Y-212.1786
G1 X129.6919 Y-212.4220
G1 X129.7658 Y-212.6645
G1 X129.8034 Y-212.7855
G1 X129.8804 Y-213.0262
G1 X129.9594 Y-213.2663
G1 X130.0404 Y-213.5055
G1 X130.1234 Y-213.7435
G1 X130.2085 Y-213.9805
G1 X130.2956 Y-214.2162
G1 X130.3848 Y-214.4512
G1 X130.4300 Y-214.5683
G1 X130.5222 Y-214.8014
G1 X130.5692 Y-214.9178
G1 X130.6642 Y-215.1494
G1 X130.7125 Y-215.2647
G1 X130.8108 Y-215.4946
G1 X130.8605 Y-215.6092
G1 X130.9108 Y-215.7235
G1 X130.9616 Y-215.8375
G1 X131.0129 Y-215.9513
G1 X131.1168 Y-216.1779
G1 X131.1697 Y-216.2907
G1 X131.2766 Y-216.5154
G1 X131.3310 Y-216.6275
G1 X131.4407 Y-216.8505
G1 X131.5527 Y-217.0722
G1 X131.6093 Y-217.1827
G1 X131.7239 Y-217.4027
G1 X131.7821 Y-217.5121
G1 X131.8997 Y-217.7303
G1 X132.0193 Y-217.9470
G1 X132.0797 Y-218.0549
G1 X132.1407 Y-218.1626
G1 X132.2639 Y-218.3770
G1 X132.3891 Y-218.5899
G1 X132.5164 Y-218.8017
G1 X132.5806 Y-218.9071
G1 X132.7104 Y-219.1167
G1 X132.8423 Y-219.3252
G1 X132.9088 Y-219.4288
G1 X132.9759 Y-219.5322
G1 X133.1115 Y-219.7379
G1 X133.1798 Y-219.8400
G1 X133.3183 Y-220.0438
G1 X133.4582 Y-220.2459
G1 X133.5291 Y-220.3465
G1 X133.6718 Y-220.5467
G1 X133.8166 Y-220.7453
G1 X133.9632 Y-220.9424
G1 X134.0371 Y-221.0405
G1 X134.1115 Y-221.1382
G1 X134.1862 Y-221.2355
G1 X134.2616 Y-221.3326
G1 X134.3373 Y-221.4291
G1 X134.4135 Y-221.5253
G1 X134.4900 Y-221.6211
G1 X134.5672 Y-221.7166
G1 X134.6446 Y-221.8116
G1 X134.7226 Y-221.9063
G1 X134.8008 Y-222.0006
G1 X134.9591 Y-222.1883
G1 X135.1189 Y-222.3742
G1 X135.1996 Y-222.4667
G1 X135.3619 Y-222.6503
G1 X135.4440 Y-222.7415
G1 X135.6091 Y-222.9228
G1 X135.7760 Y-223.1024
G1 X135.8600 Y-223.1916
G1 X135.9446 Y-223.2805
G1 X136.0294 Y-223.3689
G1 X136.1148 Y-223.4570
G1 X136.2006 Y-223.5446
G1 X136.2867 Y-223.6318
G1 X136.7732 Y-224.1164
G1 X137.0203 Y-224.3610
G1 X137.2530 Y-224.5898
G1 X137.4722 Y-224.8032
G1 X137.5771 Y-224.9040
G1 X137.7777 Y-225.0951
G1 X137.8737 Y-225.1850
G1 X137.9672 Y-225.2716
G1 X138.0579 Y-225.3546
G1 X138.1463 Y-225.4341
G1 X138.2321 Y-225.5106
G1 X138.3160 Y-225.5835
G1 X138.3975 Y-225.6531
G1 X138.4770 Y-225.7194
G1 X138.5547 Y-225.7829
G1 X138.6304 Y-225.8431
G1 X138.7046 Y-225.9002
G1 X138.7772 Y-225.9543
G1 X138.8483 Y-226.0056
G1 X138.9182 Y-226.0539
G1 X138.9865 Y-226.0994
G1 X139.0541 Y-226.1423
G1 X139.1204 Y-226.1822
G1 X139.1859 Y-226.2198
G1 X139.2507 Y-226.2546
G1 X139.3147 Y-226.2866
G1 X139.3782 Y-226.3165
G1 X139.4412 Y-226.3437
G1 X139.5039 Y-226.3686
G1 X139.5664 Y-226.3912
G1 X139.6289 Y-226.4115
G1 X139.6914 Y-226.4296
G1 X139.7538 Y-226.4456
G1 X139.8166 Y-226.4593
G1 X139.8796 Y-226.4710
G1 X139.9431 Y-226.4809
G1 X140.0073 Y-226.4885
G1 X140.0721 Y-226.4946
G1 X140.1376 Y-226.4987
G1 X140.2042 Y-226.5007
G1 X140.2715 Y-226.5015
G1 X140.3403 Y-226.5002
G1 X140.4102 Y-226.4974
G1 X140.4813 Y-226.4931
G1 X140.5542 Y-226.4872
G1 X140.6284 Y-226.4801
G1 X140.7043 Y-226.4715
G1 X140.7823 Y-226.4613
G1 X140.8618 Y-226.4501
G1 X140.9436 Y-226.4374
G1 X141.0277 Y-226.4237
G1 X141.2022 Y-226.3930
G1 X141.2933 Y-226.3760
G1 X141.4831 Y-226.3391
G1 X141.6845 Y-226.2990
G1 X141.7820 Y-226.2787
G1 X141.8841 Y-226.2558
G1 X141.9901 Y-226.2307
G1 X142.0995 Y-226.2033
G1 X142.2128 Y-226.1738
G1 X142.3292 Y-226.1420
G1 X142.4485 Y-226.1088
G1 X142.5705 Y-226.0732
G1 X142.6949 Y-226.0361
G1 X142.8217 Y-225.9973
G1 X142.9504 Y-225.9569
G1 X143.0807 Y-225.9150
G1 X143.2126 Y-225.8718
G1 X143.3457 Y-225.8271
G1 X143.4795 Y-225.7814
G1 X143.6141 Y-225.7344
G1 X143.7493 Y-225.6864
G1 X143.8844 Y-225.6373
G1 X144.0195 Y-225.5873
G1 X144.1544 Y-225.5368
G1 X144.2885 Y-225.4852
G1 X144.4219 Y-225.4334
G1 X144.5542 Y-225.3808
G1 X144.6850 Y-225.3280
G1 X144.8145 Y-225.2746
G1 X144.9418 Y-225.2213
G1 X145.0673 Y-225.1677
G1 X145.1902 Y-225.1138
G1 X145.3104 Y-225.0603
G1 X145.4280 Y-225.0067
G1 X145.5423 Y-224.9533
G1 X145.6533 Y-224.9002
G1 X147.7698 Y-223.8743
G1 X152.3604 Y-223.7077
G1 X152.5849 Y-223.6991
G1 X153.0317 Y-223.6810
G1 X153.6901 Y-223.6526
G1 X154.1170 Y-223.6328
G1 X154.5318 Y-223.6125
G1 X155.1244 Y-223.5815
G1 X155.4958 Y-223.5606
G1 X155.8453 Y-223.5398
G1 X156.1696 Y-223.5192
G1 X156.4668 Y-223.4992
G1 X156.7337 Y-223.4796
G1 X156.9677 Y-223.4606
G1 X157.0713 Y-223.4514
G1 X157.1658 Y-223.4425
G1 X157.2506 Y-223.4339
G1 X157.3258 Y-223.4255
G1 X157.3903 Y-223.4174
G1 X157.4444 Y-223.4095
G1 X158.3878 Y-223.2619
G1 X160.6570 Y-226.3940
G1 X160.9001 Y-226.7283
G1 X161.1445 Y-227.0615
G1 X161.3896 Y-227.3932
G1 X161.6357 Y-227.7237
G1 X161.7594 Y-227.8885
G1 X162.0070 Y-228.2172
G1 X162.3804 Y-228.7077
G1 X162.5054 Y-228.8705
G1 X162.7561 Y-229.1951
G1 X163.0078 Y-229.5185
G1 X163.2605 Y-229.8408
G1 X163.5143 Y-230.1616
G1 X163.7688 Y-230.4809
G1 X163.8965 Y-230.6401
G1 X164.1526 Y-230.9579
G1 X164.2811 Y-231.1161
G1 X164.5387 Y-231.4316
G1 X164.7972 Y-231.7460
G1 X165.0568 Y-232.0590
G1 X165.3172 Y-232.3706
G1 X165.5785 Y-232.6808
G1 X165.8409 Y-232.9899
G1 X165.9725 Y-233.1438
G1 X166.2364 Y-233.4509
G1 X166.3687 Y-233.6038
G1 X166.6339 Y-233.9089
G1 X166.9001 Y-234.2124
G1 X167.1673 Y-234.5149
G1 X167.4353 Y-234.8159
G1 X167.7043 Y-235.1154
G1 X167.9743 Y-235.4138
G1 X168.1096 Y-235.5624
G1 X168.3809 Y-235.8588
G1 X168.6532 Y-236.1537
G1 X168.9265 Y-236.4473
G1 X169.0634 Y-236.5936
G1 X169.3380 Y-236.8852
G1 X169.7515 Y-237.3198
G1 X170.0284 Y-237.6081
G1 X170.4454 Y-238.0379
G1 X170.7246 Y-238.3226
G1 X170.8645 Y-238.4643
G1 X171.1449 Y-238.7470
G1 X171.2857 Y-238.8880
G1 X171.5673 Y-239.1687
G1 X171.7086 Y-239.3084
G1 X171.9918 Y-239.5870
G1 X172.1338 Y-239.7257
G1 X172.4182 Y-240.0023
G1 X172.7037 Y-240.2774
G1 X172.9900 Y-240.5512
G1 X173.4210 Y-240.9591
G1 X173.7096 Y-241.2294
G1 X173.9989 Y-241.4984
G1 X174.1439 Y-241.6322
G1 X174.4345 Y-241.8989
G1 X174.7261 Y-242.1644
G1 X174.8721 Y-242.2964
G1 X175.1650 Y-242.5598
G1 X175.4586 Y-242.8217
G1 X175.9008 Y-243.2119
G1 X176.1965 Y-243.4702
G1 X176.4932 Y-243.7272
G1 X176.7909 Y-243.9827
G1 X177.0891 Y-244.2367
G1 X177.3883 Y-244.4895
G1 X177.5381 Y-244.6152
G1 X177.8386 Y-244.8659
G1 X178.1399 Y-245.1151
G1 X178.4421 Y-245.3627
G1 X178.7449 Y-245.6089
G1 X179.0487 Y-245.8537
G1 X179.3532 Y-246.0973
G1 X179.5059 Y-246.2185
G1 X179.9648 Y-246.5796
G1 X180.1183 Y-246.6993
G1 X180.4259 Y-246.9378
G1 X180.7340 Y-247.1748
G1 X181.0431 Y-247.4102
G1 X181.3530 Y-247.6442
G1 X181.5081 Y-247.7605
G1 X181.8193 Y-247.9924
G1 X182.1310 Y-248.2228
G1 X182.4436 Y-248.4516
G1 X182.7571 Y-248.6792
G1 X183.0713 Y-248.9053
G1 X183.3865 Y-249.1295
G1 X183.7022 Y-249.3528
G1 X184.0187 Y-249.5743
G1 X184.3359 Y-249.7945
G1 X184.4949 Y-249.9040
G1 X184.8134 Y-250.1219
G1 X185.1327 Y-250.3383
G1 X185.4528 Y-250.5532
G1 X185.6130 Y-250.6602
G1 X185.7736 Y-250.7666
G1 X186.0951 Y-250.9787
G1 X186.2562 Y-251.0841
G1 X186.4175 Y-251.1890
G1 X186.7405 Y-251.3980
G1 X187.0644 Y-251.6055
G1 X187.3890 Y-251.8115
G1 X187.7141 Y-252.0160
G1 X187.8772 Y-252.1176
G1 X188.2036 Y-252.3200
G1 X188.3672 Y-252.4206
G1 X188.6946 Y-252.6205
G1 X188.8587 Y-252.7198
G1 X189.1873 Y-252.9177
G1 X189.3519 Y-253.0160
G1 X189.5168 Y-253.1138
G1 X189.8467 Y-253.3086
G1 X190.0121 Y-253.4054
G1 X190.3433 Y-253.5979
G1 X190.5091 Y-253.6934
G1 X190.8414 Y-253.8837
G1 X191.0077 Y-253.9782
G1 X191.3410 Y-254.1659
G1 X191.6750 Y-254.3523
G1 X192.0098 Y-254.5372
G1 X192.1774 Y-254.6289
G1 X192.5132 Y-254.8115
G1 X192.8498 Y-254.9924
G1 X193.1871 Y-255.1720
G1 X193.3560 Y-255.2611
G1 X193.6941 Y-255.4381
G1 X193.8635 Y-255.5260
G1 X194.2028 Y-255.7010
G1 X194.7131 Y-255.9604
G1 X195.0540 Y-256.1313
G1 X195.2249 Y-256.2161
G1 X195.5668 Y-256.3848
G1 X195.9094 Y-256.5517
G1 X196.2528 Y-256.7173
G1 X196.4248 Y-256.7993
G1 X196.7692 Y-256.9627
G1 X196.9417 Y-257.0437
G1 X197.2869 Y-257.2045
G1 X197.4599 Y-257.2842
G1 X197.8063 Y-257.4427
G1 X198.1533 Y-257.5997
G1 X198.3270 Y-257.6774
G1 X198.6750 Y-257.8321
G1 X199.0237 Y-257.9850
G1 X199.3285 Y-258.1176
G1 X199.7718 Y-258.3094
G1 X200.1934 Y-258.4905
G1 X200.7126 Y-258.7114
G1 X201.1713 Y-258.9042
G1 X201.3737 Y-258.9883
G1 X201.7169 Y-259.1288
G1 X201.9143 Y-259.2070
G1 X202.0143 Y-259.2451
G1 X202.0870 Y-259.2710
G1 X202.1126 Y-259.2794
G1 X202.1309 Y-259.2845
G1 X202.1416 Y-259.2860
G1 X202.2038 Y-259.2835
G1 X202.2762 Y-259.2758
G1 X202.3582 Y-259.2639
G1 X202.4492 Y-259.2479
G1 X202.5485 Y-259.2276
G1 X202.6554 Y-259.2034
G1 X202.7692 Y-259.1760
G1 X202.8896 Y-259.1450
G1 X203.0156 Y-259.1110
G1 X203.1464 Y-259.0739
G1 X203.2815 Y-259.0343
G1 X203.4207 Y-258.9921
G1 X203.5625 Y-258.9477
G1 X203.7070 Y-258.9014
G1 X203.8530 Y-258.8532
G1 X204.0001 Y-258.8034
G1 X204.1477 Y-258.7523
G1 X204.2947 Y-258.7003
G1 X204.4410 Y-258.6474
G1 X204.5858 Y-258.5936
G1 X204.7281 Y-258.5395
G1 X204.8678 Y-258.4854
G1 X205.0037 Y-258.4310
G1 X205.1355 Y-258.3772
G1 X205.2622 Y-258.3236
G1 X205.3836 Y-258.2708
G1 X205.4987 Y-258.2189
G1 X205.6069 Y-258.1681
G1 X205.7075 Y-258.1189
G1 X205.7999 Y-258.0711
G1 X205.8838 Y-258.0251
G1 X205.9577 Y-257.9814
G1 X206.0641 Y-257.9144
G1 X206.1644 Y-257.8484
G1 X206.2592 Y-257.7828
G1 X206.3486 Y-257.7173
G1 X206.4324 Y-257.6510
G1 X206.5111 Y-257.5839
G1 X206.5848 Y-257.5154
G1 X206.6536 Y-257.4447
G1 X206.7176 Y-257.3721
G1 X206.7771 Y-257.2964
G1 X206.8317 Y-257.2177
G1 X206.8822 Y-257.1351
G1 X206.9285 Y-257.0483
G1 X206.9709 Y-256.9571
G1 X207.0090 Y-256.8605
G1 X207.0435 Y-256.7584
G1 X207.0745 Y-256.6505
G1 X207.1019 Y-256.5362
G1 X207.1258 Y-256.4148
G1 X207.1467 Y-256.2860
G1 X207.1644 Y-256.1493
G1 X207.1792 Y-256.0046
G1 X207.1911 Y-255.8512
G1 X207.2005 Y-255.6883
G1 X207.2074 Y-255.5159
G1 X207.2119 Y-255.3332
G1 X207.2142 Y-255.1402
G1 X207.2145 Y-254.9360
G1 X207.2127 Y-254.7203
G1 X207.2091 Y-254.4928
G1 X207.2041 Y-254.2527
G1 X207.1975 Y-254.0000
G1 X207.1936 Y-253.8727
G1 X207.1799 Y-253.4897
G1 X207.1690 Y-253.2329
G1 X207.1566 Y-252.9754
G1 X207.1426 Y-252.7165
G1 X207.1190 Y-252.3269
G1 X207.1012 Y-252.0660
G1 X207.0722 Y-251.6734
G1 X207.0618 Y-251.5423
G1 X207.0283 Y-251.1473
G1 X207.0042 Y-250.8834
G1 X206.9788 Y-250.6188
G1 X206.9518 Y-250.3536
G1 X206.9236 Y-250.0881
G1 X206.8787 Y-249.6889
G1 X206.8307 Y-249.2886
G1 X206.7969 Y-249.0216
G1 X206.7618 Y-248.7541
G1 X206.7253 Y-248.4864
G1 X206.6681 Y-248.0846
G1 X206.6285 Y-247.8166
G1 X206.5873 Y-247.5487
G1 X206.5233 Y-247.1463
G1 X206.4789 Y-246.8783
G1 X206.4334 Y-246.6104
G1 X206.3867 Y-246.3424
G1 X206.3384 Y-246.0749
G1 X206.2640 Y-245.6739
G1 X206.1865 Y-245.2733
G1 X206.1065 Y-244.8738
G1 X206.0517 Y-244.6081
G1 X205.9955 Y-244.3427
G1 X205.9381 Y-244.0777
G1 X205.8797 Y-243.8133
G1 X205.8200 Y-243.5497
G1 X205.7591 Y-243.2865
G1 X205.6971 Y-243.0242
G1 X205.6338 Y-242.7625
G1 X205.5696 Y-242.5017
G1 X205.5040 Y-242.2418
G1 X205.4375 Y-241.9825
G1 X205.3697 Y-241.7244
G1 X205.3008 Y-241.4671
G1 X205.2310 Y-241.2108
G1 X205.1599 Y-240.9556
G1 X205.0877 Y-240.7016
G1 X205.0146 Y-240.4486
G1 X204.9028 Y-240.0714
G1 X204.8650 Y-239.9464
G1 X204.7885 Y-239.6973
G1 X204.7110 Y-239.4494
G1 X204.6326 Y-239.2027
G1 X204.5531 Y-238.9576
G1 X204.4725 Y-238.7138
G1 X204.3910 Y-238.4717
G1 X204.3087 Y-238.2312
G1 X204.2251 Y-237.9922
G1 X204.1406 Y-237.7547
G1 X204.0552 Y-237.5190
G1 X203.9574 Y-237.2538
G1 X203.7916 Y-236.7971
G1 X203.6801 Y-236.4854
G1 X203.5134 Y-236.0125
G1 X203.4037 Y-235.6968
G1 X203.2432 Y-235.2289
G1 X203.0898 Y-234.7740
G1 X203.0407 Y-234.6264
G1 X202.9010 Y-234.2012
G1 X202.8152 Y-233.9343
G1 X202.7357 Y-233.6836
G1 X202.6989 Y-233.5649
G1 X202.6308 Y-233.3427
G1 X202.5713 Y-233.1420
G1 X202.5452 Y-233.0508
G1 X202.5213 Y-232.9658
G1 X202.4733 Y-232.8004
G1 X202.4205 Y-232.6330
G1 X202.3628 Y-232.4644
G1 X202.3013 Y-232.2960
G1 X202.2363 Y-232.1286
G1 X202.1685 Y-231.9637
G1 X202.0981 Y-231.8024
G1 X202.0260 Y-231.6460
G1 X201.9529 Y-231.4951
G1 X201.8789 Y-231.3516
G1 X201.8048 Y-231.2159
G1 X201.7309 Y-231.0900
G1 X201.6582 Y-230.9744
G1 X201.5868 Y-230.8703
G1 X201.5175 Y-230.7793
G1 X201.4510 Y-230.7021
G1 X201.3148 Y-230.5418
G1 X201.1919 Y-230.3676
G1 X201.0839 Y-230.1827
G1 X200.9925 Y-229.9909
G1 X200.9186 Y-229.7956
G1 X200.8642 Y-229.6000
G1 X200.8304 Y-229.4075
G1 X200.8187 Y-229.2218
G1 X200.8088 Y-229.0455
G1 X200.7796 Y-228.8659
G1 X200.7334 Y-228.6871
G1 X200.6717 Y-228.5134
G1 X200.5960 Y-228.3485
G1 X200.5081 Y-228.1969
G1 X200.4096 Y-228.0628
G1 X200.3021 Y-227.9500
G1 X200.2744 Y-227.9223
G1 X200.2447 Y-227.8875
G1 X200.2130 Y-227.8459
G1 X200.1792 Y-227.7974
G1 X200.1436 Y-227.7428
G1 X200.1063 Y-227.6818
G1 X200.0674 Y-227.6147
G1 X200.0270 Y-227.5421
G1 X199.9851 Y-227.4636
G1 X199.9419 Y-227.3800
G1 X199.8975 Y-227.2911
G1 X199.8518 Y-227.1972
G1 X199.8050 Y-227.0986
G1 X199.7575 Y-226.9957
G1 X199.7090 Y-226.8883
G1 X199.6597 Y-226.7768
G1 X199.6097 Y-226.6615
G1 X199.5589 Y-226.5426
G1 X199.5079 Y-226.4202
G1 X199.4563 Y-226.2947
G1 X199.4045 Y-226.1659
G1 X199.3524 Y-226.0346
G1 X199.3003 Y-225.9005
G1 X199.2480 Y-225.7641
G1 X199.1957 Y-225.6254
G1 X199.1439 Y-225.4849
G1 X199.0921 Y-225.3427
G1 X199.0405 Y-225.1989
G1 X198.9894 Y-225.0539
G1 X198.8891 Y-224.7608
G1 X198.7918 Y-224.4672
G1 X198.7428 Y-224.3209
G1 X198.6930 Y-224.1740
G1 X198.5914 Y-223.8789
G1 X198.5396 Y-223.7308
G1 X198.4339 Y-223.4336
G1 X198.3262 Y-223.1354
G1 X198.2714 Y-222.9861
G1 X198.1604 Y-222.6871
G1 X198.0474 Y-222.3884
G1 X197.9325 Y-222.0902
G1 X197.8165 Y-221.7931
G1 X197.6989 Y-221.4971
G1 X197.5800 Y-221.2030
G1 X197.4601 Y-220.9112
G1 X197.3999 Y-220.7661
G1 X197.2790 Y-220.4784
G1 X197.2183 Y-220.3356
G1 X197.0966 Y-220.0526
G1 X196.9745 Y-219.7735
G1 X196.9135 Y-219.6356
G1 X196.7913 Y-219.3630
G1 X196.7304 Y-219.2287
G1 X196.6087 Y-218.9635
G1 X196.5480 Y-218.8329
G1 X196.4873 Y-218.7039
G1 X196.3666 Y-218.4504
G1 X196.2467 Y-218.2030
G1 X196.1279 Y-217.9622
G1 X196.0100 Y-217.7288
G1 X195.8937 Y-217.5030
G1 X195.7789 Y-217.2851
G1 X195.7220 Y-217.1791
G1 X195.6656 Y-217.0755
G1 X195.6097 Y-216.9742
G1 X195.4997 Y-216.7778
G1 X195.4454 Y-216.6833
G1 X195.3915 Y-216.5911
G1 X195.3384 Y-216.5015
G1 X195.2859 Y-216.4143
G1 X195.2338 Y-216.3295
G1 X195.1825 Y-216.2477
G1 X195.1098 Y-216.1294
G1 X195.0319 Y-215.9978
G1 X194.9498 Y-215.8545
G1 X194.8642 Y-215.7006
G1 X194.7758 Y-215.5375
G1 X194.6854 Y-215.3669
G1 X194.5935 Y-215.1898
G1 X194.5008 Y-215.0077
G1 X194.4078 Y-214.8223
G1 X194.3158 Y-214.6346
G1 X194.2252 Y-214.4461
G1 X194.1365 Y-214.2581
G1 X194.0507 Y-214.0725
G1 X193.9681 Y-213.8898
G1 X193.8899 Y-213.7123
G1 X193.8165 Y-213.5406
G1 X193.7421 Y-213.3684
G1 X193.6608 Y-213.1880
G1 X193.5731 Y-213.0014
G1 X193.4802 Y-212.8098
G1 X193.3829 Y-212.6148
G1 X193.2818 Y-212.4179
G1 X193.1777 Y-212.2203
G1 X193.0715 Y-212.0240
G1 X192.9641 Y-211.8299
G1 X192.8561 Y-211.6399
G1 X192.7487 Y-211.4553
G1 X192.6420 Y-211.2775
G1 X192.5376 Y-211.1080
G1 X192.4357 Y-210.9485
G1 X192.3374 Y-210.8002
G1 X192.2435 Y-210.6648
G1 X192.1495 Y-210.5307
G1 X192.0512 Y-210.3864
G1 X191.9493 Y-210.2335
G1 X191.8449 Y-210.0732
G1 X191.7385 Y-209.9066
G1 X191.6311 Y-209.7357
G1 X191.5234 Y-209.5609
G1 X191.4162 Y-209.3844
G1 X191.3103 Y-209.2071
G1 X191.2064 Y-209.0303
G1 X191.1055 Y-208.8556
G1 X191.0085 Y-208.6839
G1 X190.9158 Y-208.5170
G1 X190.8287 Y-208.3559
G1 X190.7476 Y-208.2023
G1 X190.6735 Y-208.0572
G1 X190.6059 Y-207.9236
G1 X190.5361 Y-207.7872
G1 X190.4639 Y-207.6483
G1 X190.3900 Y-207.5071
G1 X190.3138 Y-207.3633
G1 X190.1556 Y-207.0694
G1 X190.0735 Y-206.9196
G1 X189.9044 Y-206.6140
G1 X189.8172 Y-206.4586
G1 X189.7286 Y-206.3016
G1 X189.6384 Y-206.1431
G1 X189.4538 Y-205.8223
G1 X189.2638 Y-205.4967
G1 X189.1670 Y-205.3323
G1 X188.9702 Y-205.0014
G1 X188.7695 Y-204.6679
G1 X188.6676 Y-204.5005
G1 X188.4622 Y-204.1647
G1 X188.2541 Y-203.8286
G1 X188.0438 Y-203.4929
G1 X187.8322 Y-203.1583
G1 X187.6199 Y-202.8261
G1 X187.5135 Y-202.6610
G1 X187.4068 Y-202.4967
G1 X187.1942 Y-202.1710
G1 X186.9821 Y-201.8500
G1 X186.7713 Y-201.5345
G1 X186.6664 Y-201.3791
G1 X186.4584 Y-201.0735
G1 X186.3552 Y-200.9234
G1 X186.1515 Y-200.6295
G1 X185.9509 Y-200.3445
G1 X185.8521 Y-200.2056
G1 X185.6577 Y-199.9353
G1 X185.4680 Y-199.6763
G1 X185.3750 Y-199.5510
G1 X185.2836 Y-199.4289
G1 X185.1937 Y-199.3100
G1 X185.1050 Y-199.1942
G1 X185.0182 Y-199.0819
G1 X184.9328 Y-198.9732
G1 X184.8493 Y-198.8680
G1 X184.7677 Y-198.7664
G1 X184.6877 Y-198.6686
G1 X184.5208 Y-198.4677
G1 X184.4294 Y-198.3565
G1 X184.3362 Y-198.2412
G1 X184.2412 Y-198.1223
G1 X184.1444 Y-197.9999
G1 X184.0461 Y-197.8744
G1 X183.9465 Y-197.7461
G1 X183.8462 Y-197.6150
G1 X183.7446 Y-197.4814
G1 X183.6425 Y-197.3461
G1 X183.5399 Y-197.2086
G1 X183.4370 Y-197.0700
G1 X183.2310 Y-196.7885
G1 X183.1284 Y-196.6465
G1 X183.0263 Y-196.5043
G1 X182.9247 Y-196.3616
G1 X182.7243 Y-196.0768
G1 X182.6260 Y-195.9353
G1 X182.5290 Y-195.7946
G1 X182.4337 Y-195.6549
G1 X182.2486 Y-195.3804
G1 X182.1591 Y-195.2457
G1 X182.0723 Y-195.1134
G1 X181.9880 Y-194.9836
G1 X181.9064 Y-194.8564
G1 X181.8277 Y-194.7324
G1 X181.7522 Y-194.6115
G1 X181.6801 Y-194.4941
G1 X181.5435 Y-194.2686
G1 X181.4731 Y-194.1548
G1 X181.4007 Y-194.0397
G1 X181.3260 Y-193.9234
G1 X181.2496 Y-193.8063
G1 X181.1713 Y-193.6885
G1 X181.0916 Y-193.5704
G1 X181.0103 Y-193.4517
G1 X180.9280 Y-193.3331
G1 X180.8444 Y-193.2148
G1 X180.7601 Y-193.0969
G1 X180.6750 Y-192.9793
G1 X180.5894 Y-192.8627
G1 X180.5033 Y-192.7471
G1 X180.4170 Y-192.6326
G1 X180.3303 Y-192.5196
G1 X180.2440 Y-192.4083
G1 X180.1579 Y-192.2988
G1 X180.0723 Y-192.1914
G1 X179.9872 Y-192.0862
G1 X179.9026 Y-191.9836
G1 X179.8190 Y-191.8838
G1 X179.7365 Y-191.7868
G1 X179.6552 Y-191.6928
G1 X179.5755 Y-191.6024
G1 X179.4970 Y-191.5152
G1 X179.4203 Y-191.4319
G1 X179.3456 Y-191.3527
G1 X179.2727 Y-191.2777
G1 X179.2023 Y-191.2069
G1 X179.1340 Y-191.1408
G1 X179.0027 Y-191.0189
G1 X178.9344 Y-190.9544
G1 X178.8638 Y-190.8861
G1 X178.7911 Y-190.8145
G1 X178.7164 Y-190.7395
G1 X178.6397 Y-190.6615
G1 X178.5615 Y-190.5808
G1 X178.4817 Y-190.4972
G1 X178.4005 Y-190.4111
G1 X178.2346 Y-190.2323
G1 X178.0654 Y-190.0456
G1 X177.8937 Y-189.8528
G1 X177.7213 Y-189.6549
G1 X177.6352 Y-189.5549
G1 X177.4637 Y-189.3527
G1 X177.3789 Y-189.2511
G1 X177.2115 Y-189.0479
G1 X177.0484 Y-188.8457
G1 X176.9689 Y-188.7456
G1 X176.8909 Y-188.6463
G1 X176.8147 Y-188.5480
G1 X176.7403 Y-188.4510
G1 X176.6679 Y-188.3555
G1 X176.5978 Y-188.2615
G1 X176.3398 Y-187.9097
G1 X176.2448 Y-187.7817
G1 X176.1500 Y-187.6552
G1 X175.9613 Y-187.4058
G1 X175.7731 Y-187.1614
G1 X175.6794 Y-187.0413
G1 X175.5856 Y-186.9222
G1 X175.4922 Y-186.8043
G1 X175.3055 Y-186.5721
G1 X175.2125 Y-186.4578
G1 X175.1195 Y-186.3448
G1 X175.0266 Y-186.2328
G1 X174.9339 Y-186.1221
G1 X174.8412 Y-186.0126
G1 X174.6560 Y-185.7967
G1 X174.5635 Y-185.6905
G1 X174.4711 Y-185.5854
G1 X174.2864 Y-185.3786
G1 X174.1940 Y-185.2767
G1 X174.1018 Y-185.1762
G1 X173.9171 Y-184.9780
G1 X173.8246 Y-184.8805
G1 X173.7324 Y-184.7840
G1 X173.6400 Y-184.6887
G1 X173.5475 Y-184.5942
G1 X173.4551 Y-184.5008
G1 X173.3626 Y-184.4086
G1 X173.2702 Y-184.3171
G1 X173.1775 Y-184.2270
G1 X173.0847 Y-184.1376
G1 X172.9920 Y-184.0492
G1 X172.8991 Y-183.9618
G1 X172.8061 Y-183.8752
G1 X172.7131 Y-183.7896
G1 X172.5265 Y-183.6214
G1 X172.4330 Y-183.5389
G1 X172.3393 Y-183.4571
G1 X172.2455 Y-183.3761
G1 X172.1515 Y-183.2961
G1 X172.0573 Y-183.2171
G1 X171.9631 Y-183.1388
G1 X171.8683 Y-183.0614
G1 X171.7736 Y-182.9849
G1 X171.6789 Y-182.9092
G1 X171.5836 Y-182.8343
G1 X171.4881 Y-182.7604
G1 X171.3926 Y-182.6872
G1 X171.2966 Y-182.6148
G1 X171.2006 Y-182.5435
G1 X171.1041 Y-182.4726
G1 X171.0075 Y-182.4027
G1 X170.9105 Y-182.3336
G1 X170.8132 Y-182.2651
G1 X170.7157 Y-182.1975
G1 X170.6179 Y-182.1307
G1 X170.5199 Y-182.0644
G1 X170.3987 Y-181.9839
G1 X170.2791 Y-181.9051
G1 X170.1607 Y-181.8282
G1 X170.0436 Y-181.7527
G1 X169.9278 Y-181.6791
G1 X169.8130 Y-181.6070
G1 X169.6994 Y-181.5366
G1 X169.5872 Y-181.4680
G1 X169.4757 Y-181.4010
G1 X169.3652 Y-181.3354
G1 X169.2557 Y-181.2717
G1 X169.1472 Y-181.2094
G1 X169.0395 Y-181.1487
G1 X168.9326 Y-181.0898
G1 X168.8264 Y-181.0322
G1 X168.7210 Y-180.9760
G1 X168.6164 Y-180.9217
G1 X168.5122 Y-180.8686
G1 X168.4086 Y-180.8170
G1 X168.3057 Y-180.7670
G1 X168.2034 Y-180.7185
G1 X168.1013 Y-180.6712
G1 X167.9997 Y-180.6255
G1 X167.8983 Y-180.5810
G1 X167.7975 Y-180.5381
G1 X167.6969 Y-180.4967
G1 X167.5963 Y-180.4563
G1 X167.4960 Y-180.4175
G1 X167.3959 Y-180.3801
G1 X167.2958 Y-180.3438
G1 X167.1958 Y-180.3090
G1 X167.0957 Y-180.2752
G1 X166.9956 Y-180.2430
G1 X166.8955 Y-180.2120
G1 X166.7952 Y-180.1820
G1 X166.6946 Y-180.1536
G1 X166.5938 Y-180.1261
G1 X166.4929 Y-180.1000
G1 X166.3916 Y-180.0748
G1 X166.2897 Y-180.0512
G1 X166.1876 Y-180.0283
G1 X166.0850 Y-180.0068
G1 X165.9819 Y-179.9864
G1 X165.8783 Y-179.9671
G1 X165.7739 Y-179.9488
G1 X165.6690 Y-179.9318
G1 X165.5633 Y-179.9156
G1 X165.4569 Y-179.9006
G1 X165.3499 Y-179.8866
G1 X165.2417 Y-179.8737
G1 X165.1330 Y-179.8617
G1 X165.0233 Y-179.8505
G1 X164.9125 Y-179.8406
G1 X164.8008 Y-179.8315
G1 X164.6880 Y-179.8234
G1 X164.5740 Y-179.8163
G1 X164.4589 Y-179.8099
G1 X164.3428 Y-179.8046
G1 X164.2252 Y-179.8000
G1 X164.1066 Y-179.7964
G1 X163.9865 Y-179.7936
G1 X163.8648 Y-179.7916
G1 X163.7419 Y-179.7906
G1 X163.6177 Y-179.7901
G1 X163.4355 Y-179.7906
G1 X163.2628 Y-179.7916
G1 X163.0987 Y-179.7934
G1 X162.9423 Y-179.7962
G1 X162.7932 Y-179.8000
G1 X162.6509 Y-179.8051
G1 X162.5145 Y-179.8117
G1 X162.3835 Y-179.8201
G1 X162.2570 Y-179.8300
G1 X162.1348 Y-179.8419
G1 X162.0159 Y-179.8561
G1 X161.8999 Y-179.8724
G1 X161.7861 Y-179.8912
G1 X161.6735 Y-179.9125
G1 X161.5620 Y-179.9366
G1 X161.4508 Y-179.9638
G1 X161.3390 Y-179.9938
G1 X161.2262 Y-180.0273
G1 X161.1117 Y-180.0642
G1 X160.9949 Y-180.1045
G1 X160.8750 Y-180.1487
G1 X160.7518 Y-180.1967
G1 X160.6240 Y-180.2491
G1 X160.4914 Y-180.3055
G1 X160.3532 Y-180.3662
G1 X160.2090 Y-180.4317
G1 X160.0578 Y-180.5018
G1 X159.8993 Y-180.5770
G1 X159.7327 Y-180.6570
G1 X159.5572 Y-180.7423
G1 X159.3723 Y-180.8330
G1 X159.1775 Y-180.9293
G1 X159.0124 Y-181.0118
G1 X158.8516 Y-181.0939
G1 X158.6946 Y-181.1754
G1 X158.5412 Y-181.2569
G1 X158.3914 Y-181.3382
G1 X158.2443 Y-181.4200
G1 X158.1003 Y-181.5023
G1 X157.9585 Y-181.5851
G1 X157.8191 Y-181.6687
G1 X157.6817 Y-181.7535
G1 X157.5460 Y-181.8394
G1 X157.4117 Y-181.9267
G1 X157.2786 Y-182.0159
G1 X157.1462 Y-182.1071
G1 X157.0144 Y-182.2000
G1 X156.8831 Y-182.2955
G1 X156.7515 Y-182.3933
G1 X156.6200 Y-182.4939
G1 X156.4876 Y-182.5973
G1 X156.3545 Y-182.7040
G1 X156.2204 Y-182.8137
G1 X156.0850 Y-182.9272
G1 X155.9479 Y-183.0443
G1 X155.8087 Y-183.1652
G1 X155.6675 Y-183.2905
G1 X155.5237 Y-183.4200
G1 X155.3771 Y-183.5541
G1 X155.2275 Y-183.6928
G1 X155.0746 Y-183.8366
G1 X154.9182 Y-183.9854
G1 X154.7579 Y-184.1396
G1 X154.5933 Y-184.2991
G1 X154.4975 Y-184.3926
G1 X154.1391 Y-184.7403
G1 X153.8945 Y-184.9752
G1 X153.7424 Y-185.1198
G1 X153.5981 Y-185.2554
G1 X153.4617 Y-185.3822
G1 X153.3327 Y-185.5003
G1 X153.2707 Y-185.5561
G1 X153.1516 Y-185.6621
G1 X153.0944 Y-185.7121
G1 X153.0386 Y-185.7601
G1 X152.9314 Y-185.8508
G1 X152.8798 Y-185.8932
G1 X152.7805 Y-185.9730
G1 X152.6857 Y-186.0461
G1 X152.6400 Y-186.0801
G1 X152.5953 Y-186.1124
G1 X152.5514 Y-186.1434
G1 X152.5085 Y-186.1729
G1 X152.4665 Y-186.2008
G1 X152.4251 Y-186.2272
G1 X152.3446 Y-186.2760
G1 X152.3055 Y-186.2983
G1 X152.2669 Y-186.3194
G1 X152.2285 Y-186.3392
G1 X152.1910 Y-186.3578
G1 X152.1536 Y-186.3750
G1 X152.1165 Y-186.3913
G1 X152.0800 Y-186.4065
G1 X152.0436 Y-186.4205
G1 X152.0073 Y-186.4335
G1 X151.9712 Y-186.4454
G1 X151.9352 Y-186.4566
G1 X151.8633 Y-186.4759
G1 X151.7909 Y-186.4916
G1 X151.7543 Y-186.4985
G1 X151.7178 Y-186.5043
G1 X151.6807 Y-186.5097
G1 X151.6433 Y-186.5142
G1 X151.6057 Y-186.5183
G1 X151.5674 Y-186.5216
G1 X151.5288 Y-186.5244
G1 X151.4894 Y-186.5267
G1 X151.4495 Y-186.5285
G1 X151.4089 Y-186.5297
G1 X151.3677 Y-186.5305
G1 X151.2827 Y-186.5313
G1 X151.1399 Y-186.5333
G1 X150.9911 Y-186.5396
G1 X150.8361 Y-186.5498
G1 X150.6758 Y-186.5638
G1 X150.5105 Y-186.5815
G1 X150.3406 Y-186.6031
G1 X150.1663 Y-186.6280
G1 X149.9883 Y-186.6565
G1 X149.8069 Y-186.6882
G1 X149.6225 Y-186.7233
G1 X149.4356 Y-186.7611
G1 X149.2466 Y-186.8023
G1 X149.0556 Y-186.8462
G1 X148.8636 Y-186.8927
G1 X148.6703 Y-186.9420
G1 X148.4767 Y-186.9938
G1 X148.2832 Y-187.0479
G1 X148.0899 Y-187.1043
G1 X147.8971 Y-187.1629
G1 X147.7056 Y-187.2237
G1 X147.5158 Y-187.2864
G1 X147.3279 Y-187.3509
G1 X147.1422 Y-187.4172
G1 X146.9596 Y-187.4850
G1 X146.7800 Y-187.5544
G1 X146.6042 Y-187.6250
G1 X146.4323 Y-187.6971
G1 X146.2649 Y-187.7703
G1 X146.1023 Y-187.8444
G1 X145.9451 Y-187.9196
G1 X145.7937 Y-187.9958
G1 X145.6482 Y-188.0725
G1 X144.3302 Y-188.7863
G1 X142.2250 Y-188.0433
G1 X142.0701 Y-187.9892
G1 X141.9159 Y-187.9369
G1 X141.7620 Y-187.8861
G1 X141.6088 Y-187.8371
G1 X141.4564 Y-187.7896
G1 X141.3043 Y-187.7436
G1 X141.1529 Y-187.6994
G1 X141.0023 Y-187.6570
G1 X140.8521 Y-187.6158
G1 X140.7025 Y-187.5765
G1 X140.5537 Y-187.5389
G1 X140.4054 Y-187.5028
G1 X140.2575 Y-187.4683
G1 X140.1105 Y-187.4355
G1 X139.9642 Y-187.4042
G1 X139.8184 Y-187.3745
G1 X139.6731 Y-187.3466
G1 X139.5285 Y-187.3202
G1 X139.3848 Y-187.2953
G1 X139.2415 Y-187.2722
G1 X139.0988 Y-187.2506
G1 X138.9568 Y-187.2305
G1 X138.8156 Y-187.2122
G1 X138.6749 Y-187.1955
G1 X138.5349 Y-187.1805
G1 X138.3955 Y-187.1668
G1 X138.2568 Y-187.1548
G1 X138.1189 Y-187.1447
G1 X137.9814 Y-187.1358
G1 X137.8448 Y-187.1287
G1 X137.7086 Y-187.1231
G1 X137.5735 Y-187.1193
G1 X137.4386 Y-187.1170
G1 X137.3048 Y-187.1162
G1 X137.1714 Y-187.1170
G1 X137.0388 Y-187.1195
G1 X136.9070 Y-187.1233
G1 X136.7757 Y-187.1292
G1 X136.6451 Y-187.1363
G1 X136.5153 Y-187.1452
G1 X136.3863 Y-187.1553
G1 X136.2578 Y-187.1673
G1 X136.1300 Y-187.1810
G1 X136.0030 Y-187.1960
G1 X135.8768 Y-187.2127
G1 X135.7511 Y-187.2310
G1 X135.6263 Y-187.2508
G1 X135.5021 Y-187.2724
G1 X135.3787 Y-187.2953
G1 X135.2560 Y-187.3199
G1 X135.1341 Y-187.3461
G1 X135.0127 Y-187.3738
G1 X134.8923 Y-187.4032
G1 X134.7724 Y-187.4340
G1 X134.6535 Y-187.4665
G1 X134.5352 Y-187.5005
G1 X134.4176 Y-187.5361
G1 X134.3007 Y-187.5734
G1 X134.1846 Y-187.6120
G1 X134.0693 Y-187.6524
G1 X133.9550 Y-187.6941
G1 X133.8412 Y-187.7375
G1 X133.7282 Y-187.7825
G1 X133.6159 Y-187.8289
G1 X133.5044 Y-187.8772
G1 X133.3937 Y-187.9267
G1 X133.2837 Y-187.9780
G1 X133.1745 Y-188.0306
G1 X133.0663 Y-188.0850
G1 X132.9586 Y-188.1408
G1 X132.8519 Y-188.1983
G1 X132.7457 Y-188.2572
G1 X132.6406 Y-188.3176
G1 X132.5362 Y-188.3796
G1 X132.4326 Y-188.4434
G1 X132.3297 Y-188.5084
G1 X132.2276 Y-188.5752
G1 X132.1265 Y-188.6433
G1 X132.0259 Y-188.7131
G1 X131.9263 Y-188.7845
G1 X131.8275 Y-188.8571
G1 X131.7295 Y-188.9315
G1 X131.6325 Y-189.0075
G1 X131.5359 Y-189.0850
G1 X131.4404 Y-189.1640
G1 X131.3459 Y-189.2445
G1 X131.2520 Y-189.3265
G1 X131.1590 Y-189.4101
G1 X131.0668 Y-189.4952
G1 X130.9754 Y-189.5818
G1 X130.8849 Y-189.6699
G1 X130.7953 Y-189.7596
G1 X130.7064 Y-189.8508
G1 X130.6185 Y-189.9435
G1 X130.5314 Y-190.0377
G1 X130.4450 Y-190.1335
G1 X130.3597 Y-190.2308
G1 X130.2751 Y-190.3296
G1 X130.1915 Y-190.4299
G1 X130.1087 Y-190.5317
G1 X130.0267 Y-190.6351
G1 X129.9456 Y-190.7400
G1 X129.8654 Y-190.8462
G1 X129.7861 Y-190.9542
G1 X129.7076 Y-191.0636
G1 X129.6302 Y-191.1744
G1 X129.5535 Y-191.2869
G1 X129.4778 Y-191.4007
G1 X129.4028 Y-191.5163
G1 X129.3289 Y-191.6331
G1 X129.2558 Y-191.7515
G1 X129.1836 Y-191.8713
G1 X129.1123 Y-191.9928
G1 X129.0419 Y-192.1157
G1 X128.9726 Y-192.2402
G1 X128.9040 Y-192.3661
G1 X128.8364 Y-192.4936
G1 X128.7696 Y-192.6224
G1 X128.7038 Y-192.7530
G1 X128.6388 Y-192.8848
G1 X128.5751 Y-193.0182
G1 X128.5121 Y-193.1530
G1 X128.4498 Y-193.2894
G1 X128.3886 Y-193.4271
G1 X128.3284 Y-193.5665
G1 X128.2692 Y-193.7073
G1 X128.2108 Y-193.8498
G1 X128.1534 Y-193.9935
G1 X127.4552 Y-195.7669
G1 X126.6322 Y-195.3443
G1 X126.4651 Y-195.2569
G1 X126.2951 Y-195.1647
G1 X126.1222 Y-195.0682
G1 X125.9469 Y-194.9671
G1 X125.7691 Y-194.8622
G1 X125.5893 Y-194.7530
G1 X125.4074 Y-194.6399
G1 X125.2240 Y-194.5234
G1 X125.0391 Y-194.4032
G1 X124.8529 Y-194.2795
G1 X124.6657 Y-194.1528
G1 X124.4778 Y-194.0230
G1 X124.2891 Y-193.8904
G1 X124.1001 Y-193.7548
G1 X123.9109 Y-193.6168
G1 X123.7216 Y-193.4764
G1 X123.5326 Y-193.3336
G1 X123.3439 Y-193.1888
G1 X123.1562 Y-193.0420
G1 X122.9693 Y-192.8937
G1 X122.7833 Y-192.7436
G1 X122.5987 Y-192.5919
G1 X122.4156 Y-192.4393
G1 X122.2342 Y-192.2851
G1 X122.0549 Y-192.1302
G1 X121.8776 Y-191.9745
G1 X121.7028 Y-191.8183
G1 X121.5306 Y-191.6613
G1 X121.3612 Y-191.5041
G1 X121.1948 Y-191.3466
G1 X121.0315 Y-191.1894
G1 X120.8720 Y-191.0321
G1 X120.7945 Y-190.9542
G1 X120.7155 Y-190.8731
G1 X120.6348 Y-190.7888
G1 X120.5527 Y-190.7014
G1 X120.4694 Y-190.6113
G1 X120.3846 Y-190.5183
G1 X120.2987 Y-190.4228
G1 X120.2116 Y-190.3245
G1 X120.1235 Y-190.2242
G1 X120.0346 Y-190.1213
G1 X119.9449 Y-190.0164
G1 X119.8542 Y-189.9094
G1 X119.7633 Y-189.8007
G1 X119.6716 Y-189.6902
G1 X119.5794 Y-189.5780
G1 X119.4869 Y-189.4644
G1 X119.3940 Y-189.3494
G1 X119.3010 Y-189.2333
G1 X119.2080 Y-189.1160
G1 X119.0221 Y-188.8787
G1 X118.9291 Y-188.7588
G1 X118.8367 Y-188.6384
G1 X118.7445 Y-188.5175
G1 X118.5619 Y-188.2750
G1 X118.3815 Y-188.0321
G1 X118.2926 Y-187.9110
G1 X118.2047 Y-187.7901
G1 X118.1179 Y-187.6694
G1 X117.9472 Y-187.4304
G1 X117.7818 Y-187.1947
G1 X117.7013 Y-187.0784
G1 X117.6223 Y-186.9633
G1 X117.5451 Y-186.8498
G1 X117.4694 Y-186.7375
G1 X117.3239 Y-186.5178
G1 X117.2543 Y-186.4109
G1 X117.1865 Y-186.3057
G1 X117.1209 Y-186.2028
G1 X117.0579 Y-186.1022
G1 X116.9388 Y-185.9079
G1 X116.8832 Y-185.8147
G1 X116.8301 Y-185.7243
G1 X116.7798 Y-185.6369
G1 X116.7323 Y-185.5523
G1 X116.6879 Y-185.4711
G1 X116.6465 Y-185.3928
G1 X116.6081 Y-185.3181
G1 X116.5728 Y-185.2470
G1 X116.5410 Y-185.1797
G1 X116.5126 Y-185.1160
G1 X116.4877 Y-185.0560
G1 X116.4664 Y-185.0004
G1 X116.4486 Y-184.9488
G1 X116.4349 Y-184.9016
G1 X116.4247 Y-184.8589
G1 X116.4186 Y-184.8206
G1 X116.4166 Y-184.7870
G1 X116.4199 Y-184.7593
G1 X116.4300 Y-184.7296
G1 X116.4468 Y-184.6981
G1 X116.4699 Y-184.6649
G1 X116.4991 Y-184.6298
G1 X116.5344 Y-184.5932
G1 X116.5758 Y-184.5549
G1 X116.6228 Y-184.5153
G1 X116.6754 Y-184.4738
G1 X116.7333 Y-184.4312
G1 X116.7966 Y-184.3872
G1 X116.8651 Y-184.3420
G1 X116.9383 Y-184.2955
G1 X117.0165 Y-184.2480
G1 X117.0991 Y-184.1993
G1 X117.1862 Y-184.1497
G1 X117.2776 Y-184.0992
G1 X117.3731 Y-184.0479
G1 X117.4727 Y-183.9956
G1 X117.5761 Y-183.9427
G1 X117.6830 Y-183.8891
G1 X117.7933 Y-183.8348
G1 X117.9071 Y-183.7802
G1 X118.0239 Y-183.7251
G1 X118.1438 Y-183.6694
G1 X118.2667 Y-183.6136
G1 X118.3919 Y-183.5574
G1 X118.5200 Y-183.5010
G1 X118.6503 Y-183.4444
G1 X118.7826 Y-183.3880
G1 X118.9170 Y-183.3314
G1 X119.0534 Y-183.2747
G1 X119.1913 Y-183.2186
G1 X119.3307 Y-183.1624
G1 X119.4717 Y-183.1066
G1 X119.6139 Y-183.0509
G1 X119.7569 Y-182.9958
G1 X119.9010 Y-182.9412
G1 X120.0457 Y-182.8871
G1 X120.1913 Y-182.8335
G1 X120.3371 Y-182.7807
G1 X120.4829 Y-182.7286
G1 X120.6289 Y-182.6773
G1 X120.7750 Y-182.6268
G1 X120.9208 Y-182.5772
G1 X121.0661 Y-182.5287
G1 X121.2108 Y-182.4812
G1 X121.3548 Y-182.4350
G1 X121.4981 Y-182.3900
G1 X121.6401 Y-182.3461
G1 X121.7811 Y-182.3037
G1 X121.9205 Y-182.2625
G1 X122.0584 Y-182.2229
G1 X122.1946 Y-182.1848
G1 X122.3289 Y-182.1482
G1 X122.4615 Y-182.1134
G1 X122.5916 Y-182.0804
G1 X122.7193 Y-182.0492
G1 X122.8448 Y-182.0197
G1 X122.9675 Y-181.9923
G1 X123.0871 Y-181.9666
G1 X123.2040 Y-181.9432
G1 X123.3178 Y-181.9222
G1 X123.4280 Y-181.9029
G1 X123.5420 Y-181.8813
G1 X123.6650 Y-181.8526
G1 X123.7955 Y-181.8173
G1 X123.9329 Y-181.7756
G1 X124.0757 Y-181.7286
G1 X124.2228 Y-181.6765
G1 X124.3729 Y-181.6197
G1 X124.5253 Y-181.5587
G1 X124.6782 Y-181.4939
G1 X124.8311 Y-181.4258
G1 X124.9825 Y-181.3550
G1 X125.1311 Y-181.2821
G1 X125.2761 Y-181.2072
G1 X125.4163 Y-181.1310
G1 X125.5502 Y-181.0537
G1 X125.8054 Y-180.8975
G1 X125.9441 Y-180.8162
G1 X126.0917 Y-180.7334
G1 X126.2469 Y-180.6496
G1 X126.4087 Y-180.5653
G1 X126.5756 Y-180.4812
G1 X126.7460 Y-180.3979
G1 X126.9190 Y-180.3159
G1 X127.0930 Y-180.2359
G1 X127.2670 Y-180.1584
G1 X127.4392 Y-180.0842
G1 X127.6088 Y-180.0141
G1 X127.7742 Y-179.9481
G1 X127.9342 Y-179.8874
G1 X128.0876 Y-179.8323
G1 X128.2329 Y-179.7835
G1 X129.5982 Y-179.3423
G1 X131.7155 Y-180.8259
G1 X131.8654 Y-180.9303
G1 X132.0160 Y-181.0339
G1 X132.1671 Y-181.1365
G1 X132.3185 Y-181.2381
G1 X132.4701 Y-181.3387
G1 X132.6223 Y-181.4383
G1 X132.7747 Y-181.5366
G1 X132.9273 Y-181.6341
G1 X133.0800 Y-181.7304
G1 X133.2329 Y-181.8256
G1 X133.3858 Y-181.9199
G1 X133.5387 Y-182.0126
G1 X133.6916 Y-182.1045
G1 X133.8445 Y-182.1950
G1 X133.9972 Y-182.2844
G1 X134.1498 Y-182.3723
G1 X134.3020 Y-182.4591
G1 X134.4539 Y-182.5445
G1 X134.6055 Y-182.6285
G1 X134.7569 Y-182.7113
G1 X134.9078 Y-182.7929
G1 X135.0581 Y-182.8729
G1 X135.2078 Y-182.9516
G1 X135.3571 Y-183.0288
G1 X135.5054 Y-183.1045
G1 X135.6535 Y-183.1787
G1 X135.8006 Y-183.2513
G1 X135.9469 Y-183.3227
G1 X136.0924 Y-183.3923
G1 X136.2370 Y-183.4604
G1 X136.3805 Y-183.5269
G1 X136.5232 Y-183.5917
G1 X136.6647 Y-183.6550
G1 X136.8052 Y-183.7167
G1 X136.9446 Y-183.7766
G1 X137.0828 Y-183.8348
G1 X137.2197 Y-183.8912
G1 X137.3553 Y-183.9458
G1 X137.4894 Y-183.9986
G1 X137.6225 Y-184.0499
G1 X137.7539 Y-184.0992
G1 X137.8836 Y-184.1464
G1 X138.0122 Y-184.1922
G1 X138.1389 Y-184.2359
G1 X138.2639 Y-184.2775
G1 X138.3873 Y-184.3174
G1 X138.5090 Y-184.3552
G1 X138.6289 Y-184.3913
G1 X138.7467 Y-184.4251
G1 X138.8628 Y-184.4568
G1 X138.9771 Y-184.4868
G1 X139.0891 Y-184.5145
G1 X139.1991 Y-184.5401
G1 X139.3071 Y-184.5635
G1 X139.4130 Y-184.5848
G1 X139.5166 Y-184.6042
G1 X139.6180 Y-184.6212
G1 X139.7168 Y-184.6359
G1 X139.8135 Y-184.6486
G1 X139.9078 Y-184.6590
G1 X139.9995 Y-184.6669
G1 X140.0889 Y-184.6727
G1 X140.1755 Y-184.6760
G1 X140.2596 Y-184.6773
G1 X140.3825 Y-184.6760
G1 X140.5103 Y-184.6730
G1 X140.6428 Y-184.6684
G1 X140.7800 Y-184.6618
G1 X140.9215 Y-184.6534
G1 X141.0670 Y-184.6435
G1 X141.2166 Y-184.6321
G1 X141.3698 Y-184.6189
G1 X141.5265 Y-184.6044
G1 X141.6863 Y-184.5881
G1 X141.8491 Y-184.5706
G1 X142.0150 Y-184.5516
G1 X142.1831 Y-184.5315
G1 X142.3538 Y-184.5099
G1 X142.5265 Y-184.4871
G1 X142.7010 Y-184.4629
G1 X142.8773 Y-184.4378
G1 X143.0551 Y-184.4116
G1 X143.2339 Y-184.3844
G1 X143.4140 Y-184.3560
G1 X143.5948 Y-184.3268
G1 X143.7762 Y-184.2966
G1 X143.9578 Y-184.2656
G1 X144.1397 Y-184.2336
G1 X144.3213 Y-184.2011
G1 X144.5026 Y-184.1675
G1 X144.6835 Y-184.1335
G1 X144.8636 Y-184.0989
G1 X145.0426 Y-184.0636
G1 X145.2204 Y-184.0278
G1 X145.3970 Y-183.9915
G1 X145.5717 Y-183.9549
G1 X145.7444 Y-183.9178
G1 X145.9154 Y-183.8803
G1 X146.0838 Y-183.8427
G1 X146.2496 Y-183.8046
G1 X146.4130 Y-183.7665
G1 X146.7300 Y-183.6895
G1 X146.8836 Y-183.6509
G1 X147.0335 Y-183.6123
G1 X147.1793 Y-183.5739
G1 X147.3213 Y-183.5353
G1 X147.4589 Y-183.4970
G1 X147.5918 Y-183.4589
G1 X147.7200 Y-183.4210
G1 X147.8435 Y-183.3834
G1 X147.9614 Y-183.3461
G1 X148.0741 Y-183.3090
G1 X148.1811 Y-183.2724
G1 X148.2822 Y-183.2364
G1 X148.3771 Y-183.2005
G1 X148.4658 Y-183.1655
G1 X148.5478 Y-183.1312
G1 X148.6233 Y-183.0972
G1 X148.6916 Y-183.0641
G1 X148.7528 Y-183.0316
G1 X148.8064 Y-183.0001
G1 X148.8526 Y-182.9694
G1 X148.8907 Y-182.9394
G1 X148.9210 Y-182.9105
G1 X148.9426 Y-182.8825
G1 X148.9558 Y-182.8554
G1 X148.9603 Y-182.8295
G1 X148.9502 Y-182.7657
G1 X148.9202 Y-182.6953
G1 X148.8717 Y-182.6191
G1 X148.8059 Y-182.5381
G1 X148.7241 Y-182.4530
G1 X148.6273 Y-182.3649
G1 X148.5171 Y-182.2745
G1 X148.3942 Y-182.1828
G1 X148.2603 Y-182.0906
G1 X148.1160 Y-181.9986
G1 X147.9631 Y-181.9079
G1 X147.8026 Y-181.8193
G1 X147.6357 Y-181.7334
G1 X147.4635 Y-181.6517
G1 X147.2872 Y-181.5744
G1 X147.1082 Y-181.5028
G1 X146.9636 Y-181.4469
G1 X146.8181 Y-181.3893
G1 X146.6713 Y-181.3301
G1 X146.5237 Y-181.2691
G1 X146.3754 Y-181.2066
G1 X146.2260 Y-181.1426
G1 X146.0757 Y-181.0769
G1 X145.9248 Y-181.0095
G1 X145.7731 Y-180.9407
G1 X145.6210 Y-180.8706
G1 X145.4681 Y-180.7987
G1 X145.3144 Y-180.7256
G1 X145.1605 Y-180.6512
G1 X145.0061 Y-180.5752
G1 X144.8514 Y-180.4980
G1 X144.6962 Y-180.4195
G1 X144.5407 Y-180.3397
G1 X144.3850 Y-180.2590
G1 X144.2291 Y-180.1767
G1 X144.0729 Y-180.0934
G1 X143.9167 Y-180.0088
G1 X143.7604 Y-179.9232
G1 X143.6040 Y-179.8366
G1 X143.4478 Y-179.7487
G1 X143.2918 Y-179.6600
G1 X143.1359 Y-179.5704
G1 X142.9799 Y-179.4797
G1 X142.8245 Y-179.3880
G1 X142.6693 Y-179.2956
G1 X142.5143 Y-179.2021
G1 X142.3596 Y-179.1081
G1 X142.2057 Y-179.0131
G1 X142.0520 Y-178.9173
G1 X141.8991 Y-178.8208
G1 X141.7467 Y-178.7235
G1 X141.5948 Y-178.6258
G1 X141.4437 Y-178.5272
G1 X141.2933 Y-178.4281
G1 X141.1437 Y-178.3286
G1 X140.9951 Y-178.2282
G1 X140.8473 Y-178.1274
G1 X140.7005 Y-178.0263
G1 X140.5547 Y-177.9245
G1 X140.4099 Y-177.8224
G1 X140.2662 Y-177.7200
G1 X140.1234 Y-177.6171
G1 X139.9822 Y-177.5137
G1 X139.8420 Y-177.4104
G1 X139.7033 Y-177.3065
G1 X139.5656 Y-177.2026
G1 X139.4297 Y-177.0982
G1 X139.2951 Y-176.9938
G1 X139.1618 Y-176.8894
G1 X139.0302 Y-176.7848
G1 X138.9004 Y-176.6799
G1 X138.7719 Y-176.5752
G1 X138.6454 Y-176.4703
G1 X138.5204 Y-176.3657
G1 X138.3972 Y-176.2608
G1 X138.2761 Y-176.1561
G1 X138.1567 Y-176.0515
G1 X138.0393 Y-175.9471
G1 X137.9240 Y-175.8427
G1 X137.8105 Y-175.7388
G1 X137.6764 Y-175.6143
G1 X137.4318 Y-175.3855
G1 X137.3208 Y-175.2803
G1 X137.2172 Y-175.1805
G1 X137.1201 Y-175.0860
G1 X137.0302 Y-174.9961
G1 X136.9466 Y-174.9102
G1 X136.8692 Y-174.8285
G1 X136.7980 Y-174.7502
G1 X136.7325 Y-174.6748
G1 X136.6723 Y-174.6019
G1 X136.6177 Y-174.5313
G1 X136.5679 Y-174.4624
G1 X136.5232 Y-174.3949
G1 X136.4828 Y-174.3281
G1 X136.4468 Y-174.2620
G1 X136.4148 Y-174.1957
G1 X136.3868 Y-174.1292
G1 X136.3622 Y-174.0619
G1 X136.3411 Y-173.9936
G1 X136.3231 Y-173.9235
G1 X136.3078 Y-173.8513
G1 X136.2954 Y-173.7766
G1 X136.2852 Y-173.6992
G1 X136.2771 Y-173.6181
G1 X136.2710 Y-173.5338
G1 X136.2664 Y-173.4449
G1 X136.2634 Y-173.3517
G1 X136.2616 Y-173.2534
G1 X136.2606 Y-173.1498
G1 X136.2603 Y-173.0403
G1 X136.2608 Y-172.9412
G1 X136.2624 Y-172.8460
G1 X136.2649 Y-172.7543
G1 X136.2687 Y-172.6662
G1 X136.2738 Y-172.5808
G1 X136.2804 Y-172.4985
G1 X136.2885 Y-172.4188
G1 X136.2982 Y-172.3413
G1 X136.3099 Y-172.2658
G1 X136.3231 Y-172.1922
G1 X136.3386 Y-172.1198
G1 X136.3561 Y-172.0489
G1 X136.3756 Y-171.9791
G1 X136.3975 Y-171.9097
G1 X136.4219 Y-171.8412
G1 X136.4488 Y-171.7726
G1 X136.4783 Y-171.7040
G1 X136.5105 Y-171.6349
G1 X136.5456 Y-171.5656
G1 X136.5837 Y-171.4952
G1 X136.6246 Y-171.4236
G1 X136.6688 Y-171.3509
G1 X136.7163 Y-171.2763
G1 X136.7673 Y-171.2001
G1 X136.8214 Y-171.1213
G1 X136.8796 Y-171.0406
G1 X136.9411 Y-170.9567
G1 X137.0066 Y-170.8701
G1 X137.0759 Y-170.7805
G1 X137.1493 Y-170.6870
G1 X137.2268 Y-170.5900
G1 X137.3086 Y-170.4891
G1 X137.3863 Y-170.3921
G1 X137.4623 Y-170.2938
G1 X137.5367 Y-170.1942
G1 X137.5733 Y-170.1437
G1 X137.6456 Y-170.0411
G1 X137.7170 Y-169.9359
G1 X137.7874 Y-169.8277
G1 X137.8222 Y-169.7723
G1 X137.8570 Y-169.7159
G1 X137.8915 Y-169.6588
G1 X137.9261 Y-169.6006
G1 X137.9946 Y-169.4810
G1 X138.0632 Y-169.3565
G1 X138.0975 Y-169.2925
G1 X138.1318 Y-169.2272
G1 X138.1661 Y-169.1604
G1 X138.2349 Y-169.0228
G1 X138.2697 Y-168.9514
G1 X138.3393 Y-168.8043
G1 X138.4097 Y-168.6504
G1 X138.4811 Y-168.4894
G1 X138.5537 Y-168.3205
G1 X138.5903 Y-168.2331
G1 X138.6650 Y-168.0522
G1 X138.7412 Y-167.8628
G1 X138.8191 Y-167.6641
G1 X138.8588 Y-167.5613
G1 X138.9398 Y-167.3482
G1 X139.0655 Y-167.0096
G1 X139.1087 Y-166.8912
G1 X139.1968 Y-166.6466
G1 X139.2880 Y-166.3903
G1 X139.3820 Y-166.1226
G1 X139.4793 Y-165.8424
G1 X139.5799 Y-165.5496
G1 X139.7376 Y-165.0858
G1 X139.9268 Y-164.5216
G1 X140.0767 Y-164.0695
G1 X140.4046 Y-163.0723
G1 X140.5204 Y-162.7254
G1 X140.5755 Y-162.5625
G1 X140.6291 Y-162.4068
G1 X140.6812 Y-162.2580
G1 X140.7320 Y-162.1163
G1 X140.7818 Y-161.9811
G1 X140.8306 Y-161.8529
G1 X140.8783 Y-161.7315
G1 X140.9255 Y-161.6164
G1 X140.9723 Y-161.5079
G1 X141.0185 Y-161.4058
G1 X141.0647 Y-161.3101
G1 X141.1107 Y-161.2207
G1 X141.1569 Y-161.1376
G1 X141.2034 Y-161.0604
G1 X141.2502 Y-160.9893
G1 X141.2977 Y-160.9242
G1 X141.3457 Y-160.8651
G1 X141.3947 Y-160.8117
G1 X141.4445 Y-160.7640
G1 X141.4955 Y-160.7218
G1 X141.5481 Y-160.6852
G1 X141.6020 Y-160.6542
G1 X141.6576 Y-160.6286
G1 X141.7150 Y-160.6083
G1 X141.7742 Y-160.5933
G1 X141.8354 Y-160.5834
G1 X141.8991 Y-160.5785
G1 X141.9652 Y-160.5788
G1 X142.0335 Y-160.5839
G1 X142.1049 Y-160.5938
G1 X142.1790 Y-160.6085
G1 X142.2560 Y-160.6278
G1 X142.3363 Y-160.6520
G1 X142.4198 Y-160.6804
G1 X142.5070 Y-160.7134
G1 X142.5976 Y-160.7508
G1 X142.6921 Y-160.7924
G1 X142.7907 Y-160.8381
G1 X142.8930 Y-160.8882
G1 X142.9997 Y-160.9420
G1 X143.1110 Y-161.0002
G1 X143.2265 Y-161.0619
G1 X143.3469 Y-161.1277
G1 X143.4722 Y-161.1970
G1 X143.6022 Y-161.2702
G1 X143.8783 Y-161.4269
G1 X144.4973 Y-161.7810
G1 X144.8425 Y-161.9768
G1 X145.0249 Y-162.0792
G1 X145.3144 Y-162.2425
G1 X145.6022 Y-162.4073
G1 X145.7457 Y-162.4904
G1 X145.8885 Y-162.5737
G1 X146.0309 Y-162.6575
G1 X146.3147 Y-162.8259
G1 X146.4556 Y-162.9108
G1 X146.7368 Y-163.0815
G1 X147.0160 Y-163.2537
G1 X147.1549 Y-163.3403
G1 X147.2936 Y-163.4274
G1 X147.4315 Y-163.5148
G1 X147.7063 Y-163.6903
G1 X147.9794 Y-163.8676
G1 X148.2507 Y-164.0462
G1 X148.3858 Y-164.1361
G1 X148.6543 Y-164.3167
G1 X148.7879 Y-164.4076
G1 X149.0538 Y-164.5902
G1 X149.3177 Y-164.7744
G1 X149.4490 Y-164.8671
G1 X149.7104 Y-165.0533
G1 X149.8404 Y-165.1470
G1 X150.0988 Y-165.3352
G1 X150.3556 Y-165.5247
G1 X150.6103 Y-165.7157
G1 X150.7371 Y-165.8117
G1 X150.8633 Y-165.9080
G1 X150.9890 Y-166.0047
G1 X151.2392 Y-166.1991
G1 X151.3634 Y-166.2966
G1 X151.4874 Y-166.3946
G1 X151.6108 Y-166.4929
G1 X151.7338 Y-166.5915
G1 X151.8562 Y-166.6905
G1 X152.0998 Y-166.8894
G1 X152.2207 Y-166.9893
G1 X152.3413 Y-167.0896
G1 X152.5808 Y-167.2910
G1 X152.7000 Y-167.3923
G1 X152.8186 Y-167.4939
G1 X152.9367 Y-167.5958
G1 X153.0543 Y-167.6979
G1 X153.1714 Y-167.8003
G1 X153.2882 Y-167.9031
G1 X153.5201 Y-168.1096
G1 X153.7500 Y-168.3177
G1 X153.9778 Y-168.5267
G1 X154.0911 Y-168.6316
G1 X154.3159 Y-168.8427
G1 X154.4277 Y-168.9486
G1 X154.5389 Y-169.0548
G1 X154.6497 Y-169.1612
G1 X154.7599 Y-169.2681
G1 X154.8696 Y-169.3753
G1 X154.9789 Y-169.4828
G1 X155.0876 Y-169.5905
G1 X155.1958 Y-169.6984
G1 X155.4107 Y-169.9153
G1 X155.5173 Y-170.0243
G1 X155.6235 Y-170.1335
G1 X155.8343 Y-170.3530
G1 X155.9387 Y-170.4630
G1 X156.0429 Y-170.5734
G1 X156.1465 Y-170.6842
G1 X156.2496 Y-170.7952
G1 X156.3522 Y-170.9064
G1 X156.4543 Y-171.0182
G1 X156.6568 Y-171.2420
G1 X156.7574 Y-171.3545
G1 X156.9568 Y-171.5803
G1 X157.1541 Y-171.8071
G1 X157.2519 Y-171.9209
G1 X157.4462 Y-172.1495
G1 X157.5425 Y-172.2643
G1 X157.7335 Y-172.4944
G1 X157.9222 Y-172.7258
G1 X158.0159 Y-172.8419
G1 X158.2016 Y-173.0751
G1 X158.2936 Y-173.1919
G1 X158.3850 Y-173.3090
G1 X158.5664 Y-173.5442
G1 X158.7457 Y-173.7805
G1 X158.8343 Y-173.8991
G1 X159.0103 Y-174.1371
G1 X159.0975 Y-174.2562
G1 X159.1841 Y-174.3758
G1 X159.3555 Y-174.6159
G1 X159.5250 Y-174.8569
G1 X159.6088 Y-174.9778
G1 X159.6921 Y-175.0990
G1 X159.7746 Y-175.2204
G1 X159.9072 Y-175.4134
G1 X160.0297 Y-175.5861
G1 X160.1434 Y-175.7396
G1 X160.2501 Y-175.8749
G1 X160.3512 Y-175.9930
G1 X160.4480 Y-176.0952
G1 X160.5425 Y-176.1825
G1 X160.6357 Y-176.2559
G1 X160.7297 Y-176.3166
G1 X160.8254 Y-176.3659
G1 X160.9247 Y-176.4043
G1 X161.0291 Y-176.4335
G1 X161.1401 Y-176.4541
G1 X161.2593 Y-176.4675
G1 X161.3880 Y-176.4749
G1 X161.5277 Y-176.4772
G1 X162.4284 Y-176.4772
G1 X162.2864 Y-174.0174
G1 X162.2603 Y-173.5859
G1 X162.2326 Y-173.1576
G1 X162.1935 Y-172.5917
G1 X162.1729 Y-172.3111
G1 X162.1409 Y-171.8930
G1 X162.1188 Y-171.6164
G1 X162.0726 Y-171.0677
G1 X162.0365 Y-170.6608
G1 X161.9989 Y-170.2577
G1 X161.9601 Y-169.8587
G1 X161.9334 Y-169.5948
G1 X161.8783 Y-169.0726
G1 X161.8353 Y-168.6860
G1 X161.7911 Y-168.3034
G1 X161.7457 Y-167.9255
G1 X161.6989 Y-167.5521
G1 X161.6347 Y-167.0611
G1 X161.5681 Y-166.5785
G1 X161.4995 Y-166.1046
G1 X161.4467 Y-165.7548
G1 X161.3743 Y-165.2963
G1 X161.2999 Y-164.8468
G1 X161.2235 Y-164.4068
G1 X161.1450 Y-163.9760
G1 X161.0644 Y-163.5554
G1 X161.0027 Y-163.2463
G1 X160.9611 Y-163.0434
G1 X160.9189 Y-162.8432
G1 X160.8762 Y-162.6453
G1 X160.8112 Y-162.3535
G1 X160.7454 Y-162.0677
G1 X160.6784 Y-161.7881
G1 X160.6332 Y-161.6050
G1 X160.5874 Y-161.4246
G1 X160.5415 Y-161.2471
G1 X160.4950 Y-161.0723
G1 X160.4244 Y-160.8155
G1 X160.3527 Y-160.5651
G1 X160.3045 Y-160.4018
G1 X160.2313 Y-160.1625
G1 X160.1821 Y-160.0065
G1 X160.1074 Y-159.7782
G1 X160.0568 Y-159.6299
G1 X160.0076 Y-159.4828
G1 X159.9621 Y-159.3408
G1 X159.9209 Y-159.2044
G1 X159.8839 Y-159.0744
G1 X159.8511 Y-158.9514
G1 X159.8231 Y-158.8364
G1 X159.7995 Y-158.7299
G1 X159.7807 Y-158.6324
G1 X159.7668 Y-158.5448
G1 X159.7579 Y-158.4678
G1 X159.7543 Y-158.4023
G1 X159.7556 Y-158.3487
G1 X159.7624 Y-158.3075
G1 X159.7749 Y-158.2798
G1 X159.7927 Y-158.2664
G1 X159.8165 Y-158.2677
G1 X159.8442 Y-158.2796
G1 X159.8773 Y-158.2981
G1 X159.9156 Y-158.3235
G1 X159.9588 Y-158.3555
G1 X160.0070 Y-158.3939
G1 X160.0599 Y-158.4381
G1 X160.1173 Y-158.4886
G1 X160.1790 Y-158.5448
G1 X160.2450 Y-158.6062
G1 X160.3154 Y-158.6735
G1 X160.3893 Y-158.7459
G1 X160.4670 Y-158.8232
G1 X160.5486 Y-158.9054
G1 X160.7218 Y-159.0840
G1 X160.8130 Y-159.1798
G1 X160.9072 Y-159.2796
G1 X161.0045 Y-159.3835
G1 X161.1043 Y-159.4912
G1 X161.2067 Y-159.6024
G1 X161.3113 Y-159.7170
G1 X161.4183 Y-159.8348
G1 X161.6382 Y-160.0797
G1 X161.8651 Y-160.3350
G1 X161.9806 Y-160.4663
G1 X162.0975 Y-160.5999
G1 X162.3344 Y-160.8722
G1 X162.4541 Y-161.0109
G1 X162.6954 Y-161.2925
G1 X162.9380 Y-161.5780
G1 X163.1808 Y-161.8663
G1 X163.4223 Y-162.1559
G1 X163.6613 Y-162.4452
G1 X163.8968 Y-162.7330
G1 X164.1272 Y-163.0175
G1 X164.3515 Y-163.2974
G1 X164.4609 Y-163.4353
G1 X164.6738 Y-163.7055
G1 X164.8772 Y-163.9677
G1 X164.9750 Y-164.0952
G1 X165.0700 Y-164.2201
G1 X165.1622 Y-164.3423
G1 X165.3370 Y-164.5773
G1 X165.4193 Y-164.6900
G1 X165.4980 Y-164.7993
G1 X165.5729 Y-164.9047
G1 X165.6441 Y-165.0063
G1 X165.7111 Y-165.1036
G1 X165.7741 Y-165.1970
G1 X165.8325 Y-165.2857
G1 X167.0842 Y-167.2097
G1 X171.6837 Y-167.2166
G1 X171.6849 Y-170.1932
G1 X171.6857 Y-170.4035
G1 X171.6877 Y-170.6110
G1 X171.6910 Y-170.8163
G1 X171.6956 Y-171.0187
G1 X171.7015 Y-171.2189
G1 X171.7086 Y-171.4162
G1 X171.7172 Y-171.6115
G1 X171.7271 Y-171.8041
G1 X171.7385 Y-171.9946
G1 X171.7510 Y-172.1825
G1 X171.7652 Y-172.3682
G1 X171.7807 Y-172.5519
G1 X171.7975 Y-172.7332
G1 X171.8158 Y-172.9123
G1 X171.8353 Y-173.0893
G1 X171.8567 Y-173.2641
G1 X171.8793 Y-173.4370
G1 X171.9031 Y-173.6077
G1 X171.9288 Y-173.7766
G1 X171.9560 Y-173.9435
G1 X171.9844 Y-174.1084
G1 X172.0144 Y-174.2714
G1 X172.0461 Y-174.4327
G1 X172.0792 Y-174.5920
G1 X172.1140 Y-174.7497
G1 X172.1500 Y-174.9057
G1 X172.1879 Y-175.0598
G1 X172.2272 Y-175.2125
G1 X172.2684 Y-175.3634
G1 X172.3111 Y-175.5127
G1 X172.3553 Y-175.6606
G1 X172.4010 Y-175.8069
G1 X172.4485 Y-175.9516
G1 X172.4977 Y-176.0949
G1 X172.5486 Y-176.2369
G1 X172.6011 Y-176.3776
G1 X172.6552 Y-176.5168
G1 X172.7111 Y-176.6550
G1 X172.7688 Y-176.7916
G1 X172.8282 Y-176.9273
G1 X172.8894 Y-177.0614
G1 X172.9522 Y-177.1947
G1 X173.0167 Y-177.3268
G1 X173.0832 Y-177.4579
G1 X173.1513 Y-177.5879
G1 X173.2214 Y-177.7167
G1 X173.2930 Y-177.8447
G1 X173.3667 Y-177.9720
G1 X173.4421 Y-178.0982
G1 X173.5193 Y-178.2234
G1 X173.5986 Y-178.3481
G1 X173.6796 Y-178.4718
G1 X173.7624 Y-178.5950
G1 X173.8473 Y-178.7172
G1 X173.9339 Y-178.8391
G1 X174.0225 Y-178.9600
G1 X174.1132 Y-179.0804
G1 X174.2056 Y-179.2006
G1 X174.2999 Y-179.3199
G1 X174.3964 Y-179.4388
G1 X174.4947 Y-179.5572
G1 X174.5950 Y-179.6753
G1 X174.6974 Y-179.7929
G1 X174.8018 Y-179.9102
G1 X174.8732 Y-179.9882
G1 X174.9468 Y-180.0662
G1 X175.0230 Y-180.1437
G1 X175.1012 Y-180.2211
G1 X175.1818 Y-180.2986
G1 X175.2646 Y-180.3756
G1 X175.3497 Y-180.4525
G1 X175.4368 Y-180.5290
G1 X175.5259 Y-180.6054
G1 X175.6171 Y-180.6814
G1 X175.7103 Y-180.7571
G1 X175.8056 Y-180.8325
G1 X175.9029 Y-180.9077
G1 X176.0017 Y-180.9821
G1 X176.1025 Y-181.0565
G1 X176.2051 Y-181.1302
G1 X176.3095 Y-181.2036
G1 X176.4157 Y-181.2765
G1 X176.5234 Y-181.3489
G1 X176.6329 Y-181.4208
G1 X176.7439 Y-181.4921
G1 X176.8561 Y-181.5630
G1 X176.9702 Y-181.6334
G1 X177.0858 Y-181.7030
G1 X177.2026 Y-181.7721
G1 X177.3207 Y-181.8404
G1 X177.4403 Y-181.9082
G1 X177.5610 Y-181.9753
G1 X177.6832 Y-182.0415
G1 X177.8064 Y-182.1073
G1 X177.9308 Y-182.1721
G1 X178.0563 Y-182.2364
G1 X178.1830 Y-182.2996
G1 X178.3105 Y-182.3621
G1 X178.4393 Y-182.4238
G1 X178.5689 Y-182.4848
G1 X178.6992 Y-182.5447
G1 X178.8305 Y-182.6039
G1 X178.9628 Y-182.6621
G1 X179.0957 Y-182.7192
G1 X179.2293 Y-182.7754
G1 X179.3636 Y-182.8307
G1 X179.4988 Y-182.8851
G1 X179.6344 Y-182.9384
G1 X179.7705 Y-182.9905
G1 X179.9072 Y-183.0418
G1 X180.0443 Y-183.0918
G1 X180.1820 Y-183.1409
G1 X180.3199 Y-183.1886
G1 X180.4584 Y-183.2353
G1 X180.5970 Y-183.2808
G1 X180.7360 Y-183.3253
G1 X180.8752 Y-183.3682
G1 X181.0144 Y-183.4101
G1 X181.1541 Y-183.4507
G1 X181.2935 Y-183.4901
G1 X181.4332 Y-183.5282
G1 X181.5729 Y-183.5648
G1 X181.7126 Y-183.6001
G1 X181.8521 Y-183.6341
G1 X181.9915 Y-183.6669
G1 X182.1310 Y-183.6981
G1 X182.2699 Y-183.7279
G1 X182.4088 Y-183.7563
G1 X182.5894 Y-183.7924
G1 X182.7604 Y-183.8272
G1 X182.9219 Y-183.8609
G1 X183.0748 Y-183.8940
G1 X183.2199 Y-183.9267
G1 X183.3573 Y-183.9592
G1 X183.4878 Y-183.9920
G1 X183.6123 Y-184.0253
G1 X183.7309 Y-184.0593
G1 X183.8442 Y-184.0944
G1 X183.9531 Y-184.1312
G1 X184.0583 Y-184.1696
G1 X184.1599 Y-184.2099
G1 X184.2587 Y-184.2529
G1 X184.3552 Y-184.2986
G1 X184.4502 Y-184.3471
G1 X184.5442 Y-184.3989
G1 X184.6377 Y-184.4545
G1 X184.7314 Y-184.5140
G1 X184.8259 Y-184.5775
G1 X184.9217 Y-184.6458
G1 X185.0192 Y-184.7190
G1 X185.1193 Y-184.7972
G1 X185.2226 Y-184.8810
G1 X185.3293 Y-184.9707
G1 X185.4406 Y-185.0664
G1 X185.5564 Y-185.1685
G1 X185.6776 Y-185.2773
G1 X185.8051 Y-185.3933
G1 X185.9389 Y-185.5165
G1 X186.2287 Y-185.7865
G1 X186.3192 Y-185.8701
G1 X186.4121 Y-185.9544
G1 X186.5076 Y-186.0393
G1 X186.6052 Y-186.1246
G1 X186.7050 Y-186.2102
G1 X186.8066 Y-186.2960
G1 X186.9100 Y-186.3816
G1 X187.0146 Y-186.4672
G1 X187.1205 Y-186.5526
G1 X187.2275 Y-186.6374
G1 X187.3352 Y-186.7215
G1 X187.4436 Y-186.8051
G1 X187.5523 Y-186.8876
G1 X187.6613 Y-186.9691
G1 X187.7703 Y-187.0497
G1 X187.8790 Y-187.1287
G1 X187.9874 Y-187.2061
G1 X188.0954 Y-187.2821
G1 X188.2023 Y-187.3560
G1 X188.3082 Y-187.4281
G1 X188.4129 Y-187.4982
G1 X188.5163 Y-187.5663
G1 X188.6179 Y-187.6316
G1 X188.7177 Y-187.6946
G1 X188.8152 Y-187.7550
G1 X188.9107 Y-187.8124
G1 X189.0039 Y-187.8670
G1 X189.0944 Y-187.9183
G1 X189.1817 Y-187.9666
G1 X189.2663 Y-188.0113
G1 X189.3473 Y-188.0525
G1 X189.4251 Y-188.0900
G1 X189.5429 Y-188.1447
G1 X189.6570 Y-188.1965
G1 X189.7675 Y-188.2455
G1 X189.8749 Y-188.2917
G1 X189.9801 Y-188.3354
G1 X190.0829 Y-188.3763
G1 X190.1845 Y-188.4149
G1 X190.2846 Y-188.4507
G1 X190.3844 Y-188.4845
G1 X190.4837 Y-188.5158
G1 X190.5833 Y-188.5450
G1 X190.6836 Y-188.5719
G1 X190.7852 Y-188.5968
G1 X190.8884 Y-188.6199
G1 X190.9935 Y-188.6407
G1 X191.1012 Y-188.6600
G1 X191.2120 Y-188.6775
G1 X191.3263 Y-188.6933
G1 X191.4444 Y-188.7073
G1 X191.5668 Y-188.7200
G1 X191.6941 Y-188.7311
G1 X191.8264 Y-188.7411
G1 X191.9648 Y-188.7494
G1 X192.1093 Y-188.7568
G1 X192.2602 Y-188.7629
G1 X192.4185 Y-188.7680
G1 X192.5843 Y-188.7720
G1 X192.7581 Y-188.7751
G1 X192.9404 Y-188.7774
G1 X193.1317 Y-188.7791
G1 X193.3324 Y-188.7799
G1 X193.5427 Y-188.7802
G1 X193.7659 Y-188.7799
G1 X193.9775 Y-188.7791
G1 X194.1779 Y-188.7779
G1 X194.3679 Y-188.7758
G1 X194.5480 Y-188.7728
G1 X194.7192 Y-188.7687
G1 X194.8818 Y-188.7637
G1 X195.0364 Y-188.7573
G1 X195.1838 Y-188.7494
G1 X195.3247 Y-188.7400
G1 X195.4594 Y-188.7294
G1 X195.5889 Y-188.7167
G1 X195.7136 Y-188.7022
G1 X195.8345 Y-188.6854
G1 X195.9516 Y-188.6669
G1 X196.0662 Y-188.6461
G1 X196.1784 Y-188.6227
G1 X196.2894 Y-188.5970
G1 X196.3991 Y-188.5686
G1 X196.5089 Y-188.5373
G1 X196.6189 Y-188.5036
G1 X196.7301 Y-188.4665
G1 X196.8429 Y-188.4263
G1 X196.9577 Y-188.3832
G1 X197.0758 Y-188.3364
G1 X197.1972 Y-188.2861
G1 X197.3229 Y-188.2325
G1 X197.4535 Y-188.1749
G1 X197.5896 Y-188.1134
G1 X197.7316 Y-188.0481
G1 X197.8805 Y-187.9788
G1 X198.0367 Y-187.9051
G1 X198.1911 Y-187.8312
G1 X198.3448 Y-187.7558
G1 X198.4980 Y-187.6788
G1 X198.6506 Y-187.6003
G1 X198.8030 Y-187.5203
G1 X198.9549 Y-187.4388
G1 X199.1065 Y-187.3555
G1 X199.2577 Y-187.2704
G1 X199.4085 Y-187.1838
G1 X199.5592 Y-187.0951
G1 X199.7098 Y-187.0050
G1 X199.7850 Y-186.9590
G1 X199.9353 Y-186.8660
G1 X200.0855 Y-186.7713
G1 X200.2356 Y-186.6745
G1 X200.4606 Y-186.5257
G1 X200.5355 Y-186.4751
G1 X200.6857 Y-186.3722
G1 X200.8360 Y-186.2676
G1 X201.0613 Y-186.1066
G1 X201.2119 Y-185.9966
G1 X201.3628 Y-185.8843
G1 X201.5139 Y-185.7700
G1 X201.6653 Y-185.6534
G1 X201.8170 Y-185.5346
G1 X201.9691 Y-185.4134
G1 X202.0453 Y-185.3519
G1 X202.1980 Y-185.2272
G1 X202.3511 Y-185.1002
G1 X202.5820 Y-184.9051
G1 X202.7364 Y-184.7718
G1 X202.8916 Y-184.6362
G1 X203.0473 Y-184.4980
G1 X203.2038 Y-184.3573
G1 X203.3610 Y-184.2138
G1 X203.5190 Y-184.0680
G1 X203.7575 Y-183.8439
G1 X203.9176 Y-183.6910
G1 X204.0783 Y-183.5356
G1 X204.2404 Y-183.3773
G1 X204.3217 Y-183.2971
G1 X204.5670 Y-183.0522
G1 X204.7319 Y-182.8853
G1 X204.9813 Y-182.6296
G1 X205.0649 Y-182.5427
G1 X205.3179 Y-182.2780
G1 X205.4880 Y-182.0977
G1 X205.6595 Y-181.9143
G1 X205.9188 Y-181.6334
G1 X206.0936 Y-181.4421
G1 X206.3582 Y-181.1492
G1 X206.6262 Y-180.8490
G1 X206.8977 Y-180.5414
G1 X207.2650 Y-180.1195
G1 X207.4512 Y-179.9034
G1 X207.6389 Y-179.6839
G1 X207.8284 Y-179.4609
G1 X208.0199 Y-179.2343
G1 X208.3102 Y-178.8879
G1 X208.5439 Y-178.6059
G1 X208.6788 Y-178.4398
G1 X208.8126 Y-178.2729
G1 X208.9452 Y-178.1048
G1 X209.0765 Y-177.9356
G1 X209.2068 Y-177.7655
G1 X209.3359 Y-177.5945
G1 X209.4636 Y-177.4228
G1 X209.5899 Y-177.2503
G1 X209.7148 Y-177.0771
G1 X209.8385 Y-176.9034
G1 X209.9610 Y-176.7291
G1 X210.0816 Y-176.5544
G1 X210.2010 Y-176.3794
G1 X210.3186 Y-176.2039
G1 X210.4349 Y-176.0281
G1 X210.5495 Y-175.8523
G1 X210.6625 Y-175.6763
G1 X210.7740 Y-175.5003
G1 X210.8835 Y-175.3240
G1 X210.9914 Y-175.1482
G1 X211.0976 Y-174.9722
G1 X211.2020 Y-174.7967
G1 X211.3046 Y-174.6212
G1 X211.4055 Y-174.4462
G1 X211.5043 Y-174.2717
G1 X211.6010 Y-174.0974
G1 X211.6960 Y-173.9240
G1 X211.7888 Y-173.7510
G1 X211.8797 Y-173.5788
G1 X211.9686 Y-173.4073
G1 X212.0552 Y-173.2366
G1 X212.1398 Y-173.0667
G1 X212.2223 Y-172.8978
G1 X212.3026 Y-172.7302
G1 X212.3806 Y-172.5633
G1 X212.4563 Y-172.3977
G1 X212.5297 Y-172.2333
G1 X212.6008 Y-172.0705
G1 X212.6694 Y-171.9087
G1 X212.7357 Y-171.7484
G1 X212.7997 Y-171.5897
G1 X212.8609 Y-171.4325
G1 X212.9198 Y-171.2770
G1 X212.9762 Y-171.1231
G1 X213.0301 Y-170.9710
G1 X213.0811 Y-170.8208
G1 X213.1296 Y-170.6723
G1 X213.1756 Y-170.5259
G1 X213.2185 Y-170.3817
G1 X213.2589 Y-170.2394
G1 X213.2968 Y-170.0992
G1 X213.3313 Y-169.9616
G1 X213.3633 Y-169.8259
G1 X213.3925 Y-169.6928
G1 X213.4187 Y-169.5620
G1 X213.4418 Y-169.4340
G1 X213.4621 Y-169.3083
G1 X213.4791 Y-169.1853
G1 X213.4933 Y-169.0649
G1 X213.5045 Y-168.9476
G1 X213.5124 Y-168.8330
G1 X213.5172 Y-168.7213
G1 X213.5187 Y-168.6126
G1 X213.5241 Y-168.5417
G1 X213.5401 Y-168.4586
G1 X213.5660 Y-168.3647
G1 X213.6013 Y-168.2605
G1 X213.6455 Y-168.1475
G1 X213.6981 Y-168.0263
G1 X213.7585 Y-167.8981
G1 X213.8261 Y-167.7640
G1 X213.9005 Y-167.6250
G1 X213.9813 Y-167.4823
G1 X214.0674 Y-167.3365
G1 X214.1588 Y-167.1891
G1 X214.2551 Y-167.0408
G1 X214.3552 Y-166.8927
G1 X214.4588 Y-166.7459
G1 X214.5652 Y-166.6016
G1 X214.6468 Y-166.4929
G1 X214.7268 Y-166.3847
G1 X214.8055 Y-166.2773
G1 X214.8825 Y-166.1704
G1 X214.9582 Y-166.0639
G1 X215.0321 Y-165.9583
G1 X215.1050 Y-165.8529
G1 X215.1761 Y-165.7477
G1 X215.2459 Y-165.6433
G1 X215.3143 Y-165.5392
G1 X215.3813 Y-165.4353
G1 X215.4469 Y-165.3319
G1 X215.5111 Y-165.2288
G1 X215.5739 Y-165.1262
G1 X215.6353 Y-165.0235
G1 X215.6955 Y-164.9214
G1 X215.7542 Y-164.8193
G1 X215.8116 Y-164.7175
G1 X215.8677 Y-164.6159
G1 X215.9224 Y-164.5143
G1 X215.9759 Y-164.4129
G1 X216.0280 Y-164.3116
G1 X216.0788 Y-164.2105
G1 X216.1283 Y-164.1091
G1 X216.1766 Y-164.0081
G1 X216.2236 Y-163.9070
G1 X216.2693 Y-163.8056
G1 X216.3138 Y-163.7045
G1 X216.3572 Y-163.6032
G1 X216.3991 Y-163.5018
G1 X216.4400 Y-163.4002
G1 X216.4796 Y-163.2984
G1 X216.5182 Y-163.1965
G1 X216.5553 Y-163.0944
G1 X216.5914 Y-162.9921
G1 X216.6264 Y-162.8894
G1 X216.6602 Y-162.7866
G1 X216.6927 Y-162.6834
G1 X216.7242 Y-162.5798
G1 X216.7545 Y-162.4759
G1 X216.7837 Y-162.3718
G1 X216.8119 Y-162.2671
G1 X216.8388 Y-162.1620
G1 X216.8647 Y-162.0563
G1 X216.8896 Y-161.9501
G1 X216.9135 Y-161.8437
G1 X216.9361 Y-161.7365
G1 X216.9579 Y-161.6288
G1 X216.9785 Y-161.5206
G1 X216.9980 Y-161.4117
G1 X217.0166 Y-161.3022
G1 X217.0344 Y-161.1920
G1 X217.0509 Y-161.0810
G1 X217.0664 Y-160.9695
G1 X217.0811 Y-160.8572
G1 X217.0946 Y-160.7439
G1 X217.1073 Y-160.6301
G1 X217.1189 Y-160.5153
G1 X217.1299 Y-160.3997
G1 X217.1398 Y-160.2834
G1 X217.1487 Y-160.1660
G1 X217.1565 Y-160.0477
G1 X217.1636 Y-159.9286
G1 X217.1700 Y-159.8084
G1 X217.1756 Y-159.6796
G1 X217.1804 Y-159.5526
G1 X217.1845 Y-159.4274
G1 X217.1873 Y-159.3035
G1 X217.1893 Y-159.1810
G1 X217.1903 Y-159.0601
G1 X217.1901 Y-158.9405
G1 X217.1891 Y-158.8219
G1 X217.1868 Y-158.7045
G1 X217.1837 Y-158.5885
G1 X217.1791 Y-158.4731
G1 X217.1738 Y-158.3588
G1 X217.1672 Y-158.2456
G1 X217.1593 Y-158.1328
G1 X217.1502 Y-158.0210
G1 X217.1400 Y-157.9098
G1 X217.1286 Y-157.7993
G1 X217.1159 Y-157.6890
G1 X217.1019 Y-157.5796
G1 X217.0864 Y-157.4703
G1 X217.0699 Y-157.3614
G1 X217.0519 Y-157.2524
G1 X217.0326 Y-157.1440
G1 X217.0118 Y-157.0355
G1 X216.9897 Y-156.9270
G1 X216.9660 Y-156.8183
G1 X216.9411 Y-156.7099
G1 X216.9145 Y-156.6009
G1 X216.8865 Y-156.4917
G1 X216.8568 Y-156.3822
G1 X216.8258 Y-156.2725
G1 X216.7933 Y-156.1620
G1 X216.7590 Y-156.0510
G1 X216.7232 Y-155.9395
G1 X216.6856 Y-155.8272
G1 X216.6465 Y-155.7142
G1 X216.6059 Y-155.6001
G1 X216.5632 Y-155.4853
G1 X216.5190 Y-155.3695
G1 X216.4733 Y-155.2527
G1 X216.4255 Y-155.1348
G1 X216.3760 Y-155.0154
G1 X216.3247 Y-154.8950
G1 X216.2716 Y-154.7731
G1 X216.2167 Y-154.6499
G1 X216.1598 Y-154.5252
G1 X216.1012 Y-154.3987
G1 X216.0407 Y-154.2710
G1 X215.9780 Y-154.1412
G1 X215.9137 Y-154.0099
G1 X215.8472 Y-153.8765
G1 X215.7786 Y-153.7414
G1 X215.7082 Y-153.6042
G1 X215.6356 Y-153.4648
G1 X215.5612 Y-153.3235
G1 X215.4845 Y-153.1798
G1 X215.4057 Y-153.0340
G1 X215.3247 Y-152.8856
G1 X215.2416 Y-152.7350
G1 X215.1565 Y-152.5819
G1 X215.0692 Y-152.4262
G1 X214.9795 Y-152.2677
G1 X214.7936 Y-151.9428
G1 X214.6201 Y-151.6438
G1 X214.4497 Y-151.3538
G1 X214.2820 Y-151.0728
G1 X214.1167 Y-150.8001
G1 X214.0351 Y-150.6670
G1 X213.8733 Y-150.4069
G1 X213.7933 Y-150.2796
G1 X213.7136 Y-150.1544
G1 X213.6343 Y-150.0312
G1 X213.5556 Y-149.9098
G1 X213.4773 Y-149.7904
G1 X213.3994 Y-149.6725
G1 X213.3219 Y-149.5567
G1 X213.2444 Y-149.4424
G1 X213.1675 Y-149.3299
G1 X213.0908 Y-149.2192
G1 X213.0143 Y-149.1099
G1 X212.9381 Y-149.0025
G1 X212.8622 Y-148.8966
G1 X212.7862 Y-148.7922
G1 X212.7105 Y-148.6896
G1 X212.6348 Y-148.5882
G1 X212.5591 Y-148.4881
G1 X212.4837 Y-148.3898
G1 X212.4083 Y-148.2928
G1 X212.3328 Y-148.1971
G1 X212.2576 Y-148.1028
G1 X212.1819 Y-148.0096
G1 X212.1065 Y-147.9179
G1 X212.0308 Y-147.8272
G1 X211.9551 Y-147.7381
G1 X211.8792 Y-147.6499
G1 X211.8032 Y-147.5628
G1 X211.7270 Y-147.4770
G1 X211.6506 Y-147.3921
G1 X211.5739 Y-147.3083
G1 X211.4969 Y-147.2255
G1 X211.4197 Y-147.1437
G1 X211.3420 Y-147.0630
G1 X211.2640 Y-146.9829
G1 X211.1858 Y-146.9039
G1 X211.1070 Y-146.8257
G1 X211.0278 Y-146.7482
G1 X210.9483 Y-146.6718
G1 X210.8683 Y-146.5958
G1 X210.7875 Y-146.5207
G1 X210.7065 Y-146.4462
G1 X210.6249 Y-146.3726
G1 X210.5426 Y-146.2994
G1 X210.4596 Y-146.2268
G1 X210.3763 Y-146.1549
G1 X210.2919 Y-146.0833
G1 X210.2071 Y-146.0124
G1 X210.1218 Y-145.9418
G1 X210.0354 Y-145.8717
G1 X209.9483 Y-145.8021
G1 X209.8604 Y-145.7328
G1 X209.6823 Y-145.5951
G1 X209.5345 Y-145.4836
G1 X209.3869 Y-145.3741
G1 X209.2394 Y-145.2667
G1 X209.0920 Y-145.1613
G1 X208.9447 Y-145.0581
G1 X208.7977 Y-144.9570
G1 X208.6503 Y-144.8580
G1 X208.5030 Y-144.7610
G1 X208.3557 Y-144.6662
G1 X208.2084 Y-144.5732
G1 X208.0608 Y-144.4823
G1 X207.9130 Y-144.3934
G1 X207.7649 Y-144.3065
G1 X207.6166 Y-144.2217
G1 X207.4680 Y-144.1386
G1 X207.3189 Y-144.0579
G1 X207.1695 Y-143.9789
G1 X207.0197 Y-143.9017
G1 X206.8695 Y-143.8265
G1 X206.7187 Y-143.7533
G1 X206.5673 Y-143.6820
G1 X206.4154 Y-143.6124
G1 X206.2627 Y-143.5448
G1 X206.1093 Y-143.4790
G1 X205.9554 Y-143.4153
G1 X205.8007 Y-143.3530
G1 X205.6450 Y-143.2928
G1 X205.4888 Y-143.2344
G1 X205.3316 Y-143.1778
G1 X205.1733 Y-143.1229
G1 X205.0143 Y-143.0698
G1 X204.8540 Y-143.0185
G1 X204.6930 Y-142.9687
G1 X204.5307 Y-142.9210
G1 X204.3674 Y-142.8747
G1 X204.2028 Y-142.8303
G1 X204.0372 Y-142.7876
G1 X203.8703 Y-142.7465
G1 X203.7022 Y-142.7071
G1 X203.5325 Y-142.6695
G1 X203.3618 Y-142.6334
G1 X203.1896 Y-142.5989
G1 X203.0159 Y-142.5661
G1 X202.8406 Y-142.5349
G1 X202.6641 Y-142.5052
G1 X202.4858 Y-142.4772
G1 X202.3059 Y-142.4506
G1 X202.1246 Y-142.4257
G1 X201.9414 Y-142.4023
G1 X201.7565 Y-142.3805
G1 X201.5698 Y-142.3601
G1 X201.3816 Y-142.3413
G1 X201.1914 Y-142.3241
G1 X200.9993 Y-142.3081
G1 X200.8053 Y-142.2938
G1 X200.6092 Y-142.2809
G1 X200.4113 Y-142.2695
G1 X200.2114 Y-142.2593
G1 X200.0093 Y-142.2507
G1 X199.8053 Y-142.2436
G1 X199.5988 Y-142.2377
G1 X199.3905 Y-142.2331
G1 X199.1797 Y-142.2301
G1 X198.9666 Y-142.2283
G1 X198.8083 Y-142.2278
G1 X198.6471 Y-142.2281
G1 X198.3171 Y-142.2298
G1 X197.9798 Y-142.2339
G1 X197.6371 Y-142.2400
G1 X197.2920 Y-142.2481
G1 X196.9468 Y-142.2580
G1 X196.7751 Y-142.2636
G1 X196.4345 Y-142.2761
G1 X196.1002 Y-142.2900
G1 X195.7748 Y-142.3055
G1 X195.4606 Y-142.3223
G1 X195.3085 Y-142.3312
G1 X195.0159 Y-142.3500
G1 X194.8762 Y-142.3596
G1 X194.6110 Y-142.3800
G1 X194.3672 Y-142.4013
G1 X194.2541 Y-142.4122
G1 X194.1474 Y-142.4234
G1 X194.0471 Y-142.4346
G1 X192.1703 Y-142.6558
G1 X191.9933 Y-137.5306
G1 X191.9770 Y-137.1209
G1 X191.9590 Y-136.7125
G1 X191.9392 Y-136.3055
G1 X191.9176 Y-135.8999
G1 X191.8942 Y-135.4955
G1 X191.8602 Y-134.9583
G1 X191.8231 Y-134.4234
G1 X191.7931 Y-134.0239
G1 X191.7614 Y-133.6253
G1 X191.7162 Y-133.0960
G1 X191.6923 Y-132.8323
G1 X191.6552 Y-132.4376
G1 X191.6293 Y-132.1750
G1 X191.5892 Y-131.7823
G1 X191.5328 Y-131.2606
G1 X191.4883 Y-130.8707
G1 X191.4576 Y-130.6114
G1 X191.4101 Y-130.2233
G1 X191.3608 Y-129.8364
G1 X191.3095 Y-129.4506
G1 X191.2567 Y-129.0658
G1 X191.2018 Y-128.6822
G1 X191.1642 Y-128.4272
G1 X191.1063 Y-128.0455
G1 X191.0667 Y-127.7915
G1 X190.9849 Y-127.2852
G1 X190.9214 Y-126.9065
G1 X190.8561 Y-126.5291
G1 X190.8114 Y-126.2779
G1 X190.7431 Y-125.9020
G1 X190.6727 Y-125.5273
G1 X190.6006 Y-125.1534
G1 X190.5513 Y-124.9045
G1 X190.4761 Y-124.5324
G1 X190.3989 Y-124.1610
G1 X190.3199 Y-123.7907
G1 X190.2661 Y-123.5443
G1 X190.2115 Y-123.2985
G1 X190.1281 Y-122.9302
G1 X190.0138 Y-122.4407
G1 X189.9260 Y-122.0744
G1 X189.8663 Y-121.8308
G1 X189.7753 Y-121.4661
G1 X189.7136 Y-121.2235
G1 X189.6194 Y-120.8603
G1 X189.5231 Y-120.4979
G1 X189.4251 Y-120.1362
G1 X189.3252 Y-119.7755
G1 X189.2234 Y-119.4156
G1 X189.1195 Y-119.0562
G1 X189.0138 Y-118.6978
G1 X188.9061 Y-118.3401
G1 X188.7967 Y-117.9833
G1 X188.7225 Y-117.7455
G1 X188.6476 Y-117.5083
G1 X188.5335 Y-117.1532
G1 X188.3783 Y-116.6805
G1 X188.2597 Y-116.3269
G1 X188.1391 Y-115.9739
G1 X188.0166 Y-115.6218
G1 X187.8922 Y-115.2700
G1 X187.8081 Y-115.0361
G1 X187.6803 Y-114.6853
G1 X187.5506 Y-114.3356
G1 X187.4190 Y-113.9861
G1 X187.3301 Y-113.7536
G1 X187.2402 Y-113.5212
G1 X187.1040 Y-113.1733
G1 X186.9658 Y-112.8260
G1 X186.8256 Y-112.4791
G1 X186.6834 Y-112.1329
G1 X186.5874 Y-111.9022
G1 X186.4906 Y-111.6719
G1 X186.3438 Y-111.3267
G1 X186.1950 Y-110.9823
G1 X186.0946 Y-110.7529
G1 X185.9425 Y-110.4090
G1 X185.7883 Y-110.0656
G1 X185.6844 Y-109.8370
G1 X185.5269 Y-109.4946
G1 X185.3674 Y-109.1524
G1 X185.2059 Y-108.8108
G1 X185.0423 Y-108.4694
G1 X184.9321 Y-108.2421
G1 X184.7652 Y-107.9015
G1 X184.5963 Y-107.5614
G1 X184.4253 Y-107.2215
G1 X184.2524 Y-106.8819
G1 X184.1358 Y-106.6559
G1 X182.3288 Y-103.1898
G1 X183.0024 Y-103.0209
G1 X183.0530 Y-103.0097
G1 X183.1134 Y-102.9995
G1 X183.1830 Y-102.9901
G1 X183.2618 Y-102.9818
G1 X183.3494 Y-102.9741
G1 X183.4457 Y-102.9675
G1 X183.5503 Y-102.9614
G1 X183.6631 Y-102.9564
G1 X183.7837 Y-102.9520
G1 X183.9123 Y-102.9485
G1 X184.0479 Y-102.9459
G1 X184.1909 Y-102.9439
G1 X184.3410 Y-102.9426
G1 X184.4975 Y-102.9421
G1 X184.6605 Y-102.9424
G1 X184.8300 Y-102.9434
G1 X185.1861 Y-102.9475
G1 X185.3725 Y-102.9505
G1 X185.7611 Y-102.9586
G1 X185.9625 Y-102.9637
G1 X186.1685 Y-102.9696
G1 X186.5932 Y-102.9828
G1 X186.8114 Y-102.9904
G1 X187.2579 Y-103.0072
G1 X187.7172 Y-103.0265
G1 X188.1863 Y-103.0478
G1 X188.6641 Y-103.0714
G1 X189.1485 Y-103.0968
G1 X189.8828 Y-103.1387
G1 X190.1287 Y-103.1537
G1 X190.6209 Y-103.1847
G1 X190.8665 Y-103.2010
G1 X191.3562 Y-103.2342
G1 X191.8416 Y-103.2693
G1 X192.0822 Y-103.2873
G1 X192.5577 Y-103.3244
G1 X193.0243 Y-103.3628
G1 X193.4799 Y-103.4024
G1 X193.7032 Y-103.4224
G1 X193.9229 Y-103.4430
G1 X194.3509 Y-103.4847
G1 X194.5587 Y-103.5058
G1 X194.9610 Y-103.5489
G1 X195.1551 Y-103.5708
G1 X195.3438 Y-103.5926
G1 X195.5272 Y-103.6147
G1 X195.6755 Y-103.6333
G1 X196.1200 Y-103.6902
G1 X196.5635 Y-103.7499
G1 X197.0057 Y-103.8121
G1 X197.4469 Y-103.8769
G1 X197.7405 Y-103.9216
G1 X197.8871 Y-103.9444
G1 X198.3260 Y-104.0145
G1 X198.6181 Y-104.0625
G1 X199.0552 Y-104.1370
G1 X199.3458 Y-104.1880
G1 X199.6361 Y-104.2401
G1 X199.9259 Y-104.2934
G1 X200.3595 Y-104.3755
G1 X200.5040 Y-104.4037
G1 X200.9361 Y-104.4890
G1 X201.0799 Y-104.5182
G1 X201.5106 Y-104.6071
G1 X201.9399 Y-104.6988
G1 X202.2257 Y-104.7613
G1 X202.5109 Y-104.8250
G1 X202.7954 Y-104.8898
G1 X203.0796 Y-104.9556
G1 X203.3631 Y-105.0226
G1 X203.6463 Y-105.0910
G1 X203.9287 Y-105.1603
G1 X204.2107 Y-105.2307
G1 X204.4921 Y-105.3023
G1 X204.7730 Y-105.3752
G1 X205.0534 Y-105.4491
G1 X205.3333 Y-105.5240
G1 X205.7522 Y-105.6389
G1 X206.0306 Y-105.7168
G1 X206.3085 Y-105.7958
G1 X206.5858 Y-105.8758
G1 X207.0011 Y-105.9983
G1 X207.2770 Y-106.0813
G1 X207.5525 Y-106.1654
G1 X207.8274 Y-106.2505
G1 X208.1019 Y-106.3368
G1 X208.3758 Y-106.4245
G1 X208.6491 Y-106.5131
G1 X208.9216 Y-106.6028
G1 X209.1939 Y-106.6937
G1 X209.4654 Y-106.7857
G1 X209.7364 Y-106.8789
G1 X210.0069 Y-106.9731
G1 X210.4116 Y-107.1166
G1 X210.5459 Y-107.1651
G1 X210.9490 Y-107.3120
G1 X211.3506 Y-107.4613
G1 X211.7509 Y-107.6132
G1 X212.0171 Y-107.7161
G1 X212.4151 Y-107.8720
G1 X212.6798 Y-107.9777
G1 X212.9439 Y-108.0841
G1 X213.2073 Y-108.1918
G1 X213.4705 Y-108.3008
G1 X213.8637 Y-108.4661
G1 X214.1250 Y-108.5776
G1 X214.3859 Y-108.6904
G1 X214.7763 Y-108.8616
G1 X215.0356 Y-108.9772
G1 X215.4235 Y-109.1524
G1 X215.8101 Y-109.3302
G1 X216.0671 Y-109.4504
G1 X216.3234 Y-109.5713
G1 X216.7067 Y-109.7549
G1 X217.0887 Y-109.9411
G1 X217.3427 Y-110.0666
G1 X217.4695 Y-110.1298
G1 X217.7224 Y-110.2571
G1 X217.9747 Y-110.3854
G1 X218.2264 Y-110.5146
G1 X218.4776 Y-110.6449
G1 X218.7280 Y-110.7765
G1 X219.1027 Y-110.9759
G1 X219.2271 Y-111.0430
G1 X219.4758 Y-111.1778
G1 X219.7237 Y-111.3137
G1 X219.9711 Y-111.4509
G1 X220.2180 Y-111.5891
G1 X220.4641 Y-111.7283
G1 X220.8319 Y-111.9391
G1 X221.0765 Y-112.0811
G1 X221.3204 Y-112.2243
G1 X221.5634 Y-112.3683
G1 X221.9272 Y-112.5868
G1 X222.2894 Y-112.8075
G1 X222.5299 Y-112.9561
G1 X222.7699 Y-113.1057
G1 X223.0092 Y-113.2563
G1 X223.2480 Y-113.4082
G1 X223.4860 Y-113.5611
G1 X223.7232 Y-113.7150
G1 X224.0780 Y-113.9480
G1 X224.1959 Y-114.0262
G1 X224.4314 Y-114.1834
G1 X224.6660 Y-114.3419
G1 X224.9000 Y-114.5012
G1 X225.1334 Y-114.6617
G1 X225.3661 Y-114.8232
G1 X225.7138 Y-115.0676
G1 X225.9449 Y-115.2319
G1 X226.1753 Y-115.3973
G1 X226.4049 Y-115.5636
G1 X226.7481 Y-115.8154
G1 X226.9762 Y-115.9845
G1 X227.2035 Y-116.1547
G1 X227.5431 Y-116.4120
G1 X227.8812 Y-116.6719
G1 X228.2177 Y-116.9340
G1 X228.4412 Y-117.1100
G1 X228.7750 Y-117.3762
G1 X228.9970 Y-117.5550
G1 X231.1136 Y-119.2695
G1 X231.2990 Y-118.3061
G1 X231.3089 Y-118.2517
G1 X231.3188 Y-118.1880
G1 X231.3292 Y-118.1153
G1 X231.3399 Y-118.0343
G1 X231.3508 Y-117.9446
G1 X231.3620 Y-117.8471
G1 X231.3734 Y-117.7420
G1 X231.3851 Y-117.6292
G1 X231.3968 Y-117.5095
G1 X231.4209 Y-117.2500
G1 X231.4331 Y-117.1110
G1 X231.4453 Y-116.9660
G1 X231.4699 Y-116.6594
G1 X231.4946 Y-116.3333
G1 X231.5068 Y-116.1636
G1 X231.5312 Y-115.8126
G1 X231.5550 Y-115.4478
G1 X231.5784 Y-115.0719
G1 X231.6010 Y-114.6873
G1 X231.6226 Y-114.2967
G1 X231.6429 Y-113.9020
G1 X231.6620 Y-113.5062
G1 X231.6704 Y-113.3165
G1 X231.6851 Y-112.9378
G1 X231.6912 Y-112.7483
G1 X231.7018 Y-112.3704
G1 X231.7095 Y-111.9927
G1 X231.7143 Y-111.6157
G1 X231.7156 Y-111.4273
G1 X231.7161 Y-111.2393
G1 X231.7161 Y-111.0511
G1 X231.7140 Y-110.6757
G1 X231.7118 Y-110.4880
G1 X231.7090 Y-110.3008
G1 X231.7054 Y-110.1133
G1 X231.6963 Y-109.7394
G1 X231.6841 Y-109.3661
G1 X231.6772 Y-109.1799
G1 X231.6693 Y-108.9934
G1 X231.6610 Y-108.8075
G1 X231.6518 Y-108.6216
G1 X231.6419 Y-108.4359
G1 X231.6315 Y-108.2505
G1 X231.6201 Y-108.0651
G1 X231.6081 Y-107.8799
G1 X231.5957 Y-107.6950
G1 X231.5682 Y-107.3257
G1 X231.5535 Y-107.1413
G1 X231.5383 Y-106.9571
G1 X231.5053 Y-106.5893
G1 X231.4697 Y-106.2225
G1 X231.4509 Y-106.0394
G1 X231.4313 Y-105.8565
G1 X231.4110 Y-105.6737
G1 X231.3902 Y-105.4913
G1 X231.3686 Y-105.3089
G1 X231.3462 Y-105.1270
G1 X231.3231 Y-104.9452
G1 X231.2995 Y-104.7636
G1 X231.2502 Y-104.4009
G1 X231.2246 Y-104.2200
G1 X231.1982 Y-104.0394
G1 X231.1710 Y-103.8588
G1 X231.1146 Y-103.4986
G1 X231.0856 Y-103.3191
G1 X231.0557 Y-103.1395
G1 X231.0252 Y-102.9604
G1 X230.9939 Y-102.7814
G1 X230.9622 Y-102.6028
G1 X230.8964 Y-102.2459
G1 X230.8278 Y-101.8903
G1 X230.7925 Y-101.7130
G1 X230.7565 Y-101.5357
G1 X230.7199 Y-101.3590
G1 X230.6825 Y-101.1822
G1 X230.6447 Y-101.0059
G1 X230.6058 Y-100.8299
G1 X230.5665 Y-100.6541
G1 X230.5266 Y-100.4786
G1 X230.4860 Y-100.3033
G1 X230.4445 Y-100.1283
G1 X230.3597 Y-99.7793
G1 X230.3163 Y-99.6053
G1 X230.2723 Y-99.4316
G1 X230.1822 Y-99.0849
G1 X230.1359 Y-98.9119
G1 X230.0892 Y-98.7395
G1 X229.9937 Y-98.3950
G1 X229.9449 Y-98.2236
G1 X229.8954 Y-98.0521
G1 X229.8454 Y-97.8812
G1 X229.7946 Y-97.7105
G1 X229.7430 Y-97.5401
G1 X229.6909 Y-97.3699
G1 X229.6381 Y-97.2002
G1 X229.5848 Y-97.0308
G1 X229.5307 Y-96.8616
G1 X229.4204 Y-96.5243
G1 X229.3643 Y-96.3564
G1 X229.3074 Y-96.1885
G1 X229.2500 Y-96.0211
G1 X229.1918 Y-95.8540
G1 X229.1331 Y-95.6874
G1 X229.0737 Y-95.5208
G1 X228.9528 Y-95.1890
G1 X228.8913 Y-95.0237
G1 X228.8294 Y-94.8588
G1 X228.7666 Y-94.6942
G1 X228.7031 Y-94.5299
G1 X228.6391 Y-94.3658
G1 X228.5091 Y-94.0392
G1 X228.4430 Y-93.8764
G1 X228.3762 Y-93.7138
G1 X228.3089 Y-93.5518
G1 X228.2408 Y-93.3902
G1 X228.1723 Y-93.2289
G1 X228.1029 Y-93.0679
G1 X228.0328 Y-92.9074
G1 X227.9622 Y-92.7471
G1 X227.8908 Y-92.5873
G1 X227.8190 Y-92.4281
G1 X227.7463 Y-92.2691
G1 X227.6732 Y-92.1103
G1 X227.5992 Y-91.9521
G1 X227.5246 Y-91.7943
G1 X227.4494 Y-91.6368
G1 X227.3737 Y-91.4799
G1 X227.2970 Y-91.3232
G1 X227.2198 Y-91.1669
G1 X227.1420 Y-91.0112
G1 X227.0437 Y-90.8159
G1 X226.8459 Y-90.4260
G1 X226.7463 Y-90.2317
G1 X226.5462 Y-89.8439
G1 X226.4456 Y-89.6503
G1 X226.2431 Y-89.2645
G1 X226.1413 Y-89.0720
G1 X225.9368 Y-88.6879
G1 X225.8339 Y-88.4964
G1 X225.7306 Y-88.3054
G1 X225.5230 Y-87.9239
G1 X225.4186 Y-87.7336
G1 X225.2091 Y-87.3544
G1 X224.9978 Y-86.9762
G1 X224.7852 Y-86.5995
G1 X224.5711 Y-86.2241
G1 X224.4634 Y-86.0369
G1 X224.2472 Y-85.6635
G1 X224.0295 Y-85.2914
G1 X223.9201 Y-85.1060
G1 X223.7003 Y-84.7359
G1 X223.5898 Y-84.5515
G1 X223.3679 Y-84.1835
G1 X223.2563 Y-84.0001
G1 X223.0323 Y-83.6343
G1 X222.8068 Y-83.2696
G1 X222.5799 Y-82.9066
G1 X222.3516 Y-82.5449
G1 X222.1220 Y-82.1845
G1 X221.8908 Y-81.8256
G1 X221.6584 Y-81.4680
G1 X221.5416 Y-81.2899
G1 X221.3072 Y-80.9343
G1 X221.0712 Y-80.5805
G1 X220.8342 Y-80.2279
G1 X220.7151 Y-80.0522
G1 X220.4758 Y-79.7016
G1 X220.3557 Y-79.5271
G1 X220.1144 Y-79.1789
G1 X219.8718 Y-78.8319
G1 X219.6277 Y-78.4868
G1 X219.3826 Y-78.1428
G1 X219.2594 Y-77.9714
G1 X219.0123 Y-77.6298
G1 X218.8881 Y-77.4596
G1 X218.6389 Y-77.1200
G1 X218.3882 Y-76.7822
G1 X218.1365 Y-76.4456
G1 X217.8832 Y-76.1106
G1 X217.6290 Y-75.7771
G1 X217.3732 Y-75.4451
G1 X217.2449 Y-75.2798
G1 X217.1162 Y-75.1147
G1 X216.8578 Y-74.7857
G1 X216.5985 Y-74.4583
G1 X216.4682 Y-74.2950
G1 X216.2068 Y-73.9699
G1 X215.9439 Y-73.6463
G1 X215.8121 Y-73.4850
G1 X215.6800 Y-73.3242
G1 X215.4149 Y-73.0037
G1 X215.2818 Y-72.8442
G1 X215.0148 Y-72.5259
G1 X214.7466 Y-72.2092
G1 X214.6120 Y-72.0514
G1 X214.4771 Y-71.8942
G1 X214.2063 Y-71.5808
G1 X214.0704 Y-71.4245
G1 X213.7979 Y-71.1134
G1 X213.5241 Y-70.8038
G1 X213.3867 Y-70.6496
G1 X213.1111 Y-70.3425
G1 X212.9729 Y-70.1896
G1 X212.6955 Y-69.8848
G1 X212.5563 Y-69.7329
G1 X212.4169 Y-69.5815
G1 X212.1372 Y-69.2800
G1 X211.8563 Y-68.9800
G1 X211.7154 Y-68.8307
G1 X211.4326 Y-68.5333
G1 X211.2909 Y-68.3852
G1 X211.0064 Y-68.0900
G1 X210.8637 Y-67.9432
G1 X210.5777 Y-67.6506
G1 X210.4342 Y-67.5051
G1 X210.2902 Y-67.3598
G1 X210.0019 Y-67.0705
G1 X209.8571 Y-66.9265
G1 X209.5670 Y-66.6397
G1 X209.4215 Y-66.4969
G1 X209.1296 Y-66.2127
G1 X208.8365 Y-65.9300
G1 X208.6897 Y-65.7893
G1 X208.5424 Y-65.6491
G1 X208.2472 Y-65.3699
G1 X207.9508 Y-65.0923
G1 X207.8022 Y-64.9541
G1 X207.6534 Y-64.8165
G1 X207.3549 Y-64.5424
G1 X207.0552 Y-64.2701
G1 X206.7545 Y-63.9994
G1 X206.6036 Y-63.8645
G1 X206.4527 Y-63.7304
G1 X206.3013 Y-63.5965
G1 X205.9978 Y-63.3301
G1 X205.8457 Y-63.1975
G1 X205.6933 Y-63.0654
G1 X205.3877 Y-62.8025
G1 X205.2345 Y-62.6717
G1 X204.9275 Y-62.4114
G1 X204.7735 Y-62.2818
G1 X204.6194 Y-62.1528
G1 X204.3100 Y-61.8960
G1 X204.1550 Y-61.7682
G1 X203.9998 Y-61.6410
G1 X203.6884 Y-61.3877
G1 X203.5325 Y-61.2618
G1 X203.2196 Y-61.0113
G1 X202.9056 Y-60.7624
G1 X202.7484 Y-60.6387
G1 X202.4329 Y-60.3926
G1 X202.1164 Y-60.1482
G1 X201.9579 Y-60.0268
G1 X201.7989 Y-59.9056
G1 X201.4807 Y-59.6651
G1 X201.1611 Y-59.4261
G1 X200.8408 Y-59.1891
G1 X200.6801 Y-59.0713
G1 X200.3582 Y-58.8368
G1 X200.0354 Y-58.6044
G1 X199.8736 Y-58.4888
G1 X199.7116 Y-58.3738
G1 X199.5493 Y-58.2592
G1 X199.2241 Y-58.0311
G1 X199.0611 Y-57.9178
G1 X198.7344 Y-57.6928
G1 X198.4068 Y-57.4695
G1 X198.0781 Y-57.2483
G1 X197.9135 Y-57.1383
G1 X197.5833 Y-56.9196
G1 X197.2526 Y-56.7030
G1 X197.0867 Y-56.5953
G1 X196.9206 Y-56.4881
G1 X196.5879 Y-56.2752
G1 X196.2541 Y-56.0641
G1 X195.9196 Y-55.8551
G1 X195.7520 Y-55.7512
G1 X195.5841 Y-55.6478
G1 X195.4159 Y-55.5450
G1 X195.0791 Y-55.3408
G1 X194.7413 Y-55.1383
G1 X194.4027 Y-54.9379
G1 X194.2330 Y-54.8383
G1 X194.0631 Y-54.7393
G1 X193.7228 Y-54.5427
G1 X193.3814 Y-54.3481
G1 X193.0392 Y-54.1553
G1 X192.6963 Y-53.9646
G1 X192.3524 Y-53.7759
G1 X192.1802 Y-53.6821
G1 X192.0077 Y-53.5889
G1 X191.8350 Y-53.4962
G1 X191.4891 Y-53.3126
G1 X188.6417 Y-51.8091
G1 X189.3311 Y-50.5424
G1 X189.4248 Y-50.3740
G1 X189.5251 Y-50.2013
G1 X189.6313 Y-50.0250
G1 X189.7433 Y-49.8452
G1 X189.8607 Y-49.6626
G1 X189.9831 Y-49.4777
G1 X190.1101 Y-49.2905
G1 X190.2414 Y-49.1018
G1 X190.3768 Y-48.9118
G1 X190.5157 Y-48.7210
G1 X190.6582 Y-48.5300
G1 X190.8033 Y-48.3387
G1 X190.9511 Y-48.1480
G1 X191.1012 Y-47.9582
G1 X191.2531 Y-47.7698
G1 X191.4068 Y-47.5828
G1 X191.5615 Y-47.3982
G1 X191.7172 Y-47.2158
G1 X191.8731 Y-47.0365
G1 X192.0296 Y-46.8607
G1 X192.1858 Y-46.6885
G1 X192.3415 Y-46.5206
G1 X192.4962 Y-46.3570
G1 X192.6499 Y-46.1988
G1 X192.8017 Y-46.0459
G1 X192.9519 Y-45.8988
G1 X193.0999 Y-45.7581
G1 X193.2452 Y-45.6240
G1 X193.3875 Y-45.4970
G1 X193.5267 Y-45.3776
G1 X193.6623 Y-45.2661
G1 X193.8553 Y-45.1150
G1 X193.9204 Y-45.0632
G1 X193.9882 Y-45.0073
G1 X194.0588 Y-44.9478
G1 X194.1322 Y-44.8851
G1 X194.2079 Y-44.8188
G1 X194.2859 Y-44.7495
G1 X194.3661 Y-44.6771
G1 X194.5323 Y-44.5242
G1 X194.7047 Y-44.3614
G1 X194.7929 Y-44.2765
G1 X194.8820 Y-44.1899
G1 X194.9722 Y-44.1015
G1 X195.0631 Y-44.0116
G1 X195.1548 Y-43.9202
G1 X195.3387 Y-43.7337
G1 X195.4309 Y-43.6390
G1 X195.5229 Y-43.5437
G1 X195.6148 Y-43.4477
G1 X195.7060 Y-43.3512
G1 X195.7967 Y-43.2544
G1 X195.8866 Y-43.1576
G1 X195.9755 Y-43.0611
G1 X196.0631 Y-42.9649
G1 X196.1497 Y-42.8689
G1 X196.2346 Y-42.7736
G1 X196.3179 Y-42.6791
G1 X196.3991 Y-42.5856
G1 X196.5571 Y-42.4020
G1 X196.6755 Y-42.2671
G1 X196.7954 Y-42.1340
G1 X196.8762 Y-42.0464
G1 X196.9577 Y-41.9595
G1 X197.0400 Y-41.8734
G1 X197.1233 Y-41.7881
G1 X197.2076 Y-41.7030
G1 X197.2930 Y-41.6187
G1 X197.3796 Y-41.5348
G1 X197.5117 Y-41.4099
G1 X197.6013 Y-41.3271
G1 X197.6925 Y-41.2445
G1 X197.8320 Y-41.1213
G1 X197.9270 Y-41.0395
G1 X198.0728 Y-40.9169
G1 X198.2226 Y-40.7944
G1 X198.3250 Y-40.7129
G1 X198.4819 Y-40.5905
G1 X198.5894 Y-40.5087
G1 X198.6991 Y-40.4266
G1 X198.8109 Y-40.3443
G1 X198.9831 Y-40.2206
G1 X199.1609 Y-40.0959
G1 X199.3443 Y-39.9702
G1 X199.5340 Y-39.8435
G1 X199.7299 Y-39.7154
G1 X199.8640 Y-39.6293
G1 X200.0710 Y-39.4985
G1 X200.2851 Y-39.3662
G1 X200.5815 Y-39.1866
G1 X200.7349 Y-39.0954
G1 X200.9714 Y-38.9567
G1 X201.2993 Y-38.7680
G1 X201.5551 Y-38.6235
G1 X201.8195 Y-38.4759
G1 X202.0926 Y-38.3256
G1 X202.4713 Y-38.1198
G1 X202.7662 Y-37.9618
G1 X203.1749 Y-37.7452
G1 X203.6013 Y-37.5219
G1 X204.0466 Y-37.2915
G1 X204.5109 Y-37.0538
G1 X205.1192 Y-36.7449
G1 X205.7776 Y-36.4142
G1 X206.2234 Y-36.1932
G1 X206.5208 Y-36.0474
G1 X206.8182 Y-35.9029
G1 X207.2650 Y-35.6885
G1 X207.5632 Y-35.5470
G1 X207.8614 Y-35.4068
G1 X208.1596 Y-35.2679
G1 X208.4583 Y-35.1302
G1 X208.7568 Y-34.9938
G1 X209.0557 Y-34.8587
G1 X209.3547 Y-34.7248
G1 X209.6539 Y-34.5920
G1 X209.9531 Y-34.4607
G1 X210.2526 Y-34.3304
G1 X210.7021 Y-34.1373
G1 X211.1517 Y-33.9474
G1 X211.6018 Y-33.7599
G1 X212.0522 Y-33.5755
G1 X212.3526 Y-33.4541
G1 X212.6531 Y-33.3339
G1 X212.9539 Y-33.2151
G1 X213.2546 Y-33.0975
G1 X213.5553 Y-32.9811
G1 X214.0069 Y-32.8089
G1 X214.4588 Y-32.6395
G1 X214.9107 Y-32.4731
G1 X215.2122 Y-32.3637
G1 X215.5137 Y-32.2555
G1 X215.6645 Y-32.2019
G1 X215.9663 Y-32.0957
G1 X216.4189 Y-31.9387
G1 X216.8718 Y-31.7848
G1 X217.1741 Y-31.6835
G1 X217.4761 Y-31.5836
G1 X217.7783 Y-31.4851
G1 X218.0806 Y-31.3878
G1 X218.3828 Y-31.2918
G1 X218.8365 Y-31.1501
G1 X218.9879 Y-31.1036
G1 X219.4418 Y-30.9656
G1 X219.8957 Y-30.8308
G1 X220.3498 Y-30.6987
G1 X220.8040 Y-30.5697
G1 X221.1070 Y-30.4851
G1 X221.4098 Y-30.4020
G1 X221.7128 Y-30.3200
G1 X222.1675 Y-30.1996
G1 X222.6219 Y-30.0820
G1 X222.9251 Y-30.0053
G1 X223.2282 Y-29.9298
G1 X223.6831 Y-29.8191
G1 X223.9861 Y-29.7470
G1 X224.4410 Y-29.6410
G1 X224.7443 Y-29.5722
G1 X225.0567 Y-29.5026
G1 X225.2200 Y-29.4670
G1 X225.3859 Y-29.4315
G1 X225.7242 Y-29.3609
G1 X226.0709 Y-29.2908
G1 X226.4247 Y-29.2212
G1 X226.6041 Y-29.1866
G1 X226.9673 Y-29.1183
G1 X227.1509 Y-29.0845
G1 X227.5213 Y-29.0175
G1 X227.8954 Y-28.9517
G1 X228.2723 Y-28.8872
G1 X228.4613 Y-28.8554
G1 X228.8405 Y-28.7929
G1 X229.0303 Y-28.7625
G1 X229.4100 Y-28.7025
G1 X229.7885 Y-28.6441
G1 X230.1651 Y-28.5877
G1 X230.5393 Y-28.5336
G1 X230.9094 Y-28.4813
G1 X231.0930 Y-28.4561
G1 X231.4560 Y-28.4074
G1 X231.6353 Y-28.3840
G1 X231.8131 Y-28.3614
G1 X232.1631 Y-28.3177
G1 X232.3353 Y-28.2969
G1 X232.5055 Y-28.2768
G1 X232.8390 Y-28.2390
G1 X233.1631 Y-28.2039
G1 X233.3211 Y-28.1876
G1 X233.6289 Y-28.1574
G1 X233.9246 Y-28.1305
G1 X234.2076 Y-28.1071
G1 X234.3440 Y-28.0967
G1 X234.6058 Y-28.0787
G1 X234.8527 Y-28.0645
G1 X234.9701 Y-28.0589
G1 X235.0833 Y-28.0543
G1 X235.1923 Y-28.0505
G1 X235.2970 Y-28.0480
G1 X235.3970 Y-28.0464
G1 X235.4928 Y-28.0459
G1 X235.6277 Y-28.0444
G1 X235.7585 Y-28.0403
G1 X235.8847 Y-28.0335
G1 X236.0054 Y-28.0243
G1 X236.1199 Y-28.0129
G1 X236.2279 Y-27.9992
G1 X236.3285 Y-27.9834
G1 X236.4212 Y-27.9659
G1 X236.5052 Y-27.9463
G1 X236.5802 Y-27.9253
G1 X236.6454 Y-27.9024
G1 X236.7001 Y-27.8785
G1 X236.7437 Y-27.8531
G1 X236.7758 Y-27.8265
G1 X236.7953 Y-27.7990
G1 X236.8022 Y-27.7708
G1 X236.7991 Y-27.7264
G1 X236.7900 Y-27.6736
G1 X236.7752 Y-27.6126
G1 X236.7552 Y-27.5438
G1 X236.7298 Y-27.4678
G1 X236.6996 Y-27.3850
G1 X236.6645 Y-27.2959
G1 X236.6251 Y-27.2009
G1 X236.5814 Y-27.1005
G1 X236.5337 Y-26.9954
G1 X236.4824 Y-26.8856
G1 X236.4275 Y-26.7719
G1 X236.3694 Y-26.6545
G1 X236.3084 Y-26.5341
G1 X236.2446 Y-26.4112
G1 X236.1783 Y-26.2860
G1 X236.1100 Y-26.1592
G1 X236.0394 Y-26.0312
G1 X235.9673 Y-25.9024
G1 X235.8936 Y-25.7731
G1 X235.8187 Y-25.6443
G1 X235.7427 Y-25.5158
G1 X235.6660 Y-25.3886
G1 X235.5888 Y-25.2631
G1 X235.5113 Y-25.1394
G1 X235.4339 Y-25.0180
G1 X235.3567 Y-24.8999
G1 X235.2799 Y-24.7851
G1 X235.2040 Y-24.6741
G1 X235.1291 Y-24.5674
G1 X235.0552 Y-24.4653
G1 X234.9830 Y-24.3688
G1 X234.9083 Y-24.2750
G1 X234.8263 Y-24.1803
G1 X234.7379 Y-24.0848
G1 X234.6437 Y-23.9893
G1 X234.5446 Y-23.8943
G1 X234.4412 Y-23.8008
G1 X234.3348 Y-23.7094
G1 X234.2261 Y-23.6205
G1 X234.1156 Y-23.5349
G1 X234.0044 Y-23.4531
G1 X233.8931 Y-23.3761
G1 X233.7829 Y-23.3045
G1 X233.6744 Y-23.2387
G1 X233.5685 Y-23.1795
G1 X233.4659 Y-23.1275
G1 X233.2657 Y-23.0378
G1 X233.1530 Y-22.9809
G1 X233.0305 Y-22.9133
G1 X232.8997 Y-22.8366
G1 X232.7615 Y-22.7508
G1 X232.6170 Y-22.6573
G1 X232.4674 Y-22.5567
G1 X232.3142 Y-22.4498
G1 X232.1583 Y-22.3375
G1 X232.0008 Y-22.2207
G1 X231.8428 Y-22.1000
G1 X231.6858 Y-21.9763
G1 X231.5309 Y-21.8506
G1 X231.3790 Y-21.7236
G1 X231.2314 Y-21.5961
G1 X231.0171 Y-21.4043
G1 X230.9393 Y-21.3370
G1 X230.8565 Y-21.2672
G1 X230.7689 Y-21.1950
G1 X230.6764 Y-21.1211
G1 X230.5794 Y-21.0449
G1 X230.4786 Y-20.9672
G1 X230.3734 Y-20.8877
G1 X230.2647 Y-20.8067
G1 X230.1524 Y-20.7244
G1 X230.0371 Y-20.6411
G1 X229.9185 Y-20.5567
G1 X229.7974 Y-20.4714
G1 X229.6737 Y-20.3858
G1 X229.5479 Y-20.2994
G1 X229.4199 Y-20.2128
G1 X229.1591 Y-20.0393
G1 X229.0265 Y-19.9527
G1 X228.8929 Y-19.8666
G1 X228.7585 Y-19.7808
G1 X228.6236 Y-19.6957
G1 X228.4885 Y-19.6116
G1 X228.3531 Y-19.5283
G1 X228.2180 Y-19.4462
G1 X228.0834 Y-19.3655
G1 X227.9493 Y-19.2862
G1 X227.8162 Y-19.2085
G1 X227.6843 Y-19.1328
G1 X227.5538 Y-19.0589
G1 X227.4247 Y-18.9870
G1 X227.1702 Y-18.8483
G1 X227.0404 Y-18.7764
G1 X226.7745 Y-18.6263
G1 X226.6391 Y-18.5483
G1 X226.5020 Y-18.4686
G1 X226.3638 Y-18.3876
G1 X226.0851 Y-18.2209
G1 X225.9449 Y-18.1361
G1 X225.8047 Y-18.0505
G1 X225.5251 Y-17.8770
G1 X225.3859 Y-17.7897
G1 X225.2477 Y-17.7020
G1 X224.9752 Y-17.5265
G1 X224.8413 Y-17.4394
G1 X224.7092 Y-17.3525
G1 X224.5794 Y-17.2662
G1 X224.4519 Y-17.1806
G1 X224.3272 Y-17.0960
G1 X224.2055 Y-17.0127
G1 X224.0872 Y-16.9304
G1 X223.9721 Y-16.8496
G1 X223.8609 Y-16.7704
G1 X223.7534 Y-16.6929
G1 X223.6503 Y-16.6174
G1 X223.5517 Y-16.5440
G1 X223.4580 Y-16.4729
G1 X223.3691 Y-16.4041
G1 X223.1796 Y-16.2537
G1 X223.0765 Y-16.1724
G1 X222.9759 Y-16.0947
G1 X222.8781 Y-16.0203
G1 X222.7829 Y-15.9489
G1 X222.6902 Y-15.8808
G1 X222.5998 Y-15.8161
G1 X222.5114 Y-15.7541
G1 X222.4255 Y-15.6952
G1 X222.3417 Y-15.6395
G1 X222.2599 Y-15.5867
G1 X222.1799 Y-15.5367
G1 X222.1019 Y-15.4897
G1 X222.0257 Y-15.4452
G1 X221.9513 Y-15.4038
G1 X221.8784 Y-15.3650
G1 X221.8070 Y-15.3292
G1 X221.7369 Y-15.2956
G1 X221.6683 Y-15.2649
G1 X221.6008 Y-15.2364
G1 X221.5347 Y-15.2108
G1 X221.4697 Y-15.1874
G1 X221.4055 Y-15.1666
G1 X221.3422 Y-15.1483
G1 X221.2800 Y-15.1320
G1 X221.2183 Y-15.1183
G1 X221.1573 Y-15.1067
G1 X221.0971 Y-15.0973
G1 X221.0371 Y-15.0901
G1 X220.9777 Y-15.0848
G1 X220.9185 Y-15.0818
G1 X220.8596 Y-15.0807
G1 X220.8027 Y-15.0792
G1 X220.7423 Y-15.0744
G1 X220.6782 Y-15.0663
G1 X220.6107 Y-15.0548
G1 X220.5396 Y-15.0401
G1 X220.4644 Y-15.0221
G1 X220.3856 Y-15.0007
G1 X220.3033 Y-14.9758
G1 X220.2170 Y-14.9479
G1 X220.1268 Y-14.9164
G1 X220.0328 Y-14.8816
G1 X219.9348 Y-14.8433
G1 X219.8329 Y-14.8016
G1 X219.7270 Y-14.7564
G1 X219.6170 Y-14.7079
G1 X219.5030 Y-14.6558
G1 X219.3849 Y-14.6002
G1 X219.2627 Y-14.5412
G1 X219.1365 Y-14.4785
G1 X219.0057 Y-14.4125
G1 X218.8708 Y-14.3426
G1 X218.7316 Y-14.2692
G1 X218.5883 Y-14.1922
G1 X218.4405 Y-14.1117
G1 X218.2881 Y-14.0277
G1 X218.1316 Y-13.9398
G1 X217.9704 Y-13.8483
G1 X217.8047 Y-13.7531
G1 X217.6346 Y-13.6543
G1 X217.4598 Y-13.5517
G1 X217.2805 Y-13.4452
G1 X216.9071 Y-13.2222
G1 X216.7189 Y-13.1115
G1 X216.5314 Y-13.0025
G1 X216.3448 Y-12.8958
G1 X216.1588 Y-12.7909
G1 X215.9737 Y-12.6881
G1 X215.7887 Y-12.5872
G1 X215.6043 Y-12.4879
G1 X215.4202 Y-12.3906
G1 X215.2363 Y-12.2949
G1 X215.0524 Y-12.2011
G1 X214.8685 Y-12.1087
G1 X214.6846 Y-12.0180
G1 X214.5005 Y-11.9291
G1 X214.3158 Y-11.8415
G1 X214.1309 Y-11.7554
G1 X213.9455 Y-11.6705
G1 X213.7593 Y-11.5872
G1 X213.5726 Y-11.5052
G1 X213.3849 Y-11.4244
G1 X213.1962 Y-11.3449
G1 X213.0067 Y-11.2664
G1 X212.8159 Y-11.1892
G1 X212.6239 Y-11.1130
G1 X212.4306 Y-11.0378
G1 X212.2358 Y-10.9639
G1 X212.0395 Y-10.8908
G1 X211.8416 Y-10.8184
G1 X211.6419 Y-10.7470
G1 X211.4403 Y-10.6764
G1 X211.2368 Y-10.6065
G1 X210.8670 Y-10.4821
G1 X210.6999 Y-10.4252
G1 X210.5307 Y-10.3665
G1 X210.3595 Y-10.3063
G1 X210.1865 Y-10.2448
G1 X210.0123 Y-10.1821
G1 X209.8370 Y-10.1183
G1 X209.6610 Y-10.0536
G1 X209.4845 Y-9.9878
G1 X209.1319 Y-9.8542
G1 X208.9564 Y-9.7866
G1 X208.7816 Y-9.7188
G1 X208.6082 Y-9.6507
G1 X208.4362 Y-9.5827
G1 X208.0981 Y-9.4465
G1 X207.9325 Y-9.3787
G1 X207.7700 Y-9.3114
G1 X207.6102 Y-9.2446
G1 X207.3018 Y-9.1135
G1 X207.1535 Y-9.0490
G1 X207.0097 Y-8.9858
G1 X206.8706 Y-8.9238
G1 X206.7364 Y-8.8631
G1 X206.6077 Y-8.8039
G1 X206.4847 Y-8.7460
G1 X206.3676 Y-8.6901
G1 X206.2569 Y-8.6360
G1 X206.1527 Y-8.5837
G1 X205.9371 Y-8.4722
G1 X205.8205 Y-8.4127
G1 X205.7049 Y-8.3553
G1 X205.5912 Y-8.3000
G1 X205.4786 Y-8.2464
G1 X205.3674 Y-8.1948
G1 X205.2574 Y-8.1450
G1 X205.1484 Y-8.0973
G1 X205.0407 Y-8.0515
G1 X204.9341 Y-8.0074
G1 X204.8281 Y-7.9652
G1 X204.7235 Y-7.9245
G1 X204.6196 Y-7.8859
G1 X204.5162 Y-7.8491
G1 X204.4139 Y-7.8141
G1 X204.3123 Y-7.7805
G1 X204.2112 Y-7.7488
G1 X204.1106 Y-7.7188
G1 X204.0108 Y-7.6904
G1 X203.9109 Y-7.6637
G1 X203.8119 Y-7.6388
G1 X203.7131 Y-7.6152
G1 X203.6143 Y-7.5933
G1 X203.5160 Y-7.5730
G1 X203.4177 Y-7.5545
G1 X203.3194 Y-7.5372
G1 X203.2211 Y-7.5214
G1 X203.1228 Y-7.5072
G1 X203.0245 Y-7.4945
G1 X202.9259 Y-7.4833
G1 X202.8271 Y-7.4734
G1 X202.7281 Y-7.4651
G1 X202.5604 Y-7.4501
G1 X202.3951 Y-7.4315
G1 X202.2325 Y-7.4094
G1 X202.0738 Y-7.3840
G1 X201.9193 Y-7.3558
G1 X201.7697 Y-7.3246
G1 X201.6257 Y-7.2906
G1 X201.4880 Y-7.2542
G1 X201.3570 Y-7.2154
G1 X201.2335 Y-7.1745
G1 X201.1182 Y-7.1316
G1 X201.0118 Y-7.0869
G1 X200.9148 Y-7.0406
G1 X200.8276 Y-6.9929
G1 X200.7514 Y-6.9436
G1 X200.6864 Y-6.8936
G1 X200.6214 Y-6.8405
G1 X200.5500 Y-6.7879
G1 X200.4731 Y-6.7361
G1 X200.3908 Y-6.6845
G1 X200.3031 Y-6.6337
G1 X200.2107 Y-6.5839
G1 X200.1136 Y-6.5347
G1 X200.0120 Y-6.4864
G1 X199.9066 Y-6.4394
G1 X199.7972 Y-6.3932
G1 X199.6844 Y-6.3485
G1 X199.5683 Y-6.3048
G1 X199.4492 Y-6.2624
G1 X199.3275 Y-6.2215
G1 X199.2033 Y-6.1821
G1 X199.0771 Y-6.1443
G1 X198.9491 Y-6.1082
G1 X198.8195 Y-6.0739
G1 X198.6885 Y-6.0411
G1 X198.5566 Y-6.0107
G1 X198.4240 Y-5.9820
G1 X198.2909 Y-5.9553
G1 X198.1576 Y-5.9309
G1 X198.0245 Y-5.9085
G1 X197.8917 Y-5.8887
G1 X197.7596 Y-5.8712
G1 X197.6285 Y-5.8562
G1 X197.4985 Y-5.8435
G1 X197.3702 Y-5.8339
G1 X197.2434 Y-5.8268
G1 X197.1190 Y-5.8222
G1 X196.9968 Y-5.8209
G1 X196.8881 Y-5.8174
G1 X196.7659 Y-5.8077
G1 X196.6316 Y-5.7917
G1 X196.4865 Y-5.7699
G1 X196.3316 Y-5.7427
G1 X196.1685 Y-5.7102
G1 X195.9986 Y-5.6728
G1 X195.8233 Y-5.6312
G1 X195.6435 Y-5.5852
G1 X195.4611 Y-5.5354
G1 X195.2772 Y-5.4823
G1 X195.0931 Y-5.4257
G1 X194.9099 Y-5.3665
G1 X194.7296 Y-5.3048
G1 X194.5531 Y-5.2408
G1 X194.3816 Y-5.1750
G1 X194.2950 Y-5.1412
G1 X194.2038 Y-5.1064
G1 X194.1083 Y-5.0706
G1 X194.0088 Y-5.0340
G1 X193.7984 Y-4.9586
G1 X193.5744 Y-4.8806
G1 X193.3392 Y-4.8009
G1 X193.0944 Y-4.7198
G1 X192.8419 Y-4.6380
G1 X192.5841 Y-4.5565
G1 X192.3225 Y-4.4752
G1 X192.1909 Y-4.4351
G1 X191.9275 Y-4.3561
G1 X191.6654 Y-4.2791
G1 X191.4065 Y-4.2050
G1 X191.1530 Y-4.1341
G1 X190.9067 Y-4.0673
G1 X190.7865 Y-4.0356
G1 X190.6692 Y-4.0051
G1 X190.5546 Y-3.9759
G1 X190.3931 Y-3.9355
G1 X190.2247 Y-3.8943
G1 X189.9597 Y-3.8311
G1 X189.5848 Y-3.7442
G1 X189.1871 Y-3.6546
G1 X188.9803 Y-3.6091
G1 X188.5516 Y-3.5161
G1 X187.9905 Y-3.3975
G1 X187.4048 Y-3.2769
G1 X186.9211 Y-3.1793
G1 X186.3006 Y-3.0566
G1 X185.6661 Y-2.9337
G1 X185.0212 Y-2.8110
G1 X184.3697 Y-2.6896
G1 X184.1081 Y-2.6416
G1 X183.3230 Y-2.4994
G1 X182.6722 Y-2.3840
G1 X181.9006 Y-2.2502
G1 X181.1454 Y-2.1227
G1 X180.6542 Y-2.0417
G1 X180.2938 Y-1.9832
G1 X179.8251 Y-1.9088
G1 X179.2615 Y-1.8217
G1 X178.7258 Y-1.7419
G1 X178.3202 Y-1.6838
G1 X177.9364 Y-1.6312
G1 X177.6646 Y-1.5954
G1 X177.3245 Y-1.5530
G1 X177.0873 Y-1.5253
G1 X176.8665 Y-1.5014
G1 X176.6628 Y-1.4813
G1 X176.2376 Y-1.4455
G1 X175.9849 Y-1.4224
G1 X175.7205 Y-1.3962
G1 X175.4472 Y-1.3678
G1 X175.1670 Y-1.3368
G1 X174.8818 Y-1.3038
G1 X174.5940 Y-1.2692
G1 X174.3057 Y-1.2329
G1 X174.0192 Y-1.1956
G1 X173.7368 Y-1.1575
G1 X173.4602 Y-1.1184
G1 X173.1917 Y-1.0792
G1 X172.9336 Y-1.0399
G1 X172.8094 Y-1.0201
G1 X172.5709 Y-0.9812
G1 X172.3484 Y-0.9428
G1 X172.1381 Y-0.9050
G1 X171.9087 Y-0.8654
G1 X171.7855 Y-0.8451
G1 X171.5234 Y-0.8034
G1 X171.2427 Y-0.7605
G1 X170.9458 Y-0.7170
G1 X170.6354 Y-0.6728
G1 X170.3139 Y-0.6286
G1 X169.9837 Y-0.5847
G1 X169.6476 Y-0.5413
G1 X169.3080 Y-0.4989
G1 X168.9674 Y-0.4575
G1 X168.6281 Y-0.4176
G1 X168.2930 Y-0.3795
G1 X168.1277 Y-0.3614
G1 X167.8033 Y-0.3269
G1 X167.4891 Y-0.2949
G1 X167.3367 Y-0.2802
G1 X167.1630 Y-0.2644
G1 X166.9750 Y-0.2492
G1 X166.7731 Y-0.2342
G1 X166.4459 Y-0.2129
G1 X166.2120 Y-0.1991
G1 X165.8394 Y-0.1796
G1 X165.4416 Y-0.1608
G1 X165.0208 Y-0.1433
G1 X164.4272 Y-0.1214
G1 X163.8000 Y-0.1013
G1 X163.3106 Y-0.0876
G1 X162.6352 Y-0.0709
G1 X161.7614 Y-0.0526
G1 X161.0439 Y-0.0401
G1 X160.4978 Y-0.0320
G1 X159.5778 Y-0.0211
G1 X158.8379 Y-0.0142
G1 X157.9148 Y-0.0086
G1 X157.0022 Y-0.0061
G1 X157.0022 Y-0.0061
; Retract
G1 Z2.5400 F2540

; Path 1
; Rapid to initial position
G1 X157.1887 Y-1.7447 F2540
G1 Z0.0000
; plunge
G1 Z-3.1750 F127
; cut
G1 X157.9164 Y-1.7526 F1016
G1 X158.6420 Y-1.7620
G1 X159.3626 Y-1.7732
G1 X160.0759 Y-1.7856
G1 X160.7787 Y-1.7996
G1 X161.6949 Y-1.8204
G1 X162.5818 Y-1.8433
G1 X163.2237 Y-1.8618
G1 X163.8424 Y-1.8816
G1 X164.6273 Y-1.9093
G1 X165.1823 Y-1.9312
G1 X165.7050 Y-1.9540
G1 X166.0347 Y-1.9695
G1 X166.3479 Y-1.9855
G1 X166.7858 Y-2.0099
G1 X167.0550 Y-2.0267
G1 X167.3055 Y-2.0434
G1 X167.5359 Y-2.0607
G1 X167.7459 Y-2.0780
G1 X168.1930 Y-2.1173
G1 X168.6387 Y-2.1580
G1 X169.0835 Y-2.1994
G1 X169.7485 Y-2.2631
G1 X170.4109 Y-2.3292
G1 X170.8513 Y-2.3744
G1 X171.2905 Y-2.4206
G1 X171.7286 Y-2.4676
G1 X172.1658 Y-2.5159
G1 X172.8193 Y-2.5895
G1 X173.2537 Y-2.6401
G1 X173.9034 Y-2.7175
G1 X174.5506 Y-2.7970
G1 X174.9809 Y-2.8514
G1 X175.6245 Y-2.9347
G1 X176.0522 Y-2.9914
G1 X176.4789 Y-3.0493
G1 X176.9047 Y-3.1079
G1 X177.5414 Y-3.1976
G1 X177.9648 Y-3.2588
G1 X178.5981 Y-3.3523
G1 X179.2293 Y-3.4480
G1 X179.8582 Y-3.5461
G1 X180.2765 Y-3.6126
G1 X180.6938 Y-3.6802
G1 X181.1101 Y-3.7488
G1 X181.5257 Y-3.8184
G1 X181.9402 Y-3.8890
G1 X182.5605 Y-3.9967
G1 X182.9730 Y-4.0698
G1 X183.5899 Y-4.1813
G1 X184.2051 Y-4.2951
G1 X184.6143 Y-4.3724
G1 X185.2265 Y-4.4900
G1 X185.6334 Y-4.5697
G1 X186.0395 Y-4.6505
G1 X186.4451 Y-4.7323
G1 X186.8498 Y-4.8151
G1 X187.2536 Y-4.8989
G1 X187.6567 Y-4.9837
G1 X188.0591 Y-5.0696
G1 X188.6610 Y-5.2004
G1 X189.2618 Y-5.3335
G1 X189.6610 Y-5.4237
G1 X190.0598 Y-5.5148
G1 X190.6565 Y-5.6535
G1 X191.2516 Y-5.7945
G1 X191.6473 Y-5.8898
G1 X192.0425 Y-5.9860
G1 X192.4373 Y-6.0836
G1 X193.0278 Y-6.2316
G1 X193.6168 Y-6.3823
G1 X194.2046 Y-6.5352
G1 X194.5955 Y-6.6385
G1 X194.9859 Y-6.7429
G1 X195.3758 Y-6.8483
G1 X195.9595 Y-7.0086
G1 X196.3476 Y-7.1168
G1 X196.7354 Y-7.2260
G1 X196.9290 Y-7.2812
G1 X197.5091 Y-7.4478
G1 X197.8952 Y-7.5603
G1 X198.2808 Y-7.6741
G1 X198.6658 Y-7.7887
G1 X199.0501 Y-7.9045
G1 X199.6260 Y-8.0802
G1 X200.0090 Y-8.1989
G1 X200.3918 Y-8.3185
G1 X200.9648 Y-8.5001
G1 X201.3463 Y-8.6225
G1 X201.7273 Y-8.7462
G1 X202.2980 Y-8.9337
G1 X202.6778 Y-9.0599
G1 X203.0573 Y-9.1874
G1 X203.4362 Y-9.3160
G1 X204.0039 Y-9.5110
G1 X204.3819 Y-9.6423
G1 X204.7593 Y-9.7749
G1 X205.3250 Y-9.9758
G1 X205.7016 Y-10.1112
G1 X206.2658 Y-10.3165
G1 X206.8292 Y-10.5242
G1 X207.2041 Y-10.6642
G1 X207.5790 Y-10.8054
G1 X207.9534 Y-10.9477
G1 X208.5144 Y-11.1630
G1 X209.0748 Y-11.3812
G1 X209.4481 Y-11.5280
G1 X210.0075 Y-11.7505
G1 X210.3798 Y-11.9004
G1 X210.7522 Y-12.0513
G1 X211.3100 Y-12.2799
G1 X211.6816 Y-12.4338
G1 X212.0529 Y-12.5887
G1 X212.4240 Y-12.7450
G1 X212.7948 Y-12.9024
G1 X213.3509 Y-13.1407
G1 X213.7212 Y-13.3010
G1 X214.2764 Y-13.5438
G1 X214.8312 Y-13.7892
G1 X215.2007 Y-13.9543
G1 X215.5703 Y-14.1206
G1 X215.9396 Y-14.2880
G1 X216.4933 Y-14.5415
G1 X216.6777 Y-14.6266
G1 X217.0466 Y-14.7978
G1 X217.5998 Y-15.0566
G1 X218.1527 Y-15.3182
G1 X218.5213 Y-15.4943
G1 X219.4641 Y-15.9474
G1 X219.7402 Y-16.0812
G1 X220.1212 Y-16.2677
G1 X220.4644 Y-16.4384
G1 X220.5708 Y-16.4922
G1 X220.7725 Y-16.5953
G1 X220.9594 Y-16.6929
G1 X221.0478 Y-16.7399
G1 X221.1329 Y-16.7858
G1 X221.2932 Y-16.8742
G1 X221.4413 Y-16.9588
G1 X221.5109 Y-17.0000
G1 X221.5779 Y-17.0404
G1 X221.6419 Y-17.0800
G1 X221.7036 Y-17.1188
G1 X221.7626 Y-17.1572
G1 X221.8195 Y-17.1953
G1 X221.8738 Y-17.2326
G1 X221.9259 Y-17.2697
G1 X221.9759 Y-17.3065
G1 X222.0239 Y-17.3431
G1 X222.0699 Y-17.3797
G1 X222.1141 Y-17.4160
G1 X222.1565 Y-17.4523
G1 X222.1974 Y-17.4884
G1 X222.2365 Y-17.5250
G1 X222.2744 Y-17.5616
G1 X222.3107 Y-17.5981
G1 X222.3458 Y-17.6352
G1 X222.3795 Y-17.6726
G1 X222.4123 Y-17.7104
G1 X222.4441 Y-17.7488
G1 X222.4748 Y-17.7876
G1 X222.5048 Y-17.8272
G1 X222.5342 Y-17.8674
G1 X222.5627 Y-17.9083
G1 X222.5909 Y-17.9499
G1 X222.6186 Y-17.9926
G1 X222.6457 Y-18.0360
G1 X222.6729 Y-18.0805
G1 X222.6998 Y-18.1262
G1 X222.7534 Y-18.2209
G1 X222.7804 Y-18.2702
G1 X222.8350 Y-18.3726
G1 X222.8911 Y-18.4810
G1 X222.9495 Y-18.5958
G1 X223.0521 Y-18.7996
G1 X223.1418 Y-18.9807
G1 X223.2188 Y-19.1399
G1 X223.2828 Y-19.2789
G1 X223.3343 Y-19.3982
G1 X223.3737 Y-19.4991
G1 X223.4009 Y-19.5829
G1 X223.4161 Y-19.6507
G1 X223.4194 Y-19.7035
G1 X223.4110 Y-19.7424
G1 X223.3912 Y-19.7688
G1 X223.3600 Y-19.7836
G1 X223.3178 Y-19.7879
G1 X223.2645 Y-19.7830
G1 X223.2005 Y-19.7698
G1 X223.0648 Y-19.7330
G1 X222.9810 Y-19.7122
G1 X222.8764 Y-19.6873
G1 X222.7522 Y-19.6588
G1 X222.4504 Y-19.5925
G1 X222.0882 Y-19.5153
G1 X221.6767 Y-19.4300
G1 X221.4562 Y-19.3850
G1 X220.9935 Y-19.2918
G1 X220.7537 Y-19.2443
G1 X220.1212 Y-19.1204
G1 X219.9785 Y-19.0911
G1 X219.8378 Y-19.0614
G1 X219.6988 Y-19.0307
G1 X219.5619 Y-18.9995
G1 X219.4270 Y-18.9677
G1 X219.2939 Y-18.9352
G1 X219.1631 Y-18.9022
G1 X219.0344 Y-18.8684
G1 X218.9074 Y-18.8338
G1 X218.7829 Y-18.7990
G1 X218.6605 Y-18.7635
G1 X218.5401 Y-18.7272
G1 X218.4220 Y-18.6906
G1 X218.3061 Y-18.6533
G1 X218.1926 Y-18.6154
G1 X218.0811 Y-18.5771
G1 X217.9721 Y-18.5382
G1 X217.8657 Y-18.4986
G1 X217.7616 Y-18.4587
G1 X217.6597 Y-18.4183
G1 X217.5604 Y-18.3774
G1 X217.4634 Y-18.3358
G1 X217.3691 Y-18.2938
G1 X217.2772 Y-18.2517
G1 X217.1880 Y-18.2088
G1 X217.1014 Y-18.1656
G1 X217.0173 Y-18.1219
G1 X216.9361 Y-18.0777
G1 X216.8573 Y-18.0332
G1 X216.7814 Y-17.9883
G1 X216.5858 Y-17.8671
G1 X216.4621 Y-17.7932
G1 X216.3379 Y-17.7221
G1 X216.2142 Y-17.6538
G1 X216.0915 Y-17.5885
G1 X215.9709 Y-17.5273
G1 X215.8530 Y-17.4699
G1 X215.7390 Y-17.4168
G1 X215.6292 Y-17.3685
G1 X215.5251 Y-17.3256
G1 X215.4273 Y-17.2883
G1 X215.3364 Y-17.2568
G1 X215.2533 Y-17.2316
G1 X215.1791 Y-17.2131
G1 X215.1146 Y-17.2019
G1 X215.0605 Y-17.1978
G1 X215.0031 Y-17.1943
G1 X214.9292 Y-17.1839
G1 X214.8398 Y-17.1668
G1 X214.7362 Y-17.1435
G1 X214.6191 Y-17.1145
G1 X214.4903 Y-17.0797
G1 X214.3506 Y-17.0401
G1 X214.2012 Y-16.9954
G1 X214.0433 Y-16.9464
G1 X213.8782 Y-16.8933
G1 X213.7067 Y-16.8366
G1 X213.5302 Y-16.7764
G1 X213.3498 Y-16.7132
G1 X213.1667 Y-16.6472
G1 X212.9823 Y-16.5791
G1 X212.5673 Y-16.4211
G1 X212.3415 Y-16.3360
G1 X212.1197 Y-16.2540
G1 X211.9018 Y-16.1747
G1 X211.6879 Y-16.0983
G1 X211.4781 Y-16.0244
G1 X211.2721 Y-15.9535
G1 X211.0699 Y-15.8854
G1 X210.8721 Y-15.8201
G1 X210.6778 Y-15.7577
G1 X210.4875 Y-15.6980
G1 X210.3013 Y-15.6411
G1 X210.1187 Y-15.5870
G1 X209.9401 Y-15.5357
G1 X209.7654 Y-15.4871
G1 X209.5947 Y-15.4414
G1 X209.4276 Y-15.3982
G1 X209.2645 Y-15.3581
G1 X209.1050 Y-15.3205
G1 X208.9495 Y-15.2860
G1 X208.7977 Y-15.2540
G1 X208.6498 Y-15.2248
G1 X208.5056 Y-15.1983
G1 X208.3653 Y-15.1747
G1 X208.2287 Y-15.1539
G1 X208.0958 Y-15.1356
G1 X207.9666 Y-15.1204
G1 X207.8411 Y-15.1077
G1 X207.7194 Y-15.0978
G1 X207.6016 Y-15.0906
G1 X207.4870 Y-15.0861
G1 X207.3765 Y-15.0843
G1 X207.1266 Y-15.0764
G1 X206.9079 Y-15.0541
G1 X206.7179 Y-15.0157
G1 X206.5538 Y-14.9609
G1 X206.4136 Y-14.8880
G1 X206.2947 Y-14.7963
G1 X206.1944 Y-14.6845
G1 X206.1103 Y-14.5522
G1 X206.0694 Y-14.4816
G1 X206.0250 Y-14.4170
G1 X205.9765 Y-14.3579
G1 X205.9234 Y-14.3043
G1 X205.8657 Y-14.2560
G1 X205.8025 Y-14.2126
G1 X205.7336 Y-14.1742
G1 X205.6587 Y-14.1407
G1 X205.5772 Y-14.1117
G1 X205.4888 Y-14.0871
G1 X205.3928 Y-14.0668
G1 X205.2892 Y-14.0505
G1 X205.1771 Y-14.0383
G1 X205.0565 Y-14.0297
G1 X204.9267 Y-14.0246
G1 X204.6483 Y-14.0213
G1 X204.5185 Y-14.0162
G1 X204.3979 Y-14.0076
G1 X204.2858 Y-13.9951
G1 X204.1822 Y-13.9789
G1 X204.0862 Y-13.9586
G1 X203.9978 Y-13.9342
G1 X203.9163 Y-13.9050
G1 X203.8414 Y-13.8714
G1 X203.7725 Y-13.8331
G1 X203.7093 Y-13.7899
G1 X203.6516 Y-13.7417
G1 X203.5985 Y-13.6878
G1 X203.5500 Y-13.6289
G1 X203.5056 Y-13.5641
G1 X203.4238 Y-13.4234
G1 X203.3793 Y-13.3589
G1 X203.3308 Y-13.2999
G1 X203.2780 Y-13.2464
G1 X203.2201 Y-13.1978
G1 X203.1571 Y-13.1547
G1 X203.0885 Y-13.1163
G1 X203.0138 Y-13.0828
G1 X202.9325 Y-13.0536
G1 X202.8444 Y-13.0289
G1 X202.7489 Y-13.0086
G1 X202.6455 Y-12.9924
G1 X202.5343 Y-12.9799
G1 X202.4144 Y-12.9713
G1 X202.2853 Y-12.9662
G1 X202.1469 Y-12.9647
G1 X202.0237 Y-12.9604
G1 X201.8871 Y-12.9474
G1 X201.7377 Y-12.9266
G1 X201.5769 Y-12.8976
G1 X201.4052 Y-12.8610
G1 X201.2239 Y-12.8171
G1 X201.0336 Y-12.7660
G1 X200.8353 Y-12.7084
G1 X200.6298 Y-12.6441
G1 X200.4182 Y-12.5735
G1 X200.2013 Y-12.4968
G1 X199.9803 Y-12.4145
G1 X199.7558 Y-12.3269
G1 X199.5287 Y-12.2339
G1 X199.2998 Y-12.1364
G1 X198.9607 Y-11.9850
G1 X198.8398 Y-11.9337
G1 X198.7083 Y-11.8798
G1 X198.5668 Y-11.8237
G1 X198.4921 Y-11.7947
G1 X198.3359 Y-11.7353
G1 X198.1705 Y-11.6738
G1 X197.9963 Y-11.6103
G1 X197.8134 Y-11.5451
G1 X197.6224 Y-11.4780
G1 X197.3217 Y-11.3744
G1 X197.1119 Y-11.3035
G1 X196.7850 Y-11.1945
G1 X196.5589 Y-11.1204
G1 X196.3270 Y-11.0452
G1 X195.9689 Y-10.9304
G1 X195.3481 Y-10.7351
G1 X194.7019 Y-10.5362
G1 X194.3047 Y-10.4158
G1 X193.7662 Y-10.2547
G1 X193.3578 Y-10.1341
G1 X192.8089 Y-9.9741
G1 X192.1203 Y-9.7765
G1 X191.7083 Y-9.6599
G1 X190.8919 Y-9.4328
G1 X190.4906 Y-9.3231
G1 X189.7070 Y-9.1128
G1 X189.2031 Y-8.9807
G1 X188.7174 Y-8.8560
G1 X188.3667 Y-8.7678
G1 X187.9201 Y-8.6581
G1 X187.7065 Y-8.6068
G1 X187.3994 Y-8.5347
G1 X187.2038 Y-8.4900
G1 X187.0164 Y-8.4480
G1 X186.9257 Y-8.4282
G1 X186.6666 Y-8.3731
G1 X186.5051 Y-8.3403
G1 X186.3529 Y-8.3106
G1 X186.2806 Y-8.2972
G1 X186.1431 Y-8.2725
G1 X186.0161 Y-8.2514
G1 X185.8998 Y-8.2339
G1 X185.8460 Y-8.2266
G1 X185.7464 Y-8.2146
G1 X185.6585 Y-8.2067
G1 X185.6191 Y-8.2042
G1 X185.5828 Y-8.2027
G1 X185.5008 Y-8.2009
G1 X185.4418 Y-8.1973
G1 X185.3725 Y-8.1912
G1 X185.2938 Y-8.1831
G1 X185.2054 Y-8.1727
G1 X185.1078 Y-8.1603
G1 X185.0017 Y-8.1455
G1 X184.8869 Y-8.1290
G1 X184.7642 Y-8.1105
G1 X184.6334 Y-8.0899
G1 X184.4952 Y-8.0675
G1 X184.3499 Y-8.0434
G1 X184.1978 Y-8.0175
G1 X183.8744 Y-7.9609
G1 X183.7037 Y-7.9301
G1 X183.5277 Y-7.8979
G1 X183.1602 Y-7.8293
G1 X182.7746 Y-7.7554
G1 X182.3733 Y-7.6766
G1 X182.1678 Y-7.6355
G1 X181.7482 Y-7.5507
G1 X181.5348 Y-7.5067
G1 X181.1028 Y-7.4165
G1 X180.6654 Y-7.3236
G1 X180.2166 Y-7.2268
G1 X179.9869 Y-7.1783
G1 X179.7568 Y-7.1305
G1 X179.5272 Y-7.0838
G1 X179.2978 Y-7.0381
G1 X179.0692 Y-6.9934
G1 X178.8417 Y-6.9497
G1 X178.6156 Y-6.9073
G1 X178.3911 Y-6.8659
G1 X178.1686 Y-6.8257
G1 X177.9483 Y-6.7866
G1 X177.7309 Y-6.7490
G1 X177.5163 Y-6.7127
G1 X177.3050 Y-6.6779
G1 X177.0972 Y-6.6444
G1 X176.8932 Y-6.6126
G1 X176.6936 Y-6.5822
G1 X176.4982 Y-6.5535
G1 X176.3077 Y-6.5263
G1 X176.1226 Y-6.5006
G1 X175.9425 Y-6.4770
G1 X175.7685 Y-6.4549
G1 X175.6004 Y-6.4348
G1 X175.4386 Y-6.4165
G1 X175.2836 Y-6.4003
G1 X175.1355 Y-6.3861
G1 X174.9948 Y-6.3736
G1 X174.8615 Y-6.3635
G1 X174.7363 Y-6.3553
G1 X174.6194 Y-6.3495
G1 X174.5110 Y-6.3457
G1 X174.4114 Y-6.3442
G1 X174.3169 Y-6.3434
G1 X174.2166 Y-6.3416
G1 X174.1104 Y-6.3388
G1 X173.9989 Y-6.3350
G1 X173.8823 Y-6.3302
G1 X173.7609 Y-6.3246
G1 X173.6349 Y-6.3180
G1 X173.5046 Y-6.3106
G1 X173.3705 Y-6.3022
G1 X173.0913 Y-6.2835
G1 X172.9468 Y-6.2728
G1 X172.7998 Y-6.2614
G1 X172.4985 Y-6.2365
G1 X172.1894 Y-6.2090
G1 X171.8749 Y-6.1791
G1 X171.5574 Y-6.1471
G1 X171.2394 Y-6.1128
G1 X171.0809 Y-6.0950
G1 X170.9229 Y-6.0767
G1 X170.6108 Y-6.0394
G1 X170.4566 Y-6.0198
G1 X170.1546 Y-5.9804
G1 X170.0073 Y-5.9601
G1 X169.5313 Y-5.8931
G1 X169.1876 Y-5.8463
G1 X168.8328 Y-5.7998
G1 X168.6517 Y-5.7767
G1 X168.2824 Y-5.7305
G1 X167.9047 Y-5.6848
G1 X167.5199 Y-5.6393
G1 X167.1292 Y-5.5946
G1 X166.7337 Y-5.5504
G1 X166.3347 Y-5.5072
G1 X165.7317 Y-5.4437
G1 X165.3283 Y-5.4028
G1 X164.7248 Y-5.3437
G1 X164.3248 Y-5.3058
G1 X163.7312 Y-5.2517
G1 X163.3413 Y-5.2174
G1 X162.9578 Y-5.1849
G1 X162.3967 Y-5.1394
G1 X162.0335 Y-5.1115
G1 X161.6807 Y-5.0856
G1 X161.3393 Y-5.0617
G1 X161.0101 Y-5.0401
G1 X160.6949 Y-5.0208
G1 X160.3944 Y-5.0041
G1 X160.2501 Y-4.9967
G1 X159.9740 Y-4.9835
G1 X159.8425 Y-4.9781
G1 X159.5933 Y-4.9690
G1 X159.3637 Y-4.9629
G1 X159.1546 Y-4.9599
G1 X159.0584 Y-4.9593
G1 X158.9674 Y-4.9596
G1 X158.5895 Y-4.9654
G1 X158.2644 Y-4.9695
G1 X157.7391 Y-4.9743
G1 X157.2016 Y-4.9771
G1 X156.6885 Y-4.9781
G1 X156.3781 Y-4.9774
G1 X155.6393 Y-4.9733
G1 X154.9913 Y-4.9705
G1 X153.8552 Y-4.9675
G1 X153.7967 Y-4.9677
G1 X153.6563 Y-4.9708
G1 X153.4869 Y-4.9769
G1 X153.2908 Y-4.9858
G1 X153.0701 Y-4.9974
G1 X152.6977 Y-5.0195
G1 X152.4254 Y-5.0371
G1 X152.1363 Y-5.0569
G1 X151.6761 Y-5.0902
G1 X151.1910 Y-5.1275
G1 X150.6883 Y-5.1681
G1 X150.3472 Y-5.1968
G1 X149.8321 Y-5.2421
G1 X149.4025 Y-5.2814
G1 X149.2181 Y-5.2977
G1 X149.0208 Y-5.3142
G1 X148.5885 Y-5.3485
G1 X147.9847 Y-5.3929
G1 X147.7251 Y-5.4110
G1 X147.0376 Y-5.4569
G1 X146.4518 Y-5.4940
G1 X145.8397 Y-5.5311
G1 X145.0449 Y-5.5771
G1 X144.0599 Y-5.6309
G1 X142.8887 Y-5.6906
G1 X142.0508 Y-5.7307
G1 X141.2225 Y-5.7678
G1 X140.7340 Y-5.7884
G1 X139.7813 Y-5.8263
G1 X139.3022 Y-5.8466
G1 X138.8179 Y-5.8689
G1 X138.3299 Y-5.8931
G1 X137.8407 Y-5.9187
G1 X137.3520 Y-5.9459
G1 X136.7046 Y-5.9842
G1 X136.2245 Y-6.0142
G1 X135.4404 Y-6.0665
G1 X135.1343 Y-6.0881
G1 X134.6845 Y-6.1211
G1 X134.2481 Y-6.1547
G1 X133.8268 Y-6.1885
G1 X133.2921 Y-6.2339
G1 X132.9136 Y-6.2682
G1 X132.5568 Y-6.3025
G1 X132.2235 Y-6.3365
G1 X132.0152 Y-6.3591
G1 X131.7254 Y-6.3924
G1 X131.4640 Y-6.4254
G1 X131.3068 Y-6.4468
G1 X130.9436 Y-6.4994
G1 X130.6485 Y-6.5400
G1 X130.3505 Y-6.5794
G1 X130.0513 Y-6.6172
G1 X129.7534 Y-6.6533
G1 X129.4587 Y-6.6873
G1 X129.1692 Y-6.7193
G1 X129.0269 Y-6.7343
G1 X128.7493 Y-6.7627
G1 X128.6142 Y-6.7757
G1 X128.3531 Y-6.7998
G1 X128.1057 Y-6.8209
G1 X127.8740 Y-6.8389
G1 X127.7648 Y-6.8466
G1 X127.5606 Y-6.8590
G1 X127.3774 Y-6.8679
G1 X127.2944 Y-6.8707
G1 X127.2174 Y-6.8725
G1 X126.9647 Y-6.8760
G1 X126.7945 Y-6.8821
G1 X126.6353 Y-6.8923
G1 X126.4859 Y-6.9065
G1 X126.3460 Y-6.9251
G1 X126.2144 Y-6.9487
G1 X126.0902 Y-6.9771
G1 X125.9726 Y-7.0109
G1 X125.8606 Y-7.0503
G1 X125.7534 Y-7.0955
G1 X125.6502 Y-7.1468
G1 X125.5502 Y-7.2047
G1 X125.4521 Y-7.2692
G1 X125.3554 Y-7.3406
G1 X125.2591 Y-7.4193
G1 X125.1623 Y-7.5057
G1 X125.1181 Y-7.5446
G1 X125.0681 Y-7.5844
G1 X125.0122 Y-7.6248
G1 X124.9510 Y-7.6662
G1 X124.8842 Y-7.7084
G1 X124.8118 Y-7.7513
G1 X124.7338 Y-7.7950
G1 X124.6505 Y-7.8395
G1 X124.5616 Y-7.8847
G1 X124.4671 Y-7.9306
G1 X124.3673 Y-7.9774
G1 X124.2621 Y-8.0249
G1 X124.1516 Y-8.0729
G1 X124.0356 Y-8.1216
G1 X123.9144 Y-8.1712
G1 X123.7879 Y-8.2215
G1 X123.6561 Y-8.2723
G1 X123.5189 Y-8.3238
G1 X123.3767 Y-8.3762
G1 X123.2291 Y-8.4290
G1 X123.0762 Y-8.4823
G1 X122.9185 Y-8.5364
G1 X122.7554 Y-8.5913
G1 X122.5873 Y-8.6467
G1 X122.4140 Y-8.7025
G1 X122.2360 Y-8.7589
G1 X122.0526 Y-8.8161
G1 X121.8644 Y-8.8737
G1 X121.6711 Y-8.9319
G1 X121.4727 Y-8.9908
G1 X121.2695 Y-9.0500
G1 X120.7894 Y-9.1882
G1 X120.3803 Y-9.3083
G1 X119.9706 Y-9.4315
G1 X119.5603 Y-9.5578
G1 X119.2865 Y-9.6436
G1 X119.0125 Y-9.7307
G1 X118.7381 Y-9.8194
G1 X118.3267 Y-9.9543
G1 X117.9152 Y-10.0922
G1 X117.6406 Y-10.1857
G1 X117.3660 Y-10.2804
G1 X117.0917 Y-10.3764
G1 X116.6802 Y-10.5225
G1 X116.2690 Y-10.6713
G1 X115.9949 Y-10.7719
G1 X115.7211 Y-10.8737
G1 X115.4478 Y-10.9766
G1 X115.0379 Y-11.1331
G1 X114.6289 Y-11.2921
G1 X114.4928 Y-11.3457
G1 X114.0849 Y-11.5077
G1 X113.6780 Y-11.6723
G1 X113.2721 Y-11.8389
G1 X112.8674 Y-12.0081
G1 X112.5985 Y-12.1219
G1 X112.1961 Y-12.2946
G1 X111.9287 Y-12.4109
G1 X111.5289 Y-12.5872
G1 X111.2632 Y-12.7058
G1 X110.9985 Y-12.8252
G1 X110.7343 Y-12.9456
G1 X110.4712 Y-13.0670
G1 X110.2088 Y-13.1890
G1 X109.9475 Y-13.3119
G1 X109.4275 Y-13.5603
G1 X109.1692 Y-13.6858
G1 X108.7834 Y-13.8753
G1 X108.5276 Y-14.0025
G1 X108.1461 Y-14.1948
G1 X107.7671 Y-14.3888
G1 X107.3912 Y-14.5844
G1 X107.1418 Y-14.7157
G1 X106.8941 Y-14.8476
G1 X106.6475 Y-14.9802
G1 X106.4024 Y-15.1133
G1 X106.1585 Y-15.2471
G1 X106.0371 Y-15.3144
G1 X105.6754 Y-15.5166
G1 X105.4362 Y-15.6522
G1 X105.1982 Y-15.7884
G1 X104.9619 Y-15.9253
G1 X104.6107 Y-16.1313
G1 X104.3785 Y-16.2695
G1 X104.1580 Y-16.4020
G1 X104.0498 Y-16.4678
G1 X103.9386 Y-16.5362
G1 X103.5888 Y-16.7536
G1 X103.3450 Y-16.9075
G1 X103.0945 Y-17.0668
G1 X102.7115 Y-17.3139
G1 X102.4537 Y-17.4818
G1 X102.0684 Y-17.7355
G1 X101.8154 Y-17.9042
G1 X101.5675 Y-18.0706
G1 X101.4461 Y-18.1529
G1 X101.2099 Y-18.3139
G1 X100.9838 Y-18.4696
G1 X100.7697 Y-18.6190
G1 X100.6678 Y-18.6908
G1 X100.2937 Y-18.9583
G1 X100.1166 Y-19.0830
G1 X99.9460 Y-19.2016
G1 X99.7821 Y-19.3137
G1 X99.6262 Y-19.4183
G1 X99.4788 Y-19.5156
G1 X99.3412 Y-19.6045
G1 X99.2142 Y-19.6842
G1 X99.0986 Y-19.7549
G1 X98.9957 Y-19.8156
G1 X98.9061 Y-19.8653
G1 X98.8304 Y-19.9042
G1 X98.7702 Y-19.9314
G1 X98.7260 Y-19.9464
G1 X98.6988 Y-19.9484
G1 X98.6897 Y-19.9370
G1 X98.6960 Y-19.8951
G1 X98.7151 Y-19.8399
G1 X98.7461 Y-19.7724
G1 X98.7887 Y-19.6929
G1 X98.8423 Y-19.6022
G1 X98.9061 Y-19.5008
G1 X98.9797 Y-19.3899
G1 X99.0628 Y-19.2695
G1 X99.1545 Y-19.1404
G1 X99.2543 Y-19.0038
G1 X99.3620 Y-18.8598
G1 X99.4766 Y-18.7094
G1 X99.5977 Y-18.5529
G1 X99.7250 Y-18.3916
G1 X99.8576 Y-18.2255
G1 X99.9950 Y-18.0558
G1 X100.1367 Y-17.8829
G1 X100.2825 Y-17.7074
G1 X100.4313 Y-17.5303
G1 X100.5830 Y-17.3520
G1 X100.7367 Y-17.1732
G1 X100.8918 Y-16.9946
G1 X101.0483 Y-16.8171
G1 X101.2053 Y-16.6408
G1 X101.3620 Y-16.4671
G1 X101.5182 Y-16.2961
G1 X101.6734 Y-16.1287
G1 X101.8266 Y-15.9657
G1 X101.9777 Y-15.8077
G1 X102.1263 Y-15.6550
G1 X102.2711 Y-15.5087
G1 X102.4123 Y-15.3695
G1 X102.5682 Y-15.2174
G1 X102.9205 Y-14.8763
G1 X103.0488 Y-14.7541
G1 X103.1718 Y-14.6388
G1 X103.2896 Y-14.5301
G1 X103.3473 Y-14.4780
G1 X103.4598 Y-14.3782
G1 X103.5154 Y-14.3299
G1 X103.5703 Y-14.2832
G1 X103.6249 Y-14.2375
G1 X103.6792 Y-14.1930
G1 X103.7336 Y-14.1493
G1 X103.7880 Y-14.1064
G1 X103.8423 Y-14.0645
G1 X103.8972 Y-14.0233
G1 X103.9523 Y-13.9830
G1 X104.0079 Y-13.9431
G1 X104.0641 Y-13.9037
G1 X104.1789 Y-13.8265
G1 X104.2378 Y-13.7884
G1 X104.2977 Y-13.7505
G1 X104.3589 Y-13.7130
G1 X104.4214 Y-13.6754
G1 X104.4854 Y-13.6378
G1 X104.5510 Y-13.5999
G1 X104.6183 Y-13.5623
G1 X104.6874 Y-13.5245
G1 X104.7585 Y-13.4861
G1 X104.9071 Y-13.4087
G1 X104.9845 Y-13.3693
G1 X105.1474 Y-13.2888
G1 X105.3206 Y-13.2052
G1 X105.5058 Y-13.1183
G1 X105.8073 Y-12.9804
G1 X106.1405 Y-12.8316
G1 X106.3818 Y-12.7251
G1 X106.7750 Y-12.5537
G1 X107.8156 Y-12.1034
G1 X107.9470 Y-12.0459
G1 X108.2121 Y-11.9291
G1 X108.6122 Y-11.7500
G1 X109.0097 Y-11.5687
G1 X109.2703 Y-11.4483
G1 X109.5251 Y-11.3292
G1 X109.8928 Y-11.1547
G1 X110.1255 Y-11.0424
G1 X110.2373 Y-10.9878
G1 X110.4511 Y-10.8824
G1 X110.6500 Y-10.7828
G1 X110.8324 Y-10.6896
G1 X110.9962 Y-10.6037
G1 X111.0704 Y-10.5639
G1 X111.2030 Y-10.4907
G1 X111.2606 Y-10.4577
G1 X111.3757 Y-10.3939
G1 X111.5009 Y-10.3299
G1 X111.6350 Y-10.2664
G1 X111.7770 Y-10.2034
G1 X111.9256 Y-10.1420
G1 X112.0793 Y-10.0818
G1 X112.2373 Y-10.0236
G1 X112.3980 Y-9.9677
G1 X112.5606 Y-9.9146
G1 X112.7234 Y-9.8649
G1 X112.8857 Y-9.8186
G1 X113.0457 Y-9.7765
G1 X113.2027 Y-9.7386
G1 X113.3551 Y-9.7058
G1 X113.5019 Y-9.6782
G1 X113.6419 Y-9.6561
G1 X113.7125 Y-9.6454
G1 X113.7879 Y-9.6319
G1 X113.8682 Y-9.6162
G1 X113.9528 Y-9.5982
G1 X114.0419 Y-9.5778
G1 X114.1346 Y-9.5552
G1 X114.2314 Y-9.5306
G1 X114.3317 Y-9.5039
G1 X114.4354 Y-9.4752
G1 X114.5421 Y-9.4447
G1 X114.6515 Y-9.4122
G1 X114.7638 Y-9.3782
G1 X114.8784 Y-9.3424
G1 X114.9952 Y-9.3050
G1 X115.1141 Y-9.2662
G1 X115.2345 Y-9.2260
G1 X115.3564 Y-9.1844
G1 X115.4798 Y-9.1415
G1 X115.6040 Y-9.0975
G1 X115.7290 Y-9.0523
G1 X115.8547 Y-9.0061
G1 X115.9807 Y-8.9588
G1 X116.1070 Y-8.9108
G1 X116.2332 Y-8.8618
G1 X116.3589 Y-8.8123
G1 X116.4839 Y-8.7620
G1 X116.6084 Y-8.7112
G1 X116.7318 Y-8.6599
G1 X116.8537 Y-8.6081
G1 X116.9744 Y-8.5560
G1 X117.0935 Y-8.5037
G1 X117.3277 Y-8.3985
G1 X117.4471 Y-8.3457
G1 X117.5685 Y-8.2928
G1 X117.8169 Y-8.1874
G1 X117.9429 Y-8.1351
G1 X118.0704 Y-8.0830
G1 X118.1984 Y-8.0315
G1 X118.3272 Y-7.9804
G1 X118.5857 Y-7.8798
G1 X118.8438 Y-7.7823
G1 X118.9721 Y-7.7348
G1 X119.2263 Y-7.6431
G1 X119.3513 Y-7.5989
G1 X119.4750 Y-7.5560
G1 X119.5969 Y-7.5143
G1 X119.8347 Y-7.4353
G1 X119.9500 Y-7.3983
G1 X120.0625 Y-7.3630
G1 X120.1720 Y-7.3292
G1 X120.2784 Y-7.2974
G1 X120.3815 Y-7.2674
G1 X120.4808 Y-7.2395
G1 X120.5763 Y-7.2136
G1 X120.6678 Y-7.1900
G1 X120.7546 Y-7.1686
G1 X120.8369 Y-7.1496
G1 X121.0724 Y-7.0996
G1 X121.2446 Y-7.0607
G1 X121.4298 Y-7.0173
G1 X121.6259 Y-6.9695
G1 X121.8311 Y-6.9179
G1 X122.0442 Y-6.8628
G1 X122.2632 Y-6.8049
G1 X122.4864 Y-6.7445
G1 X122.7122 Y-6.6822
G1 X122.9388 Y-6.6185
G1 X123.1646 Y-6.5535
G1 X123.3879 Y-6.4879
G1 X123.6071 Y-6.4221
G1 X123.8202 Y-6.3569
G1 X124.0257 Y-6.2923
G1 X124.4168 Y-6.1664
G1 X124.6182 Y-6.1036
G1 X124.8247 Y-6.0409
G1 X125.0351 Y-5.9789
G1 X125.2471 Y-5.9179
G1 X125.4595 Y-5.8585
G1 X125.6711 Y-5.8009
G1 X125.8796 Y-5.7455
G1 X126.0841 Y-5.6929
G1 X126.2827 Y-5.6434
G1 X126.4740 Y-5.5974
G1 X126.6561 Y-5.5552
G1 X126.8278 Y-5.5174
G1 X126.9876 Y-5.4844
G1 X127.1336 Y-5.4564
G1 X127.3970 Y-5.4115
G1 X127.5471 Y-5.3830
G1 X127.7137 Y-5.3490
G1 X127.8951 Y-5.3101
G1 X128.0889 Y-5.2667
G1 X128.2941 Y-5.2192
G1 X128.5088 Y-5.1676
G1 X128.7313 Y-5.1130
G1 X128.9596 Y-5.0554
G1 X129.1925 Y-4.9954
G1 X129.4280 Y-4.9332
G1 X129.6645 Y-4.8694
G1 X129.9002 Y-4.8047
G1 X130.1333 Y-4.7389
G1 X130.3625 Y-4.6728
G1 X130.5855 Y-4.6068
G1 X130.8075 Y-4.5418
G1 X131.0333 Y-4.4785
G1 X131.2609 Y-4.4176
G1 X131.4892 Y-4.3591
G1 X131.7160 Y-4.3033
G1 X131.9403 Y-4.2507
G1 X132.1605 Y-4.2017
G1 X132.3744 Y-4.1562
G1 X132.5811 Y-4.1148
G1 X132.7785 Y-4.0782
G1 X132.9654 Y-4.0460
G1 X133.1402 Y-4.0190
G1 X133.3007 Y-3.9975
G1 X133.4463 Y-3.9817
G1 X133.5745 Y-3.9721
G1 X133.6843 Y-3.9688
G1 X133.7942 Y-3.9662
G1 X133.9235 Y-3.9586
G1 X134.0703 Y-3.9461
G1 X134.2332 Y-3.9291
G1 X134.4104 Y-3.9078
G1 X134.6004 Y-3.8826
G1 X134.8016 Y-3.8534
G1 X135.0122 Y-3.8209
G1 X135.2309 Y-3.7851
G1 X135.4557 Y-3.7465
G1 X135.6850 Y-3.7048
G1 X135.9174 Y-3.6609
G1 X136.1514 Y-3.6149
G1 X136.3853 Y-3.5667
G1 X136.6169 Y-3.5169
G1 X136.8455 Y-3.4656
G1 X137.9723 Y-3.2088
G1 X138.8610 Y-3.0094
G1 X139.2817 Y-2.9169
G1 X139.6878 Y-2.8288
G1 X140.2095 Y-2.7183
G1 X140.5872 Y-2.6403
G1 X140.8328 Y-2.5908
G1 X141.1938 Y-2.5197
G1 X141.4297 Y-2.4745
G1 X141.7770 Y-2.4100
G1 X142.1178 Y-2.3492
G1 X142.4531 Y-2.2921
G1 X142.6743 Y-2.2560
G1 X143.0033 Y-2.2050
G1 X143.2212 Y-2.1727
G1 X143.4384 Y-2.1420
G1 X143.6553 Y-2.1125
G1 X143.8722 Y-2.0846
G1 X144.0894 Y-2.0579
G1 X144.3071 Y-2.0328
G1 X144.5260 Y-2.0086
G1 X144.6360 Y-1.9972
G1 X144.8570 Y-1.9751
G1 X145.0800 Y-1.9543
G1 X145.3050 Y-1.9347
G1 X145.5326 Y-1.9162
G1 X145.7632 Y-1.8986
G1 X145.9969 Y-1.8824
G1 X146.3545 Y-1.8598
G1 X146.5979 Y-1.8461
G1 X146.9713 Y-1.8273
G1 X147.2265 Y-1.8158
G1 X147.4869 Y-1.8054
G1 X147.8882 Y-1.7912
G1 X148.1633 Y-1.7828
G1 X148.5880 Y-1.7716
G1 X149.0287 Y-1.7620
G1 X149.6426 Y-1.7516
G1 X149.9619 Y-1.7473
G1 X150.4566 Y-1.7419
G1 X151.1480 Y-1.7366
G1 X151.8785 Y-1.7330
G1 X152.8506 Y-1.7308
G1 X153.2588 Y-1.7305
G1 X153.2588 Y-1.7305
G1 X154.3309 Y-1.7308
G1 X155.2575 Y-1.7323
G1 X156.2194 Y-1.7369
G1 X157.1887 Y-1.7447
; Retract
G1 Z2.5400 F2540

; Path 2
; Rapid to initial position
G1 X160.6906 Y-17.6990 F2540
G1 Z0.0000
; plunge
G1 Z-3.1750 F127
; cut
G1 X160.8475 Y-17.6642 F1016
G1 X161.0045 Y-17.6309
G1 X161.1612 Y-17.5986
G1 X161.3179 Y-17.5674
G1 X161.4747 Y-17.5374
G1 X161.6316 Y-17.5085
G1 X161.7886 Y-17.4805
G1 X161.9458 Y-17.4536
G1 X162.1033 Y-17.4280
G1 X162.2610 Y-17.4033
G1 X162.4193 Y-17.3797
G1 X162.5778 Y-17.3571
G1 X162.7370 Y-17.3355
G1 X162.8968 Y-17.3149
G1 X163.0571 Y-17.2954
G1 X163.2184 Y-17.2766
G1 X163.3802 Y-17.2590
G1 X163.5430 Y-17.2423
G1 X163.7066 Y-17.2265
G1 X163.8711 Y-17.2115
G1 X164.0368 Y-17.1978
G1 X164.2034 Y-17.1846
G1 X164.3713 Y-17.1727
G1 X164.5404 Y-17.1613
G1 X164.7106 Y-17.1508
G1 X164.8823 Y-17.1414
G1 X165.0555 Y-17.1328
G1 X165.2300 Y-17.1249
G1 X165.4063 Y-17.1178
G1 X165.5841 Y-17.1115
G1 X165.7634 Y-17.1061
G1 X165.9445 Y-17.1016
G1 X166.1274 Y-17.0975
G1 X166.3121 Y-17.0945
G1 X166.4988 Y-17.0919
G1 X170.2595 Y-17.0658
G1 X170.2595 Y-17.0658
G1 X170.3436 Y-17.7991
G1 X170.3489 Y-17.8524
G1 X170.3520 Y-17.9045
G1 X170.3532 Y-17.9553
G1 X170.3522 Y-18.0050
G1 X170.3492 Y-18.0538
G1 X170.3441 Y-18.1013
G1 X170.3367 Y-18.1480
G1 X170.3273 Y-18.1935
G1 X170.3156 Y-18.2377
G1 X170.3017 Y-18.2811
G1 X170.2854 Y-18.3236
G1 X170.2669 Y-18.3647
G1 X170.2460 Y-18.4048
G1 X170.2227 Y-18.4442
G1 X170.1970 Y-18.4823
G1 X170.1691 Y-18.5196
G1 X170.1383 Y-18.5557
G1 X170.1053 Y-18.5910
G1 X170.0698 Y-18.6253
G1 X170.0317 Y-18.6586
G1 X169.9910 Y-18.6908
G1 X169.9476 Y-18.7223
G1 X169.9016 Y-18.7528
G1 X169.8528 Y-18.7825
G1 X169.8015 Y-18.8110
G1 X169.7474 Y-18.8389
G1 X169.6905 Y-18.8656
G1 X169.6309 Y-18.8915
G1 X169.5684 Y-18.9167
G1 X169.5028 Y-18.9408
G1 X169.4348 Y-18.9641
G1 X169.3634 Y-18.9868
G1 X169.2892 Y-19.0083
G1 X169.2120 Y-19.0292
G1 X169.1320 Y-19.0492
G1 X169.0487 Y-19.0685
G1 X168.9623 Y-19.0868
G1 X168.8729 Y-19.1046
G1 X168.7805 Y-19.1214
G1 X168.6847 Y-19.1374
G1 X168.5859 Y-19.1526
G1 X168.4835 Y-19.1671
G1 X168.3781 Y-19.1811
G1 X168.2694 Y-19.1940
G1 X168.1574 Y-19.2062
G1 X168.0421 Y-19.2179
G1 X167.9232 Y-19.2288
G1 X167.8010 Y-19.2390
G1 X167.6753 Y-19.2486
G1 X167.5463 Y-19.2573
G1 X167.4134 Y-19.2654
G1 X167.2773 Y-19.2730
G1 X167.1376 Y-19.2799
G1 X166.9943 Y-19.2860
G1 X166.8473 Y-19.2916
G1 X166.6966 Y-19.2964
G1 X166.5422 Y-19.3007
G1 X166.3842 Y-19.3045
G1 X166.2224 Y-19.3076
G1 X166.0566 Y-19.3101
G1 X165.8871 Y-19.3121
G1 X165.5369 Y-19.3144
G1 X165.1909 Y-19.3149
G1 X165.0271 Y-19.3159
G1 X164.8643 Y-19.3175
G1 X164.7030 Y-19.3197
G1 X164.3850 Y-19.3261
G1 X164.2288 Y-19.3302
G1 X164.0749 Y-19.3347
G1 X163.7751 Y-19.3457
G1 X163.4871 Y-19.3586
G1 X163.3479 Y-19.3657
G1 X163.2128 Y-19.3733
G1 X163.0812 Y-19.3815
G1 X162.9540 Y-19.3901
G1 X162.8313 Y-19.3990
G1 X162.7129 Y-19.4084
G1 X162.5996 Y-19.4180
G1 X162.4912 Y-19.4282
G1 X162.3883 Y-19.4386
G1 X162.2910 Y-19.4493
G1 X162.1993 Y-19.4605
G1 X162.1137 Y-19.4716
G1 X162.0345 Y-19.4833
G1 X161.9616 Y-19.4953
G1 X161.8955 Y-19.5075
G1 X161.8366 Y-19.5199
G1 X161.7848 Y-19.5326
G1 X161.7403 Y-19.5453
G1 X161.7035 Y-19.5583
G1 X161.6748 Y-19.5715
G1 X161.6469 Y-19.5854
G1 X161.6131 Y-19.6004
G1 X161.5732 Y-19.6167
G1 X161.5277 Y-19.6342
G1 X161.4769 Y-19.6527
G1 X161.4206 Y-19.6723
G1 X161.2928 Y-19.7142
G1 X161.1462 Y-19.7594
G1 X161.0662 Y-19.7833
G1 X160.8940 Y-19.8333
G1 X160.7066 Y-19.8857
G1 X160.5054 Y-19.9400
G1 X160.2923 Y-19.9962
G1 X160.0685 Y-20.0533
G1 X159.8356 Y-20.1115
G1 X159.5951 Y-20.1699
G1 X159.3484 Y-20.2283
G1 X159.0975 Y-20.2865
G1 X158.8435 Y-20.3439
G1 X158.5857 Y-20.4010
G1 X158.4515 Y-20.4323
G1 X158.3134 Y-20.4655
G1 X158.1716 Y-20.5006
G1 X158.0269 Y-20.5377
G1 X157.8790 Y-20.5763
G1 X157.7284 Y-20.6167
G1 X157.5755 Y-20.6586
G1 X157.4206 Y-20.7018
G1 X157.2638 Y-20.7465
G1 X157.1059 Y-20.7924
G1 X156.9466 Y-20.8394
G1 X156.7863 Y-20.8874
G1 X156.6258 Y-20.9365
G1 X156.3040 Y-21.0370
G1 X156.1437 Y-21.0883
G1 X155.9839 Y-21.1404
G1 X155.8252 Y-21.1927
G1 X155.6675 Y-21.2456
G1 X155.5115 Y-21.2984
G1 X155.3576 Y-21.3517
G1 X155.2057 Y-21.4051
G1 X155.0563 Y-21.4584
G1 X154.9098 Y-21.5115
G1 X154.7663 Y-21.5646
G1 X154.6263 Y-21.6172
G1 X154.4899 Y-21.6695
G1 X154.3576 Y-21.7213
G1 X154.2296 Y-21.7726
G1 X154.1061 Y-21.8232
G1 X153.8694 Y-21.9230
G1 X153.6205 Y-22.0271
G1 X153.3566 Y-22.1356
G1 X152.9382 Y-22.3045
G1 X152.6474 Y-22.4201
G1 X152.1991 Y-22.5956
G1 X151.8956 Y-22.7129
G1 X151.5913 Y-22.8293
G1 X151.2880 Y-22.9438
G1 X150.8404 Y-23.1107
G1 X150.5504 Y-23.2171
G1 X150.2697 Y-23.3187
G1 X150.0005 Y-23.4147
G1 X149.7452 Y-23.5041
G1 X149.5062 Y-23.5862
G1 X149.2517 Y-23.6720
G1 X148.8978 Y-23.7904
G1 X148.5765 Y-23.8963
G1 X148.2875 Y-23.9898
G1 X148.0299 Y-24.0706
G1 X147.8031 Y-24.1391
G1 X147.7343 Y-24.1592
G1 X147.6687 Y-24.1778
G1 X147.5476 Y-24.2110
G1 X147.4917 Y-24.2255
G1 X147.4394 Y-24.2385
G1 X147.3901 Y-24.2501
G1 X147.3439 Y-24.2606
G1 X147.3012 Y-24.2694
G1 X147.2613 Y-24.2771
G1 X147.2248 Y-24.2832
G1 X147.1912 Y-24.2880
G1 X147.1607 Y-24.2913
G1 X147.1333 Y-24.2933
G1 X147.1089 Y-24.2938
G1 X147.0873 Y-24.2931
G1 X147.0690 Y-24.2910
G1 X147.0536 Y-24.2875
G1 X147.0409 Y-24.2824
G1 X147.0312 Y-24.2760
G1 X147.0246 Y-24.2684
G1 X147.0208 Y-24.2593
G1 X147.0195 Y-24.2486
G1 X147.0213 Y-24.2369
G1 X147.0259 Y-24.2235
G1 X147.0332 Y-24.2087
G1 X147.0431 Y-24.1927
G1 X147.0561 Y-24.1752
G1 X147.0716 Y-24.1564
G1 X147.0896 Y-24.1364
G1 X147.1104 Y-24.1145
G1 X147.1338 Y-24.0916
G1 X147.1597 Y-24.0673
G1 X147.1884 Y-24.0414
G1 X147.2194 Y-24.0142
G1 X147.2893 Y-23.9555
G1 X147.3690 Y-23.8915
G1 X147.4587 Y-23.8216
G1 X147.5577 Y-23.7465
G1 X147.7239 Y-23.6230
G1 X147.8747 Y-23.5133
G1 X147.9685 Y-23.4465
G1 X148.1638 Y-23.3103
G1 X148.2654 Y-23.2410
G1 X148.3695 Y-23.1706
G1 X148.4760 Y-23.0998
G1 X148.5847 Y-23.0281
G1 X148.6954 Y-22.9560
G1 X148.9238 Y-22.8095
G1 X149.0409 Y-22.7355
G1 X149.1600 Y-22.6611
G1 X149.4036 Y-22.5107
G1 X149.5280 Y-22.4351
G1 X149.7815 Y-22.2827
G1 X149.9103 Y-22.2062
G1 X150.0406 Y-22.1295
G1 X150.1724 Y-22.0525
G1 X150.4391 Y-21.8984
G1 X150.5742 Y-21.8211
G1 X150.8473 Y-21.6670
G1 X151.1236 Y-21.5130
G1 X151.4028 Y-21.3599
G1 X151.5430 Y-21.2837
G1 X151.6840 Y-21.2077
G1 X151.9667 Y-21.0571
G1 X152.2501 Y-20.9080
G1 X152.3921 Y-20.8341
G1 X152.6758 Y-20.6883
G1 X152.9588 Y-20.5448
G1 X153.2405 Y-20.4043
G1 X153.5204 Y-20.2669
G1 X153.7978 Y-20.1331
G1 X153.9352 Y-20.0678
G1 X154.2075 Y-19.9398
G1 X154.3423 Y-19.8773
G1 X154.4757 Y-19.8161
G1 X154.7393 Y-19.6972
G1 X154.9977 Y-19.5834
G1 X155.1244 Y-19.5285
G1 X155.3736 Y-19.4226
G1 X155.6159 Y-19.3228
G1 X155.7343 Y-19.2750
G1 X155.8506 Y-19.2291
G1 X155.9649 Y-19.1846
G1 X156.1526 Y-19.1127
G1 X156.3383 Y-19.0424
G1 X156.5222 Y-18.9735
G1 X156.7040 Y-18.9062
G1 X156.8844 Y-18.8405
G1 X157.0629 Y-18.7759
G1 X157.2397 Y-18.7129
G1 X157.4152 Y-18.6512
G1 X157.5890 Y-18.5910
G1 X157.7614 Y-18.5323
G1 X157.9324 Y-18.4749
G1 X158.1020 Y-18.4188
G1 X158.2707 Y-18.3642
G1 X158.4378 Y-18.3109
G1 X158.6039 Y-18.2588
G1 X158.7690 Y-18.2082
G1 X158.9331 Y-18.1587
G1 X159.0965 Y-18.1107
G1 X159.2585 Y-18.0640
G1 X159.4201 Y-18.0185
G1 X159.5808 Y-17.9743
G1 X159.7409 Y-17.9311
G1 X159.9004 Y-17.8895
G1 X160.0594 Y-17.8491
G1 X160.2176 Y-17.8097
G1 X160.3756 Y-17.7716
G1 X160.5333 Y-17.7345
G1 X160.6906 Y-17.6990
; Retract
G1 Z2.5400 F2540

; Path 3
; Rapid to initial position
G1 X165.0139 Y-24.6421 F2540
G1 Z0.0000
; plunge
G1 Z-3.1750 F127
; cut
G1 X165.2036 Y-24.5214 F1016
G1 X165.3891 Y-24.4048
G1 X165.5694 Y-24.2931
G1 X165.7431 Y-24.1866
G1 X165.9095 Y-24.0863
G1 X166.0672 Y-23.9923
G1 X166.2153 Y-23.9057
G1 X166.3527 Y-23.8270
G1 X166.4785 Y-23.7566
G1 X166.5912 Y-23.6954
G1 X166.6900 Y-23.6441
G1 X166.7736 Y-23.6029
G1 X166.8414 Y-23.5727
G1 X166.8917 Y-23.5542
G1 X166.9240 Y-23.5478
G1 X166.9240 Y-23.5478
G1 X166.9423 Y-23.5537
G1 X166.9611 Y-23.5707
G1 X166.9806 Y-23.5989
G1 X167.0004 Y-23.6377
G1 X167.0210 Y-23.6873
G1 X167.0418 Y-23.7470
G1 X167.0632 Y-23.8166
G1 X167.0850 Y-23.8961
G1 X167.1071 Y-23.9847
G1 X167.1297 Y-24.0828
G1 X167.1526 Y-24.1897
G1 X167.1757 Y-24.3050
G1 X167.1993 Y-24.4290
G1 X167.2229 Y-24.5608
G1 X167.2468 Y-24.7005
G1 X167.2709 Y-24.8475
G1 X167.2953 Y-25.0022
G1 X167.3197 Y-25.1635
G1 X167.3443 Y-25.3317
G1 X167.3690 Y-25.5064
G1 X167.3936 Y-25.6873
G1 X167.4185 Y-25.8740
G1 X167.4432 Y-26.0662
G1 X167.4678 Y-26.2641
G1 X167.4924 Y-26.4668
G1 X167.5171 Y-26.6743
G1 X167.5417 Y-26.8867
G1 X167.5661 Y-27.1031
G1 X167.6143 Y-27.5476
G1 X167.6616 Y-28.0060
G1 X167.6850 Y-28.2400
G1 X167.7307 Y-28.7150
G1 X167.7530 Y-28.9560
G1 X167.7965 Y-29.4429
G1 X167.8175 Y-29.6885
G1 X167.8584 Y-30.1823
G1 X167.8780 Y-30.4302
G1 X167.8970 Y-30.6784
G1 X167.9336 Y-31.1739
G1 X167.9677 Y-31.6669
G1 X167.9837 Y-31.9121
G1 X168.0136 Y-32.3974
G1 X168.0273 Y-32.6375
G1 X168.0403 Y-32.8750
G1 X168.0525 Y-33.1102
G1 X168.0639 Y-33.3426
G1 X168.0743 Y-33.5719
G1 X168.0840 Y-33.7980
G1 X168.0926 Y-34.0205
G1 X168.1002 Y-34.2389
G1 X168.1071 Y-34.4536
G1 X168.1127 Y-34.6634
G1 X168.1175 Y-34.8689
G1 X168.1211 Y-35.0693
G1 X168.1236 Y-35.2643
G1 X168.1251 Y-35.4541
G1 X168.1262 Y-35.9438
G1 X168.1254 Y-36.1775
G1 X168.1241 Y-36.4038
G1 X168.1223 Y-36.6230
G1 X168.1196 Y-36.8351
G1 X168.1163 Y-37.0401
G1 X168.1122 Y-37.2382
G1 X168.1074 Y-37.4297
G1 X168.1018 Y-37.6144
G1 X168.0954 Y-37.7922
G1 X168.0883 Y-37.9636
G1 X168.0807 Y-38.1284
G1 X168.0721 Y-38.2869
G1 X168.0627 Y-38.4391
G1 X168.0525 Y-38.5851
G1 X168.0416 Y-38.7251
G1 X168.0299 Y-38.8590
G1 X168.0174 Y-38.9870
G1 X168.0042 Y-39.1089
G1 X167.9900 Y-39.2252
G1 X167.9753 Y-39.3360
G1 X167.9595 Y-39.4411
G1 X167.9430 Y-39.5407
G1 X167.9255 Y-39.6349
G1 X167.9072 Y-39.7238
G1 X167.8882 Y-39.8074
G1 X167.8683 Y-39.8859
G1 X167.8475 Y-39.9595
G1 X167.8259 Y-40.0279
G1 X167.8033 Y-40.0916
G1 X167.7800 Y-40.1505
G1 X167.7497 Y-40.2196
G1 X167.7185 Y-40.2857
G1 X167.6862 Y-40.3487
G1 X167.6535 Y-40.4086
G1 X167.6194 Y-40.4655
G1 X167.5846 Y-40.5191
G1 X167.5488 Y-40.5699
G1 X167.5122 Y-40.6174
G1 X167.4749 Y-40.6621
G1 X167.4363 Y-40.7035
G1 X167.3972 Y-40.7421
G1 X167.3568 Y-40.7774
G1 X167.3156 Y-40.8097
G1 X167.2737 Y-40.8389
G1 X167.2308 Y-40.8650
G1 X167.1871 Y-40.8882
G1 X167.1424 Y-40.9082
G1 X167.0967 Y-40.9252
G1 X167.0502 Y-40.9392
G1 X167.0030 Y-40.9499
G1 X166.9547 Y-40.9578
G1 X166.9057 Y-40.9626
G1 X166.8556 Y-40.9641
G1 X166.8046 Y-40.9628
G1 X166.7530 Y-40.9585
G1 X166.7002 Y-40.9509
G1 X166.6469 Y-40.9402
G1 X166.5923 Y-40.9268
G1 X166.5371 Y-40.9100
G1 X166.4810 Y-40.8904
G1 X166.4238 Y-40.8676
G1 X166.3659 Y-40.8417
G1 X166.3073 Y-40.8130
G1 X166.2476 Y-40.7810
G1 X166.1871 Y-40.7459
G1 X166.1257 Y-40.7078
G1 X166.0634 Y-40.6669
G1 X166.0002 Y-40.6227
G1 X165.9362 Y-40.5755
G1 X165.8714 Y-40.5252
G1 X165.8056 Y-40.4719
G1 X165.7391 Y-40.4157
G1 X165.6718 Y-40.3563
G1 X165.6034 Y-40.2938
G1 X165.5343 Y-40.2283
G1 X165.4642 Y-40.1597
G1 X165.3934 Y-40.0883
G1 X165.3217 Y-40.0136
G1 X165.2491 Y-39.9359
G1 X165.1757 Y-39.8551
G1 X165.1015 Y-39.7716
G1 X165.0263 Y-39.6847
G1 X164.9504 Y-39.5948
G1 X164.8737 Y-39.5021
G1 X164.7960 Y-39.4061
G1 X164.7175 Y-39.3073
G1 X164.6382 Y-39.2052
G1 X164.5580 Y-39.1000
G1 X164.4769 Y-38.9920
G1 X164.3952 Y-38.8811
G1 X164.3126 Y-38.7668
G1 X164.2290 Y-38.6497
G1 X164.1447 Y-38.5295
G1 X164.0594 Y-38.4061
G1 X164.0030 Y-38.3256
G1 X163.9392 Y-38.2379
G1 X163.8689 Y-38.1437
G1 X163.7919 Y-38.0431
G1 X163.7088 Y-37.9367
G1 X163.6194 Y-37.8244
G1 X163.5244 Y-37.7068
G1 X163.4239 Y-37.5839
G1 X163.3182 Y-37.4564
G1 X163.2074 Y-37.3240
G1 X163.0919 Y-37.1876
G1 X162.9720 Y-37.0472
G1 X162.8478 Y-36.9032
G1 X162.7198 Y-36.7556
G1 X162.5879 Y-36.6050
G1 X162.3141 Y-36.2958
G1 X162.1729 Y-36.1376
G1 X162.0289 Y-35.9776
G1 X161.7337 Y-35.6530
G1 X161.5834 Y-35.4889
G1 X161.4312 Y-35.3240
G1 X161.2778 Y-35.1587
G1 X161.1231 Y-34.9933
G1 X160.9677 Y-34.8280
G1 X160.8117 Y-34.6629
G1 X160.6553 Y-34.4988
G1 X160.4988 Y-34.3355
G1 X160.3426 Y-34.1734
G1 X160.1866 Y-34.0131
G1 X159.7231 Y-33.5389
G1 X159.4188 Y-33.2235
G1 X159.2684 Y-33.0665
G1 X158.9730 Y-32.7548
G1 X158.6855 Y-32.4485
G1 X158.5455 Y-32.2981
G1 X158.2740 Y-32.0032
G1 X158.1427 Y-31.8595
G1 X158.0149 Y-31.7188
G1 X157.8907 Y-31.5808
G1 X157.7703 Y-31.4462
G1 X157.6540 Y-31.3152
G1 X157.4345 Y-31.0650
G1 X157.3319 Y-30.9461
G1 X157.2341 Y-30.8318
G1 X157.1414 Y-30.7221
G1 X157.0540 Y-30.6177
G1 X156.9725 Y-30.5186
G1 X156.8968 Y-30.4249
G1 X156.8270 Y-30.3370
G1 X156.7637 Y-30.2552
G1 X156.7068 Y-30.1798
G1 X156.6565 Y-30.1109
G1 X156.6134 Y-30.0490
G1 X156.5773 Y-29.9938
G1 X156.5488 Y-29.9461
G1 X156.0675 Y-29.0927
G1 X157.1981 Y-28.6291
G1 X157.3195 Y-28.5786
G1 X157.5659 Y-28.4747
G1 X157.8168 Y-28.3672
G1 X158.0716 Y-28.2562
G1 X158.3299 Y-28.1422
G1 X158.5913 Y-28.0251
G1 X158.8549 Y-27.9055
G1 X158.9877 Y-27.8445
G1 X159.3880 Y-27.6588
G1 X159.6565 Y-27.5326
G1 X159.9253 Y-27.4046
G1 X160.1942 Y-27.2750
G1 X160.4627 Y-27.1445
G1 X160.7302 Y-27.0129
G1 X161.1285 Y-26.8143
G1 X161.5219 Y-26.6149
G1 X161.7807 Y-26.4820
G1 X162.0360 Y-26.3495
G1 X162.2875 Y-26.2174
G1 X162.5343 Y-26.0861
G1 X162.7767 Y-25.9560
G1 X163.0134 Y-25.8270
G1 X163.2443 Y-25.6997
G1 X163.4688 Y-25.5742
G1 X163.6865 Y-25.4505
G1 X163.8968 Y-25.3294
G1 X164.0992 Y-25.2108
G1 X164.2933 Y-25.0947
G1 X164.4787 Y-24.9819
G1 X164.5679 Y-24.9265
G1 X164.7391 Y-24.8188
G1 X165.0139 Y-24.6421
; Retract
G1 Z2.5400 F2540

; Path 4
; Rapid to initial position
G1 X171.0240 Y-35.3471 F2540
G1 Z0.0000
; plunge
G1 Z-3.1750 F127
; cut
G1 X171.0454 Y-35.3444 F1016
G1 X171.0454 Y-35.3444
G1 X171.0677 Y-35.3560
G1 X171.0908 Y-35.3814
G1 X171.1152 Y-35.4203
G1 X171.1414 Y-35.4726
G1 X171.1691 Y-35.5379
G1 X171.1990 Y-35.6156
G1 X171.2366 Y-35.7241
G1 X171.2725 Y-35.8424
G1 X171.3067 Y-35.9702
G1 X171.3395 Y-36.1066
G1 X171.3705 Y-36.2511
G1 X171.4000 Y-36.4033
G1 X171.4276 Y-36.5623
G1 X171.4538 Y-36.7279
G1 X171.4779 Y-36.8991
G1 X171.5003 Y-37.0759
G1 X171.5211 Y-37.2570
G1 X171.5399 Y-37.4421
G1 X171.5567 Y-37.6309
G1 X171.5717 Y-37.8224
G1 X171.5849 Y-38.0162
G1 X171.5958 Y-38.2118
G1 X171.6049 Y-38.4086
G1 X171.6121 Y-38.6057
G1 X171.6171 Y-38.8028
G1 X171.6199 Y-38.9994
G1 X171.6207 Y-39.1947
G1 X171.6194 Y-39.3883
G1 X171.6159 Y-39.5793
G1 X171.6103 Y-39.7675
G1 X171.6021 Y-39.9522
G1 X171.5920 Y-40.1325
G1 X171.5795 Y-40.3083
G1 X171.5646 Y-40.4785
G1 X171.5473 Y-40.6430
G1 X171.5277 Y-40.8008
G1 X171.5056 Y-40.9517
G1 X171.4812 Y-41.0949
G1 X171.4556 Y-41.2298
G1 X171.4287 Y-41.3631
G1 X171.4002 Y-41.4950
G1 X171.3708 Y-41.6255
G1 X171.3400 Y-41.7548
G1 X171.3078 Y-41.8826
G1 X171.2745 Y-42.0091
G1 X171.2397 Y-42.1340
G1 X171.2036 Y-42.2577
G1 X171.1663 Y-42.3799
G1 X171.1277 Y-42.5008
G1 X171.0878 Y-42.6204
G1 X171.0466 Y-42.7385
G1 X171.0040 Y-42.8554
G1 X170.9600 Y-42.9707
G1 X170.9148 Y-43.0847
G1 X170.8683 Y-43.1975
G1 X170.8206 Y-43.3090
G1 X170.7713 Y-43.4190
G1 X170.7210 Y-43.5277
G1 X170.6692 Y-43.6352
G1 X170.6159 Y-43.7411
G1 X170.5615 Y-43.8460
G1 X170.5056 Y-43.9494
G1 X170.4485 Y-44.0512
G1 X170.3898 Y-44.1521
G1 X170.3301 Y-44.2516
G1 X170.2686 Y-44.3497
G1 X170.2062 Y-44.4464
G1 X170.1422 Y-44.5419
G1 X170.0769 Y-44.6362
G1 X170.0103 Y-44.7291
G1 X169.9423 Y-44.8208
G1 X169.8729 Y-44.9113
G1 X169.8020 Y-45.0002
G1 X169.7299 Y-45.0880
G1 X169.6565 Y-45.1744
G1 X169.5816 Y-45.2598
G1 X169.5054 Y-45.3438
G1 X169.4277 Y-45.4264
G1 X169.3487 Y-45.5079
G1 X169.2681 Y-45.5882
G1 X169.1864 Y-45.6669
G1 X169.1030 Y-45.7446
G1 X169.0185 Y-45.8211
G1 X168.9326 Y-45.8963
G1 X168.8452 Y-45.9702
G1 X168.7563 Y-46.0428
G1 X168.6662 Y-46.1145
G1 X168.5745 Y-46.1846
G1 X168.4815 Y-46.2537
G1 X168.3870 Y-46.3215
G1 X168.2910 Y-46.3880
G1 X168.1937 Y-46.4533
G1 X168.0952 Y-46.5176
G1 X167.9951 Y-46.5803
G1 X167.8935 Y-46.6420
G1 X167.7904 Y-46.7027
G1 X167.6860 Y-46.7619
G1 X167.5801 Y-46.8201
G1 X167.4729 Y-46.8772
G1 X167.3642 Y-46.9329
G1 X167.2539 Y-46.9875
G1 X167.1422 Y-47.0408
G1 X166.9890 Y-47.1124
G1 X166.8440 Y-47.1790
G1 X166.7073 Y-47.2407
G1 X166.5788 Y-47.2973
G1 X166.4584 Y-47.3492
G1 X166.3459 Y-47.3956
G1 X166.2410 Y-47.4373
G1 X166.1439 Y-47.4739
G1 X166.0545 Y-47.5051
G1 X165.9725 Y-47.5315
G1 X165.8978 Y-47.5526
G1 X165.8305 Y-47.5686
G1 X165.7701 Y-47.5793
G1 X165.7170 Y-47.5849
G1 X165.6707 Y-47.5851
G1 X165.6311 Y-47.5800
G1 X165.5986 Y-47.5699
G1 X165.5724 Y-47.5541
G1 X165.5526 Y-47.5333
G1 X165.5394 Y-47.5069
G1 X165.5323 Y-47.4754
G1 X165.5315 Y-47.4383
G1 X165.5366 Y-47.3959
G1 X165.5478 Y-47.3479
G1 X165.5648 Y-47.2943
G1 X165.5874 Y-47.2354
G1 X165.6156 Y-47.1711
G1 X165.6494 Y-47.1010
G1 X165.6888 Y-47.0256
G1 X165.7332 Y-46.9443
G1 X165.7828 Y-46.8574
G1 X165.8374 Y-46.7652
G1 X165.9611 Y-46.5585
G1 X166.1394 Y-46.2582
G1 X166.3654 Y-45.8734
G1 X166.5795 Y-45.5031
G1 X166.7337 Y-45.2321
G1 X166.8338 Y-45.0538
G1 X167.0291 Y-44.7007
G1 X167.1721 Y-44.4368
G1 X167.3598 Y-44.0827
G1 X167.4995 Y-43.8137
G1 X167.6395 Y-43.5397
G1 X167.7802 Y-43.2590
G1 X167.9710 Y-42.8714
G1 X168.1173 Y-42.5684
G1 X168.2171 Y-42.3596
G1 X168.3187 Y-42.1447
G1 X168.5290 Y-41.6954
G1 X168.7502 Y-41.2158
G1 X168.8655 Y-40.9636
G1 X169.1701 Y-40.2925
G1 X169.2450 Y-40.1254
G1 X169.3936 Y-39.7906
G1 X169.5394 Y-39.4559
G1 X169.6110 Y-39.2895
G1 X169.6817 Y-39.1239
G1 X169.7510 Y-38.9595
G1 X169.8864 Y-38.6352
G1 X169.9519 Y-38.4759
G1 X170.0784 Y-38.1645
G1 X170.1391 Y-38.0129
G1 X170.2547 Y-37.7190
G1 X170.3095 Y-37.5775
G1 X170.3624 Y-37.4396
G1 X170.4609 Y-37.1767
G1 X170.5064 Y-37.0523
G1 X170.5493 Y-36.9329
G1 X170.5897 Y-36.8186
G1 X170.6273 Y-36.7096
G1 X170.6618 Y-36.6067
G1 X170.6936 Y-36.5097
G1 X170.7220 Y-36.4190
G1 X170.7474 Y-36.3350
G1 X170.7695 Y-36.2577
G1 X170.7881 Y-36.1876
G1 X170.8031 Y-36.1249
G1 X170.8145 Y-36.0698
G1 X170.8427 Y-35.9235
G1 X170.8688 Y-35.7944
G1 X170.8935 Y-35.6824
G1 X170.9169 Y-35.5869
G1 X170.9392 Y-35.5079
G1 X170.9608 Y-35.4447
G1 X170.9819 Y-35.3969
G1 X171.0030 Y-35.3647
G1 X171.0240 Y-35.3471
; Retract
G1 Z2.5400 F2540

; Path 5
; Rapid to initial position
G1 X146.3015 Y-45.4769 F2540
G1 Z0.0000
; plunge
G1 Z-3.1750 F127
; cut
G1 X146.3604 Y-45.6240 F1016
G1 X146.4186 Y-45.7716
G1 X146.4762 Y-45.9194
G1 X146.5331 Y-46.0677
G1 X146.5895 Y-46.2168
G1 X146.7000 Y-46.5160
G1 X146.7543 Y-46.6664
G1 X146.8079 Y-46.8173
G1 X146.8610 Y-46.9687
G1 X146.9133 Y-47.1206
G1 X146.9652 Y-47.2730
G1 X147.0162 Y-47.4259
G1 X147.0668 Y-47.5793
G1 X147.1165 Y-47.7335
G1 X147.1658 Y-47.8881
G1 X147.2626 Y-48.1990
G1 X147.3568 Y-48.5122
G1 X147.4031 Y-48.6697
G1 X147.4488 Y-48.8279
G1 X147.4937 Y-48.9864
G1 X147.5382 Y-49.1460
G1 X147.5821 Y-49.3060
G1 X147.6256 Y-49.4665
G1 X147.7107 Y-49.7896
G1 X147.7523 Y-49.9521
G1 X147.8338 Y-50.2790
G1 X147.8740 Y-50.4436
G1 X147.9133 Y-50.6087
G1 X147.9522 Y-50.7749
G1 X147.9906 Y-50.9412
G1 X148.0284 Y-51.1086
G1 X148.0657 Y-51.2768
G1 X148.1186 Y-51.5201
G1 X148.1496 Y-51.6702
G1 X148.1790 Y-51.8218
G1 X148.2072 Y-51.9750
G1 X148.2344 Y-52.1305
G1 X148.2474 Y-52.2089
G1 X148.2725 Y-52.3679
G1 X148.2966 Y-52.5295
G1 X148.3192 Y-52.6943
G1 X148.3408 Y-52.8622
G1 X148.3614 Y-53.0339
G1 X148.3807 Y-53.2097
G1 X148.3898 Y-53.2991
G1 X148.4076 Y-53.4812
G1 X148.4160 Y-53.5742
G1 X148.4320 Y-53.7634
G1 X148.4470 Y-53.9580
G1 X148.4610 Y-54.1579
G1 X148.4798 Y-54.4688
G1 X148.4912 Y-54.6837
G1 X148.5067 Y-55.0182
G1 X148.5199 Y-55.3682
G1 X148.5275 Y-55.6108
G1 X148.5402 Y-56.1193
G1 X148.5453 Y-56.3860
G1 X148.5529 Y-56.9450
G1 X148.5565 Y-57.3883
G1 X148.5585 Y-57.8531
G1 X148.5588 Y-58.3408
G1 X148.5575 Y-58.7304
G1 X148.5547 Y-59.1119
G1 X148.5519 Y-59.3618
G1 X148.5461 Y-59.7301
G1 X148.5412 Y-59.9717
G1 X148.5354 Y-60.2102
G1 X148.5252 Y-60.5625
G1 X148.5174 Y-60.7936
G1 X148.5085 Y-61.0225
G1 X148.4935 Y-61.3606
G1 X148.4823 Y-61.5833
G1 X148.4635 Y-61.9130
G1 X148.4498 Y-62.1304
G1 X148.4351 Y-62.3458
G1 X148.4272 Y-62.4528
G1 X148.4023 Y-62.7715
G1 X148.3843 Y-62.9821
G1 X148.3551 Y-63.2953
G1 X148.3340 Y-63.5028
G1 X148.3119 Y-63.7090
G1 X148.2888 Y-63.9145
G1 X148.2641 Y-64.1190
G1 X148.2385 Y-64.3230
G1 X148.2113 Y-64.5262
G1 X148.1831 Y-64.7291
G1 X148.1381 Y-65.0331
G1 X148.1066 Y-65.2356
G1 X148.0736 Y-65.4380
G1 X148.0393 Y-65.6407
G1 X148.0035 Y-65.8437
G1 X147.9471 Y-66.1487
G1 X147.9078 Y-66.3529
G1 X147.8669 Y-66.5579
G1 X147.8247 Y-66.7636
G1 X147.7808 Y-66.9701
G1 X147.7353 Y-67.1782
G1 X147.6883 Y-67.3872
G1 X147.6398 Y-67.5975
G1 X147.5897 Y-67.8096
G1 X147.5379 Y-68.0230
G1 X147.4572 Y-68.3468
G1 X147.4013 Y-68.5650
G1 X147.3142 Y-68.8960
G1 X147.2540 Y-69.1195
G1 X147.1920 Y-69.3456
G1 X147.1282 Y-69.5739
G1 X147.0627 Y-69.8050
G1 X147.0292 Y-69.9216
G1 X146.9260 Y-70.2757
G1 X146.8189 Y-70.6364
G1 X146.7449 Y-70.8810
G1 X146.5913 Y-71.3801
G1 X146.4711 Y-71.7639
G1 X146.3464 Y-72.1561
G1 X146.2171 Y-72.5574
G1 X146.0739 Y-72.9955
G1 X146.0243 Y-73.1457
G1 X145.9253 Y-73.4433
G1 X145.7772 Y-73.8822
G1 X145.6301 Y-74.3105
G1 X145.5331 Y-74.5894
G1 X145.4371 Y-74.8622
G1 X145.2489 Y-75.3882
G1 X145.1572 Y-75.6402
G1 X145.1120 Y-75.7631
G1 X144.9791 Y-76.1197
G1 X144.8516 Y-76.4560
G1 X144.7696 Y-76.6681
G1 X144.6903 Y-76.8698
G1 X144.6139 Y-77.0611
G1 X144.5405 Y-77.2409
G1 X144.4706 Y-77.4088
G1 X144.4043 Y-77.5647
G1 X144.3416 Y-77.7077
G1 X144.3116 Y-77.7743
G1 X144.2550 Y-77.8972
G1 X144.2024 Y-78.0059
G1 X144.1778 Y-78.0550
G1 X144.1544 Y-78.1002
G1 X144.1320 Y-78.1418
G1 X144.1110 Y-78.1794
G1 X144.0909 Y-78.2135
G1 X144.0721 Y-78.2432
G1 X144.0548 Y-78.2691
G1 X144.0386 Y-78.2909
G1 X144.0236 Y-78.3085
G1 X144.0101 Y-78.3219
G1 X143.9979 Y-78.3311
G1 X143.9873 Y-78.3359
G1 X143.9779 Y-78.3361
G1 X143.9697 Y-78.3321
G1 X143.9634 Y-78.3237
G1 X143.9583 Y-78.3105
G1 X143.9548 Y-78.2927
G1 X143.9542 Y-78.2813
G1 X143.9578 Y-78.2386
G1 X143.9667 Y-78.1713
G1 X143.9807 Y-78.0801
G1 X144.0106 Y-77.9021
G1 X144.0505 Y-77.6790
G1 X144.0998 Y-77.4154
G1 X144.1778 Y-77.0095
G1 X144.2684 Y-76.5518
G1 X144.3693 Y-76.0534
G1 X144.5494 Y-75.1820
G1 X144.6192 Y-74.8365
G1 X144.6535 Y-74.6633
G1 X144.7213 Y-74.3161
G1 X144.7876 Y-73.9676
G1 X144.8526 Y-73.6183
G1 X144.8846 Y-73.4431
G1 X144.9474 Y-73.0923
G1 X145.0091 Y-72.7408
G1 X145.0393 Y-72.5645
G1 X145.0988 Y-72.2119
G1 X145.1856 Y-71.6816
G1 X145.2415 Y-71.3275
G1 X145.2961 Y-70.9732
G1 X145.3495 Y-70.6183
G1 X145.4267 Y-70.0857
G1 X145.5006 Y-69.5531
G1 X145.5481 Y-69.1980
G1 X145.6167 Y-68.6656
G1 X145.6606 Y-68.3108
G1 X145.7030 Y-67.9567
G1 X145.7439 Y-67.6029
G1 X145.8026 Y-67.0730
G1 X145.8399 Y-66.7207
G1 X145.8758 Y-66.3692
G1 X145.9100 Y-66.0184
G1 X145.9428 Y-65.6684
G1 X145.9741 Y-65.3197
G1 X146.0038 Y-64.9719
G1 X146.0320 Y-64.6252
G1 X146.0716 Y-64.1078
G1 X146.0960 Y-63.7647
G1 X146.1188 Y-63.4228
G1 X146.1402 Y-63.0827
G1 X146.1691 Y-62.5754
G1 X146.1867 Y-62.2397
G1 X146.2024 Y-61.9056
G1 X146.2166 Y-61.5737
G1 X146.2293 Y-61.2437
G1 X146.2402 Y-60.9158
G1 X146.2499 Y-60.5902
G1 X146.2578 Y-60.2671
G1 X146.2639 Y-59.9460
G1 X146.2684 Y-59.6278
G1 X146.2715 Y-59.3118
G1 X146.2730 Y-58.9989
G1 X146.2728 Y-58.6885
G1 X146.2720 Y-58.5343
G1 X146.2692 Y-58.2282
G1 X146.2649 Y-57.9250
G1 X146.2588 Y-57.6250
G1 X146.2550 Y-57.4761
G1 X146.2466 Y-57.1807
G1 X146.2362 Y-56.8886
G1 X146.2242 Y-56.6001
G1 X146.2108 Y-56.3148
G1 X146.1953 Y-56.0332
G1 X146.1783 Y-55.7550
G1 X146.1691 Y-55.6174
G1 X146.1496 Y-55.3448
G1 X146.1392 Y-55.2099
G1 X146.1282 Y-55.0761
G1 X146.1051 Y-54.8114
G1 X146.0805 Y-54.5508
G1 X146.0477 Y-54.2346
G1 X146.0274 Y-54.0482
G1 X146.0066 Y-53.8625
G1 X145.9631 Y-53.4937
G1 X145.9405 Y-53.3108
G1 X145.9174 Y-53.1284
G1 X145.8694 Y-52.7667
G1 X145.8445 Y-52.5869
G1 X145.7930 Y-52.2303
G1 X145.7663 Y-52.0530
G1 X145.7112 Y-51.7012
G1 X145.6827 Y-51.5267
G1 X145.6538 Y-51.3530
G1 X145.6240 Y-51.1797
G1 X145.5938 Y-51.0078
G1 X145.5631 Y-50.8363
G1 X145.5318 Y-50.6656
G1 X145.4998 Y-50.4960
G1 X145.4340 Y-50.1589
G1 X145.4003 Y-49.9915
G1 X145.3657 Y-49.8251
G1 X145.3307 Y-49.6593
G1 X145.2951 Y-49.4942
G1 X145.2588 Y-49.3301
G1 X145.2220 Y-49.1668
G1 X145.1846 Y-49.0040
G1 X145.1465 Y-48.8422
G1 X145.1079 Y-48.6811
G1 X145.0685 Y-48.5209
G1 X145.0287 Y-48.3613
G1 X144.9883 Y-48.2026
G1 X144.9471 Y-48.0444
G1 X144.9052 Y-47.8871
G1 X144.8628 Y-47.7307
G1 X144.8199 Y-47.5750
G1 X144.7762 Y-47.4198
G1 X144.7320 Y-47.2656
G1 X144.6870 Y-47.1119
G1 X144.6416 Y-46.9593
G1 X144.5953 Y-46.8071
G1 X144.5486 Y-46.6557
G1 X144.5011 Y-46.5051
G1 X144.4531 Y-46.3553
G1 X144.4043 Y-46.2059
G1 X144.3551 Y-46.0576
G1 X144.3050 Y-45.9097
G1 X144.2545 Y-45.7627
G1 X144.2032 Y-45.6164
G1 X144.1514 Y-45.4706
G1 X144.0988 Y-45.3255
G1 X144.0457 Y-45.1813
G1 X143.9918 Y-45.0378
G1 X143.9372 Y-44.8950
G1 X143.8821 Y-44.7528
G1 X143.8262 Y-44.6113
G1 X143.7698 Y-44.4703
G1 X143.7127 Y-44.3301
G1 X143.6550 Y-44.1907
G1 X143.5966 Y-44.0520
G1 X143.5374 Y-43.9138
G1 X143.4777 Y-43.7761
G1 X143.4173 Y-43.6392
G1 X143.3563 Y-43.5031
G1 X143.2946 Y-43.3677
G1 X143.2321 Y-43.2328
G1 X143.1691 Y-43.0985
G1 X143.1054 Y-42.9649
G1 X143.0409 Y-42.8320
G1 X142.9758 Y-42.6997
G1 X142.9101 Y-42.5679
G1 X142.8438 Y-42.4368
G1 X142.7767 Y-42.3065
G1 X142.7089 Y-42.1764
G1 X142.6403 Y-42.0474
G1 X142.5712 Y-41.9189
G1 X142.5014 Y-41.7909
G1 X142.4308 Y-41.6634
G1 X142.3596 Y-41.5366
G1 X142.2878 Y-41.4104
G1 X142.2154 Y-41.2849
G1 X142.1420 Y-41.1599
G1 X142.0680 Y-41.0357
G1 X141.9934 Y-40.9118
G1 X141.9182 Y-40.7886
G1 X141.8420 Y-40.6659
G1 X141.7653 Y-40.5440
G1 X141.6878 Y-40.4226
G1 X141.6098 Y-40.3017
G1 X141.5311 Y-40.1813
G1 X141.4516 Y-40.0616
G1 X141.3713 Y-39.9423
G1 X141.2903 Y-39.8236
G1 X141.2088 Y-39.7055
G1 X141.1265 Y-39.5882
G1 X141.0434 Y-39.4711
G1 X140.9596 Y-39.3548
G1 X140.8750 Y-39.2387
G1 X140.7899 Y-39.1234
G1 X140.7041 Y-39.0086
G1 X140.6174 Y-38.8943
G1 X140.5301 Y-38.7805
G1 X140.4419 Y-38.6674
G1 X140.3533 Y-38.5547
G1 X140.2639 Y-38.4424
G1 X140.1735 Y-38.3306
G1 X140.0825 Y-38.2196
G1 X139.9911 Y-38.1089
G1 X139.8986 Y-37.9989
G1 X139.8054 Y-37.8892
G1 X139.7117 Y-37.7800
G1 X139.6169 Y-37.6712
G1 X139.5217 Y-37.5633
G1 X139.4257 Y-37.4556
G1 X139.3289 Y-37.3484
G1 X139.2314 Y-37.2417
G1 X139.1331 Y-37.1353
G1 X139.0343 Y-37.0296
G1 X138.9344 Y-36.9245
G1 X138.8339 Y-36.8196
G1 X138.7328 Y-36.7152
G1 X138.6307 Y-36.6113
G1 X138.5280 Y-36.5079
G1 X138.4247 Y-36.4051
G1 X138.3162 Y-36.2981
G1 X138.2085 Y-36.1930
G1 X137.9952 Y-35.9877
G1 X137.8895 Y-35.8874
G1 X137.7843 Y-35.7889
G1 X137.6799 Y-35.6918
G1 X137.5758 Y-35.5963
G1 X137.4724 Y-35.5023
G1 X137.3696 Y-35.4099
G1 X137.2672 Y-35.3190
G1 X137.1651 Y-35.2295
G1 X137.0635 Y-35.1414
G1 X136.9621 Y-35.0548
G1 X136.8613 Y-34.9697
G1 X136.7607 Y-34.8861
G1 X136.6604 Y-34.8036
G1 X136.5603 Y-34.7228
G1 X136.4602 Y-34.6431
G1 X136.3607 Y-34.5648
G1 X136.2611 Y-34.4879
G1 X136.1618 Y-34.4122
G1 X136.0625 Y-34.3378
G1 X135.9632 Y-34.2646
G1 X135.8641 Y-34.1925
G1 X135.7650 Y-34.1219
G1 X135.6657 Y-34.0523
G1 X135.5664 Y-33.9839
G1 X135.4671 Y-33.9169
G1 X135.3678 Y-33.8508
G1 X135.2682 Y-33.7858
G1 X135.1684 Y-33.7221
G1 X135.0686 Y-33.6593
G1 X134.9682 Y-33.5976
G1 X134.8679 Y-33.5369
G1 X134.7671 Y-33.4772
G1 X134.6662 Y-33.4185
G1 X134.5646 Y-33.3609
G1 X134.4630 Y-33.3042
G1 X134.3607 Y-33.2486
G1 X134.2580 Y-33.1937
G1 X134.1549 Y-33.1399
G1 X134.0513 Y-33.0868
G1 X133.9472 Y-33.0347
G1 X133.8425 Y-32.9834
G1 X133.7371 Y-32.9331
G1 X133.6312 Y-32.8833
G1 X133.5248 Y-32.8346
G1 X133.4173 Y-32.7866
G1 X133.3094 Y-32.7391
G1 X133.2006 Y-32.6926
G1 X133.0912 Y-32.6469
G1 X132.9809 Y-32.6017
G1 X132.8697 Y-32.5572
G1 X132.7577 Y-32.5133
G1 X132.6449 Y-32.4701
G1 X132.5311 Y-32.4277
G1 X132.4163 Y-32.3855
G1 X132.3005 Y-32.3444
G1 X132.1836 Y-32.3035
G1 X132.0658 Y-32.2631
G1 X131.9469 Y-32.2235
G1 X131.8270 Y-32.1843
G1 X131.7059 Y-32.1455
G1 X131.5517 Y-32.0972
G1 X131.3978 Y-32.0500
G1 X131.2443 Y-32.0037
G1 X131.0912 Y-31.9583
G1 X130.9383 Y-31.9141
G1 X130.7859 Y-31.8709
G1 X130.6337 Y-31.8287
G1 X130.4818 Y-31.7876
G1 X130.3302 Y-31.7472
G1 X130.1791 Y-31.7081
G1 X130.0282 Y-31.6700
G1 X129.8776 Y-31.6327
G1 X129.7272 Y-31.5966
G1 X129.5773 Y-31.5615
G1 X129.4277 Y-31.5275
G1 X129.2784 Y-31.4942
G1 X129.1293 Y-31.4622
G1 X128.9804 Y-31.4312
G1 X128.8321 Y-31.4010
G1 X128.6838 Y-31.3720
G1 X128.5359 Y-31.3441
G1 X128.3884 Y-31.3172
G1 X128.2413 Y-31.2910
G1 X128.0942 Y-31.2661
G1 X127.9474 Y-31.2423
G1 X127.8011 Y-31.2191
G1 X127.6551 Y-31.1973
G1 X127.5090 Y-31.1765
G1 X127.3635 Y-31.1567
G1 X127.2182 Y-31.1376
G1 X127.0732 Y-31.1198
G1 X126.9284 Y-31.1031
G1 X126.7838 Y-31.0873
G1 X126.6398 Y-31.0726
G1 X126.4958 Y-31.0586
G1 X126.3520 Y-31.0459
G1 X126.2088 Y-31.0342
G1 X126.0655 Y-31.0236
G1 X125.9228 Y-31.0139
G1 X125.7800 Y-31.0053
G1 X125.6375 Y-30.9977
G1 X125.4956 Y-30.9910
G1 X125.3536 Y-30.9855
G1 X125.2121 Y-30.9809
G1 X125.0706 Y-30.9773
G1 X124.9294 Y-30.9748
G1 X124.7887 Y-30.9733
G1 X124.6480 Y-30.9728
G1 X124.5075 Y-30.9733
G1 X124.3673 Y-30.9748
G1 X124.2273 Y-30.9776
G1 X124.0876 Y-30.9811
G1 X123.9482 Y-30.9857
G1 X123.8090 Y-30.9913
G1 X123.6698 Y-30.9982
G1 X123.5311 Y-31.0058
G1 X123.3924 Y-31.0144
G1 X123.2540 Y-31.0243
G1 X123.1158 Y-31.0350
G1 X122.9779 Y-31.0469
G1 X122.8402 Y-31.0599
G1 X122.7028 Y-31.0736
G1 X122.5654 Y-31.0886
G1 X122.4283 Y-31.1043
G1 X122.2913 Y-31.1213
G1 X122.1547 Y-31.1394
G1 X122.0183 Y-31.1584
G1 X121.8819 Y-31.1785
G1 X121.7460 Y-31.1996
G1 X121.6101 Y-31.2217
G1 X121.4742 Y-31.2448
G1 X121.3388 Y-31.2689
G1 X121.2035 Y-31.2941
G1 X121.0683 Y-31.3202
G1 X120.9335 Y-31.3474
G1 X120.7986 Y-31.3759
G1 X120.6642 Y-31.4051
G1 X120.5296 Y-31.4353
G1 X120.3955 Y-31.4668
G1 X120.2614 Y-31.4990
G1 X120.1275 Y-31.5326
G1 X119.9939 Y-31.5669
G1 X119.8603 Y-31.6024
G1 X119.7270 Y-31.6390
G1 X119.5936 Y-31.6766
G1 X119.4608 Y-31.7152
G1 X119.3279 Y-31.7548
G1 X119.1951 Y-31.7955
G1 X119.0625 Y-31.8371
G1 X118.9302 Y-31.8798
G1 X118.7978 Y-31.9235
G1 X118.6658 Y-31.9682
G1 X118.5337 Y-32.0142
G1 X118.4021 Y-32.0609
G1 X118.2703 Y-32.1089
G1 X118.1387 Y-32.1577
G1 X118.0074 Y-32.2077
G1 X117.8761 Y-32.2588
G1 X117.7450 Y-32.3108
G1 X117.6142 Y-32.3637
G1 X117.4831 Y-32.4178
G1 X117.3526 Y-32.4729
G1 X117.2220 Y-32.5293
G1 X117.0915 Y-32.5864
G1 X116.9612 Y-32.6446
G1 X116.8309 Y-32.7038
G1 X116.7008 Y-32.7642
G1 X116.5708 Y-32.8254
G1 X116.4410 Y-32.8879
G1 X116.3112 Y-32.9514
G1 X116.1816 Y-33.0159
G1 X116.0521 Y-33.0815
G1 X115.9228 Y-33.1480
G1 X115.7933 Y-33.2156
G1 X115.6642 Y-33.2842
G1 X115.5352 Y-33.3538
G1 X115.4062 Y-33.4244
G1 X115.2771 Y-33.4962
G1 X115.1484 Y-33.5689
G1 X115.0196 Y-33.6428
G1 X114.8911 Y-33.7177
G1 X114.7625 Y-33.7937
G1 X114.6340 Y-33.8706
G1 X114.5057 Y-33.9486
G1 X114.3775 Y-34.0276
G1 X114.2492 Y-34.1076
G1 X114.1212 Y-34.1887
G1 X113.9929 Y-34.2709
G1 X113.8194 Y-34.3845
G1 X113.6454 Y-34.5011
G1 X113.5578 Y-34.5608
G1 X113.3826 Y-34.6824
G1 X113.2947 Y-34.7444
G1 X113.1184 Y-34.8709
G1 X112.9416 Y-35.0004
G1 X112.7641 Y-35.1333
G1 X112.5860 Y-35.2689
G1 X112.4074 Y-35.4079
G1 X112.2286 Y-35.5496
G1 X112.0491 Y-35.6944
G1 X111.8695 Y-35.8419
G1 X111.6891 Y-35.9923
G1 X111.5088 Y-36.1457
G1 X111.3279 Y-36.3017
G1 X111.2375 Y-36.3809
G1 X111.0564 Y-36.5409
G1 X110.8753 Y-36.7038
G1 X110.7846 Y-36.7863
G1 X110.6030 Y-36.9529
G1 X110.4214 Y-37.1224
G1 X110.2398 Y-37.2943
G1 X110.0582 Y-37.4686
G1 X109.8766 Y-37.6453
G1 X109.7859 Y-37.7347
G1 X109.6043 Y-37.9151
G1 X109.5136 Y-38.0063
G1 X109.3323 Y-38.1902
G1 X109.1512 Y-38.3764
G1 X109.0607 Y-38.4703
G1 X108.8799 Y-38.6598
G1 X108.6993 Y-38.8516
G1 X108.6091 Y-38.9484
G1 X108.4288 Y-39.1432
G1 X108.3389 Y-39.2415
G1 X108.1593 Y-39.4396
G1 X108.0696 Y-39.5394
G1 X107.9802 Y-39.6397
G1 X107.8014 Y-39.8417
G1 X107.7123 Y-39.9435
G1 X107.5342 Y-40.1485
G1 X107.4456 Y-40.2516
G1 X107.2683 Y-40.4594
G1 X107.1799 Y-40.5641
G1 X107.0036 Y-40.7744
G1 X106.9157 Y-40.8803
G1 X106.7405 Y-41.0934
G1 X106.6531 Y-41.2006
G1 X106.4788 Y-41.4162
G1 X106.2190 Y-41.7426
G1 X105.9609 Y-42.0726
G1 X105.7900 Y-42.2946
G1 X105.6201 Y-42.5178
G1 X105.4509 Y-42.7429
G1 X105.2827 Y-42.9689
G1 X105.1156 Y-43.1965
G1 X105.0326 Y-43.3108
G1 X104.8672 Y-43.5402
G1 X104.7026 Y-43.7708
G1 X104.6211 Y-43.8866
G1 X104.4583 Y-44.1193
G1 X104.3775 Y-44.2359
G1 X104.2167 Y-44.4701
G1 X104.0569 Y-44.7055
G1 X103.8987 Y-44.9417
G1 X103.7420 Y-45.1792
G1 X103.5863 Y-45.4175
G1 X103.4321 Y-45.6565
G1 X103.2794 Y-45.8968
G1 X103.2038 Y-46.0172
G1 X103.0531 Y-46.2585
G1 X102.7946 Y-46.6786
G1 X102.6881 Y-46.8483
G1 X102.5853 Y-47.0093
G1 X102.4857 Y-47.1620
G1 X102.3889 Y-47.3062
G1 X102.2952 Y-47.4424
G1 X102.2043 Y-47.5704
G1 X102.1159 Y-47.6905
G1 X102.0300 Y-47.8028
G1 X101.9467 Y-47.9072
G1 X101.8652 Y-48.0042
G1 X101.7859 Y-48.0936
G1 X101.7085 Y-48.1757
G1 X101.6330 Y-48.2503
G1 X101.5589 Y-48.3179
G1 X101.4862 Y-48.3786
G1 X101.4151 Y-48.4322
G1 X101.3450 Y-48.4789
G1 X101.2759 Y-48.5193
G1 X101.2076 Y-48.5529
G1 X101.1403 Y-48.5800
G1 X101.0735 Y-48.6009
G1 X101.0069 Y-48.6153
G1 X100.9409 Y-48.6237
G1 X100.8748 Y-48.6263
G1 X100.8090 Y-48.6230
G1 X100.7430 Y-48.6136
G1 X100.6765 Y-48.5988
G1 X100.6097 Y-48.5785
G1 X100.5423 Y-48.5526
G1 X100.4743 Y-48.5216
G1 X100.4054 Y-48.4853
G1 X100.3899 Y-48.4762
G1 X100.3752 Y-48.4662
G1 X100.3615 Y-48.4556
G1 X100.3488 Y-48.4447
G1 X100.3371 Y-48.4327
G1 X100.3264 Y-48.4200
G1 X100.3168 Y-48.4066
G1 X100.3082 Y-48.3923
G1 X100.3005 Y-48.3773
G1 X100.2942 Y-48.3613
G1 X100.2886 Y-48.3443
G1 X100.2845 Y-48.3265
G1 X100.2815 Y-48.3075
G1 X100.2795 Y-48.2874
G1 X100.2787 Y-48.2663
G1 X100.2792 Y-48.2443
G1 X100.2810 Y-48.2209
G1 X100.2838 Y-48.1962
G1 X100.2881 Y-48.1703
G1 X100.2934 Y-48.1434
G1 X100.3003 Y-48.1150
G1 X100.3084 Y-48.0850
G1 X100.3178 Y-48.0538
G1 X100.3285 Y-48.0212
G1 X100.3407 Y-47.9870
G1 X100.3544 Y-47.9514
G1 X100.3856 Y-47.8754
G1 X100.4034 Y-47.8351
G1 X100.4227 Y-47.7929
G1 X100.4659 Y-47.7035
G1 X100.4898 Y-47.6562
G1 X100.5421 Y-47.5562
G1 X100.5705 Y-47.5033
G1 X100.6325 Y-47.3916
G1 X100.7008 Y-47.2719
G1 X100.7377 Y-47.2089
G1 X100.8162 Y-47.0766
G1 X100.9018 Y-46.9354
G1 X100.9945 Y-46.7850
G1 X101.1469 Y-46.5419
G1 X101.3163 Y-46.2763
G1 X101.5030 Y-45.9875
G1 X101.7798 Y-45.5646
G1 X102.0897 Y-45.0957
G1 X102.2106 Y-44.9143
G1 X102.3315 Y-44.7340
G1 X102.4529 Y-44.5546
G1 X102.5743 Y-44.3763
G1 X102.6960 Y-44.1993
G1 X102.8177 Y-44.0233
G1 X102.9398 Y-43.8483
G1 X103.0620 Y-43.6743
G1 X103.1845 Y-43.5016
G1 X103.3071 Y-43.3299
G1 X103.4301 Y-43.1592
G1 X103.5533 Y-42.9895
G1 X103.6767 Y-42.8208
G1 X103.8004 Y-42.6535
G1 X103.9244 Y-42.4868
G1 X104.0483 Y-42.3215
G1 X104.1728 Y-42.1569
G1 X104.2975 Y-41.9936
G1 X104.4224 Y-41.8313
G1 X104.5474 Y-41.6700
G1 X104.6729 Y-41.5097
G1 X104.7986 Y-41.3504
G1 X104.9246 Y-41.1922
G1 X105.0508 Y-41.0350
G1 X105.1776 Y-40.8788
G1 X105.3043 Y-40.7236
G1 X105.4316 Y-40.5694
G1 X105.5591 Y-40.4162
G1 X105.6869 Y-40.2638
G1 X105.8149 Y-40.1127
G1 X105.9431 Y-39.9626
G1 X106.0719 Y-39.8132
G1 X106.2010 Y-39.6649
G1 X106.3302 Y-39.5176
G1 X106.4600 Y-39.3713
G1 X106.5901 Y-39.2260
G1 X106.7204 Y-39.0817
G1 X106.8509 Y-38.9382
G1 X106.9820 Y-38.7957
G1 X107.1133 Y-38.6542
G1 X107.2451 Y-38.5138
G1 X107.3772 Y-38.3743
G1 X107.5098 Y-38.2356
G1 X107.6427 Y-38.0980
G1 X107.7758 Y-37.9611
G1 X107.9094 Y-37.8254
G1 X108.0435 Y-37.6906
G1 X108.1776 Y-37.5564
G1 X108.3125 Y-37.4233
G1 X108.4476 Y-37.2913
G1 X108.5832 Y-37.1602
G1 X108.7191 Y-37.0299
G1 X108.8555 Y-36.9006
G1 X108.9922 Y-36.7721
G1 X109.1293 Y-36.6446
G1 X109.2670 Y-36.5178
G1 X109.4049 Y-36.3921
G1 X109.5433 Y-36.2671
G1 X109.6823 Y-36.1432
G1 X109.8215 Y-36.0200
G1 X109.9612 Y-35.8978
G1 X110.1014 Y-35.7767
G1 X110.2421 Y-35.6560
G1 X110.3833 Y-35.5364
G1 X110.5248 Y-35.4178
G1 X110.6668 Y-35.2999
G1 X110.8093 Y-35.1828
G1 X110.9523 Y-35.0667
G1 X111.0955 Y-34.9514
G1 X111.2396 Y-34.8371
G1 X111.3838 Y-34.7236
G1 X111.5289 Y-34.6108
G1 X111.6741 Y-34.4988
G1 X111.8199 Y-34.3878
G1 X111.9662 Y-34.2776
G1 X112.1133 Y-34.1681
G1 X112.2606 Y-34.0594
G1 X112.4085 Y-33.9517
G1 X112.5568 Y-33.8447
G1 X112.7059 Y-33.7386
G1 X112.8552 Y-33.6332
G1 X113.0054 Y-33.5288
G1 X113.1557 Y-33.4251
G1 X113.3069 Y-33.3220
G1 X113.4585 Y-33.2199
G1 X113.6106 Y-33.1186
G1 X113.7633 Y-33.0182
G1 X113.9165 Y-32.9184
G1 X114.0704 Y-32.8193
G1 X114.2246 Y-32.7213
G1 X114.3795 Y-32.6238
G1 X114.5352 Y-32.5270
G1 X114.6912 Y-32.4312
G1 X114.8479 Y-32.3360
G1 X115.0051 Y-32.2417
G1 X115.1628 Y-32.1480
G1 X115.3213 Y-32.0553
G1 X115.4803 Y-31.9631
G1 X115.6401 Y-31.8719
G1 X115.8004 Y-31.7812
G1 X115.9612 Y-31.6913
G1 X116.1227 Y-31.6022
G1 X116.2848 Y-31.5138
G1 X116.4473 Y-31.4261
G1 X116.6106 Y-31.3390
G1 X116.7747 Y-31.2529
G1 X116.9393 Y-31.1673
G1 X117.1047 Y-31.0825
G1 X117.2705 Y-30.9984
G1 X117.4369 Y-30.9151
G1 X117.6043 Y-30.8323
G1 X117.7719 Y-30.7503
G1 X117.9406 Y-30.6690
G1 X118.1097 Y-30.5885
G1 X118.2797 Y-30.5084
G1 X118.4501 Y-30.4292
G1 X118.6213 Y-30.3507
G1 X118.7933 Y-30.2727
G1 X118.9657 Y-30.1958
G1 X119.1390 Y-30.1191
G1 X119.3129 Y-30.0434
G1 X119.4877 Y-29.9679
G1 X119.6630 Y-29.8935
G1 X119.8390 Y-29.8196
G1 X120.0158 Y-29.7464
G1 X120.1933 Y-29.6738
G1 X120.3716 Y-29.6019
G1 X120.5504 Y-29.5305
G1 X120.7470 Y-29.4531
G1 X120.9345 Y-29.3799
G1 X121.1138 Y-29.3108
G1 X121.2853 Y-29.2458
G1 X121.4498 Y-29.1846
G1 X121.6076 Y-29.1272
G1 X121.7595 Y-29.0736
G1 X121.9060 Y-29.0233
G1 X122.0478 Y-28.9766
G1 X122.1852 Y-28.9331
G1 X122.3190 Y-28.8930
G1 X122.4498 Y-28.8559
G1 X122.5781 Y-28.8216
G1 X122.7044 Y-28.7904
G1 X122.8293 Y-28.7617
G1 X122.9535 Y-28.7358
G1 X123.0777 Y-28.7124
G1 X123.2022 Y-28.6913
G1 X123.3277 Y-28.6725
G1 X123.4547 Y-28.6560
G1 X123.5840 Y-28.6413
G1 X123.7158 Y-28.6286
G1 X123.8512 Y-28.6179
G1 X123.9904 Y-28.6088
G1 X124.1339 Y-28.6012
G1 X124.2825 Y-28.5951
G1 X124.4369 Y-28.5905
G1 X124.5974 Y-28.5869
G1 X124.7645 Y-28.5847
G1 X124.9393 Y-28.5834
G1 X125.1219 Y-28.5829
G1 X125.1219 Y-28.5829
G1 X125.3129 Y-28.5831
G1 X125.5459 Y-28.5849
G1 X125.7795 Y-28.5880
G1 X126.0140 Y-28.5928
G1 X126.2492 Y-28.5991
G1 X126.4849 Y-28.6070
G1 X126.7211 Y-28.6167
G1 X126.9576 Y-28.6276
G1 X127.1948 Y-28.6403
G1 X127.4321 Y-28.6545
G1 X127.6695 Y-28.6700
G1 X127.9073 Y-28.6873
G1 X128.1450 Y-28.7061
G1 X128.3825 Y-28.7261
G1 X128.6203 Y-28.7480
G1 X128.8578 Y-28.7711
G1 X129.0947 Y-28.7957
G1 X129.3317 Y-28.8219
G1 X129.5682 Y-28.8496
G1 X129.8039 Y-28.8785
G1 X130.0394 Y-28.9090
G1 X130.2741 Y-28.9410
G1 X130.5082 Y-28.9745
G1 X130.7414 Y-29.0093
G1 X130.9736 Y-29.0454
G1 X131.2050 Y-29.0830
G1 X131.4353 Y-29.1221
G1 X131.6647 Y-29.1625
G1 X131.8928 Y-29.2044
G1 X132.1196 Y-29.2476
G1 X132.3452 Y-29.2920
G1 X132.5692 Y-29.3380
G1 X132.7917 Y-29.3850
G1 X132.9736 Y-29.4256
G1 X133.0884 Y-29.4533
G1 X133.1989 Y-29.4820
G1 X133.3061 Y-29.5123
G1 X133.3584 Y-29.5283
G1 X133.4102 Y-29.5450
G1 X133.4618 Y-29.5623
G1 X133.5126 Y-29.5803
G1 X133.5634 Y-29.5991
G1 X133.6137 Y-29.6189
G1 X133.6639 Y-29.6398
G1 X133.7142 Y-29.6616
G1 X133.7645 Y-29.6845
G1 X133.8148 Y-29.7086
G1 X133.8656 Y-29.7340
G1 X133.9164 Y-29.7609
G1 X133.9677 Y-29.7889
G1 X134.0198 Y-29.8186
G1 X134.0721 Y-29.8498
G1 X134.1252 Y-29.8826
G1 X134.1793 Y-29.9169
G1 X134.2339 Y-29.9532
G1 X134.2898 Y-29.9910
G1 X134.3467 Y-30.0309
G1 X134.4046 Y-30.0728
G1 X134.4638 Y-30.1168
G1 X134.5242 Y-30.1628
G1 X134.5862 Y-30.2110
G1 X134.6497 Y-30.2616
G1 X134.7147 Y-30.3141
G1 X134.8501 Y-30.4269
G1 X134.9205 Y-30.4871
G1 X134.9929 Y-30.5498
G1 X135.0673 Y-30.6154
G1 X135.2227 Y-30.7543
G1 X135.3038 Y-30.8282
G1 X135.4737 Y-30.9847
G1 X135.5623 Y-31.0678
G1 X135.7480 Y-31.2430
G1 X135.9451 Y-31.4315
G1 X136.1547 Y-31.6339
G1 X136.3772 Y-31.8506
G1 X136.7368 Y-32.2039
G1 X136.9949 Y-32.4589
G1 X137.7102 Y-33.1688
G1 X137.9827 Y-33.4419
G1 X138.1173 Y-33.5780
G1 X138.2509 Y-33.7139
G1 X138.3838 Y-33.8498
G1 X138.5153 Y-33.9855
G1 X138.6459 Y-34.1208
G1 X138.7754 Y-34.2560
G1 X139.0312 Y-34.5260
G1 X139.1577 Y-34.6608
G1 X139.2832 Y-34.7955
G1 X139.4076 Y-34.9301
G1 X139.5311 Y-35.0644
G1 X139.6535 Y-35.1986
G1 X139.7752 Y-35.3329
G1 X139.8956 Y-35.4668
G1 X140.1336 Y-35.7348
G1 X140.2512 Y-35.8686
G1 X140.3675 Y-36.0022
G1 X140.4831 Y-36.1358
G1 X140.5979 Y-36.2694
G1 X140.7114 Y-36.4030
G1 X140.8242 Y-36.5366
G1 X140.9360 Y-36.6700
G1 X141.1567 Y-36.9369
G1 X141.2657 Y-37.0703
G1 X141.3736 Y-37.2036
G1 X141.5867 Y-37.4706
G1 X141.6919 Y-37.6039
G1 X141.7963 Y-37.7375
G1 X141.8996 Y-37.8709
G1 X142.0020 Y-38.0045
G1 X142.1036 Y-38.1381
G1 X142.2042 Y-38.2717
G1 X142.3040 Y-38.4053
G1 X142.5009 Y-38.6728
G1 X142.5981 Y-38.8069
G1 X142.6942 Y-38.9407
G1 X142.7897 Y-39.0749
G1 X142.8841 Y-39.2090
G1 X142.9776 Y-39.3433
G1 X143.1623 Y-39.6123
G1 X143.3434 Y-39.8818
G1 X143.4328 Y-40.0169
G1 X143.5214 Y-40.1521
G1 X143.6091 Y-40.2874
G1 X143.6957 Y-40.4228
G1 X143.7818 Y-40.5585
G1 X143.8669 Y-40.6944
G1 X143.9512 Y-40.8305
G1 X144.0348 Y-40.9666
G1 X144.1176 Y-41.1030
G1 X144.1994 Y-41.2397
G1 X144.2804 Y-41.3766
G1 X144.3609 Y-41.5138
G1 X144.4404 Y-41.6512
G1 X144.5191 Y-41.7888
G1 X144.5969 Y-41.9265
G1 X144.6741 Y-42.0647
G1 X144.7505 Y-42.2031
G1 X144.8260 Y-42.3418
G1 X144.9009 Y-42.4807
G1 X144.9748 Y-42.6199
G1 X145.0482 Y-42.7594
G1 X145.1206 Y-42.8993
G1 X145.1925 Y-43.0395
G1 X145.2636 Y-43.1800
G1 X145.3337 Y-43.3207
G1 X145.4033 Y-43.4619
G1 X145.4721 Y-43.6034
G1 X145.5402 Y-43.7452
G1 X145.6075 Y-43.8874
G1 X145.6741 Y-44.0299
G1 X145.7401 Y-44.1729
G1 X145.8051 Y-44.3161
G1 X145.8697 Y-44.4597
G1 X145.9967 Y-44.7482
G1 X146.0589 Y-44.8932
G1 X146.1206 Y-45.0385
G1 X146.1816 Y-45.1843
G1 X146.2418 Y-45.3304
G1 X146.3015 Y-45.4769
; Retract
G1 Z2.5400 F2540

; Path 6
; Rapid to initial position
G1 X140.4904 Y-47.3926 F2540
G1 Z0.0000
; plunge
G1 Z-3.1750 F127
; cut
G1 X140.5537 Y-47.5818 F1016
G1 X140.6167 Y-47.7741
G1 X140.6789 Y-47.9692
G1 X140.7409 Y-48.1673
G1 X140.8024 Y-48.3687
G1 X140.8636 Y-48.5732
G1 X140.9243 Y-48.7810
G1 X140.9850 Y-48.9920
G1 X141.0454 Y-49.2067
G1 X141.1056 Y-49.4248
G1 X141.1656 Y-49.6466
G1 X141.2255 Y-49.8719
G1 X141.2855 Y-50.1007
G1 X141.3452 Y-50.3337
G1 X141.4051 Y-50.5704
G1 X141.4722 Y-50.8386
G1 X141.6014 Y-51.3611
G1 X141.7544 Y-51.9890
G1 X141.8699 Y-52.4726
G1 X141.9527 Y-52.8249
G1 X142.0061 Y-53.0555
G1 X142.0835 Y-53.3946
G1 X142.1333 Y-53.6166
G1 X142.2057 Y-53.9438
G1 X142.2974 Y-54.3700
G1 X142.3413 Y-54.5790
G1 X142.4048 Y-54.8881
G1 X142.4656 Y-55.1924
G1 X142.5044 Y-55.3926
G1 X142.5608 Y-55.6895
G1 X142.6144 Y-55.9826
G1 X142.6487 Y-56.1762
G1 X142.6982 Y-56.4645
G1 X142.7604 Y-56.8449
G1 X142.8044 Y-57.1282
G1 X142.8595 Y-57.5041
G1 X142.8981 Y-57.7855
G1 X142.9349 Y-58.0667
G1 X142.9697 Y-58.3484
G1 X142.9918 Y-58.5366
G1 X143.0233 Y-58.8201
G1 X143.0431 Y-59.0100
G1 X143.0718 Y-59.2966
G1 X143.0899 Y-59.4891
G1 X143.1155 Y-59.7804
G1 X143.1397 Y-60.0751
G1 X143.1623 Y-60.3738
G1 X143.1902 Y-60.7786
G1 X143.2095 Y-61.0885
G1 X143.2276 Y-61.4037
G1 X143.2550 Y-61.9427
G1 X143.2745 Y-62.3875
G1 X143.2926 Y-62.8460
G1 X143.3165 Y-63.5612
G1 X143.3340 Y-64.1853
G1 X143.3380 Y-64.3532
G1 X143.3487 Y-64.8513
G1 X143.3540 Y-65.1787
G1 X143.3594 Y-65.6636
G1 X143.3612 Y-65.9823
G1 X143.3614 Y-66.2981
G1 X143.3609 Y-66.4545
G1 X143.3591 Y-66.7654
G1 X143.3558 Y-67.0733
G1 X143.3510 Y-67.3781
G1 X143.3446 Y-67.6801
G1 X143.3368 Y-67.9793
G1 X143.3274 Y-68.2757
G1 X143.3165 Y-68.5696
G1 X143.3040 Y-68.8609
G1 X143.2971 Y-69.0057
G1 X143.2822 Y-69.2935
G1 X143.2657 Y-69.5790
G1 X143.2476 Y-69.8624
G1 X143.2380 Y-70.0032
G1 X143.2174 Y-70.2836
G1 X143.2065 Y-70.4228
G1 X143.1834 Y-70.7001
G1 X143.1587 Y-70.9757
G1 X143.1323 Y-71.2495
G1 X143.1041 Y-71.5216
G1 X143.0894 Y-71.6570
G1 X143.0586 Y-71.9270
G1 X143.0426 Y-72.0613
G1 X143.0261 Y-72.1954
G1 X142.9918 Y-72.4624
G1 X142.9741 Y-72.5955
G1 X142.9372 Y-72.8609
G1 X142.9182 Y-72.9933
G1 X142.8786 Y-73.2569
G1 X142.8372 Y-73.5198
G1 X142.8156 Y-73.6509
G1 X142.7716 Y-73.9122
G1 X142.7488 Y-74.0428
G1 X142.7018 Y-74.3034
G1 X142.6776 Y-74.4334
G1 X142.6530 Y-74.5632
G1 X142.6022 Y-74.8228
G1 X142.5496 Y-75.0819
G1 X142.5224 Y-75.2112
G1 X142.4671 Y-75.4698
G1 X142.4384 Y-75.5990
G1 X142.3800 Y-75.8576
G1 X142.3500 Y-75.9866
G1 X142.2888 Y-76.2452
G1 X142.2253 Y-76.5035
G1 X142.1600 Y-76.7624
G1 X142.0924 Y-77.0214
G1 X142.0231 Y-77.2808
G1 X141.9515 Y-77.5406
G1 X141.8781 Y-77.8012
G1 X141.8405 Y-77.9315
G1 X141.7637 Y-78.1931
G1 X141.6850 Y-78.4553
G1 X141.6446 Y-78.5868
G1 X141.5628 Y-78.8505
G1 X141.5209 Y-78.9826
G1 X141.4358 Y-79.2480
G1 X141.3924 Y-79.3811
G1 X141.3040 Y-79.6480
G1 X141.2133 Y-79.9163
G1 X141.1206 Y-80.1860
G1 X141.0256 Y-80.4573
G1 X140.9283 Y-80.7301
G1 X140.8288 Y-81.0044
G1 X140.7272 Y-81.2808
G1 X140.6230 Y-81.5589
G1 X140.5169 Y-81.8388
G1 X140.3667 Y-82.2289
G1 X140.2756 Y-82.4639
G1 X140.1887 Y-82.6854
G1 X140.0658 Y-82.9945
G1 X139.9875 Y-83.1863
G1 X139.9116 Y-83.3676
G1 X139.8742 Y-83.4547
G1 X139.8008 Y-83.6221
G1 X139.7645 Y-83.7027
G1 X139.7282 Y-83.7814
G1 X139.6921 Y-83.8581
G1 X139.6561 Y-83.9333
G1 X139.6197 Y-84.0067
G1 X139.5834 Y-84.0788
G1 X139.5468 Y-84.1492
G1 X139.5100 Y-84.2185
G1 X139.4729 Y-84.2866
G1 X139.4351 Y-84.3537
G1 X139.3970 Y-84.4197
G1 X139.3584 Y-84.4850
G1 X139.3187 Y-84.5495
G1 X139.2786 Y-84.6132
G1 X139.2377 Y-84.6765
G1 X139.1961 Y-84.7395
G1 X139.1531 Y-84.8020
G1 X139.1095 Y-84.8644
G1 X139.0645 Y-84.9267
G1 X139.0185 Y-84.9889
G1 X138.9713 Y-85.0514
G1 X138.8727 Y-85.1769
G1 X138.8212 Y-85.2404
G1 X138.7681 Y-85.3044
G1 X138.7135 Y-85.3691
G1 X138.6573 Y-85.4344
G1 X138.5395 Y-85.5680
G1 X138.4775 Y-85.6366
G1 X138.4137 Y-85.7062
G1 X138.2801 Y-85.8495
G1 X138.2100 Y-85.9234
G1 X138.0630 Y-86.0763
G1 X137.9060 Y-86.2366
G1 X137.7391 Y-86.4052
G1 X137.5613 Y-86.5830
G1 X137.1707 Y-86.9696
G1 X136.8445 Y-87.2901
G1 X136.7323 Y-87.3994
G1 X136.6197 Y-87.5078
G1 X136.5070 Y-87.6158
G1 X136.3942 Y-87.7230
G1 X136.2812 Y-87.8296
G1 X136.1679 Y-87.9356
G1 X136.0546 Y-88.0407
G1 X135.9411 Y-88.1454
G1 X135.8273 Y-88.2493
G1 X135.5992 Y-88.4550
G1 X135.4849 Y-88.5568
G1 X135.3703 Y-88.6582
G1 X135.2555 Y-88.7588
G1 X135.1407 Y-88.8586
G1 X135.0256 Y-88.9579
G1 X134.9106 Y-89.0565
G1 X134.7950 Y-89.1545
G1 X134.5639 Y-89.3483
G1 X134.3317 Y-89.5393
G1 X134.2154 Y-89.6341
G1 X133.9822 Y-89.8210
G1 X133.8654 Y-89.9137
G1 X133.7483 Y-90.0057
G1 X133.5136 Y-90.1875
G1 X133.3960 Y-90.2774
G1 X133.2781 Y-90.3666
G1 X133.1600 Y-90.4552
G1 X133.0419 Y-90.5431
G1 X132.9235 Y-90.6305
G1 X132.8049 Y-90.7171
G1 X132.6860 Y-90.8032
G1 X132.4480 Y-90.9731
G1 X132.2093 Y-91.1403
G1 X132.0897 Y-91.2231
G1 X131.9698 Y-91.3049
G1 X131.8496 Y-91.3862
G1 X131.7292 Y-91.4669
G1 X131.6088 Y-91.5469
G1 X131.4882 Y-91.6262
G1 X131.3673 Y-91.7049
G1 X131.1250 Y-91.8604
G1 X131.0035 Y-91.9371
G1 X130.7602 Y-92.0885
G1 X130.5159 Y-92.2373
G1 X130.3934 Y-92.3107
G1 X130.1481 Y-92.4555
G1 X130.0251 Y-92.5269
G1 X129.9019 Y-92.5977
G1 X129.7785 Y-92.6678
G1 X129.6548 Y-92.7374
G1 X129.4072 Y-92.8743
G1 X129.2830 Y-92.9416
G1 X129.0340 Y-93.0747
G1 X128.9093 Y-93.1403
G1 X128.7843 Y-93.2050
G1 X128.6591 Y-93.2693
G1 X128.4082 Y-93.3958
G1 X128.2824 Y-93.4580
G1 X128.1565 Y-93.5195
G1 X128.0302 Y-93.5805
G1 X127.9040 Y-93.6407
G1 X127.7772 Y-93.7003
G1 X127.6505 Y-93.7593
G1 X127.5235 Y-93.8177
G1 X127.3965 Y-93.8754
G1 X127.1415 Y-93.9886
G1 X127.0137 Y-94.0443
G1 X126.8857 Y-94.0994
G1 X126.7574 Y-94.1537
G1 X126.5004 Y-94.2604
G1 X126.3716 Y-94.3127
G1 X126.2426 Y-94.3646
G1 X125.9840 Y-94.4662
G1 X125.7244 Y-94.5652
G1 X125.5944 Y-94.6137
G1 X125.4641 Y-94.6615
G1 X125.3335 Y-94.7087
G1 X125.2030 Y-94.7552
G1 X125.0721 Y-94.8012
G1 X124.9408 Y-94.8464
G1 X124.8098 Y-94.8908
G1 X124.6782 Y-94.9348
G1 X124.5464 Y-94.9782
G1 X124.4145 Y-95.0209
G1 X124.1499 Y-95.1042
G1 X124.0173 Y-95.1448
G1 X123.8847 Y-95.1847
G1 X123.6185 Y-95.2630
G1 X123.4849 Y-95.3011
G1 X123.3513 Y-95.3384
G1 X123.2174 Y-95.3752
G1 X123.0836 Y-95.4113
G1 X122.9492 Y-95.4468
G1 X122.8148 Y-95.4816
G1 X122.6800 Y-95.5159
G1 X122.5451 Y-95.5495
G1 X122.4100 Y-95.5822
G1 X122.1392 Y-95.6462
G1 X122.0033 Y-95.6772
G1 X121.8674 Y-95.7075
G1 X121.7313 Y-95.7372
G1 X121.5946 Y-95.7661
G1 X121.3213 Y-95.8223
G1 X121.1842 Y-95.8492
G1 X121.0467 Y-95.8756
G1 X120.8646 Y-95.9096
G1 X120.6812 Y-95.9424
G1 X120.4971 Y-95.9739
G1 X120.3117 Y-96.0041
G1 X120.1255 Y-96.0333
G1 X119.9383 Y-96.0613
G1 X119.7503 Y-96.0882
G1 X119.5614 Y-96.1136
G1 X119.3716 Y-96.1380
G1 X119.1811 Y-96.1614
G1 X118.9899 Y-96.1834
G1 X118.7978 Y-96.2043
G1 X118.6050 Y-96.2238
G1 X118.4115 Y-96.2424
G1 X118.2174 Y-96.2596
G1 X118.0226 Y-96.2757
G1 X117.8273 Y-96.2906
G1 X117.6315 Y-96.3044
G1 X117.4349 Y-96.3168
G1 X117.2378 Y-96.3282
G1 X117.0404 Y-96.3384
G1 X116.8423 Y-96.3473
G1 X116.6439 Y-96.3552
G1 X116.4453 Y-96.3618
G1 X116.2459 Y-96.3671
G1 X116.0465 Y-96.3714
G1 X115.8466 Y-96.3745
G1 X115.6465 Y-96.3762
G1 X115.4458 Y-96.3770
G1 X115.2451 Y-96.3765
G1 X115.0442 Y-96.3750
G1 X114.8433 Y-96.3722
G1 X114.6419 Y-96.3681
G1 X114.4405 Y-96.3628
G1 X114.2390 Y-96.3564
G1 X114.0376 Y-96.3491
G1 X113.8359 Y-96.3402
G1 X113.6343 Y-96.3303
G1 X113.4328 Y-96.3193
G1 X113.2312 Y-96.3071
G1 X113.0297 Y-96.2937
G1 X112.8283 Y-96.2790
G1 X112.6272 Y-96.2632
G1 X112.4260 Y-96.2464
G1 X112.2251 Y-96.2282
G1 X112.0244 Y-96.2091
G1 X111.8238 Y-96.1885
G1 X111.6236 Y-96.1669
G1 X111.4237 Y-96.1441
G1 X111.2241 Y-96.1202
G1 X111.0249 Y-96.0951
G1 X110.8260 Y-96.0686
G1 X110.6274 Y-96.0412
G1 X110.4295 Y-96.0125
G1 X110.2319 Y-95.9828
G1 X110.0348 Y-95.9518
G1 X109.8382 Y-95.9198
G1 X109.6421 Y-95.8865
G1 X109.4468 Y-95.8520
G1 X109.2520 Y-95.8164
G1 X109.0577 Y-95.7796
G1 X108.8641 Y-95.7415
G1 X108.6714 Y-95.7024
G1 X108.4791 Y-95.6622
G1 X108.3473 Y-95.6338
G1 X108.0808 Y-95.5744
G1 X107.9467 Y-95.5434
G1 X107.8116 Y-95.5116
G1 X107.6759 Y-95.4791
G1 X107.4026 Y-95.4115
G1 X107.1265 Y-95.3409
G1 X106.9873 Y-95.3044
G1 X106.8476 Y-95.2670
G1 X106.7072 Y-95.2289
G1 X106.5662 Y-95.1901
G1 X106.4245 Y-95.1504
G1 X106.2822 Y-95.1100
G1 X106.1395 Y-95.0689
G1 X105.9960 Y-95.0270
G1 X105.7074 Y-94.9411
G1 X105.5624 Y-94.8969
G1 X105.2703 Y-94.8065
G1 X104.9762 Y-94.7130
G1 X104.8286 Y-94.6653
G1 X104.5314 Y-94.5678
G1 X104.2325 Y-94.4672
G1 X103.9315 Y-94.3640
G1 X103.7803 Y-94.3112
G1 X103.4768 Y-94.2040
G1 X103.1718 Y-94.0940
G1 X102.8652 Y-93.9813
G1 X102.5568 Y-93.8660
G1 X102.2474 Y-93.7481
G1 X101.9365 Y-93.6277
G1 X101.6244 Y-93.5048
G1 X101.4679 Y-93.4423
G1 X101.1540 Y-93.3158
G1 X100.8390 Y-93.1868
G1 X100.6813 Y-93.1212
G1 X100.3651 Y-92.9886
G1 X100.0478 Y-92.8538
G1 X99.7301 Y-92.7166
G1 X99.5708 Y-92.6470
G1 X99.2520 Y-92.5065
G1 X98.9325 Y-92.3638
G1 X98.6127 Y-92.2188
G1 X98.2924 Y-92.0717
G1 X97.9719 Y-91.9226
G1 X97.8113 Y-91.8472
G1 X97.4905 Y-91.6950
G1 X97.1695 Y-91.5406
G1 X96.8484 Y-91.3846
G1 X96.6879 Y-91.3056
G1 X96.3668 Y-91.1466
G1 X96.0460 Y-90.9856
G1 X95.7255 Y-90.8230
G1 X95.4054 Y-90.6584
G1 X95.2454 Y-90.5754
G1 X94.9259 Y-90.4083
G1 X94.6069 Y-90.2393
G1 X94.4476 Y-90.1543
G1 X94.1296 Y-89.9828
G1 X93.8121 Y-89.8098
G1 X93.4956 Y-89.6351
G1 X93.1799 Y-89.4591
G1 X92.8652 Y-89.2813
G1 X92.5518 Y-89.1022
G1 X92.3953 Y-89.0120
G1 X92.0834 Y-88.8307
G1 X91.7727 Y-88.6480
G1 X91.4636 Y-88.4639
G1 X91.1558 Y-88.2787
G1 X90.8492 Y-88.0920
G1 X90.6968 Y-87.9983
G1 X90.3928 Y-87.8098
G1 X90.0905 Y-87.6201
G1 X89.7900 Y-87.4293
G1 X89.4913 Y-87.2376
G1 X89.1946 Y-87.0445
G1 X88.9000 Y-86.8505
G1 X85.3280 Y-84.4842
G1 X83.0791 Y-84.3257
G1 X82.9003 Y-84.3123
G1 X82.7225 Y-84.2975
G1 X82.5454 Y-84.2815
G1 X82.3694 Y-84.2640
G1 X82.1941 Y-84.2449
G1 X82.0196 Y-84.2246
G1 X81.8462 Y-84.2028
G1 X81.6734 Y-84.1797
G1 X81.5015 Y-84.1550
G1 X81.3303 Y-84.1289
G1 X81.1601 Y-84.1014
G1 X80.9904 Y-84.0725
G1 X80.8218 Y-84.0422
G1 X80.6539 Y-84.0102
G1 X80.4865 Y-83.9770
G1 X80.3201 Y-83.9424
G1 X80.1543 Y-83.9061
G1 X79.9892 Y-83.8685
G1 X79.8248 Y-83.8294
G1 X79.6613 Y-83.7888
G1 X79.4982 Y-83.7466
G1 X79.3359 Y-83.7032
G1 X79.1743 Y-83.6579
G1 X79.0133 Y-83.6115
G1 X78.8530 Y-83.5635
G1 X78.6933 Y-83.5139
G1 X78.5343 Y-83.4629
G1 X78.3758 Y-83.4103
G1 X78.2178 Y-83.3562
G1 X78.0603 Y-83.3006
G1 X77.9036 Y-83.2437
G1 X77.7474 Y-83.1850
G1 X77.5917 Y-83.1248
G1 X77.4367 Y-83.0631
G1 X77.2820 Y-82.9998
G1 X77.1279 Y-82.9351
G1 X76.9742 Y-82.8688
G1 X76.8213 Y-82.8007
G1 X76.6686 Y-82.7314
G1 X76.5165 Y-82.6602
G1 X76.3646 Y-82.5878
G1 X76.2135 Y-82.5137
G1 X76.0626 Y-82.4380
G1 X75.9122 Y-82.3605
G1 X75.7621 Y-82.2818
G1 X75.6125 Y-82.2013
G1 X75.4631 Y-82.1192
G1 X75.3143 Y-82.0354
G1 X75.1660 Y-81.9503
G1 X75.0176 Y-81.8634
G1 X74.8698 Y-81.7748
G1 X74.7225 Y-81.6849
G1 X74.5752 Y-81.5932
G1 X74.4283 Y-81.4997
G1 X74.2818 Y-81.4047
G1 X74.1355 Y-81.3082
G1 X73.9894 Y-81.2099
G1 X73.8439 Y-81.1101
G1 X73.6984 Y-81.0087
G1 X73.5531 Y-80.9053
G1 X73.4080 Y-80.8007
G1 X73.2633 Y-80.6943
G1 X73.1185 Y-80.5861
G1 X72.9742 Y-80.4763
G1 X72.7964 Y-80.3427
G1 X72.6145 Y-80.2112
G1 X72.4296 Y-80.0821
G1 X72.2432 Y-79.9567
G1 X72.0562 Y-79.8350
G1 X71.8706 Y-79.7187
G1 X71.6872 Y-79.6077
G1 X71.5074 Y-79.5033
G1 X71.3329 Y-79.4060
G1 X71.1647 Y-79.3168
G1 X71.0042 Y-79.2361
G1 X70.8528 Y-79.1652
G1 X70.7118 Y-79.1042
G1 X70.5828 Y-79.0545
G1 X70.4667 Y-79.0164
G1 X70.3649 Y-78.9907
G1 X70.2125 Y-78.9597
G1 X70.0684 Y-78.9297
G1 X69.9325 Y-78.9008
G1 X69.8045 Y-78.8728
G1 X69.6839 Y-78.8452
G1 X69.5703 Y-78.8177
G1 X69.4637 Y-78.7908
G1 X69.3633 Y-78.7636
G1 X69.2694 Y-78.7362
G1 X69.1810 Y-78.7082
G1 X69.0979 Y-78.6798
G1 X69.0202 Y-78.6503
G1 X68.9470 Y-78.6199
G1 X68.8785 Y-78.5881
G1 X68.8139 Y-78.5548
G1 X68.7532 Y-78.5200
G1 X68.6958 Y-78.4832
G1 X68.6417 Y-78.4443
G1 X68.5902 Y-78.4032
G1 X68.5411 Y-78.3595
G1 X68.4941 Y-78.3130
G1 X68.4492 Y-78.2638
G1 X68.4052 Y-78.2114
G1 X68.3626 Y-78.1558
G1 X68.3207 Y-78.0966
G1 X68.2793 Y-78.0336
G1 X68.2379 Y-77.9668
G1 X68.1962 Y-77.8957
G1 X68.1538 Y-77.8205
G1 X68.1106 Y-77.7408
G1 X68.0662 Y-77.6562
G1 X67.9861 Y-77.4992
G1 X67.9186 Y-77.3605
G1 X67.8851 Y-77.2897
G1 X67.8515 Y-77.2173
G1 X67.8183 Y-77.1439
G1 X67.7852 Y-77.0694
G1 X67.7522 Y-76.9937
G1 X67.7194 Y-76.9170
G1 X67.6544 Y-76.7603
G1 X67.5902 Y-76.5990
G1 X67.5267 Y-76.4337
G1 X67.4637 Y-76.2643
G1 X67.4017 Y-76.0905
G1 X67.3402 Y-75.9127
G1 X67.3100 Y-75.8226
G1 X67.2495 Y-75.6392
G1 X67.2198 Y-75.5460
G1 X67.1609 Y-75.3570
G1 X67.1317 Y-75.2610
G1 X67.0738 Y-75.0664
G1 X67.0169 Y-74.8685
G1 X66.9887 Y-74.7682
G1 X66.9331 Y-74.5650
G1 X66.9056 Y-74.4621
G1 X66.8510 Y-74.2541
G1 X66.7977 Y-74.0430
G1 X66.7451 Y-73.8289
G1 X66.6935 Y-73.6117
G1 X66.6427 Y-73.3915
G1 X66.5930 Y-73.1688
G1 X66.5442 Y-72.9430
G1 X66.4964 Y-72.7149
G1 X66.4266 Y-72.3679
G1 X66.3814 Y-72.1335
G1 X66.3372 Y-71.8967
G1 X66.2940 Y-71.6577
G1 X66.2729 Y-71.5376
G1 X66.2313 Y-71.2955
G1 X66.1909 Y-71.0514
G1 X66.1515 Y-70.8053
G1 X66.1132 Y-70.5574
G1 X66.0761 Y-70.3077
G1 X66.0225 Y-69.9303
G1 X65.9717 Y-69.5495
G1 X65.9392 Y-69.2937
G1 X65.9234 Y-69.1655
G1 X65.8779 Y-68.7786
G1 X65.8635 Y-68.6491
G1 X65.8353 Y-68.3892
G1 X65.8218 Y-68.2589
G1 X65.7957 Y-67.9978
G1 X65.7705 Y-67.7357
G1 X65.7355 Y-67.3410
G1 X65.7245 Y-67.2092
G1 X65.7035 Y-66.9450
G1 X65.6935 Y-66.8127
G1 X65.6745 Y-66.5477
G1 X65.6656 Y-66.4152
G1 X65.6486 Y-66.1497
G1 X65.6407 Y-66.0169
G1 X65.6257 Y-65.7509
G1 X65.6123 Y-65.4853
G1 X65.5947 Y-65.0862
G1 X65.5848 Y-64.8205
G1 X65.5764 Y-64.5551
G1 X65.5665 Y-64.1574
G1 X65.5640 Y-64.0248
G1 X65.5587 Y-63.6285
G1 X65.5577 Y-63.4964
G1 X65.5569 Y-63.2333
G1 X65.5577 Y-62.9709
G1 X65.5599 Y-62.7004
G1 X65.5620 Y-62.5658
G1 X65.5645 Y-62.4319
G1 X65.5676 Y-62.2986
G1 X65.5711 Y-62.1657
G1 X65.5795 Y-61.9018
G1 X65.5846 Y-61.7705
G1 X65.5902 Y-61.6400
G1 X65.6026 Y-61.3801
G1 X65.6097 Y-61.2511
G1 X65.6173 Y-61.1226
G1 X65.6255 Y-60.9943
G1 X65.6430 Y-60.7398
G1 X65.6526 Y-60.6130
G1 X65.6628 Y-60.4871
G1 X65.6735 Y-60.3616
G1 X65.6847 Y-60.2364
G1 X65.6963 Y-60.1119
G1 X65.7085 Y-59.9877
G1 X65.7212 Y-59.8642
G1 X65.7344 Y-59.7411
G1 X65.7626 Y-59.4962
G1 X65.7774 Y-59.3745
G1 X65.8086 Y-59.1325
G1 X65.8419 Y-58.8924
G1 X65.8594 Y-58.7731
G1 X65.8774 Y-58.6539
G1 X65.8960 Y-58.5356
G1 X65.9150 Y-58.4175
G1 X65.9346 Y-58.2999
G1 X65.9547 Y-58.1828
G1 X65.9966 Y-57.9498
G1 X66.0405 Y-57.7187
G1 X66.0634 Y-57.6036
G1 X66.0867 Y-57.4891
G1 X66.1106 Y-57.3750
G1 X66.1350 Y-57.2613
G1 X66.1855 Y-57.0352
G1 X66.2381 Y-56.8107
G1 X66.2653 Y-56.6989
G1 X66.2930 Y-56.5876
G1 X66.3501 Y-56.3662
G1 X66.3796 Y-56.2562
G1 X66.4096 Y-56.1464
G1 X66.4400 Y-56.0372
G1 X66.4710 Y-55.9283
G1 X66.5025 Y-55.8195
G1 X66.5345 Y-55.7113
G1 X66.5673 Y-55.6036
G1 X66.6006 Y-55.4962
G1 X66.6344 Y-55.3890
G1 X66.7037 Y-55.1762
G1 X66.7393 Y-55.0700
G1 X66.7753 Y-54.9643
G1 X66.8119 Y-54.8592
G1 X66.8490 Y-54.7543
G1 X66.8868 Y-54.6496
G1 X66.9252 Y-54.5452
G1 X66.9641 Y-54.4413
G1 X67.0034 Y-54.3380
G1 X67.0436 Y-54.2346
G1 X67.0842 Y-54.1317
G1 X67.1253 Y-54.0291
G1 X67.1670 Y-53.9267
G1 X67.2094 Y-53.8249
G1 X67.2523 Y-53.7233
G1 X67.2958 Y-53.6219
G1 X67.3397 Y-53.5208
G1 X67.4296 Y-53.3197
G1 X67.4754 Y-53.2196
G1 X67.5688 Y-53.0205
G1 X67.6163 Y-52.9212
G1 X67.6643 Y-52.8223
G1 X67.7131 Y-52.7235
G1 X67.7624 Y-52.6252
G1 X67.8122 Y-52.5272
G1 X67.8627 Y-52.4294
G1 X67.9138 Y-52.3319
G1 X68.0176 Y-52.1378
G1 X68.0705 Y-52.0410
G1 X68.1238 Y-51.9445
G1 X68.2325 Y-51.7525
G1 X68.3435 Y-51.5615
G1 X68.3999 Y-51.4662
G1 X68.5145 Y-51.2765
G1 X68.6316 Y-51.0878
G1 X68.6910 Y-50.9938
G1 X68.7509 Y-50.9001
G1 X68.8116 Y-50.8066
G1 X68.9346 Y-50.6202
G1 X68.9971 Y-50.5272
G1 X69.0601 Y-50.4347
G1 X69.1881 Y-50.2498
G1 X69.3184 Y-50.0659
G1 X69.4512 Y-49.8831
G1 X69.5185 Y-49.7916
G1 X69.6552 Y-49.6098
G1 X69.7243 Y-49.5191
G1 X69.7941 Y-49.4287
G1 X69.9356 Y-49.2481
G1 X70.0796 Y-49.0682
G1 X70.2158 Y-48.9024
G1 X70.3577 Y-48.7337
G1 X70.5043 Y-48.5635
G1 X70.6544 Y-48.3931
G1 X70.8071 Y-48.2237
G1 X70.9607 Y-48.0560
G1 X71.1147 Y-47.8917
G1 X71.2676 Y-47.7319
G1 X71.4182 Y-47.5775
G1 X71.5655 Y-47.4299
G1 X71.7083 Y-47.2905
G1 X71.8454 Y-47.1602
G1 X71.9760 Y-47.0400
G1 X72.0984 Y-46.9316
G1 X72.2119 Y-46.8358
G1 X72.3151 Y-46.7538
G1 X73.2627 Y-46.0311
G1 X74.0372 Y-48.4817
G1 X74.1159 Y-48.7324
G1 X74.2290 Y-49.1023
G1 X74.3013 Y-49.3448
G1 X74.3367 Y-49.4652
G1 X74.4055 Y-49.7042
G1 X74.4720 Y-49.9415
G1 X74.5366 Y-50.1767
G1 X74.5990 Y-50.4109
G1 X74.6592 Y-50.6440
G1 X74.7177 Y-50.8770
G1 X74.7743 Y-51.1096
G1 X74.8292 Y-51.3423
G1 X74.8558 Y-51.4589
G1 X74.8820 Y-51.5757
G1 X74.9336 Y-51.8102
G1 X74.9587 Y-51.9278
G1 X75.0077 Y-52.1645
G1 X75.0552 Y-52.4030
G1 X75.1017 Y-52.6435
G1 X75.1243 Y-52.7649
G1 X75.1903 Y-53.1335
G1 X75.2328 Y-53.3834
G1 X75.2742 Y-53.6369
G1 X75.3148 Y-53.8947
G1 X75.3346 Y-54.0253
G1 X75.3737 Y-54.2897
G1 X75.4118 Y-54.5595
G1 X75.4494 Y-54.8348
G1 X75.4863 Y-55.1157
G1 X75.5226 Y-55.4027
G1 X75.5759 Y-55.8460
G1 X75.6110 Y-56.1503
G1 X75.6628 Y-56.6209
G1 X75.6900 Y-56.8617
G1 X75.7050 Y-56.9882
G1 X75.7210 Y-57.1185
G1 X75.7552 Y-57.3893
G1 X75.7928 Y-57.6715
G1 X75.8546 Y-58.1114
G1 X75.8985 Y-58.4126
G1 X75.9214 Y-58.5645
G1 X75.9681 Y-58.8698
G1 X76.0161 Y-59.1751
G1 X76.0651 Y-59.4782
G1 X76.1149 Y-59.7766
G1 X76.1401 Y-59.9234
G1 X76.2150 Y-60.3504
G1 X76.2399 Y-60.4873
G1 X76.2892 Y-60.7515
G1 X76.3135 Y-60.8780
G1 X76.3895 Y-61.2620
G1 X76.4169 Y-61.4098
G1 X76.4436 Y-61.5622
G1 X76.4695 Y-61.7192
G1 X76.4946 Y-61.8807
G1 X76.5190 Y-62.0469
G1 X76.5541 Y-62.3047
G1 X76.5874 Y-62.5726
G1 X76.6087 Y-62.7570
G1 X76.6290 Y-62.9460
G1 X76.6488 Y-63.1398
G1 X76.6770 Y-63.4390
G1 X76.7034 Y-63.7487
G1 X76.7281 Y-64.0687
G1 X76.7436 Y-64.2882
G1 X76.7654 Y-64.6257
G1 X76.7855 Y-64.9740
G1 X76.7979 Y-65.2120
G1 X76.8096 Y-65.4548
G1 X76.8205 Y-65.7022
G1 X76.8307 Y-65.9544
G1 X76.8444 Y-66.3418
G1 X76.8601 Y-66.8746
G1 X76.8701 Y-67.2869
G1 X76.8756 Y-67.5678
G1 X76.8805 Y-67.8533
G1 X76.8861 Y-68.2391
G1 X76.8995 Y-68.9892
G1 X76.9168 Y-69.7682
G1 X76.9447 Y-70.8292
G1 X76.9526 Y-71.0951
G1 X76.9732 Y-71.7560
G1 X76.9953 Y-72.4050
G1 X77.0138 Y-72.9107
G1 X77.0479 Y-73.7535
G1 X77.0679 Y-74.2043
G1 X77.0984 Y-74.8287
G1 X77.1190 Y-75.2046
G1 X77.1393 Y-75.5434
G1 X77.1769 Y-76.1002
G1 X77.1926 Y-76.3209
G1 X77.2084 Y-76.5297
G1 X77.2241 Y-76.7273
G1 X77.2399 Y-76.9145
G1 X77.2561 Y-77.0915
G1 X77.2729 Y-77.2589
G1 X77.2899 Y-77.4172
G1 X77.3077 Y-77.5670
G1 X77.3262 Y-77.7090
G1 X77.3455 Y-77.8434
G1 X77.3661 Y-77.9709
G1 X77.3877 Y-78.0918
G1 X77.4106 Y-78.2071
G1 X77.4347 Y-78.3168
G1 X77.4606 Y-78.4220
G1 X77.4878 Y-78.5226
G1 X77.5170 Y-78.6196
G1 X77.5480 Y-78.7133
G1 X77.5810 Y-78.8043
G1 X77.6161 Y-78.8932
G1 X77.6536 Y-78.9805
G1 X77.6933 Y-79.0664
G1 X77.7357 Y-79.1520
G1 X77.7804 Y-79.2376
G1 X77.8281 Y-79.3234
G1 X77.8784 Y-79.4103
G1 X77.9320 Y-79.4987
G1 X77.9887 Y-79.5894
G1 X78.0484 Y-79.6823
G1 X78.1116 Y-79.7786
G1 X78.2025 Y-79.9125
G1 X78.2970 Y-80.0438
G1 X78.3943 Y-80.1723
G1 X78.4941 Y-80.2983
G1 X78.5965 Y-80.4210
G1 X78.7006 Y-80.5404
G1 X78.8063 Y-80.6562
G1 X78.9132 Y-80.7682
G1 X79.0212 Y-80.8761
G1 X79.1296 Y-80.9800
G1 X79.2383 Y-81.0791
G1 X79.3471 Y-81.1738
G1 X79.4553 Y-81.2635
G1 X79.5630 Y-81.3481
G1 X79.6694 Y-81.4271
G1 X79.7743 Y-81.5007
G1 X79.8774 Y-81.5683
G1 X79.9788 Y-81.6300
G1 X80.0773 Y-81.6854
G1 X80.1733 Y-81.7342
G1 X80.2660 Y-81.7763
G1 X80.3554 Y-81.8114
G1 X80.4410 Y-81.8391
G1 X80.5226 Y-81.8596
G1 X80.5995 Y-81.8723
G1 X80.6719 Y-81.8774
G1 X80.7390 Y-81.8741
G1 X80.8007 Y-81.8624
G1 X80.8566 Y-81.8424
G1 X80.9064 Y-81.8134
G1 X80.9498 Y-81.7756
G1 X80.9861 Y-81.7283
G1 X81.0174 Y-81.6757
G1 X81.0529 Y-81.6092
G1 X81.0928 Y-81.5292
G1 X81.1370 Y-81.4367
G1 X81.1845 Y-81.3323
G1 X81.2358 Y-81.2168
G1 X81.2899 Y-81.0910
G1 X81.3471 Y-80.9556
G1 X81.4067 Y-80.8114
G1 X81.4690 Y-80.6592
G1 X81.5330 Y-80.4997
G1 X81.6658 Y-80.1619
G1 X81.7342 Y-79.9851
G1 X81.8032 Y-79.8043
G1 X81.8731 Y-79.6199
G1 X81.9429 Y-79.4329
G1 X82.0130 Y-79.2437
G1 X82.1520 Y-78.8629
G1 X82.2874 Y-78.4837
G1 X82.4169 Y-78.1119
G1 X82.4789 Y-77.9305
G1 X82.5386 Y-77.7535
G1 X82.5955 Y-77.5815
G1 X82.6498 Y-77.4149
G1 X82.7006 Y-77.2551
G1 X82.7484 Y-77.1022
G1 X82.7921 Y-76.9577
G1 X82.8871 Y-76.6315
G1 X82.9381 Y-76.4647
G1 X82.9876 Y-76.3189
G1 X83.0377 Y-76.1924
G1 X83.0910 Y-76.0834
G1 X83.1499 Y-75.9904
G1 X83.2168 Y-75.9115
G1 X83.2940 Y-75.8449
G1 X83.3839 Y-75.7890
G1 X83.4888 Y-75.7418
G1 X83.6115 Y-75.7017
G1 X83.7540 Y-75.6669
G1 X83.9188 Y-75.6356
G1 X84.1085 Y-75.6061
G1 X84.3255 Y-75.5767
G1 X84.5718 Y-75.5454
G1 X84.7501 Y-75.5198
G1 X84.9338 Y-75.4875
G1 X85.1223 Y-75.4484
G1 X85.3150 Y-75.4032
G1 X85.5116 Y-75.3514
G1 X85.7115 Y-75.2940
G1 X85.9147 Y-75.2305
G1 X86.1205 Y-75.1616
G1 X86.3280 Y-75.0875
G1 X86.5375 Y-75.0082
G1 X86.7481 Y-74.9244
G1 X86.9597 Y-74.8355
G1 X87.1713 Y-74.7425
G1 X87.3829 Y-74.6453
G1 X87.5939 Y-74.5442
G1 X87.8040 Y-74.4393
G1 X88.0128 Y-74.3311
G1 X88.2193 Y-74.2196
G1 X88.4237 Y-74.1050
G1 X88.6252 Y-73.9874
G1 X88.8235 Y-73.8675
G1 X89.0184 Y-73.7453
G1 X89.2089 Y-73.6209
G1 X89.3948 Y-73.4944
G1 X89.5756 Y-73.3666
G1 X89.7512 Y-73.2371
G1 X89.9208 Y-73.1065
G1 X90.0839 Y-72.9750
G1 X90.2404 Y-72.8426
G1 X90.3895 Y-72.7095
G1 X90.5309 Y-72.5764
G1 X90.6643 Y-72.4431
G1 X90.7039 Y-72.4019
G1 X90.7433 Y-72.3600
G1 X90.8215 Y-72.2747
G1 X90.8987 Y-72.1868
G1 X90.9754 Y-72.0961
G1 X91.0135 Y-72.0496
G1 X91.0895 Y-71.9541
G1 X91.1273 Y-71.9049
G1 X91.2030 Y-71.8040
G1 X91.2409 Y-71.7520
G1 X91.3168 Y-71.6448
G1 X91.3928 Y-71.5333
G1 X91.4692 Y-71.4167
G1 X91.5076 Y-71.3567
G1 X91.5462 Y-71.2953
G1 X91.6242 Y-71.1685
G1 X91.6633 Y-71.1030
G1 X91.7425 Y-70.9676
G1 X91.7824 Y-70.8978
G1 X91.8634 Y-70.7532
G1 X91.9457 Y-70.6021
G1 X91.9874 Y-70.5239
G1 X92.0722 Y-70.3623
G1 X92.1586 Y-70.1937
G1 X92.2472 Y-70.0174
G1 X92.3376 Y-69.8332
G1 X92.4778 Y-69.5414
G1 X92.5256 Y-69.4400
G1 X92.6234 Y-69.2305
G1 X92.7240 Y-69.0121
G1 X92.8804 Y-68.6666
G1 X92.9884 Y-68.4240
G1 X93.1570 Y-68.0415
G1 X93.3333 Y-67.6351
G1 X93.6691 Y-66.8528
G1 X93.8210 Y-66.5030
G1 X94.0506 Y-65.9813
G1 X94.2048 Y-65.6359
G1 X94.3600 Y-65.2920
G1 X94.5159 Y-64.9498
G1 X94.6729 Y-64.6092
G1 X94.8309 Y-64.2704
G1 X94.9899 Y-63.9333
G1 X95.1497 Y-63.5980
G1 X95.3105 Y-63.2643
G1 X95.4723 Y-62.9321
G1 X95.6348 Y-62.6016
G1 X95.7984 Y-62.2729
G1 X96.0455 Y-61.7832
G1 X96.1286 Y-61.6207
G1 X96.2950 Y-61.2971
G1 X96.4621 Y-60.9752
G1 X96.5462 Y-60.8150
G1 X96.7148 Y-60.4957
G1 X96.8845 Y-60.1779
G1 X97.0552 Y-59.8620
G1 X97.2266 Y-59.5478
G1 X97.3991 Y-59.2351
G1 X97.5723 Y-58.9244
G1 X97.7468 Y-58.6151
G1 X97.9218 Y-58.3077
G1 X98.0100 Y-58.1546
G1 X98.1865 Y-57.8498
G1 X98.3640 Y-57.5465
G1 X98.5423 Y-57.2452
G1 X98.7219 Y-56.9453
G1 X98.9020 Y-56.6473
G1 X99.1743 Y-56.2033
G1 X99.3569 Y-55.9097
G1 X99.5403 Y-55.6176
G1 X99.7247 Y-55.3273
G1 X99.8174 Y-55.1828
G1 X100.0031 Y-54.8950
G1 X100.1898 Y-54.6090
G1 X100.3775 Y-54.3245
G1 X100.5660 Y-54.0421
G1 X100.7554 Y-53.7611
G1 X100.9457 Y-53.4817
G1 X101.2330 Y-53.0662
G1 X101.3292 Y-52.9285
G1 X101.5223 Y-52.6547
G1 X101.6193 Y-52.5183
G1 X101.8136 Y-52.2468
G1 X102.0089 Y-51.9770
G1 X102.2053 Y-51.7091
G1 X102.4024 Y-51.4429
G1 X102.5014 Y-51.3103
G1 X102.7001 Y-51.0466
G1 X102.8995 Y-50.7848
G1 X103.0996 Y-50.5247
G1 X103.2002 Y-50.3951
G1 X103.4019 Y-50.1376
G1 X103.5032 Y-50.0093
G1 X103.7062 Y-49.7543
G1 X103.9101 Y-49.5010
G1 X104.1149 Y-49.2496
G1 X104.3206 Y-48.9996
G1 X104.4240 Y-48.8754
G1 X104.6310 Y-48.6283
G1 X104.7349 Y-48.5054
G1 X104.9431 Y-48.2608
G1 X105.0478 Y-48.1391
G1 X105.1527 Y-48.0179
G1 X105.3628 Y-47.7769
G1 X105.5738 Y-47.5374
G1 X105.7859 Y-47.2999
G1 X105.9988 Y-47.0639
G1 X106.1055 Y-46.9466
G1 X106.3198 Y-46.7134
G1 X106.4273 Y-46.5976
G1 X106.6429 Y-46.3667
G1 X106.7509 Y-46.2521
G1 X106.9678 Y-46.0240
G1 X107.0765 Y-45.9108
G1 X107.1857 Y-45.7977
G1 X107.4042 Y-45.5734
G1 X107.5139 Y-45.4617
G1 X107.6239 Y-45.3504
G1 X107.8443 Y-45.1294
G1 X108.0656 Y-44.9102
G1 X108.1766 Y-44.8013
G1 X108.2878 Y-44.6928
G1 X108.5108 Y-44.4769
G1 X108.6228 Y-44.3697
G1 X108.8471 Y-44.1566
G1 X108.9596 Y-44.0507
G1 X109.1855 Y-43.8401
G1 X109.2985 Y-43.7358
G1 X109.5256 Y-43.5277
G1 X109.6394 Y-43.4246
G1 X109.7537 Y-43.3217
G1 X109.9823 Y-43.1173
G1 X110.2121 Y-42.9148
G1 X110.4425 Y-42.7139
G1 X110.5581 Y-42.6143
G1 X110.7900 Y-42.4160
G1 X111.0226 Y-42.2196
G1 X111.1395 Y-42.1221
G1 X111.3734 Y-41.9283
G1 X111.4908 Y-41.8323
G1 X111.7262 Y-41.6410
G1 X111.8441 Y-41.5463
G1 X112.0808 Y-41.3578
G1 X112.3183 Y-41.1711
G1 X112.4374 Y-41.0784
G1 X112.6762 Y-40.8945
G1 X112.9160 Y-40.7121
G1 X113.0361 Y-40.6217
G1 X113.1565 Y-40.5318
G1 X113.3978 Y-40.3530
G1 X113.6401 Y-40.1759
G1 X113.8834 Y-40.0009
G1 X114.1273 Y-39.8275
G1 X114.3721 Y-39.6560
G1 X114.6180 Y-39.4861
G1 X114.8646 Y-39.3182
G1 X115.1120 Y-39.1518
G1 X115.3602 Y-38.9875
G1 X115.6094 Y-38.8247
G1 X115.8596 Y-38.6639
G1 X116.1103 Y-38.5046
G1 X116.3620 Y-38.3474
G1 X116.6147 Y-38.1917
G1 X116.7412 Y-38.1147
G1 X116.9952 Y-37.9618
G1 X117.2500 Y-37.8107
G1 X117.3775 Y-37.7360
G1 X117.6335 Y-37.5874
G1 X117.8903 Y-37.4409
G1 X118.0191 Y-37.3682
G1 X118.2771 Y-37.2245
G1 X118.5362 Y-37.0822
G1 X118.6660 Y-37.0119
G1 X118.7961 Y-36.9420
G1 X119.0567 Y-36.8033
G1 X119.1875 Y-36.7347
G1 X119.4493 Y-36.5989
G1 X119.7120 Y-36.4650
G1 X119.9756 Y-36.3327
G1 X120.2400 Y-36.2024
G1 X120.9566 Y-35.8529
G1 X121.1224 Y-35.7726
G1 X121.4394 Y-35.6202
G1 X121.7376 Y-35.4785
G1 X122.0180 Y-35.3474
G1 X122.2825 Y-35.2268
G1 X122.4087 Y-35.1704
G1 X122.5314 Y-35.1163
G1 X122.6505 Y-35.0650
G1 X122.7663 Y-35.0159
G1 X122.8788 Y-34.9692
G1 X122.9886 Y-34.9253
G1 X123.0953 Y-34.8833
G1 X123.1991 Y-34.8440
G1 X123.3005 Y-34.8071
G1 X123.3993 Y-34.7723
G1 X123.4958 Y-34.7401
G1 X123.5900 Y-34.7099
G1 X123.6825 Y-34.6822
G1 X123.7732 Y-34.6565
G1 X123.8618 Y-34.6332
G1 X123.9492 Y-34.6118
G1 X124.0351 Y-34.5928
G1 X124.1196 Y-34.5757
G1 X124.2030 Y-34.5610
G1 X124.2855 Y-34.5481
G1 X124.3673 Y-34.5374
G1 X124.4483 Y-34.5288
G1 X124.5288 Y-34.5219
G1 X124.6088 Y-34.5173
G1 X124.6889 Y-34.5145
G1 X124.7689 Y-34.5135
G1 X124.7689 Y-34.5135
G1 X124.8486 Y-34.5145
G1 X124.9289 Y-34.5176
G1 X125.0094 Y-34.5224
G1 X125.0907 Y-34.5290
G1 X125.1725 Y-34.5374
G1 X125.2550 Y-34.5476
G1 X125.3386 Y-34.5595
G1 X125.4234 Y-34.5732
G1 X125.5093 Y-34.5887
G1 X125.5966 Y-34.6057
G1 X125.6858 Y-34.6243
G1 X125.7765 Y-34.6446
G1 X125.8692 Y-34.6667
G1 X125.9637 Y-34.6900
G1 X126.0605 Y-34.7152
G1 X126.1595 Y-34.7419
G1 X126.3655 Y-34.7995
G1 X126.4724 Y-34.8305
G1 X126.5824 Y-34.8630
G1 X126.8115 Y-34.9321
G1 X127.0541 Y-35.0068
G1 X127.3617 Y-35.1025
G1 X127.5405 Y-35.1594
G1 X127.7170 Y-35.2166
G1 X127.8913 Y-35.2743
G1 X128.0638 Y-35.3319
G1 X128.2342 Y-35.3903
G1 X128.4026 Y-35.4490
G1 X128.5690 Y-35.5079
G1 X128.7336 Y-35.5676
G1 X128.8964 Y-35.6276
G1 X129.0571 Y-35.6883
G1 X129.2164 Y-35.7492
G1 X129.3736 Y-35.8107
G1 X129.5293 Y-35.8729
G1 X129.6835 Y-35.9357
G1 X129.8359 Y-35.9992
G1 X129.9868 Y-36.0629
G1 X130.1359 Y-36.1277
G1 X130.2837 Y-36.1930
G1 X130.4300 Y-36.2590
G1 X130.5748 Y-36.3258
G1 X130.7183 Y-36.3934
G1 X130.8605 Y-36.4617
G1 X131.0013 Y-36.5308
G1 X131.1410 Y-36.6006
G1 X131.2791 Y-36.6713
G1 X131.4163 Y-36.7429
G1 X131.5524 Y-36.8155
G1 X131.6873 Y-36.8887
G1 X131.8209 Y-36.9631
G1 X131.9538 Y-37.0383
G1 X132.0856 Y-37.1147
G1 X132.2164 Y-37.1919
G1 X132.3462 Y-37.2702
G1 X132.4752 Y-37.3494
G1 X132.6032 Y-37.4299
G1 X132.7307 Y-37.5115
G1 X132.8572 Y-37.5940
G1 X132.9830 Y-37.6776
G1 X133.1082 Y-37.7627
G1 X133.2327 Y-37.8485
G1 X133.3566 Y-37.9359
G1 X133.4800 Y-38.0246
G1 X133.6027 Y-38.1142
G1 X133.7252 Y-38.2052
G1 X133.8471 Y-38.2976
G1 X133.9685 Y-38.3911
G1 X134.0894 Y-38.4861
G1 X134.2103 Y-38.5826
G1 X134.3307 Y-38.6801
G1 X134.4508 Y-38.7794
G1 X134.5707 Y-38.8800
G1 X134.6906 Y-38.9821
G1 X134.8102 Y-39.0855
G1 X134.9299 Y-39.1904
G1 X135.0493 Y-39.2971
G1 X135.1686 Y-39.4051
G1 X135.2883 Y-39.5148
G1 X135.4077 Y-39.6260
G1 X135.5273 Y-39.7388
G1 X135.6472 Y-39.8534
G1 X135.7671 Y-39.9697
G1 X135.8872 Y-40.0873
G1 X136.0073 Y-40.2069
G1 X136.1407 Y-40.3410
G1 X136.2718 Y-40.4744
G1 X136.4003 Y-40.6072
G1 X136.5268 Y-40.7396
G1 X136.6510 Y-40.8716
G1 X136.7729 Y-41.0035
G1 X136.8928 Y-41.1348
G1 X137.0106 Y-41.2661
G1 X137.1262 Y-41.3974
G1 X137.2400 Y-41.5287
G1 X137.3515 Y-41.6598
G1 X137.4612 Y-41.7911
G1 X137.5692 Y-41.9227
G1 X137.6751 Y-42.0545
G1 X137.7790 Y-42.1869
G1 X137.8814 Y-42.3192
G1 X137.9819 Y-42.4523
G1 X138.0807 Y-42.5859
G1 X138.1778 Y-42.7200
G1 X138.2733 Y-42.8551
G1 X138.3670 Y-42.9908
G1 X138.4595 Y-43.1272
G1 X138.5501 Y-43.2646
G1 X138.6393 Y-43.4030
G1 X138.7269 Y-43.5425
G1 X138.8133 Y-43.6832
G1 X138.8984 Y-43.8249
G1 X138.9819 Y-43.9679
G1 X139.0640 Y-44.1122
G1 X139.1450 Y-44.2580
G1 X139.2248 Y-44.4053
G1 X139.3033 Y-44.5541
G1 X139.3807 Y-44.7048
G1 X139.4569 Y-44.8569
G1 X139.5321 Y-45.0108
G1 X139.6063 Y-45.1665
G1 X139.6792 Y-45.3243
G1 X139.7513 Y-45.4840
G1 X139.8224 Y-45.6458
G1 X139.8928 Y-45.8097
G1 X139.9621 Y-45.9758
G1 X140.0307 Y-46.1442
G1 X140.0985 Y-46.3149
G1 X140.1656 Y-46.4881
G1 X140.2319 Y-46.6636
G1 X140.2974 Y-46.8419
G1 X140.3624 Y-47.0228
G1 X140.4267 Y-47.2064
G1 X140.4904 Y-47.3926
; Retract
G1 Z2.5400 F2540

; Path 7
; Rapid to initial position
G1 X126.3236 Y-53.5783 F2540
G1 Z0.0000
; plunge
G1 Z-3.1750 F127
; cut
G1 X123.9723 Y-53.5783 F1016
G1 X123.2507 Y-55.3136
G1 X123.1661 Y-55.5186
G1 X123.0831 Y-55.7233
G1 X123.0010 Y-55.9285
G1 X122.9203 Y-56.1337
G1 X122.8410 Y-56.3390
G1 X122.7630 Y-56.5442
G1 X122.6861 Y-56.7497
G1 X122.6106 Y-56.9554
G1 X122.5365 Y-57.1609
G1 X122.4636 Y-57.3667
G1 X122.3919 Y-57.5727
G1 X122.3216 Y-57.7786
G1 X122.2525 Y-57.9846
G1 X122.1847 Y-58.1906
G1 X122.1181 Y-58.3966
G1 X122.0531 Y-58.6029
G1 X121.9891 Y-58.8091
G1 X121.9266 Y-59.0154
G1 X121.8651 Y-59.2219
G1 X121.8052 Y-59.4281
G1 X121.7463 Y-59.6346
G1 X121.6889 Y-59.8411
G1 X121.6327 Y-60.0476
G1 X121.5779 Y-60.2541
G1 X121.5243 Y-60.4606
G1 X121.4719 Y-60.6671
G1 X121.4209 Y-60.8736
G1 X121.3711 Y-61.0804
G1 X121.3226 Y-61.2869
G1 X121.2756 Y-61.4934
G1 X121.2296 Y-61.7002
G1 X121.1849 Y-61.9067
G1 X121.1417 Y-62.1132
G1 X121.0996 Y-62.3199
G1 X121.0589 Y-62.5264
G1 X121.0196 Y-62.7329
G1 X120.9815 Y-62.9394
G1 X120.9446 Y-63.1459
G1 X120.9088 Y-63.3522
G1 X120.8748 Y-63.5587
G1 X120.8418 Y-63.7649
G1 X120.8100 Y-63.9712
G1 X120.7795 Y-64.1774
G1 X120.7503 Y-64.3837
G1 X120.7226 Y-64.5899
G1 X120.6960 Y-64.7959
G1 X120.6708 Y-65.0019
G1 X120.6467 Y-65.2079
G1 X120.6241 Y-65.4136
G1 X120.6028 Y-65.6194
G1 X120.5827 Y-65.8251
G1 X120.5639 Y-66.0306
G1 X120.5464 Y-66.2361
G1 X120.5301 Y-66.4416
G1 X120.5151 Y-66.6468
G1 X120.5014 Y-66.8520
G1 X120.4892 Y-67.0570
G1 X120.4780 Y-67.2620
G1 X120.4681 Y-67.4667
G1 X120.4598 Y-67.6714
G1 X120.4526 Y-67.8762
G1 X120.4465 Y-68.0806
G1 X120.4420 Y-68.2849
G1 X120.4387 Y-68.4891
G1 X120.4366 Y-68.6930
G1 X120.4359 Y-68.8970
G1 X120.4364 Y-69.1007
G1 X120.4382 Y-69.3042
G1 X120.4415 Y-69.5076
G1 X120.4458 Y-69.7108
G1 X120.4514 Y-69.9140
G1 X120.4585 Y-70.1167
G1 X120.4666 Y-70.3194
G1 X120.4763 Y-70.5221
G1 X120.4872 Y-70.7243
G1 X120.4994 Y-70.9265
G1 X120.5128 Y-71.1284
G1 X120.5276 Y-71.3303
G1 X120.5436 Y-71.5317
G1 X120.5608 Y-71.7332
G1 X120.5794 Y-71.9343
G1 X120.5995 Y-72.1352
G1 X120.6205 Y-72.3359
G1 X120.6429 Y-72.5363
G1 X120.6668 Y-72.7365
G1 X120.6919 Y-72.9366
G1 X120.7181 Y-73.1363
G1 X120.7458 Y-73.3359
G1 X120.7747 Y-73.5350
G1 X120.8049 Y-73.7342
G1 X120.8364 Y-73.9330
G1 X120.8695 Y-74.1314
G1 X120.9035 Y-74.3298
G1 X120.9388 Y-74.5277
G1 X120.9756 Y-74.7255
G1 X121.0135 Y-74.9229
G1 X121.0528 Y-75.1200
G1 X121.0932 Y-75.3168
G1 X121.1351 Y-75.5134
G1 X121.1783 Y-75.7098
G1 X121.2228 Y-75.9059
G1 X121.2685 Y-76.1014
G1 X121.3155 Y-76.2970
G1 X121.3637 Y-76.4921
G1 X121.4135 Y-76.6869
G1 X121.4643 Y-76.8812
G1 X121.5166 Y-77.0753
G1 X121.5700 Y-77.2693
G1 X121.6249 Y-77.4626
G1 X121.6810 Y-77.6559
G1 X121.7381 Y-77.8487
G1 X121.7968 Y-78.0412
G1 X121.8568 Y-78.2333
G1 X121.9180 Y-78.4250
G1 X121.9807 Y-78.6166
G1 X122.0445 Y-78.8076
G1 X122.1095 Y-78.9981
G1 X122.1760 Y-79.1886
G1 X122.2436 Y-79.3786
G1 X122.3127 Y-79.5680
G1 X122.3830 Y-79.7573
G1 X122.4547 Y-79.9460
G1 X122.5276 Y-80.1345
G1 X122.6017 Y-80.3224
G1 X122.6772 Y-80.5101
G1 X122.7539 Y-80.6973
G1 X122.8319 Y-80.8843
G1 X122.9114 Y-81.0707
G1 X123.8989 Y-83.3697
G1 X126.3193 Y-83.2114
G1 X127.3188 Y-80.3544
G1 X127.3907 Y-80.1469
G1 X127.4615 Y-79.9394
G1 X127.5314 Y-79.7324
G1 X127.5999 Y-79.5256
G1 X127.6673 Y-79.3189
G1 X127.7336 Y-79.1124
G1 X127.7986 Y-78.9061
G1 X127.8623 Y-78.6999
G1 X127.9251 Y-78.4941
G1 X127.9865 Y-78.2884
G1 X128.0470 Y-78.0829
G1 X128.1062 Y-77.8777
G1 X128.1641 Y-77.6727
G1 X128.2210 Y-77.4677
G1 X128.2766 Y-77.2632
G1 X128.3312 Y-77.0588
G1 X128.3846 Y-76.8543
G1 X128.4369 Y-76.6503
G1 X128.4879 Y-76.4464
G1 X128.5377 Y-76.2429
G1 X128.5862 Y-76.0395
G1 X128.6340 Y-75.8360
G1 X128.6802 Y-75.6331
G1 X128.7254 Y-75.4301
G1 X128.7694 Y-75.2274
G1 X128.8123 Y-75.0250
G1 X128.8539 Y-74.8228
G1 X128.8943 Y-74.6206
G1 X128.9337 Y-74.4187
G1 X128.9718 Y-74.2170
G1 X129.0089 Y-74.0156
G1 X129.0447 Y-73.8142
G1 X129.0795 Y-73.6133
G1 X129.1130 Y-73.4124
G1 X129.1453 Y-73.2114
G1 X129.1765 Y-73.0110
G1 X129.2065 Y-72.8106
G1 X129.2352 Y-72.6105
G1 X129.2629 Y-72.4106
G1 X129.2893 Y-72.2107
G1 X129.3147 Y-72.0110
G1 X129.3388 Y-71.8116
G1 X129.3619 Y-71.6125
G1 X129.3835 Y-71.4134
G1 X129.4044 Y-71.2147
G1 X129.4237 Y-71.0161
G1 X129.4420 Y-70.8175
G1 X129.4592 Y-70.6194
G1 X129.4752 Y-70.4212
G1 X129.4900 Y-70.2231
G1 X129.5037 Y-70.0255
G1 X129.5161 Y-69.8279
G1 X129.5273 Y-69.6305
G1 X129.5375 Y-69.4334
G1 X129.5466 Y-69.2363
G1 X129.5542 Y-69.0395
G1 X129.5608 Y-68.8429
G1 X129.5664 Y-68.6465
G1 X129.5707 Y-68.4502
G1 X129.5738 Y-68.2541
G1 X129.5758 Y-68.0583
G1 X129.5766 Y-67.8624
G1 X129.5761 Y-67.6669
G1 X129.5745 Y-67.4715
G1 X129.5720 Y-67.2762
G1 X129.5679 Y-67.0811
G1 X129.5629 Y-66.8863
G1 X129.5568 Y-66.6918
G1 X129.5494 Y-66.4972
G1 X129.5408 Y-66.3029
G1 X129.5311 Y-66.1088
G1 X129.5202 Y-65.9148
G1 X129.5080 Y-65.7210
G1 X129.4948 Y-65.5274
G1 X129.4806 Y-65.3339
G1 X129.4648 Y-65.1406
G1 X129.4481 Y-64.9475
G1 X129.4303 Y-64.7545
G1 X129.4112 Y-64.5617
G1 X129.3909 Y-64.3692
G1 X129.3696 Y-64.1767
G1 X129.3470 Y-63.9844
G1 X129.3231 Y-63.7924
G1 X129.2982 Y-63.6003
G1 X129.2723 Y-63.4086
G1 X129.2449 Y-63.2170
G1 X129.2164 Y-63.0255
G1 X129.1869 Y-62.8343
G1 X129.1562 Y-62.6430
G1 X129.1242 Y-62.4522
G1 X129.0912 Y-62.2615
G1 X129.0569 Y-62.0707
G1 X129.0216 Y-61.8802
G1 X128.9848 Y-61.6900
G1 X128.9472 Y-61.5000
G1 X128.9080 Y-61.3100
G1 X128.8682 Y-61.1203
G1 X128.8268 Y-60.9305
G1 X128.7843 Y-60.7411
G1 X128.7407 Y-60.5518
G1 X128.6960 Y-60.3626
G1 X128.6500 Y-60.1736
G1 X128.6030 Y-59.9846
G1 X128.5545 Y-59.7959
G1 X128.5052 Y-59.6075
G1 X128.4544 Y-59.4190
G1 X128.4028 Y-59.2308
G1 X128.3498 Y-59.0428
G1 X128.2957 Y-58.8548
G1 X128.2403 Y-58.6671
G1 X128.1839 Y-58.4797
G1 X128.1262 Y-58.2922
G1 X128.0673 Y-58.1048
G1 X128.0074 Y-57.9176
G1 X127.9464 Y-57.7306
G1 X127.8839 Y-57.5440
G1 X127.8204 Y-57.3573
G1 X127.7559 Y-57.1706
G1 X127.6901 Y-56.9844
G1 X127.6231 Y-56.7982
G1 X127.5550 Y-56.6120
G1 X127.4856 Y-56.4261
G1 X127.4150 Y-56.2404
G1 X127.3434 Y-56.0548
G1 X127.2708 Y-55.8691
G1 X127.1966 Y-55.6839
G1 X127.1214 Y-55.4987
G1 X127.0452 Y-55.3136
G1 X126.3236 Y-53.5783
G1 X126.3236 Y-53.5783
; Retract
G1 Z2.5400 F2540

; Path 8
; Rapid to initial position
G1 X124.6007 Y-61.9125 F2540
G1 Z0.0000
; plunge
G1 Z-3.1750 F127
; cut
G1 X124.6269 Y-61.9183 F1016
G1 X124.6632 Y-61.9351
G1 X124.7094 Y-61.9625
G1 X124.7648 Y-61.9996
G1 X124.8286 Y-62.0464
G1 X124.9002 Y-62.1020
G1 X124.9787 Y-62.1657
G1 X125.0638 Y-62.2374
G1 X125.1544 Y-62.3159
G1 X125.2502 Y-62.4009
G1 X125.3505 Y-62.4921
G1 X125.4547 Y-62.5889
G1 X125.5619 Y-62.6902
G1 X125.6716 Y-62.7959
G1 X125.7831 Y-62.9054
G1 X125.8956 Y-63.0182
G1 X125.9911 Y-63.1160
G1 X126.0836 Y-63.2132
G1 X126.1730 Y-63.3105
G1 X126.2596 Y-63.4073
G1 X126.3432 Y-63.5038
G1 X126.4239 Y-63.6001
G1 X126.5014 Y-63.6961
G1 X126.5761 Y-63.7918
G1 X126.6480 Y-63.8873
G1 X126.7165 Y-63.9826
G1 X126.7823 Y-64.0776
G1 X126.8451 Y-64.1723
G1 X126.9050 Y-64.2671
G1 X126.9619 Y-64.3616
G1 X127.0157 Y-64.4558
G1 X127.0665 Y-64.5498
G1 X127.1146 Y-64.6438
G1 X127.1595 Y-64.7375
G1 X127.2014 Y-64.8310
G1 X127.2405 Y-64.9247
G1 X127.2766 Y-65.0179
G1 X127.3096 Y-65.1114
G1 X127.3399 Y-65.2046
G1 X127.3668 Y-65.2976
G1 X127.3912 Y-65.3905
G1 X127.4122 Y-65.4837
G1 X127.4305 Y-65.5767
G1 X127.4458 Y-65.6694
G1 X127.4580 Y-65.7624
G1 X127.4674 Y-65.8553
G1 X127.4737 Y-65.9481
G1 X127.4770 Y-66.0410
G1 X127.4775 Y-66.1340
G1 X127.4750 Y-66.2269
G1 X127.4694 Y-66.3199
G1 X127.4610 Y-66.4129
G1 X127.4496 Y-66.5061
G1 X127.4351 Y-66.5993
G1 X127.4178 Y-66.6925
G1 X127.3975 Y-66.7860
G1 X127.3741 Y-66.8795
G1 X127.3477 Y-66.9729
G1 X127.3185 Y-67.0669
G1 X127.2865 Y-67.1606
G1 X127.2512 Y-67.2549
G1 X127.2131 Y-67.3489
G1 X127.1720 Y-67.4433
G1 X127.1280 Y-67.5381
G1 X127.0810 Y-67.6328
G1 X127.0310 Y-67.7278
G1 X126.9779 Y-67.8231
G1 X126.9220 Y-67.9186
G1 X126.8631 Y-68.0141
G1 X126.8014 Y-68.1101
G1 X126.7366 Y-68.2064
G1 X126.6688 Y-68.3029
G1 X126.5982 Y-68.3997
G1 X126.5245 Y-68.4967
G1 X126.4478 Y-68.5942
G1 X126.3680 Y-68.6920
G1 X126.2855 Y-68.7901
G1 X126.2002 Y-68.8886
G1 X126.1115 Y-68.9874
G1 X126.0201 Y-69.0865
G1 X125.8959 Y-69.2180
G1 X125.7729 Y-69.3461
G1 X125.6523 Y-69.4698
G1 X125.5344 Y-69.5884
G1 X125.4204 Y-69.7014
G1 X125.3104 Y-69.8078
G1 X125.2055 Y-69.9074
G1 X125.1064 Y-69.9994
G1 X125.0137 Y-70.0829
G1 X124.9281 Y-70.1576
G1 X124.8507 Y-70.2226
G1 X124.7818 Y-70.2772
G1 X124.7224 Y-70.3209
G1 X124.6729 Y-70.3527
G1 X124.6345 Y-70.3725
G1 X124.6073 Y-70.3791
G1 X124.5809 Y-70.3722
G1 X124.5542 Y-70.3514
G1 X124.5276 Y-70.3176
G1 X124.5009 Y-70.2709
G1 X124.4745 Y-70.2120
G1 X124.4481 Y-70.1416
G1 X124.4222 Y-70.0598
G1 X124.3962 Y-69.9673
G1 X124.3708 Y-69.8645
G1 X124.3457 Y-69.7522
G1 X124.3213 Y-69.6305
G1 X124.2972 Y-69.5002
G1 X124.2738 Y-69.3616
G1 X124.2512 Y-69.2153
G1 X124.2291 Y-69.0618
G1 X124.2080 Y-68.9016
G1 X124.1877 Y-68.7349
G1 X124.1682 Y-68.5627
G1 X124.1499 Y-68.3852
G1 X124.1323 Y-68.2031
G1 X124.1161 Y-68.0166
G1 X124.1011 Y-67.8264
G1 X124.0871 Y-67.6328
G1 X124.0747 Y-67.4365
G1 X124.0635 Y-67.2381
G1 X124.0539 Y-67.0380
G1 X124.0455 Y-66.8365
G1 X124.0389 Y-66.6341
G1 X124.0338 Y-66.4317
G1 X124.0305 Y-66.2295
G1 X124.0290 Y-66.0278
G1 X124.0290 Y-65.8277
G1 X124.0307 Y-65.6356
G1 X124.0340 Y-65.4451
G1 X124.0389 Y-65.2562
G1 X124.0450 Y-65.0695
G1 X124.0526 Y-64.8851
G1 X124.0612 Y-64.7035
G1 X124.0714 Y-64.5246
G1 X124.0826 Y-64.3491
G1 X124.0950 Y-64.1772
G1 X124.1085 Y-64.0093
G1 X124.1232 Y-63.8454
G1 X124.1389 Y-63.6859
G1 X124.1555 Y-63.5315
G1 X124.1730 Y-63.3821
G1 X124.1915 Y-63.2379
G1 X124.2108 Y-63.0997
G1 X124.2311 Y-62.9674
G1 X124.2520 Y-62.8414
G1 X124.2738 Y-62.7220
G1 X124.2962 Y-62.6095
G1 X124.3190 Y-62.5043
G1 X124.3427 Y-62.4068
G1 X124.3668 Y-62.3169
G1 X124.3912 Y-62.2353
G1 X124.4163 Y-62.1622
G1 X124.4417 Y-62.0977
G1 X124.4676 Y-62.0425
G1 X124.4938 Y-61.9966
G1 X124.5202 Y-61.9603
G1 X124.5469 Y-61.9338
G1 X124.5738 Y-61.9178
G1 X124.6007 Y-61.9125
G1 X124.6007 Y-61.9125
; Retract
G1 Z2.5400 F2540

; Path 9
; Rapid to initial position
G1 X137.6037 Y-90.4400 F2540
G1 Z0.0000
; plunge
G1 Z-3.1750 F127
; cut
G1 X137.7348 Y-90.3811 F1016
G1 X137.8659 Y-90.3237
G1 X137.9967 Y-90.2675
G1 X138.1277 Y-90.2129
G1 X138.2588 Y-90.1598
G1 X138.3899 Y-90.1080
G1 X138.5209 Y-90.0575
G1 X138.6517 Y-90.0087
G1 X138.7828 Y-89.9612
G1 X138.9134 Y-89.9152
G1 X139.0442 Y-89.8705
G1 X139.1747 Y-89.8276
G1 X139.3053 Y-89.7860
G1 X139.4356 Y-89.7456
G1 X139.5656 Y-89.7070
G1 X139.6957 Y-89.6696
G1 X139.8255 Y-89.6338
G1 X139.9550 Y-89.5998
G1 X140.0843 Y-89.5667
G1 X140.2136 Y-89.5355
G1 X140.3424 Y-89.5058
G1 X140.4709 Y-89.4773
G1 X140.5992 Y-89.4507
G1 X140.7272 Y-89.4253
G1 X140.8547 Y-89.4017
G1 X140.9822 Y-89.3793
G1 X141.1089 Y-89.3587
G1 X141.2357 Y-89.3394
G1 X141.3617 Y-89.3219
G1 X141.4877 Y-89.3056
G1 X141.6129 Y-89.2912
G1 X141.7378 Y-89.2782
G1 X141.8623 Y-89.2668
G1 X141.9863 Y-89.2569
G1 X142.1100 Y-89.2485
G1 X142.2329 Y-89.2419
G1 X142.3553 Y-89.2365
G1 X142.4772 Y-89.2330
G1 X142.5986 Y-89.2310
G1 X142.7196 Y-89.2305
G1 X142.8399 Y-89.2317
G1 X142.9596 Y-89.2345
G1 X143.0785 Y-89.2388
G1 X143.1971 Y-89.2449
G1 X143.3147 Y-89.2523
G1 X143.4318 Y-89.2617
G1 X143.5484 Y-89.2724
G1 X143.6888 Y-89.2874
G1 X143.8316 Y-89.3044
G1 X143.9771 Y-89.3232
G1 X144.1247 Y-89.3437
G1 X144.2745 Y-89.3661
G1 X144.4262 Y-89.3905
G1 X144.5798 Y-89.4164
G1 X144.7353 Y-89.4438
G1 X144.8920 Y-89.4730
G1 X145.0505 Y-89.5038
G1 X145.2100 Y-89.5360
G1 X145.3708 Y-89.5698
G1 X145.5329 Y-89.6051
G1 X145.6954 Y-89.6417
G1 X145.8590 Y-89.6795
G1 X146.0231 Y-89.7186
G1 X146.1877 Y-89.7590
G1 X146.3528 Y-89.8007
G1 X146.5179 Y-89.8436
G1 X146.6830 Y-89.8873
G1 X146.8481 Y-89.9323
G1 X147.0132 Y-89.9780
G1 X147.1778 Y-90.0250
G1 X147.3418 Y-90.0727
G1 X147.5052 Y-90.1212
G1 X147.6680 Y-90.1708
G1 X147.8298 Y-90.2208
G1 X147.9906 Y-90.2716
G1 X148.1503 Y-90.3232
G1 X148.3086 Y-90.3755
G1 X148.4655 Y-90.4281
G1 X148.6207 Y-90.4814
G1 X148.7744 Y-90.5350
G1 X148.9260 Y-90.5891
G1 X149.0759 Y-90.6437
G1 X149.2235 Y-90.6986
G1 X149.3688 Y-90.7537
G1 X149.5118 Y-90.8091
G1 X149.6520 Y-90.8647
G1 X149.7899 Y-90.9203
G1 X149.9248 Y-90.9762
G1 X150.0566 Y-91.0321
G1 X150.1854 Y-91.0877
G1 X150.3111 Y-91.1436
G1 X150.4333 Y-91.1992
G1 X150.5519 Y-91.2548
G1 X150.6670 Y-91.3102
G1 X150.7785 Y-91.3653
G1 X150.8857 Y-91.4202
G1 X150.9890 Y-91.4748
G1 X151.0883 Y-91.5289
G1 X151.1831 Y-91.5825
G1 X151.2733 Y-91.6356
G1 X151.3591 Y-91.6884
G1 X151.4401 Y-91.7405
G1 X151.5163 Y-91.7920
G1 X151.5872 Y-91.8428
G1 X151.6532 Y-91.8929
G1 X151.7139 Y-91.9422
G1 X151.7691 Y-91.9907
G1 X151.8188 Y-92.0384
G1 X151.8628 Y-92.0852
G1 X151.9009 Y-92.1311
G1 X151.9329 Y-92.1758
G1 X151.9974 Y-92.2873
G1 X152.0487 Y-92.4057
G1 X152.0871 Y-92.5297
G1 X152.1125 Y-92.6592
G1 X152.1254 Y-92.7936
G1 X152.1254 Y-92.9320
G1 X152.1132 Y-93.0742
G1 X152.0886 Y-93.2195
G1 X152.0515 Y-93.3674
G1 X152.0025 Y-93.5172
G1 X151.9413 Y-93.6683
G1 X151.8681 Y-93.8202
G1 X151.7835 Y-93.9726
G1 X151.6870 Y-94.1245
G1 X151.5791 Y-94.2754
G1 X151.4597 Y-94.4250
G1 X151.4033 Y-94.4923
G1 X151.3505 Y-94.5568
G1 X151.3009 Y-94.6188
G1 X151.2545 Y-94.6788
G1 X151.2110 Y-94.7369
G1 X151.1706 Y-94.7936
G1 X151.1333 Y-94.8489
G1 X151.0988 Y-94.9035
G1 X151.0670 Y-94.9579
G1 X151.0381 Y-95.0117
G1 X151.0119 Y-95.0658
G1 X150.9883 Y-95.1205
G1 X150.9669 Y-95.1756
G1 X150.9484 Y-95.2320
G1 X150.9321 Y-95.2899
G1 X150.9184 Y-95.3493
G1 X150.9067 Y-95.4110
G1 X150.8976 Y-95.4750
G1 X150.8902 Y-95.5416
G1 X150.8851 Y-95.6112
G1 X150.8821 Y-95.6843
G1 X150.8808 Y-95.7608
G1 X150.8816 Y-95.8416
G1 X150.8841 Y-95.9264
G1 X150.8884 Y-96.0161
G1 X150.8943 Y-96.1106
G1 X150.9019 Y-96.2104
G1 X150.9111 Y-96.3158
G1 X150.9217 Y-96.4270
G1 X150.9337 Y-96.5444
G1 X150.9469 Y-96.6686
G1 X150.9616 Y-96.7994
G1 X150.9715 Y-96.8934
G1 X150.9804 Y-96.9912
G1 X150.9880 Y-97.0923
G1 X150.9949 Y-97.1967
G1 X151.0007 Y-97.3044
G1 X151.0055 Y-97.4151
G1 X151.0091 Y-97.5289
G1 X151.0119 Y-97.6455
G1 X151.0139 Y-97.7651
G1 X151.0147 Y-97.8873
G1 X151.0147 Y-98.0120
G1 X151.0137 Y-98.1393
G1 X151.0116 Y-98.2688
G1 X151.0088 Y-98.4006
G1 X151.0050 Y-98.5347
G1 X151.0005 Y-98.6709
G1 X150.9949 Y-98.8088
G1 X150.9885 Y-98.9487
G1 X150.9814 Y-99.0905
G1 X150.9733 Y-99.2337
G1 X150.9644 Y-99.3785
G1 X150.9547 Y-99.5246
G1 X150.9443 Y-99.6721
G1 X150.9210 Y-99.9706
G1 X150.9083 Y-100.1215
G1 X150.8803 Y-100.4255
G1 X150.8653 Y-100.5787
G1 X150.8496 Y-100.7323
G1 X150.8331 Y-100.8865
G1 X150.7980 Y-101.1959
G1 X150.7604 Y-101.5058
G1 X150.7406 Y-101.6607
G1 X150.6992 Y-101.9698
G1 X150.6553 Y-102.2772
G1 X150.6324 Y-102.4301
G1 X150.6090 Y-102.5825
G1 X150.5605 Y-102.8842
G1 X150.5354 Y-103.0336
G1 X150.5097 Y-103.1819
G1 X150.4572 Y-103.4748
G1 X150.4300 Y-103.6190
G1 X150.4025 Y-103.7618
G1 X150.3743 Y-103.9028
G1 X150.3459 Y-104.0420
G1 X150.3169 Y-104.1794
G1 X150.2877 Y-104.3148
G1 X150.2580 Y-104.4481
G1 X150.2278 Y-104.5792
G1 X150.1973 Y-104.7079
G1 X150.1663 Y-104.8344
G1 X150.1351 Y-104.9584
G1 X150.1033 Y-105.0795
G1 X150.0713 Y-105.1982
G1 X150.0391 Y-105.3137
G1 X150.0063 Y-105.4265
G1 X149.9733 Y-105.5362
G1 X149.9446 Y-105.6287
G1 X149.9133 Y-105.7250
G1 X149.8801 Y-105.8253
G1 X149.8445 Y-105.9289
G1 X149.8069 Y-106.0359
G1 X149.7675 Y-106.1458
G1 X149.7264 Y-106.2586
G1 X149.6835 Y-106.3739
G1 X149.6390 Y-106.4915
G1 X149.5458 Y-106.7328
G1 X149.4472 Y-106.9805
G1 X149.3962 Y-107.1060
G1 X149.3441 Y-107.2325
G1 X149.2913 Y-107.3594
G1 X149.2374 Y-107.4870
G1 X149.1282 Y-107.7420
G1 X149.0170 Y-107.9960
G1 X148.9042 Y-108.2464
G1 X148.8478 Y-108.3699
G1 X148.7914 Y-108.4918
G1 X148.7350 Y-108.6119
G1 X148.6789 Y-108.7303
G1 X148.6230 Y-108.8461
G1 X148.5676 Y-108.9594
G1 X148.5128 Y-109.0701
G1 X148.4584 Y-109.1778
G1 X148.4048 Y-109.2825
G1 X148.2969 Y-109.4953
G1 X148.1925 Y-109.7097
G1 X148.0924 Y-109.9238
G1 X147.9969 Y-110.1372
G1 X147.9065 Y-110.3478
G1 X147.8214 Y-110.5548
G1 X147.7421 Y-110.7570
G1 X147.6695 Y-110.9525
G1 X147.6037 Y-111.1410
G1 X147.5453 Y-111.3206
G1 X147.4945 Y-111.4903
G1 X147.4518 Y-111.6485
G1 X147.4180 Y-111.7945
G1 X147.3932 Y-111.9266
G1 X147.3782 Y-112.0437
G1 X147.3728 Y-112.1446
G1 X147.3726 Y-112.2266
G1 X147.3718 Y-112.3036
G1 X147.3703 Y-112.3754
G1 X147.3675 Y-112.4422
G1 X147.3632 Y-112.5042
G1 X147.3576 Y-112.5611
G1 X147.3500 Y-112.6134
G1 X147.3406 Y-112.6607
G1 X147.3286 Y-112.7034
G1 X147.3142 Y-112.7415
G1 X147.2969 Y-112.7747
G1 X147.2766 Y-112.8037
G1 X147.2529 Y-112.8281
G1 X147.2260 Y-112.8479
G1 X147.1953 Y-112.8634
G1 X147.1602 Y-112.8748
G1 X147.1211 Y-112.8817
G1 X147.0777 Y-112.8847
G1 X147.0294 Y-112.8834
G1 X146.9761 Y-112.8781
G1 X146.9177 Y-112.8687
G1 X146.8537 Y-112.8555
G1 X146.7841 Y-112.8382
G1 X146.7084 Y-112.8171
G1 X146.6266 Y-112.7925
G1 X146.5382 Y-112.7641
G1 X146.4434 Y-112.7321
G1 X146.3416 Y-112.6962
G1 X146.2326 Y-112.6571
G1 X146.1163 Y-112.6145
G1 X145.8603 Y-112.5190
G1 X145.8237 Y-112.5123
G1 X145.7825 Y-112.5177
G1 X145.7373 Y-112.5344
G1 X145.6883 Y-112.5626
G1 X145.6362 Y-112.6012
G1 X145.5811 Y-112.6500
G1 X145.5235 Y-112.7087
G1 X145.4638 Y-112.7765
G1 X145.4023 Y-112.8530
G1 X145.3396 Y-112.9378
G1 X145.2758 Y-113.0305
G1 X145.2115 Y-113.1303
G1 X145.1470 Y-113.2373
G1 X145.0830 Y-113.3505
G1 X145.0195 Y-113.4697
G1 X144.9570 Y-113.5944
G1 X144.9103 Y-113.6894
G1 X144.8643 Y-113.7801
G1 X144.8191 Y-113.8667
G1 X144.7744 Y-113.9495
G1 X144.7297 Y-114.0285
G1 X144.6848 Y-114.1042
G1 X144.6395 Y-114.1766
G1 X144.5938 Y-114.2459
G1 X144.5468 Y-114.3124
G1 X144.4988 Y-114.3765
G1 X144.4495 Y-114.4382
G1 X144.3985 Y-114.4979
G1 X144.3454 Y-114.5555
G1 X144.2903 Y-114.6114
G1 X144.2329 Y-114.6658
G1 X144.1724 Y-114.7191
G1 X144.1092 Y-114.7712
G1 X144.0429 Y-114.8225
G1 X143.9728 Y-114.8733
G1 X143.8994 Y-114.9236
G1 X143.8217 Y-114.9739
G1 X143.7399 Y-115.0242
G1 X143.6535 Y-115.0747
G1 X143.5626 Y-115.1255
G1 X143.4666 Y-115.1773
G1 X143.3652 Y-115.2299
G1 X143.2585 Y-115.2837
G1 X143.1460 Y-115.3386
G1 X143.0274 Y-115.3955
G1 X142.9027 Y-115.4539
G1 X142.7714 Y-115.5144
G1 X142.6332 Y-115.5771
G1 X142.4501 Y-115.6586
G1 X142.2616 Y-115.7415
G1 X142.0685 Y-115.8248
G1 X141.8730 Y-115.9078
G1 X141.6761 Y-115.9901
G1 X141.4793 Y-116.0711
G1 X141.2839 Y-116.1504
G1 X141.0917 Y-116.2271
G1 X140.9037 Y-116.3010
G1 X140.7216 Y-116.3714
G1 X140.5468 Y-116.4374
G1 X140.3807 Y-116.4989
G1 X140.2248 Y-116.5550
G1 X140.0805 Y-116.6053
G1 X139.9492 Y-116.6495
G1 X139.8323 Y-116.6863
G1 X139.7211 Y-116.7224
G1 X139.6063 Y-116.7635
G1 X139.4887 Y-116.8090
G1 X139.3693 Y-116.8588
G1 X139.2486 Y-116.9121
G1 X139.1282 Y-116.9688
G1 X139.0086 Y-117.0280
G1 X138.8905 Y-117.0894
G1 X138.7752 Y-117.1527
G1 X138.6632 Y-117.2172
G1 X138.5552 Y-117.2825
G1 X138.4529 Y-117.3480
G1 X138.3563 Y-117.4135
G1 X138.2669 Y-117.4783
G1 X138.1854 Y-117.5421
G1 X138.0752 Y-117.6365
G1 X138.0320 Y-117.6711
G1 X137.9827 Y-117.7084
G1 X137.9276 Y-117.7483
G1 X137.8671 Y-117.7902
G1 X137.8013 Y-117.8347
G1 X137.7305 Y-117.8811
G1 X137.6548 Y-117.9294
G1 X137.5743 Y-117.9797
G1 X137.4894 Y-118.0318
G1 X137.4003 Y-118.0856
G1 X137.3071 Y-118.1407
G1 X137.2098 Y-118.1974
G1 X137.1092 Y-118.2553
G1 X137.0048 Y-118.3145
G1 X136.8974 Y-118.3747
G1 X136.6736 Y-118.4981
G1 X136.5578 Y-118.5609
G1 X136.4394 Y-118.6243
G1 X136.3188 Y-118.6881
G1 X136.0719 Y-118.8171
G1 X135.9459 Y-118.8819
G1 X135.8184 Y-118.9467
G1 X135.5603 Y-119.0760
G1 X135.4300 Y-119.1402
G1 X135.2992 Y-119.2040
G1 X135.1679 Y-119.2672
G1 X135.0363 Y-119.3300
G1 X134.6390 Y-119.5177
G1 X134.5067 Y-119.5812
G1 X134.3746 Y-119.6452
G1 X134.1123 Y-119.7745
G1 X133.9820 Y-119.8395
G1 X133.8519 Y-119.9050
G1 X133.7226 Y-119.9708
G1 X133.4656 Y-120.1036
G1 X133.2111 Y-120.2375
G1 X132.9591 Y-120.3726
G1 X132.7097 Y-120.5088
G1 X132.5860 Y-120.5774
G1 X132.3411 Y-120.7150
G1 X132.2197 Y-120.7841
G1 X132.0991 Y-120.8535
G1 X131.9792 Y-120.9231
G1 X131.8603 Y-120.9926
G1 X131.6248 Y-121.1326
G1 X131.3929 Y-121.2731
G1 X131.1646 Y-121.4140
G1 X131.0518 Y-121.4846
G1 X130.9400 Y-121.5555
G1 X130.7196 Y-121.6970
G1 X130.5029 Y-121.8390
G1 X130.3962 Y-121.9098
G1 X130.1862 Y-122.0518
G1 X129.9804 Y-122.1938
G1 X129.7793 Y-122.3358
G1 X129.6805 Y-122.4067
G1 X129.5829 Y-122.4773
G1 X129.4864 Y-122.5481
G1 X129.2974 Y-122.6891
G1 X129.1133 Y-122.8298
G1 X128.9347 Y-122.9700
G1 X128.8473 Y-123.0399
G1 X128.7612 Y-123.1097
G1 X128.6767 Y-123.1791
G1 X128.5933 Y-123.2484
G1 X128.5116 Y-123.3175
G1 X128.4310 Y-123.3866
G1 X128.3523 Y-123.4552
G1 X128.1986 Y-123.5918
G1 X128.1242 Y-123.6599
G1 X128.0513 Y-123.7275
G1 X127.9799 Y-123.7948
G1 X126.9754 Y-124.7511
G1 X120.9685 Y-124.7854
G1 X119.2004 Y-124.7948
G1 X118.0676 Y-124.7981
G1 X117.5649 Y-124.7978
G1 X116.9231 Y-124.7950
G1 X116.3447 Y-124.7887
G1 X115.8916 Y-124.7800
G1 X115.6777 Y-124.7745
G1 X115.4036 Y-124.7656
G1 X115.0767 Y-124.7524
G1 X114.8253 Y-124.7397
G1 X114.5202 Y-124.7211
G1 X114.2815 Y-124.7041
G1 X114.1631 Y-124.6947
G1 X113.9863 Y-124.6797
G1 X113.7506 Y-124.6576
G1 X113.5134 Y-124.6332
G1 X113.2114 Y-124.5992
G1 X112.9002 Y-124.5611
G1 X112.6419 Y-124.5276
G1 X112.0927 Y-124.4519
G1 X111.5665 Y-124.3757
G1 X110.2792 Y-124.1829
G1 X109.9574 Y-124.1323
G1 X109.6363 Y-124.0800
G1 X109.3160 Y-124.0259
G1 X109.1562 Y-123.9980
G1 X108.8372 Y-123.9411
G1 X108.6780 Y-123.9116
G1 X108.3602 Y-123.8519
G1 X108.2015 Y-123.8212
G1 X107.8847 Y-123.7585
G1 X107.7267 Y-123.7264
G1 X107.4113 Y-123.6609
G1 X107.2538 Y-123.6274
G1 X106.9396 Y-123.5591
G1 X106.6259 Y-123.4887
G1 X106.3132 Y-123.4166
G1 X106.0016 Y-123.3427
G1 X105.6904 Y-123.2667
G1 X105.5352 Y-123.2281
G1 X105.2253 Y-123.1494
G1 X104.9165 Y-123.0688
G1 X104.6084 Y-122.9863
G1 X104.3010 Y-122.9022
G1 X104.1476 Y-122.8593
G1 X103.8415 Y-122.7722
G1 X103.5362 Y-122.6833
G1 X103.2319 Y-122.5926
G1 X102.9284 Y-122.4999
G1 X102.6257 Y-122.4054
G1 X102.3239 Y-122.3091
G1 X102.0229 Y-122.2108
G1 X101.7229 Y-122.1110
G1 X101.4237 Y-122.0092
G1 X101.2744 Y-121.9573
G1 X100.9764 Y-121.8529
G1 X100.6795 Y-121.7465
G1 X100.3833 Y-121.6381
G1 X100.0879 Y-121.5281
G1 X99.7936 Y-121.4161
G1 X99.6467 Y-121.3594
G1 X99.3536 Y-121.2449
G1 X99.0615 Y-121.1283
G1 X98.9160 Y-121.0694
G1 X98.6252 Y-120.9502
G1 X98.3351 Y-120.8291
G1 X98.1906 Y-120.7679
G1 X97.9020 Y-120.6442
G1 X97.7583 Y-120.5817
G1 X97.4710 Y-120.4552
G1 X97.1847 Y-120.3269
G1 X97.0420 Y-120.2619
G1 X96.7572 Y-120.1311
G1 X96.6150 Y-120.0648
G1 X96.3315 Y-119.9312
G1 X96.1903 Y-119.8636
G1 X95.9081 Y-119.7272
G1 X95.7674 Y-119.6584
G1 X95.6272 Y-119.5890
G1 X95.3470 Y-119.4491
G1 X95.0676 Y-119.3074
G1 X94.7895 Y-119.1638
G1 X94.6506 Y-119.0912
G1 X94.3740 Y-118.9452
G1 X94.0979 Y-118.7971
G1 X93.9604 Y-118.7224
G1 X93.6859 Y-118.5718
G1 X93.5492 Y-118.4956
G1 X93.2762 Y-118.3424
G1 X93.0041 Y-118.1872
G1 X92.8685 Y-118.1090
G1 X92.5980 Y-117.9513
G1 X92.4631 Y-117.8715
G1 X92.1941 Y-117.7112
G1 X91.9259 Y-117.5489
G1 X91.6589 Y-117.3851
G1 X91.3928 Y-117.2192
G1 X91.1278 Y-117.0518
G1 X90.9958 Y-116.9673
G1 X90.7321 Y-116.7973
G1 X90.4695 Y-116.6254
G1 X90.2081 Y-116.4519
G1 X89.9475 Y-116.2764
G1 X89.6879 Y-116.0993
G1 X89.4293 Y-115.9205
G1 X89.1720 Y-115.7399
G1 X88.9155 Y-115.5576
G1 X88.6602 Y-115.3734
G1 X88.5330 Y-115.2807
G1 X88.2790 Y-115.0940
G1 X88.1525 Y-115.0000
G1 X87.9003 Y-114.8108
G1 X87.7745 Y-114.7155
G1 X87.6491 Y-114.6198
G1 X87.3989 Y-114.4270
G1 X87.1497 Y-114.2327
G1 X87.0255 Y-114.1346
G1 X86.7781 Y-113.9378
G1 X86.6546 Y-113.8385
G1 X86.5317 Y-113.7389
G1 X86.2861 Y-113.5385
G1 X86.1639 Y-113.4377
G1 X85.9201 Y-113.2345
G1 X85.7987 Y-113.1324
G1 X85.6775 Y-113.0297
G1 X85.4357 Y-112.8235
G1 X85.3153 Y-112.7196
G1 X85.1952 Y-112.6152
G1 X84.9559 Y-112.4054
G1 X84.7174 Y-112.1938
G1 X84.4801 Y-111.9805
G1 X84.2439 Y-111.7656
G1 X84.0090 Y-111.5489
G1 X83.8919 Y-111.4400
G1 X83.6585 Y-111.2208
G1 X83.4260 Y-111.0000
G1 X83.1949 Y-110.7773
G1 X83.0798 Y-110.6655
G1 X82.8502 Y-110.4405
G1 X82.6219 Y-110.2136
G1 X82.5081 Y-110.0996
G1 X82.2815 Y-109.8702
G1 X82.1685 Y-109.7549
G1 X82.0560 Y-109.6394
G1 X81.9437 Y-109.5233
G1 X81.7197 Y-109.2899
G1 X81.6084 Y-109.1725
G1 X81.3862 Y-108.9365
G1 X81.1652 Y-108.6988
G1 X81.0552 Y-108.5794
G1 X80.9455 Y-108.4595
G1 X80.8360 Y-108.3391
G1 X80.6178 Y-108.0976
G1 X80.5091 Y-107.9759
G1 X80.4009 Y-107.8540
G1 X80.2930 Y-107.7316
G1 X80.0776 Y-107.4857
G1 X79.9706 Y-107.3622
G1 X79.7570 Y-107.1138
G1 X79.5449 Y-106.8636
G1 X79.3339 Y-106.6119
G1 X79.1238 Y-106.3587
G1 X79.0194 Y-106.2314
G1 X78.9153 Y-106.1037
G1 X78.8114 Y-105.9754
G1 X78.6044 Y-105.7181
G1 X78.3986 Y-105.4590
G1 X78.2963 Y-105.3287
G1 X78.0923 Y-105.0674
G1 X77.8896 Y-104.8042
G1 X77.6882 Y-104.5393
G1 X77.4878 Y-104.2728
G1 X77.2886 Y-104.0049
G1 X77.1896 Y-103.8703
G1 X76.9922 Y-103.5997
G1 X76.8942 Y-103.4639
G1 X76.6989 Y-103.1911
G1 X76.4502 Y-102.8400
G1 X76.3364 Y-102.6777
G1 X76.2292 Y-102.5238
G1 X76.1286 Y-102.3777
G1 X76.0346 Y-102.2393
G1 X75.9465 Y-102.1080
G1 X75.8647 Y-101.9835
G1 X75.7885 Y-101.8657
G1 X75.7184 Y-101.7539
G1 X75.6536 Y-101.6480
G1 X75.5945 Y-101.5477
G1 X75.5404 Y-101.4522
G1 X75.4913 Y-101.3617
G1 X75.4474 Y-101.2756
G1 X75.4080 Y-101.1936
G1 X75.3735 Y-101.1154
G1 X75.3433 Y-101.0402
G1 X75.3174 Y-100.9683
G1 X75.2958 Y-100.8990
G1 X75.2777 Y-100.8322
G1 X75.2638 Y-100.7671
G1 X75.2533 Y-100.7036
G1 X75.2465 Y-100.6417
G1 X75.2429 Y-100.5804
G1 X75.2427 Y-100.5197
G1 X75.2452 Y-100.4593
G1 X75.2505 Y-100.3988
G1 X75.2587 Y-100.3379
G1 X75.2693 Y-100.2759
G1 X75.2820 Y-100.2129
G1 X75.3201 Y-100.0503
G1 X75.3412 Y-99.9495
G1 X75.3605 Y-99.8461
G1 X75.3778 Y-99.7402
G1 X75.3933 Y-99.6318
G1 X75.4070 Y-99.5213
G1 X75.4187 Y-99.4087
G1 X75.4289 Y-99.2939
G1 X75.4370 Y-99.1776
G1 X75.4433 Y-99.0595
G1 X75.4479 Y-98.9396
G1 X75.4507 Y-98.8182
G1 X75.4517 Y-98.6958
G1 X75.4510 Y-98.5718
G1 X75.4482 Y-98.4471
G1 X75.4438 Y-98.3214
G1 X75.4377 Y-98.1946
G1 X75.4299 Y-98.0674
G1 X75.4200 Y-97.9396
G1 X75.4085 Y-97.8113
G1 X75.3953 Y-97.6828
G1 X75.3803 Y-97.5540
G1 X75.3638 Y-97.4253
G1 X75.3453 Y-97.2967
G1 X75.3252 Y-97.1682
G1 X75.3031 Y-97.0402
G1 X75.2798 Y-96.9127
G1 X75.2544 Y-96.7859
G1 X75.2272 Y-96.6597
G1 X75.1985 Y-96.5345
G1 X75.1680 Y-96.4103
G1 X75.1360 Y-96.2871
G1 X75.0750 Y-96.0755
G1 X75.0131 Y-95.8886
G1 X74.9501 Y-95.7265
G1 X74.8866 Y-95.5896
G1 X74.8231 Y-95.4776
G1 X74.7593 Y-95.3907
G1 X74.6961 Y-95.3292
G1 X74.6333 Y-95.2932
G1 X74.5714 Y-95.2825
G1 X74.5106 Y-95.2975
G1 X74.4515 Y-95.3381
G1 X74.3941 Y-95.4047
G1 X74.3387 Y-95.4969
G1 X74.2853 Y-95.6155
G1 X74.2348 Y-95.7600
G1 X74.1870 Y-95.9307
G1 X74.1489 Y-96.0631
G1 X74.1060 Y-96.1781
G1 X74.0598 Y-96.2734
G1 X74.0118 Y-96.3478
G1 X73.9633 Y-96.3988
G1 X73.9158 Y-96.4248
G1 X73.8708 Y-96.4237
G1 X73.8299 Y-96.3938
G1 X73.8104 Y-96.3663
G1 X73.7837 Y-96.3221
G1 X73.7509 Y-96.2624
G1 X73.7121 Y-96.1880
G1 X73.6681 Y-96.1001
G1 X73.6191 Y-96.0001
G1 X73.5655 Y-95.8888
G1 X73.5081 Y-95.7674
G1 X73.3834 Y-95.4992
G1 X73.2490 Y-95.2040
G1 X73.1088 Y-94.8911
G1 X73.0377 Y-94.7306
G1 X72.8960 Y-94.4080
G1 X72.8264 Y-94.2477
G1 X72.6920 Y-93.9350
G1 X72.6285 Y-93.7849
G1 X72.5104 Y-93.5027
G1 X72.4571 Y-93.3729
G1 X72.4080 Y-93.2523
G1 X72.3641 Y-93.1415
G1 X72.3255 Y-93.0420
G1 X72.2930 Y-92.9549
G1 X72.2668 Y-92.8812
G1 X72.2473 Y-92.8220
G1 X72.2353 Y-92.7788
G1 X72.2313 Y-92.7522
G1 X72.2427 Y-92.7433
G1 X72.2760 Y-92.7334
G1 X72.3301 Y-92.7227
G1 X72.4040 Y-92.7115
G1 X72.4964 Y-92.6993
G1 X72.6064 Y-92.6869
G1 X72.7326 Y-92.6739
G1 X72.8741 Y-92.6607
G1 X73.0298 Y-92.6473
G1 X73.1985 Y-92.6338
G1 X73.3788 Y-92.6201
G1 X73.5701 Y-92.6066
G1 X73.7710 Y-92.5934
G1 X73.9803 Y-92.5805
G1 X74.1970 Y-92.5678
G1 X74.4200 Y-92.5556
G1 X74.6572 Y-92.5419
G1 X74.8855 Y-92.5261
G1 X75.1053 Y-92.5078
G1 X75.3163 Y-92.4875
G1 X75.5190 Y-92.4644
G1 X75.7141 Y-92.4385
G1 X75.9013 Y-92.4100
G1 X76.0809 Y-92.3788
G1 X76.2536 Y-92.3442
G1 X76.4192 Y-92.3066
G1 X76.5782 Y-92.2658
G1 X76.7309 Y-92.2216
G1 X76.8774 Y-92.1738
G1 X77.0181 Y-92.1222
G1 X77.1533 Y-92.0669
G1 X77.2828 Y-92.0077
G1 X77.4075 Y-91.9444
G1 X77.5274 Y-91.8771
G1 X77.6430 Y-91.8055
G1 X77.7540 Y-91.7293
G1 X77.8609 Y-91.6485
G1 X77.9643 Y-91.5632
G1 X78.0641 Y-91.4730
G1 X78.1609 Y-91.3780
G1 X78.2546 Y-91.2777
G1 X78.3455 Y-91.1725
G1 X78.4339 Y-91.0618
G1 X78.5203 Y-90.9457
G1 X78.6049 Y-90.8240
G1 X78.6877 Y-90.6965
G1 X78.7692 Y-90.5634
G1 X78.8495 Y-90.4243
G1 X78.8939 Y-90.3442
G1 X78.9358 Y-90.2665
G1 X78.9757 Y-90.1903
G1 X79.0130 Y-90.1154
G1 X79.0484 Y-90.0417
G1 X79.0814 Y-89.9691
G1 X79.1124 Y-89.8972
G1 X79.1413 Y-89.8256
G1 X79.1682 Y-89.7539
G1 X79.1931 Y-89.6823
G1 X79.2163 Y-89.6102
G1 X79.2373 Y-89.5375
G1 X79.2564 Y-89.4639
G1 X79.2739 Y-89.3889
G1 X79.2894 Y-89.3127
G1 X79.3034 Y-89.2348
G1 X79.3156 Y-89.1548
G1 X79.3262 Y-89.0725
G1 X79.3354 Y-88.9876
G1 X79.3427 Y-88.9003
G1 X79.3488 Y-88.8096
G1 X79.3532 Y-88.7156
G1 X79.3565 Y-88.6183
G1 X79.3580 Y-88.5170
G1 X79.3585 Y-88.4116
G1 X79.3577 Y-88.3018
G1 X79.3554 Y-88.1873
G1 X79.3521 Y-88.0682
G1 X79.3476 Y-87.9437
G1 X79.3420 Y-87.8139
G1 X79.3354 Y-87.6783
G1 X79.3278 Y-87.5368
G1 X79.2231 Y-85.6861
G1 X79.2231 Y-85.6861
G1 X80.8205 Y-85.8629
G1 X81.0255 Y-85.8876
G1 X81.2350 Y-85.9168
G1 X81.4487 Y-85.9506
G1 X81.6663 Y-85.9881
G1 X81.8873 Y-86.0301
G1 X82.1113 Y-86.0760
G1 X82.3379 Y-86.1256
G1 X82.5668 Y-86.1789
G1 X82.7977 Y-86.2358
G1 X83.0296 Y-86.2962
G1 X83.2627 Y-86.3597
G1 X83.4964 Y-86.4263
G1 X83.7301 Y-86.4959
G1 X83.9638 Y-86.5685
G1 X84.1967 Y-86.6437
G1 X84.4288 Y-86.7214
G1 X84.6592 Y-86.8017
G1 X84.8881 Y-86.8840
G1 X85.1146 Y-86.9688
G1 X85.3384 Y-87.0555
G1 X85.5591 Y-87.1441
G1 X85.7766 Y-87.2343
G1 X85.9899 Y-87.3262
G1 X86.1992 Y-87.4197
G1 X86.4039 Y-87.5144
G1 X86.6033 Y-87.6102
G1 X86.7974 Y-87.7072
G1 X86.9856 Y-87.8050
G1 X87.1675 Y-87.9036
G1 X87.3427 Y-88.0029
G1 X87.5109 Y-88.1027
G1 X87.8192 Y-88.2950
G1 X87.9775 Y-88.3895
G1 X88.1449 Y-88.4852
G1 X88.3201 Y-88.5820
G1 X88.5015 Y-88.6790
G1 X88.6877 Y-88.7755
G1 X88.8771 Y-88.8705
G1 X89.0687 Y-88.9638
G1 X89.2604 Y-89.0544
G1 X89.4514 Y-89.1418
G1 X89.6399 Y-89.2251
G1 X89.8246 Y-89.3036
G1 X90.0039 Y-89.3768
G1 X90.1763 Y-89.4438
G1 X90.3407 Y-89.5043
G1 X90.4951 Y-89.5571
G1 X90.6686 Y-89.6145
G1 X90.8390 Y-89.6724
G1 X91.0064 Y-89.7308
G1 X91.1708 Y-89.7895
G1 X91.3318 Y-89.8484
G1 X91.4898 Y-89.9079
G1 X91.6442 Y-89.9673
G1 X91.7953 Y-90.0273
G1 X91.9429 Y-90.0872
G1 X92.0872 Y-90.1474
G1 X92.2274 Y-90.2076
G1 X92.3643 Y-90.2678
G1 X92.4971 Y-90.3282
G1 X92.6262 Y-90.3887
G1 X92.7514 Y-90.4489
G1 X92.8726 Y-90.5091
G1 X92.9897 Y-90.5693
G1 X93.1027 Y-90.6292
G1 X93.2114 Y-90.6889
G1 X93.3158 Y-90.7484
G1 X93.4159 Y-90.8075
G1 X93.5114 Y-90.8665
G1 X93.6026 Y-90.9251
G1 X93.6889 Y-90.9833
G1 X93.7707 Y-91.0412
G1 X93.8477 Y-91.0986
G1 X93.9201 Y-91.1555
G1 X93.9874 Y-91.2117
G1 X94.0496 Y-91.2675
G1 X94.1070 Y-91.3227
G1 X94.1591 Y-91.3773
G1 X94.2061 Y-91.4311
G1 X94.2297 Y-91.4563
G1 X94.2617 Y-91.4852
G1 X94.3016 Y-91.5180
G1 X94.3493 Y-91.5540
G1 X94.4044 Y-91.5934
G1 X94.4672 Y-91.6361
G1 X94.5368 Y-91.6816
G1 X94.6132 Y-91.7303
G1 X94.6965 Y-91.7819
G1 X94.7859 Y-91.8360
G1 X94.8817 Y-91.8929
G1 X94.9833 Y-91.9521
G1 X95.0907 Y-92.0135
G1 X95.2033 Y-92.0770
G1 X95.4441 Y-92.2106
G1 X95.7039 Y-92.3511
G1 X95.8403 Y-92.4237
G1 X95.9805 Y-92.4977
G1 X96.1248 Y-92.5731
G1 X96.2724 Y-92.6495
G1 X96.4235 Y-92.7270
G1 X96.7344 Y-92.8845
G1 X96.8939 Y-92.9643
G1 X97.0559 Y-93.0445
G1 X97.2200 Y-93.1250
G1 X97.3859 Y-93.2058
G1 X97.5535 Y-93.2868
G1 X97.7224 Y-93.3679
G1 X98.0648 Y-93.5304
G1 X98.2396 Y-93.6140
G1 X98.5954 Y-93.7862
G1 X98.7760 Y-93.8746
G1 X98.9579 Y-93.9643
G1 X99.3242 Y-94.1464
G1 X99.5078 Y-94.2386
G1 X99.6917 Y-94.3315
G1 X100.0577 Y-94.5180
G1 X100.2393 Y-94.6114
G1 X100.5982 Y-94.7974
G1 X100.9490 Y-94.9815
G1 X101.2891 Y-95.1621
G1 X101.4542 Y-95.2508
G1 X101.7732 Y-95.4237
G1 X102.0750 Y-95.5899
G1 X102.2185 Y-95.6699
G1 X102.4890 Y-95.8230
G1 X102.6155 Y-95.8959
G1 X102.7359 Y-95.9660
G1 X102.8494 Y-96.0331
G1 X102.9559 Y-96.0971
G1 X103.2027 Y-96.2482
G1 X103.3462 Y-96.3348
G1 X103.4865 Y-96.4176
G1 X103.6236 Y-96.4971
G1 X103.7587 Y-96.5731
G1 X103.8923 Y-96.6460
G1 X104.0249 Y-96.7161
G1 X104.0912 Y-96.7501
G1 X104.1573 Y-96.7834
G1 X104.2236 Y-96.8162
G1 X104.3567 Y-96.8802
G1 X104.4910 Y-96.9419
G1 X104.6272 Y-97.0016
G1 X104.6963 Y-97.0308
G1 X104.7661 Y-97.0597
G1 X104.8365 Y-97.0882
G1 X104.9078 Y-97.1164
G1 X104.9802 Y-97.1443
G1 X105.0536 Y-97.1720
G1 X105.2038 Y-97.2264
G1 X105.2807 Y-97.2533
G1 X105.3589 Y-97.2800
G1 X105.5197 Y-97.3331
G1 X105.6869 Y-97.3856
G1 X105.7730 Y-97.4118
G1 X105.9505 Y-97.4644
G1 X106.1362 Y-97.5169
G1 X106.3302 Y-97.5700
G1 X106.4306 Y-97.5967
G1 X106.6386 Y-97.6508
G1 X106.8568 Y-97.7057
G1 X107.0854 Y-97.7618
G1 X107.3254 Y-97.8192
G1 X107.7082 Y-97.9084
G1 X107.9792 Y-97.9701
G1 X108.2637 Y-98.0338
G1 X108.7173 Y-98.1342
G1 X109.7283 Y-98.3544
G1 X110.1796 Y-98.4514
G1 X110.4582 Y-98.5101
G1 X110.8453 Y-98.5901
G1 X111.0846 Y-98.6379
G1 X111.3104 Y-98.6813
G1 X111.5238 Y-98.7207
G1 X111.6261 Y-98.7387
G1 X111.8232 Y-98.7720
G1 X112.0107 Y-98.8012
G1 X112.1014 Y-98.8144
G1 X112.1900 Y-98.8266
G1 X112.2771 Y-98.8377
G1 X112.3625 Y-98.8482
G1 X112.4463 Y-98.8576
G1 X112.5291 Y-98.8662
G1 X112.6104 Y-98.8738
G1 X112.6909 Y-98.8807
G1 X112.7704 Y-98.8865
G1 X112.8492 Y-98.8916
G1 X113.0054 Y-98.8992
G1 X113.0831 Y-98.9018
G1 X113.1606 Y-98.9035
G1 X113.2380 Y-98.9043
G1 X113.3157 Y-98.9046
G1 X113.3937 Y-98.9040
G1 X113.5515 Y-98.9005
G1 X113.7122 Y-98.8939
G1 X113.8773 Y-98.8847
G1 X113.9619 Y-98.8789
G1 X114.1357 Y-98.8657
G1 X114.2251 Y-98.8578
G1 X114.4102 Y-98.8405
G1 X114.5062 Y-98.8309
G1 X114.7054 Y-98.8101
G1 X115.0249 Y-98.7742
G1 X115.6228 Y-98.7036
G1 X115.9525 Y-98.6630
G1 X116.2820 Y-98.6201
G1 X116.4468 Y-98.5975
G1 X116.7762 Y-98.5507
G1 X116.9408 Y-98.5266
G1 X117.1057 Y-98.5017
G1 X117.2703 Y-98.4763
G1 X117.4349 Y-98.4501
G1 X117.7641 Y-98.3963
G1 X117.9286 Y-98.3684
G1 X118.2576 Y-98.3110
G1 X118.5862 Y-98.2513
G1 X118.9147 Y-98.1890
G1 X119.2428 Y-98.1245
G1 X119.4069 Y-98.0912
G1 X119.7346 Y-98.0232
G1 X119.8982 Y-97.9884
G1 X120.2253 Y-97.9170
G1 X120.5522 Y-97.8431
G1 X120.8786 Y-97.7671
G1 X121.0414 Y-97.7280
G1 X121.3670 Y-97.6488
G1 X121.6922 Y-97.5670
G1 X121.8545 Y-97.5253
G1 X122.0168 Y-97.4829
G1 X122.3406 Y-97.3968
G1 X122.5024 Y-97.3529
G1 X122.6640 Y-97.3084
G1 X122.9868 Y-97.2177
G1 X123.1478 Y-97.1715
G1 X123.4694 Y-97.0775
G1 X123.7905 Y-96.9815
G1 X124.1105 Y-96.8832
G1 X124.4300 Y-96.7826
G1 X124.7485 Y-96.6800
G1 X124.9075 Y-96.6279
G1 X125.0663 Y-96.5754
G1 X125.2248 Y-96.5223
G1 X125.5413 Y-96.4143
G1 X125.6990 Y-96.3595
G1 X126.0140 Y-96.2485
G1 X126.1712 Y-96.1921
G1 X126.4846 Y-96.0778
G1 X126.6411 Y-96.0199
G1 X126.9530 Y-95.9025
G1 X127.2639 Y-95.7831
G1 X127.4188 Y-95.7227
G1 X127.5735 Y-95.6617
G1 X127.7280 Y-95.6003
G1 X127.8821 Y-95.5383
G1 X128.0361 Y-95.4758
G1 X128.1897 Y-95.4128
G1 X128.3429 Y-95.3493
G1 X128.4958 Y-95.2853
G1 X128.8009 Y-95.1560
G1 X128.9530 Y-95.0905
G1 X129.1046 Y-95.0244
G1 X129.2560 Y-94.9579
G1 X129.5578 Y-94.8235
G1 X129.8583 Y-94.6871
G1 X130.1572 Y-94.5487
G1 X130.3063 Y-94.4789
G1 X130.4549 Y-94.4085
G1 X130.6032 Y-94.3376
G1 X130.7511 Y-94.2663
G1 X130.8986 Y-94.1944
G1 X131.1925 Y-94.0493
G1 X131.3391 Y-93.9759
G1 X131.6307 Y-93.8281
G1 X131.7760 Y-93.7534
G1 X132.0653 Y-93.6028
G1 X132.3528 Y-93.4502
G1 X132.4961 Y-93.3732
G1 X132.6388 Y-93.2957
G1 X132.7813 Y-93.2177
G1 X133.0648 Y-93.0605
G1 X133.2060 Y-92.9813
G1 X133.3464 Y-92.9015
G1 X133.6266 Y-92.7407
G1 X133.9047 Y-92.5779
G1 X134.1811 Y-92.4136
G1 X134.4557 Y-92.2472
G1 X134.5921 Y-92.1636
G1 X134.8638 Y-91.9947
G1 X134.9990 Y-91.9096
G1 X135.2677 Y-91.7382
G1 X135.4013 Y-91.6516
G1 X135.5288 Y-91.5695
G1 X135.6568 Y-91.4888
G1 X135.7851 Y-91.4095
G1 X135.9136 Y-91.3313
G1 X136.0424 Y-91.2546
G1 X136.1714 Y-91.1791
G1 X136.3007 Y-91.1052
G1 X136.4303 Y-91.0323
G1 X136.5601 Y-90.9610
G1 X136.6901 Y-90.8911
G1 X136.8201 Y-90.8225
G1 X136.9504 Y-90.7552
G1 X137.0810 Y-90.6894
G1 X137.2116 Y-90.6249
G1 X137.3421 Y-90.5619
G1 X137.4729 Y-90.5002
G1 X137.6037 Y-90.4400
; Retract
G1 Z2.5400 F2540

; Path 10
; Rapid to initial position
G1 X137.1166 Y-100.3529 F2540
G1 Z0.0000
; plunge
G1 Z-3.1750 F127
; cut
G1 X136.9124 Y-100.3440 F1016
G1 X136.6987 Y-100.3358
G1 X136.4750 Y-100.3280
G1 X133.1791 Y-100.2241
G1 X133.1791 Y-100.2241
G1 X130.7752 Y-101.4329
G1 X130.4356 Y-101.6051
G1 X130.2814 Y-101.6841
G1 X130.1377 Y-101.7585
G1 X130.0041 Y-101.8286
G1 X129.8799 Y-101.8946
G1 X129.7653 Y-101.9569
G1 X129.6601 Y-102.0153
G1 X129.5639 Y-102.0704
G1 X129.4765 Y-102.1220
G1 X129.3978 Y-102.1707
G1 X129.3271 Y-102.2165
G1 X129.2647 Y-102.2596
G1 X129.2101 Y-102.3003
G1 X129.1631 Y-102.3386
G1 X129.1232 Y-102.3752
G1 X129.0907 Y-102.4098
G1 X129.0650 Y-102.4428
G1 X129.0457 Y-102.4745
G1 X129.0330 Y-102.5050
G1 X129.0264 Y-102.5345
G1 X129.0259 Y-102.5632
G1 X129.0307 Y-102.5911
G1 X129.0411 Y-102.6190
G1 X129.0566 Y-102.6465
G1 X129.0772 Y-102.6742
G1 X129.1024 Y-102.7021
G1 X129.1321 Y-102.7306
G1 X129.1661 Y-102.7598
G1 X129.2040 Y-102.7897
G1 X129.2454 Y-102.8207
G1 X129.3637 Y-102.8944
G1 X129.5083 Y-102.9632
G1 X129.6733 Y-103.0254
G1 X129.8532 Y-103.0798
G1 X130.0427 Y-103.1248
G1 X130.2357 Y-103.1585
G1 X130.4267 Y-103.1801
G1 X130.6104 Y-103.1875
G1 X130.7493 Y-103.1888
G1 X130.8732 Y-103.1931
G1 X130.9835 Y-103.2015
G1 X131.0808 Y-103.2149
G1 X131.1664 Y-103.2347
G1 X131.2415 Y-103.2617
G1 X131.3071 Y-103.2965
G1 X131.3645 Y-103.3407
G1 X131.4145 Y-103.3950
G1 X131.4582 Y-103.4605
G1 X131.4971 Y-103.5380
G1 X131.5319 Y-103.6290
G1 X131.5639 Y-103.7339
G1 X131.5941 Y-103.8542
G1 X131.6236 Y-103.9906
G1 X131.6535 Y-104.1443
G1 X131.6756 Y-104.2777
G1 X131.6929 Y-104.4151
G1 X131.7056 Y-104.5563
G1 X131.7137 Y-104.7008
G1 X131.7173 Y-104.8484
G1 X131.7165 Y-104.9988
G1 X131.7112 Y-105.1517
G1 X131.7015 Y-105.3069
G1 X131.6878 Y-105.4636
G1 X131.6700 Y-105.6218
G1 X131.6482 Y-105.7813
G1 X131.6225 Y-105.9416
G1 X131.5928 Y-106.1024
G1 X131.5593 Y-106.2634
G1 X131.5222 Y-106.4242
G1 X131.4816 Y-106.5847
G1 X131.4374 Y-106.7443
G1 X131.3899 Y-106.9028
G1 X131.3391 Y-107.0600
G1 X131.2847 Y-107.2152
G1 X131.2276 Y-107.3686
G1 X131.1671 Y-107.5195
G1 X131.1036 Y-107.6676
G1 X131.0373 Y-107.8126
G1 X130.9682 Y-107.9543
G1 X130.8964 Y-108.0925
G1 X130.8219 Y-108.2264
G1 X130.7447 Y-108.3561
G1 X130.6652 Y-108.4811
G1 X130.5832 Y-108.6013
G1 X130.4991 Y-108.7161
G1 X130.4125 Y-108.8250
G1 X130.3150 Y-108.9409
G1 X130.2141 Y-109.0544
G1 X130.1105 Y-109.1662
G1 X130.0035 Y-109.2756
G1 X129.8938 Y-109.3831
G1 X129.7808 Y-109.4885
G1 X129.6647 Y-109.5919
G1 X129.5456 Y-109.6935
G1 X129.4232 Y-109.7928
G1 X129.2977 Y-109.8903
G1 X129.1689 Y-109.9858
G1 X129.0368 Y-110.0795
G1 X128.9014 Y-110.1712
G1 X128.7630 Y-110.2609
G1 X128.6210 Y-110.3488
G1 X128.4757 Y-110.4349
G1 X128.3271 Y-110.5190
G1 X128.1753 Y-110.6013
G1 X128.0198 Y-110.6818
G1 X127.8608 Y-110.7603
G1 X127.6985 Y-110.8372
G1 X127.5329 Y-110.9121
G1 X127.3635 Y-110.9853
G1 X127.1905 Y-111.0569
G1 X127.0142 Y-111.1265
G1 X126.8341 Y-111.1946
G1 X126.6505 Y-111.2609
G1 X126.4630 Y-111.3254
G1 X126.2723 Y-111.3881
G1 X126.0775 Y-111.4494
G1 X125.8791 Y-111.5088
G1 X125.6772 Y-111.5667
G1 X125.6162 Y-111.5835
G1 X125.5532 Y-111.5997
G1 X125.4884 Y-111.6157
G1 X125.4219 Y-111.6315
G1 X125.3533 Y-111.6470
G1 X125.2832 Y-111.6622
G1 X125.2111 Y-111.6772
G1 X125.1372 Y-111.6917
G1 X124.9840 Y-111.7201
G1 X124.9050 Y-111.7338
G1 X124.7417 Y-111.7605
G1 X124.6574 Y-111.7732
G1 X124.4844 Y-111.7984
G1 X124.3955 Y-111.8103
G1 X124.2129 Y-111.8334
G1 X124.0244 Y-111.8555
G1 X123.8298 Y-111.8766
G1 X123.7305 Y-111.8865
G1 X123.5278 Y-111.9058
G1 X123.3195 Y-111.9238
G1 X123.1062 Y-111.9408
G1 X122.7767 Y-111.9642
G1 X122.5509 Y-111.9782
G1 X122.3208 Y-111.9911
G1 X122.0861 Y-112.0031
G1 X121.8474 Y-112.0140
G1 X121.4818 Y-112.0280
G1 X121.2334 Y-112.0358
G1 X120.9812 Y-112.0427
G1 X120.7259 Y-112.0485
G1 X120.4674 Y-112.0531
G1 X120.2058 Y-112.0567
G1 X120.0739 Y-112.0579
G1 X119.8082 Y-112.0597
G1 X119.5400 Y-112.0605
G1 X119.2693 Y-112.0602
G1 X118.9965 Y-112.0587
G1 X118.7216 Y-112.0562
G1 X118.3063 Y-112.0501
G1 X117.8872 Y-112.0417
G1 X117.4656 Y-112.0310
G1 X117.1832 Y-112.0224
G1 X116.7580 Y-112.0074
G1 X116.4740 Y-111.9960
G1 X116.0473 Y-111.9769
G1 X115.6205 Y-111.9556
G1 X115.1941 Y-111.9317
G1 X114.9106 Y-111.9144
G1 X114.4864 Y-111.8865
G1 X114.3455 Y-111.8766
G1 X114.0645 Y-111.8560
G1 X113.7846 Y-111.8344
G1 X113.5062 Y-111.8118
G1 X113.2294 Y-111.7882
G1 X112.8177 Y-111.7506
G1 X112.5456 Y-111.7242
G1 X112.2759 Y-111.6968
G1 X111.8758 Y-111.6536
G1 X111.4819 Y-111.6081
G1 X111.2230 Y-111.5764
G1 X110.9673 Y-111.5436
G1 X110.7148 Y-111.5098
G1 X110.4659 Y-111.4750
G1 X110.2208 Y-111.4392
G1 X109.7115 Y-111.3620
G1 X109.1484 Y-111.2792
G1 X108.6140 Y-111.2035
G1 X108.2769 Y-111.1575
G1 X107.8052 Y-111.0953
G1 X107.3805 Y-111.0425
G1 X107.2505 Y-111.0272
G1 X107.0092 Y-110.9998
G1 X106.8984 Y-110.9878
G1 X106.7948 Y-110.9772
G1 X106.6091 Y-110.9599
G1 X106.5276 Y-110.9530
G1 X106.4542 Y-110.9477
G1 X106.3889 Y-110.9436
G1 X106.3323 Y-110.9411
G1 X106.2843 Y-110.9401
G1 X106.2452 Y-110.9403
G1 X106.2152 Y-110.9424
G1 X106.1949 Y-110.9457
G1 X106.1842 Y-110.9508
G1 X106.1651 Y-110.9871
G1 X106.1542 Y-111.0485
G1 X106.1512 Y-111.1313
G1 X106.1560 Y-111.2322
G1 X106.1679 Y-111.3483
G1 X106.1870 Y-111.4758
G1 X106.2129 Y-111.6114
G1 X106.2454 Y-111.7524
G1 X106.2596 Y-111.8060
G1 X106.2749 Y-111.8573
G1 X106.2919 Y-111.9068
G1 X106.3102 Y-111.9541
G1 X106.3302 Y-111.9998
G1 X106.3523 Y-112.0437
G1 X106.3767 Y-112.0861
G1 X106.4034 Y-112.1270
G1 X106.4326 Y-112.1667
G1 X106.4646 Y-112.2050
G1 X106.4997 Y-112.2423
G1 X106.5378 Y-112.2787
G1 X106.5792 Y-112.3142
G1 X106.6244 Y-112.3493
G1 X106.6734 Y-112.3833
G1 X106.7262 Y-112.4174
G1 X106.7831 Y-112.4506
G1 X106.8446 Y-112.4839
G1 X106.9106 Y-112.5172
G1 X106.9815 Y-112.5502
G1 X107.0572 Y-112.5837
G1 X107.1382 Y-112.6172
G1 X107.2243 Y-112.6513
G1 X107.3163 Y-112.6858
G1 X107.4141 Y-112.7209
G1 X107.5177 Y-112.7570
G1 X107.6274 Y-112.7938
G1 X107.7438 Y-112.8316
G1 X107.8664 Y-112.8705
G1 X107.9962 Y-112.9109
G1 X108.1326 Y-112.9525
G1 X108.4423 Y-113.0445
G1 X108.6127 Y-113.0935
G1 X108.7877 Y-113.1430
G1 X108.9668 Y-113.1926
G1 X109.1496 Y-113.2423
G1 X109.3361 Y-113.2924
G1 X109.5256 Y-113.3422
G1 X109.7181 Y-113.3919
G1 X109.9134 Y-113.4417
G1 X110.1108 Y-113.4913
G1 X110.3102 Y-113.5405
G1 X110.7140 Y-113.6378
G1 X110.9177 Y-113.6858
G1 X111.1225 Y-113.7333
G1 X111.3274 Y-113.7801
G1 X111.5327 Y-113.8263
G1 X111.7379 Y-113.8718
G1 X111.9426 Y-113.9165
G1 X112.1466 Y-113.9601
G1 X112.5517 Y-114.0447
G1 X112.7519 Y-114.0854
G1 X112.9502 Y-114.1250
G1 X113.1463 Y-114.1633
G1 X113.5306 Y-114.2360
G1 X113.7183 Y-114.2700
G1 X113.9027 Y-114.3028
G1 X114.0833 Y-114.3340
G1 X114.2599 Y-114.3635
G1 X114.4323 Y-114.3914
G1 X114.5136 Y-114.4034
G1 X114.6015 Y-114.4146
G1 X114.6957 Y-114.4247
G1 X114.7963 Y-114.4344
G1 X114.9025 Y-114.4430
G1 X115.0145 Y-114.4509
G1 X115.1321 Y-114.4580
G1 X115.2548 Y-114.4646
G1 X115.3828 Y-114.4702
G1 X115.5154 Y-114.4750
G1 X115.6528 Y-114.4793
G1 X115.7945 Y-114.4826
G1 X115.9406 Y-114.4854
G1 X116.0907 Y-114.4875
G1 X116.2444 Y-114.4887
G1 X116.4018 Y-114.4895
G1 X116.7262 Y-114.4890
G1 X116.8931 Y-114.4877
G1 X117.0625 Y-114.4857
G1 X117.4090 Y-114.4801
G1 X117.7633 Y-114.4720
G1 X118.1245 Y-114.4613
G1 X118.4905 Y-114.4486
G1 X118.8596 Y-114.4339
G1 X119.2301 Y-114.4168
G1 X119.6005 Y-114.3978
G1 X119.7849 Y-114.3876
G1 X120.1517 Y-114.3658
G1 X120.5139 Y-114.3422
G1 X120.8697 Y-114.3168
G1 X121.0447 Y-114.3033
G1 X121.3879 Y-114.2756
G1 X121.7206 Y-114.2464
G1 X121.8824 Y-114.2312
G1 X122.0409 Y-114.2157
G1 X122.3472 Y-114.1837
G1 X122.4948 Y-114.1672
G1 X122.6381 Y-114.1504
G1 X122.7770 Y-114.1331
G1 X122.9114 Y-114.1158
G1 X123.0412 Y-114.0981
G1 X123.1656 Y-114.0803
G1 X123.2850 Y-114.0620
G1 X123.3990 Y-114.0437
G1 X123.5075 Y-114.0252
G1 X123.6099 Y-114.0061
G1 X123.7064 Y-113.9871
G1 X123.7966 Y-113.9678
G1 X123.8804 Y-113.9485
G1 X123.9573 Y-113.9287
G1 X124.0706 Y-113.8977
G1 X124.1859 Y-113.8646
G1 X124.3030 Y-113.8298
G1 X124.4219 Y-113.7933
G1 X124.5425 Y-113.7549
G1 X124.6647 Y-113.7148
G1 X124.7884 Y-113.6729
G1 X124.9136 Y-113.6294
G1 X125.0401 Y-113.5845
G1 X125.1679 Y-113.5377
G1 X125.2972 Y-113.4895
G1 X125.4275 Y-113.4400
G1 X125.5588 Y-113.3886
G1 X125.6914 Y-113.3361
G1 X125.8247 Y-113.2820
G1 X125.9591 Y-113.2266
G1 X126.0942 Y-113.1700
G1 X126.2301 Y-113.1120
G1 X126.3668 Y-113.0529
G1 X126.5039 Y-112.9924
G1 X126.6419 Y-112.9307
G1 X126.7800 Y-112.8679
G1 X126.9187 Y-112.8042
G1 X127.1971 Y-112.6734
G1 X127.3366 Y-112.6063
G1 X127.4760 Y-112.5385
G1 X127.6157 Y-112.4697
G1 X127.7551 Y-112.4001
G1 X127.8948 Y-112.3295
G1 X128.0340 Y-112.2581
G1 X128.1732 Y-112.1860
G1 X128.3119 Y-112.1133
G1 X128.4503 Y-112.0397
G1 X128.5883 Y-111.9655
G1 X128.7259 Y-111.8908
G1 X128.8628 Y-111.8154
G1 X128.9990 Y-111.7394
G1 X129.1344 Y-111.6630
G1 X129.2692 Y-111.5860
G1 X129.4031 Y-111.5088
G1 X129.5359 Y-111.4311
G1 X129.6678 Y-111.3528
G1 X129.7986 Y-111.2744
G1 X129.9281 Y-111.1956
G1 X130.0566 Y-111.1166
G1 X130.1836 Y-111.0374
G1 X130.3094 Y-110.9581
G1 X130.4338 Y-110.8786
G1 X130.5565 Y-110.7989
G1 X130.6777 Y-110.7194
G1 X130.7973 Y-110.6396
G1 X130.9152 Y-110.5598
G1 X131.0312 Y-110.4801
G1 X131.1455 Y-110.4006
G1 X131.2578 Y-110.3211
G1 X131.3680 Y-110.2418
G1 X131.4762 Y-110.1626
G1 X131.5824 Y-110.0839
G1 X131.6860 Y-110.0051
G1 X131.7876 Y-109.9269
G1 X131.8870 Y-109.8489
G1 X131.9837 Y-109.7712
G1 X132.0780 Y-109.6940
G1 X132.2283 Y-109.5680
G1 X132.3797 Y-109.4384
G1 X132.5321 Y-109.3056
G1 X132.6853 Y-109.1689
G1 X132.8392 Y-109.0292
G1 X132.9939 Y-108.8865
G1 X133.1488 Y-108.7404
G1 X133.3045 Y-108.5913
G1 X133.4605 Y-108.4395
G1 X133.6164 Y-108.2848
G1 X133.7729 Y-108.1273
G1 X133.9294 Y-107.9675
G1 X134.0858 Y-107.8050
G1 X134.2420 Y-107.6401
G1 X134.3980 Y-107.4730
G1 X134.5540 Y-107.3038
G1 X134.7094 Y-107.1324
G1 X134.8643 Y-106.9591
G1 X135.0185 Y-106.7841
G1 X135.1722 Y-106.6071
G1 X135.3251 Y-106.4285
G1 X135.4772 Y-106.2485
G1 X135.6281 Y-106.0668
G1 X135.7782 Y-105.8840
G1 X135.9271 Y-105.6998
G1 X136.0749 Y-105.5144
G1 X136.2212 Y-105.3280
G1 X136.3660 Y-105.1408
G1 X136.5095 Y-104.9525
G1 X136.6512 Y-104.7636
G1 X136.7912 Y-104.5741
G1 X136.9296 Y-104.3841
G1 X137.4666 Y-103.6401
G1 X138.6495 Y-104.1733
G1 X138.7686 Y-104.2284
G1 X138.8867 Y-104.2863
G1 X139.0035 Y-104.3468
G1 X139.1191 Y-104.4097
G1 X139.2337 Y-104.4753
G1 X139.3467 Y-104.5431
G1 X139.4582 Y-104.6132
G1 X139.5684 Y-104.6858
G1 X139.6771 Y-104.7605
G1 X139.7843 Y-104.8375
G1 X139.8900 Y-104.9167
G1 X139.9941 Y-104.9980
G1 X140.0962 Y-105.0816
G1 X140.1968 Y-105.1669
G1 X140.2956 Y-105.2543
G1 X140.3924 Y-105.3437
G1 X140.4874 Y-105.4349
G1 X140.5806 Y-105.5279
G1 X140.6715 Y-105.6226
G1 X140.7604 Y-105.7191
G1 X140.8473 Y-105.8174
G1 X140.9322 Y-105.9175
G1 X141.0147 Y-106.0188
G1 X141.0950 Y-106.1220
G1 X141.1727 Y-106.2264
G1 X141.2484 Y-106.3323
G1 X141.3215 Y-106.4397
G1 X141.3921 Y-106.5484
G1 X141.4605 Y-106.6584
G1 X141.5260 Y-106.7697
G1 X141.5890 Y-106.8819
G1 X141.6492 Y-106.9957
G1 X142.0444 Y-107.7610
G1 X142.4887 Y-106.2330
G1 X142.5565 Y-105.9894
G1 X142.6167 Y-105.7519
G1 X142.6690 Y-105.5210
G1 X142.7132 Y-105.2960
G1 X142.7495 Y-105.0773
G1 X142.7780 Y-104.8644
G1 X142.7983 Y-104.6574
G1 X142.8107 Y-104.4560
G1 X142.8148 Y-104.2601
G1 X142.8107 Y-104.0699
G1 X142.7985 Y-103.8850
G1 X142.7782 Y-103.7054
G1 X142.7495 Y-103.5309
G1 X142.7124 Y-103.3615
G1 X142.6670 Y-103.1969
G1 X142.6131 Y-103.0371
G1 X142.5509 Y-102.8819
G1 X142.4803 Y-102.7313
G1 X142.4008 Y-102.5853
G1 X142.3129 Y-102.4435
G1 X142.2164 Y-102.3059
G1 X142.1112 Y-102.1725
G1 X141.9974 Y-102.0430
G1 X141.8747 Y-101.9175
G1 X141.7434 Y-101.7956
G1 X141.6030 Y-101.6775
G1 X141.4539 Y-101.5629
G1 X141.2959 Y-101.4517
G1 X141.1287 Y-101.3437
G1 X140.9527 Y-101.2388
G1 X140.7678 Y-101.1372
G1 X140.5735 Y-101.0384
G1 X140.4752 Y-100.9909
G1 X140.3784 Y-100.9457
G1 X140.2829 Y-100.9028
G1 X140.1882 Y-100.8619
G1 X140.0937 Y-100.8233
G1 X139.9992 Y-100.7864
G1 X139.9045 Y-100.7516
G1 X139.8087 Y-100.7186
G1 X139.7119 Y-100.6876
G1 X139.6136 Y-100.6582
G1 X139.5131 Y-100.6305
G1 X139.4104 Y-100.6043
G1 X139.3048 Y-100.5799
G1 X139.1961 Y-100.5568
G1 X139.0838 Y-100.5352
G1 X138.9675 Y-100.5149
G1 X138.8466 Y-100.4959
G1 X138.7213 Y-100.4781
G1 X138.5905 Y-100.4616
G1 X138.4544 Y-100.4458
G1 X138.3121 Y-100.4313
G1 X138.1636 Y-100.4179
G1 X138.0084 Y-100.4052
G1 X137.8461 Y-100.3932
G1 X137.6759 Y-100.3823
G1 X137.4981 Y-100.3719
G1 X137.3116 Y-100.3620
G1 X137.1166 Y-100.3529
; Retract
G1 Z2.5400 F2540

; Path 11
; Rapid to initial position
G1 X136.3967 Y-126.2235 F2540
G1 Z0.0000
; plunge
G1 Z-3.1750 F127
; cut
G1 X136.6027 Y-126.2289 F1016
G1 X136.8080 Y-126.2350
G1 X137.0124 Y-126.2416
G1 X137.2161 Y-126.2492
G1 X137.4193 Y-126.2573
G1 X137.6218 Y-126.2662
G1 X137.8234 Y-126.2758
G1 X138.0244 Y-126.2863
G1 X138.2248 Y-126.2972
G1 X138.4244 Y-126.3091
G1 X138.6233 Y-126.3216
G1 X138.8214 Y-126.3348
G1 X139.0190 Y-126.3487
G1 X139.2159 Y-126.3635
G1 X139.4122 Y-126.3790
G1 X139.6078 Y-126.3952
G1 X139.8026 Y-126.4122
G1 X139.9969 Y-126.4298
G1 X140.1907 Y-126.4483
G1 X140.3838 Y-126.4674
G1 X140.5760 Y-126.4872
G1 X140.7678 Y-126.5080
G1 X140.9591 Y-126.5293
G1 X141.1496 Y-126.5514
G1 X141.3396 Y-126.5743
G1 X141.5288 Y-126.5979
G1 X141.7175 Y-126.6223
G1 X141.9057 Y-126.6474
G1 X142.0932 Y-126.6734
G1 X142.2801 Y-126.7000
G1 X142.4666 Y-126.7272
G1 X142.6522 Y-126.7554
G1 X142.8377 Y-126.7844
G1 X143.0223 Y-126.8141
G1 X143.2062 Y-126.8446
G1 X143.3899 Y-126.8758
G1 X143.5730 Y-126.9078
G1 X143.7554 Y-126.9403
G1 X143.9375 Y-126.9738
G1 X144.1188 Y-127.0081
G1 X144.2997 Y-127.0432
G1 X144.4800 Y-127.0790
G1 X144.6599 Y-127.1156
G1 X144.8392 Y-127.1532
G1 X145.0183 Y-127.1913
G1 X145.1966 Y-127.2301
G1 X145.3744 Y-127.2697
G1 X145.5517 Y-127.3104
G1 X145.7287 Y-127.3515
G1 X145.9050 Y-127.3937
G1 X146.0810 Y-127.4366
G1 X146.2565 Y-127.4801
G1 X146.4315 Y-127.5245
G1 X146.6060 Y-127.5697
G1 X146.7802 Y-127.6159
G1 X146.9537 Y-127.6627
G1 X147.1270 Y-127.7102
G1 X147.2997 Y-127.7587
G1 X147.4721 Y-127.8077
G1 X147.6441 Y-127.8578
G1 X147.8156 Y-127.9086
G1 X147.9868 Y-127.9601
G1 X148.1574 Y-128.0127
G1 X148.3276 Y-128.0658
G1 X148.4975 Y-128.1199
G1 X148.6670 Y-128.1747
G1 X148.8361 Y-128.2304
G1 X149.0048 Y-128.2868
G1 X149.1732 Y-128.3439
G1 X149.3411 Y-128.4021
G1 X149.5087 Y-128.4610
G1 X149.6761 Y-128.5207
G1 X149.8430 Y-128.5812
G1 X150.0096 Y-128.6426
G1 X150.1757 Y-128.7046
G1 X150.3416 Y-128.7676
G1 X150.5069 Y-128.8313
G1 X150.6723 Y-128.8961
G1 X150.8371 Y-128.9616
G1 X151.0017 Y-129.0279
G1 X151.1658 Y-129.0950
G1 X151.3299 Y-129.1628
G1 X151.4935 Y-129.2316
G1 X151.6568 Y-129.3012
G1 X151.8199 Y-129.3719
G1 X151.9824 Y-129.4430
G1 X152.1450 Y-129.5151
G1 X152.3073 Y-129.5883
G1 X152.4691 Y-129.6619
G1 X152.6306 Y-129.7366
G1 X152.7922 Y-129.8123
G1 X152.9532 Y-129.8885
G1 X153.1140 Y-129.9657
G1 X153.2748 Y-130.0437
G1 X153.4350 Y-130.1227
G1 X153.5953 Y-130.2024
G1 X153.7551 Y-130.2829
G1 X153.9149 Y-130.3645
G1 X154.0744 Y-130.4468
G1 X154.2336 Y-130.5301
G1 X154.3926 Y-130.6139
G1 X154.5516 Y-130.6990
G1 X154.7101 Y-130.7846
G1 X154.8686 Y-130.8712
G1 X155.0269 Y-130.9588
G1 X155.1851 Y-131.0472
G1 X155.3428 Y-131.1364
G1 X155.5008 Y-131.2266
G1 X155.6583 Y-131.3175
G1 X155.8158 Y-131.4092
G1 X155.9730 Y-131.5019
G1 X156.1300 Y-131.5956
G1 X156.2870 Y-131.6901
G1 X156.4439 Y-131.7854
G1 X156.6007 Y-131.8816
G1 X156.7571 Y-131.9787
G1 X156.9136 Y-132.0767
G1 X157.0698 Y-132.1755
G1 X157.2260 Y-132.2753
G1 X157.3822 Y-132.3759
G1 X157.5382 Y-132.4775
G1 X157.6385 Y-132.5446
G1 X157.7459 Y-132.6192
G1 X157.8602 Y-132.7013
G1 X157.9811 Y-132.7902
G1 X158.1084 Y-132.8859
G1 X158.2412 Y-132.9880
G1 X158.3799 Y-133.0965
G1 X158.5234 Y-133.2108
G1 X158.6723 Y-133.3307
G1 X158.8254 Y-133.4557
G1 X158.9827 Y-133.5860
G1 X159.1442 Y-133.7208
G1 X159.3091 Y-133.8600
G1 X159.4772 Y-134.0035
G1 X159.6481 Y-134.1509
G1 X159.8216 Y-134.3017
G1 X159.9976 Y-134.4562
G1 X160.1754 Y-134.6131
G1 X160.3548 Y-134.7732
G1 X160.5354 Y-134.9355
G1 X160.7170 Y-135.1001
G1 X160.8991 Y-135.2662
G1 X161.0815 Y-135.4341
G1 X161.2641 Y-135.6032
G1 X161.4460 Y-135.7734
G1 X161.6273 Y-135.9444
G1 X161.8074 Y-136.1156
G1 X161.9865 Y-136.2870
G1 X162.1635 Y-136.4582
G1 X162.3385 Y-136.6289
G1 X162.5115 Y-136.7988
G1 X162.6814 Y-136.9680
G1 X165.9514 Y-140.2331
G1 X164.0373 Y-142.1493
G1 X163.9382 Y-142.2489
G1 X163.8389 Y-142.3497
G1 X163.7391 Y-142.4518
G1 X163.6392 Y-142.5547
G1 X163.4396 Y-142.7625
G1 X163.2417 Y-142.9718
G1 X163.1437 Y-143.0764
G1 X162.9501 Y-143.2852
G1 X162.8551 Y-143.3888
G1 X162.6695 Y-143.5938
G1 X162.4904 Y-143.7942
G1 X162.3195 Y-143.9885
G1 X162.1579 Y-144.1757
G1 X162.0070 Y-144.3538
G1 X161.9362 Y-144.4389
G1 X161.8684 Y-144.5214
G1 X161.8038 Y-144.6009
G1 X161.7429 Y-144.6771
G1 X161.6855 Y-144.7500
G1 X161.6321 Y-144.8194
G1 X161.5826 Y-144.8852
G1 X161.5371 Y-144.9469
G1 X161.4962 Y-145.0045
G1 X161.3388 Y-145.2324
G1 X161.2201 Y-145.3901
G1 X161.1046 Y-145.5313
G1 X160.9921 Y-145.6555
G1 X160.8826 Y-145.7625
G1 X160.7767 Y-145.8526
G1 X160.6740 Y-145.9255
G1 X160.5755 Y-145.9812
G1 X160.4808 Y-146.0195
G1 X160.3903 Y-146.0403
G1 X160.3040 Y-146.0436
G1 X160.2224 Y-146.0292
G1 X160.1457 Y-145.9972
G1 X160.0736 Y-145.9471
G1 X160.0070 Y-145.8793
G1 X159.9230 Y-145.7609
G1 X159.8930 Y-145.7246
G1 X159.8554 Y-145.6842
G1 X159.8107 Y-145.6400
G1 X159.7589 Y-145.5920
G1 X159.7005 Y-145.5405
G1 X159.6352 Y-145.4851
G1 X159.5633 Y-145.4264
G1 X159.4853 Y-145.3645
G1 X159.4010 Y-145.2994
G1 X159.3111 Y-145.2311
G1 X159.2153 Y-145.1600
G1 X159.1140 Y-145.0858
G1 X159.0073 Y-145.0091
G1 X158.8953 Y-144.9296
G1 X158.7784 Y-144.8478
G1 X158.6568 Y-144.7635
G1 X158.5305 Y-144.6769
G1 X158.2649 Y-144.4973
G1 X158.1259 Y-144.4046
G1 X157.8364 Y-144.2138
G1 X157.6862 Y-144.1160
G1 X157.3764 Y-143.9161
G1 X157.2171 Y-143.8143
G1 X157.0548 Y-143.7114
G1 X156.7231 Y-143.5026
G1 X156.5537 Y-143.3970
G1 X156.2092 Y-143.1839
G1 X155.8585 Y-142.9690
G1 X155.5024 Y-142.7533
G1 X155.3230 Y-142.6456
G1 X154.9624 Y-142.4305
G1 X154.6001 Y-142.2169
G1 X154.4193 Y-142.1110
G1 X154.0581 Y-141.9014
G1 X153.6992 Y-141.6957
G1 X153.5212 Y-141.5946
G1 X153.1689 Y-141.3962
G1 X152.8227 Y-141.2042
G1 X152.6525 Y-141.1107
G1 X152.4843 Y-141.0193
G1 X152.1549 Y-140.8420
G1 X151.8361 Y-140.6738
G1 X151.6812 Y-140.5936
G1 X151.5295 Y-140.5156
G1 X151.3812 Y-140.4404
G1 X151.2364 Y-140.3680
G1 X151.0955 Y-140.2984
G1 X150.9586 Y-140.2321
G1 X150.6728 Y-140.0957
G1 X150.3865 Y-139.9616
G1 X150.0995 Y-139.8293
G1 X149.9560 Y-139.7640
G1 X149.8122 Y-139.6992
G1 X149.5245 Y-139.5710
G1 X149.3804 Y-139.5077
G1 X149.2362 Y-139.4450
G1 X148.9474 Y-139.3208
G1 X148.8029 Y-139.2596
G1 X148.6581 Y-139.1989
G1 X148.3685 Y-139.0790
G1 X148.2235 Y-139.0198
G1 X147.9332 Y-138.9027
G1 X147.7879 Y-138.8450
G1 X147.6423 Y-138.7879
G1 X147.3512 Y-138.6751
G1 X147.2054 Y-138.6195
G1 X146.9139 Y-138.5100
G1 X146.6218 Y-138.4023
G1 X146.3291 Y-138.2966
G1 X146.1828 Y-138.2448
G1 X145.8900 Y-138.1422
G1 X145.5966 Y-138.0419
G1 X145.3030 Y-137.9436
G1 X145.1559 Y-137.8953
G1 X144.8618 Y-137.8001
G1 X144.7147 Y-137.7533
G1 X144.4201 Y-137.6614
G1 X144.1254 Y-137.5715
G1 X143.9779 Y-137.5273
G1 X143.6827 Y-137.4404
G1 X143.5349 Y-137.3977
G1 X143.2395 Y-137.3142
G1 X142.9436 Y-137.2326
G1 X142.6477 Y-137.1531
G1 X142.4996 Y-137.1143
G1 X142.2034 Y-137.0381
G1 X141.9070 Y-136.9639
G1 X141.7587 Y-136.9276
G1 X141.4620 Y-136.8565
G1 X141.1651 Y-136.7876
G1 X141.0167 Y-136.7541
G1 X140.7196 Y-136.6883
G1 X140.4224 Y-136.6248
G1 X140.1252 Y-136.5634
G1 X139.9766 Y-136.5336
G1 X139.6792 Y-136.4752
G1 X139.5303 Y-136.4470
G1 X139.2329 Y-136.3919
G1 X138.9355 Y-136.3391
G1 X138.6378 Y-136.2883
G1 X138.3401 Y-136.2398
G1 X138.0424 Y-136.1933
G1 X137.7447 Y-136.1491
G1 X137.4470 Y-136.1069
G1 X137.2982 Y-136.0868
G1 X137.0007 Y-136.0477
G1 X136.8519 Y-136.0292
G1 X136.5542 Y-135.9936
G1 X136.2568 Y-135.9601
G1 X136.1079 Y-135.9441
G1 X135.8105 Y-135.9139
G1 X135.6619 Y-135.8997
G1 X135.5131 Y-135.8859
G1 X135.2159 Y-135.8600
G1 X134.9187 Y-135.8364
G1 X134.7704 Y-135.8255
G1 X134.6218 Y-135.8151
G1 X134.3249 Y-135.7958
G1 X134.0282 Y-135.7785
G1 X133.8798 Y-135.7709
G1 X133.5834 Y-135.7569
G1 X133.4351 Y-135.7508
G1 X133.1389 Y-135.7404
G1 X132.8428 Y-135.7320
G1 X132.6949 Y-135.7287
G1 X132.3993 Y-135.7236
G1 X132.1036 Y-135.7208
G1 X130.3073 Y-135.7107
G1 X128.5695 Y-133.3485
G1 X127.4887 Y-133.8999
G1 X127.2784 Y-134.0051
G1 X127.0904 Y-134.0940
G1 X126.9230 Y-134.1653
G1 X126.7739 Y-134.2182
G1 X126.6414 Y-134.2522
G1 X126.5232 Y-134.2659
G1 X126.4178 Y-134.2588
G1 X126.3231 Y-134.2301
G1 X126.2370 Y-134.1785
G1 X126.1575 Y-134.1036
G1 X126.0831 Y-134.0043
G1 X126.0112 Y-133.8798
G1 X125.9403 Y-133.7292
G1 X125.8682 Y-133.5517
G1 X125.7932 Y-133.3462
G1 X125.7132 Y-133.1120
G1 X125.6487 Y-132.9083
G1 X125.5921 Y-132.7051
G1 X125.5431 Y-132.5027
G1 X125.5014 Y-132.3012
G1 X125.4674 Y-132.1008
G1 X125.4407 Y-131.9017
G1 X125.4214 Y-131.7041
G1 X125.4097 Y-131.5080
G1 X125.4051 Y-131.3134
G1 X125.4079 Y-131.1209
G1 X125.4178 Y-130.9306
G1 X125.4349 Y-130.7424
G1 X125.4592 Y-130.5565
G1 X125.4907 Y-130.3731
G1 X125.5291 Y-130.1928
G1 X125.5746 Y-130.0150
G1 X125.6271 Y-129.8402
G1 X125.6863 Y-129.6688
G1 X125.7526 Y-129.5009
G1 X125.8255 Y-129.3363
G1 X125.9055 Y-129.1755
G1 X125.9919 Y-129.0185
G1 X126.0853 Y-128.8654
G1 X126.1852 Y-128.7165
G1 X126.2916 Y-128.5723
G1 X126.4046 Y-128.4323
G1 X126.5243 Y-128.2969
G1 X126.6502 Y-128.1664
G1 X126.7826 Y-128.0409
G1 X126.9213 Y-127.9207
G1 X127.0665 Y-127.8057
G1 X127.2179 Y-127.6962
G1 X127.2916 Y-127.6462
G1 X127.3660 Y-127.5969
G1 X127.4415 Y-127.5489
G1 X127.5177 Y-127.5016
G1 X127.5951 Y-127.4554
G1 X127.6734 Y-127.4102
G1 X127.7526 Y-127.3658
G1 X127.8329 Y-127.3223
G1 X127.9141 Y-127.2799
G1 X127.9967 Y-127.2385
G1 X128.0803 Y-127.1979
G1 X128.1651 Y-127.1580
G1 X128.2512 Y-127.1194
G1 X128.3383 Y-127.0813
G1 X128.4267 Y-127.0444
G1 X128.5166 Y-127.0084
G1 X128.6076 Y-126.9731
G1 X128.7000 Y-126.9388
G1 X128.7937 Y-126.9053
G1 X128.8890 Y-126.8727
G1 X128.9858 Y-126.8410
G1 X129.0838 Y-126.8100
G1 X129.1834 Y-126.7800
G1 X129.2845 Y-126.7508
G1 X129.3873 Y-126.7224
G1 X129.4915 Y-126.6947
G1 X129.5974 Y-126.6680
G1 X129.7051 Y-126.6421
G1 X129.8143 Y-126.6172
G1 X129.9253 Y-126.5928
G1 X130.0381 Y-126.5695
G1 X130.1524 Y-126.5466
G1 X130.2687 Y-126.5248
G1 X130.3868 Y-126.5037
G1 X130.5070 Y-126.4834
G1 X130.6289 Y-126.4638
G1 X130.7526 Y-126.4450
G1 X130.8783 Y-126.4270
G1 X131.0061 Y-126.4097
G1 X131.1359 Y-126.3932
G1 X131.2677 Y-126.3774
G1 X131.4016 Y-126.3625
G1 X131.5375 Y-126.3482
G1 X131.6756 Y-126.3345
G1 X131.8158 Y-126.3216
G1 X131.9583 Y-126.3096
G1 X132.1031 Y-126.2982
G1 X132.2502 Y-126.2873
G1 X132.3995 Y-126.2774
G1 X132.5509 Y-126.2680
G1 X132.7051 Y-126.2593
G1 X132.8613 Y-126.2512
G1 X133.1811 Y-126.2372
G1 X133.3449 Y-126.2314
G1 X133.5110 Y-126.2261
G1 X133.6797 Y-126.2212
G1 X134.0249 Y-126.2139
G1 X134.2012 Y-126.2111
G1 X134.3802 Y-126.2090
G1 X134.5621 Y-126.2075
G1 X134.7467 Y-126.2065
G1 X134.9339 Y-126.2062
G1 X134.9339 Y-126.2062
G1 X135.1450 Y-126.2065
G1 X135.5654 Y-126.2093
G1 X135.7742 Y-126.2118
G1 X135.9825 Y-126.2151
G1 X136.1900 Y-126.2189
G1 X136.3967 Y-126.2235
; Retract
G1 Z2.5400 F2540

; Path 12
; Rapid to initial position
G1 X124.0010 Y-135.3807 F2540
G1 Z0.0000
; plunge
G1 Z-3.1750 F127
; cut
G1 X124.0229 Y-135.4150 F1016
G1 X124.0432 Y-135.4531
G1 X124.0627 Y-135.4955
G1 X124.0815 Y-135.5420
G1 X124.1003 Y-135.5928
G1 X124.1191 Y-135.6479
G1 X124.1582 Y-135.7714
G1 X124.2017 Y-135.9136
G1 X124.2411 Y-136.0688
G1 X124.2565 Y-136.2055
G1 X124.2471 Y-136.3271
G1 X124.2108 Y-136.4364
G1 X124.1466 Y-136.5362
G1 X124.0528 Y-136.6296
G1 X123.9284 Y-136.7198
G1 X123.7717 Y-136.8092
G1 X123.6480 Y-136.8740
G1 X123.5301 Y-136.9365
G1 X123.4204 Y-136.9954
G1 X123.3218 Y-137.0493
G1 X123.2370 Y-137.0962
G1 X123.1692 Y-137.1349
G1 X123.1204 Y-137.1638
G1 X123.0942 Y-137.1813
G1 X123.0902 Y-137.1938
G1 X123.0920 Y-137.2189
G1 X123.0993 Y-137.2560
G1 X123.1123 Y-137.3045
G1 X123.1301 Y-137.3637
G1 X123.1532 Y-137.4331
G1 X123.1806 Y-137.5115
G1 X123.2124 Y-137.5987
G1 X123.2484 Y-137.6939
G1 X123.2883 Y-137.7963
G1 X123.3317 Y-137.9050
G1 X123.3785 Y-138.0198
G1 X123.4285 Y-138.1399
G1 X123.4811 Y-138.2644
G1 X123.5365 Y-138.3927
G1 X123.6238 Y-138.5926
G1 X123.6535 Y-138.6629
G1 X123.6828 Y-138.7351
G1 X123.7120 Y-138.8090
G1 X123.7407 Y-138.8849
G1 X123.7694 Y-138.9624
G1 X123.7978 Y-139.0416
G1 X123.8260 Y-139.1224
G1 X123.8540 Y-139.2050
G1 X123.8816 Y-139.2893
G1 X123.9091 Y-139.3751
G1 X123.9363 Y-139.4625
G1 X123.9632 Y-139.5514
G1 X123.9898 Y-139.6418
G1 X124.0163 Y-139.7338
G1 X124.0424 Y-139.8270
G1 X124.0683 Y-139.9217
G1 X124.0940 Y-140.0180
G1 X124.1194 Y-140.1155
G1 X124.1445 Y-140.2143
G1 X124.1941 Y-140.4160
G1 X124.2423 Y-140.6228
G1 X124.2662 Y-140.7279
G1 X124.3127 Y-140.9418
G1 X124.3584 Y-141.1600
G1 X124.3805 Y-141.2707
G1 X124.4244 Y-141.4953
G1 X124.4458 Y-141.6088
G1 X124.4877 Y-141.8392
G1 X124.5286 Y-142.0729
G1 X124.5679 Y-142.3098
G1 X124.6063 Y-142.5499
G1 X124.6434 Y-142.7927
G1 X124.6789 Y-143.0383
G1 X124.6962 Y-143.1620
G1 X124.7300 Y-143.4109
G1 X124.7463 Y-143.5362
G1 X124.7780 Y-143.7881
G1 X124.7932 Y-143.9149
G1 X124.8230 Y-144.1691
G1 X124.8512 Y-144.4249
G1 X124.8646 Y-144.5532
G1 X124.8908 Y-144.8105
G1 X124.9032 Y-144.9395
G1 X124.9271 Y-145.1978
G1 X124.9495 Y-145.4567
G1 X124.9705 Y-145.7157
G1 X124.9898 Y-145.9748
G1 X125.0076 Y-146.2334
G1 X125.0239 Y-146.4917
G1 X125.0386 Y-146.7490
G1 X125.0518 Y-147.0055
G1 X125.0632 Y-147.2608
G1 X125.0732 Y-147.5148
G1 X125.0813 Y-147.7670
G1 X125.0879 Y-148.0175
G1 X125.0927 Y-148.2659
G1 X125.0958 Y-148.5118
G1 X125.0973 Y-148.7551
G1 X125.0970 Y-148.9959
G1 X125.0960 Y-149.1150
G1 X125.0932 Y-149.3510
G1 X125.0884 Y-149.5836
G1 X125.0853 Y-149.6985
G1 X125.0818 Y-149.8125
G1 X125.0734 Y-150.0378
G1 X125.0630 Y-150.2590
G1 X125.0572 Y-150.3680
G1 X125.0508 Y-150.4757
G1 X125.0368 Y-150.6880
G1 X125.0208 Y-150.8958
G1 X125.0122 Y-150.9977
G1 X124.9931 Y-151.1978
G1 X124.9830 Y-151.2959
G1 X124.9723 Y-151.3924
G1 X124.9611 Y-151.4876
G1 X124.9495 Y-151.5816
G1 X124.9248 Y-151.7650
G1 X124.9116 Y-151.8544
G1 X124.8979 Y-151.9423
G1 X124.8837 Y-152.0287
G1 X124.8689 Y-152.1135
G1 X124.8537 Y-152.1968
G1 X124.8382 Y-152.2783
G1 X124.8220 Y-152.3581
G1 X124.8052 Y-152.4363
G1 X124.7879 Y-152.5125
G1 X124.7699 Y-152.5872
G1 X124.7300 Y-152.7462
G1 X124.6883 Y-152.9047
G1 X124.6447 Y-153.0627
G1 X124.5992 Y-153.2204
G1 X124.5522 Y-153.3776
G1 X124.5029 Y-153.5346
G1 X124.4521 Y-153.6911
G1 X124.3995 Y-153.8470
G1 X124.3452 Y-154.0025
G1 X124.2888 Y-154.1577
G1 X124.2309 Y-154.3124
G1 X124.1712 Y-154.4665
G1 X124.1097 Y-154.6202
G1 X124.0465 Y-154.7734
G1 X123.9815 Y-154.9263
G1 X123.9149 Y-155.0784
G1 X123.8463 Y-155.2301
G1 X123.7762 Y-155.3815
G1 X123.7046 Y-155.5321
G1 X123.6309 Y-155.6824
G1 X123.5558 Y-155.8320
G1 X123.4791 Y-155.9811
G1 X123.4006 Y-156.1297
G1 X123.3203 Y-156.2778
G1 X123.2385 Y-156.4254
G1 X123.1552 Y-156.5722
G1 X123.0701 Y-156.7185
G1 X122.9835 Y-156.8643
G1 X122.8951 Y-157.0093
G1 X122.8052 Y-157.1541
G1 X122.7137 Y-157.2979
G1 X122.6205 Y-157.4414
G1 X122.5260 Y-157.5841
G1 X122.4298 Y-157.7261
G1 X122.3320 Y-157.8676
G1 X122.2327 Y-158.0083
G1 X122.1318 Y-158.1485
G1 X122.0295 Y-158.2882
G1 X121.9256 Y-158.4269
G1 X121.8202 Y-158.5651
G1 X121.7132 Y-158.7025
G1 X121.6048 Y-158.8394
G1 X121.4948 Y-158.9756
G1 X121.3836 Y-159.1109
G1 X121.2705 Y-159.2456
G1 X121.1562 Y-159.3797
G1 X121.0404 Y-159.5128
G1 X120.9233 Y-159.6454
G1 X120.8047 Y-159.7772
G1 X120.6845 Y-159.9082
G1 X120.5629 Y-160.0385
G1 X120.4399 Y-160.1681
G1 X120.3157 Y-160.2969
G1 X120.1900 Y-160.4246
G1 X120.0630 Y-160.5519
G1 X119.9345 Y-160.6784
G1 X119.8047 Y-160.8038
G1 X119.6734 Y-160.9288
G1 X119.5410 Y-161.0528
G1 X119.4072 Y-161.1757
G1 X119.2718 Y-161.2981
G1 X119.1354 Y-161.4195
G1 X118.9975 Y-161.5402
G1 X118.8583 Y-161.6601
G1 X118.7178 Y-161.7790
G1 X118.5761 Y-161.8971
G1 X118.4331 Y-162.0142
G1 X118.2888 Y-162.1305
G1 X118.1433 Y-162.2461
G1 X117.9965 Y-162.3606
G1 X117.8486 Y-162.4741
G1 X117.6993 Y-162.5869
G1 X117.5489 Y-162.6987
G1 X117.3970 Y-162.8094
G1 X117.2441 Y-162.9194
G1 X117.0902 Y-163.0284
G1 X116.9347 Y-163.1366
G1 X116.7783 Y-163.2435
G1 X116.6205 Y-163.3497
G1 X116.4618 Y-163.4548
G1 X116.3018 Y-163.5590
G1 X116.1407 Y-163.6621
G1 X115.9784 Y-163.7645
G1 X115.8151 Y-163.8656
G1 X115.6505 Y-163.9656
G1 X115.4849 Y-164.0650
G1 X115.3180 Y-164.1630
G1 X115.1504 Y-164.2603
G1 X114.9815 Y-164.3563
G1 X114.8113 Y-164.4513
G1 X114.6404 Y-164.5453
G1 X114.4681 Y-164.6382
G1 X114.2952 Y-164.7299
G1 X114.1209 Y-164.8209
G1 X113.9457 Y-164.9105
G1 X113.7694 Y-164.9992
G1 X113.5921 Y-165.0865
G1 X113.4138 Y-165.1729
G1 X113.2345 Y-165.2582
G1 X113.0541 Y-165.3423
G1 X112.8730 Y-165.4254
G1 X112.6907 Y-165.5074
G1 X112.5075 Y-165.5882
G1 X112.3234 Y-165.6677
G1 X112.1382 Y-165.7462
G1 X111.9523 Y-165.8234
G1 X111.7653 Y-165.8996
G1 X111.5774 Y-165.9745
G1 X111.3887 Y-166.0482
G1 X111.1989 Y-166.1208
G1 X111.0082 Y-166.1922
G1 X110.8166 Y-166.2623
G1 X110.6244 Y-166.3311
G1 X110.4311 Y-166.3990
G1 X110.2370 Y-166.4652
G1 X110.0422 Y-166.5305
G1 X109.8464 Y-166.5945
G1 X109.6498 Y-166.6573
G1 X109.4524 Y-166.7187
G1 X109.2540 Y-166.7789
G1 X109.0552 Y-166.8379
G1 X108.8553 Y-166.8955
G1 X108.6546 Y-166.9519
G1 X108.4532 Y-167.0068
G1 X108.2510 Y-167.0606
G1 X108.0480 Y-167.1129
G1 X107.8443 Y-167.1640
G1 X107.6399 Y-167.2138
G1 X107.5159 Y-167.2430
G1 X107.3902 Y-167.2712
G1 X107.2629 Y-167.2986
G1 X107.1336 Y-167.3250
G1 X107.0031 Y-167.3507
G1 X106.8708 Y-167.3756
G1 X106.7369 Y-167.3995
G1 X106.6018 Y-167.4226
G1 X106.4654 Y-167.4449
G1 X106.3277 Y-167.4663
G1 X106.1888 Y-167.4868
G1 X106.0488 Y-167.5064
G1 X105.9078 Y-167.5254
G1 X105.7656 Y-167.5432
G1 X105.6229 Y-167.5605
G1 X105.4791 Y-167.5768
G1 X105.3343 Y-167.5920
G1 X105.1893 Y-167.6067
G1 X105.0432 Y-167.6202
G1 X104.8969 Y-167.6331
G1 X104.7499 Y-167.6451
G1 X104.6025 Y-167.6563
G1 X104.4547 Y-167.6664
G1 X104.3069 Y-167.6758
G1 X104.1585 Y-167.6842
G1 X104.0102 Y-167.6918
G1 X103.8619 Y-167.6987
G1 X103.7133 Y-167.7045
G1 X103.5649 Y-167.7096
G1 X103.4169 Y-167.7137
G1 X103.2688 Y-167.7170
G1 X103.1210 Y-167.7192
G1 X102.9736 Y-167.7208
G1 X102.8266 Y-167.7215
G1 X102.6800 Y-167.7213
G1 X102.5342 Y-167.7200
G1 X102.3887 Y-167.7180
G1 X102.2441 Y-167.7152
G1 X102.1004 Y-167.7114
G1 X101.9571 Y-167.7068
G1 X101.8151 Y-167.7012
G1 X101.6739 Y-167.6949
G1 X101.5337 Y-167.6878
G1 X101.3948 Y-167.6794
G1 X101.2568 Y-167.6705
G1 X101.1202 Y-167.6606
G1 X100.9851 Y-167.6497
G1 X100.8510 Y-167.6380
G1 X100.7186 Y-167.6253
G1 X100.5876 Y-167.6118
G1 X100.4583 Y-167.5973
G1 X100.3308 Y-167.5821
G1 X100.2048 Y-167.5661
G1 X100.0806 Y-167.5488
G1 X99.9584 Y-167.5310
G1 X99.8383 Y-167.5120
G1 X99.7199 Y-167.4924
G1 X99.6036 Y-167.4716
G1 X99.4895 Y-167.4500
G1 X99.3778 Y-167.4277
G1 X99.2683 Y-167.4043
G1 X99.1611 Y-167.3802
G1 X99.0564 Y-167.3550
G1 X98.9541 Y-167.3288
G1 X98.7544 Y-167.2745
G1 X98.5543 Y-167.2168
G1 X98.3534 Y-167.1554
G1 X98.1522 Y-167.0903
G1 X97.9508 Y-167.0218
G1 X97.7489 Y-166.9499
G1 X97.5467 Y-166.8744
G1 X97.3445 Y-166.7960
G1 X97.1420 Y-166.7139
G1 X96.9396 Y-166.6286
G1 X96.7372 Y-166.5402
G1 X96.5347 Y-166.4485
G1 X96.3325 Y-166.3537
G1 X96.1304 Y-166.2560
G1 X95.9287 Y-166.1551
G1 X95.7273 Y-166.0515
G1 X95.5261 Y-165.9448
G1 X95.3254 Y-165.8351
G1 X95.1253 Y-165.7228
G1 X94.9256 Y-165.6075
G1 X94.7268 Y-165.4896
G1 X94.5284 Y-165.3692
G1 X94.3308 Y-165.2460
G1 X94.1342 Y-165.1203
G1 X93.9383 Y-164.9921
G1 X93.7433 Y-164.8612
G1 X93.5495 Y-164.7279
G1 X93.3567 Y-164.5923
G1 X93.1649 Y-164.4543
G1 X92.9744 Y-164.3141
G1 X92.7852 Y-164.1716
G1 X92.5972 Y-164.0271
G1 X92.4105 Y-163.8803
G1 X92.2254 Y-163.7314
G1 X92.0417 Y-163.5806
G1 X91.8596 Y-163.4277
G1 X91.6793 Y-163.2727
G1 X91.5005 Y-163.1160
G1 X91.3234 Y-162.9573
G1 X91.1482 Y-162.7967
G1 X90.9747 Y-162.6347
G1 X90.8032 Y-162.4708
G1 X90.6338 Y-162.3052
G1 X90.4664 Y-162.1381
G1 X90.3013 Y-161.9692
G1 X90.1382 Y-161.7990
G1 X89.9772 Y-161.6273
G1 X89.8187 Y-161.4541
G1 X89.6628 Y-161.2796
G1 X89.5088 Y-161.1038
G1 X89.3577 Y-160.9268
G1 X89.2091 Y-160.7485
G1 X89.0631 Y-160.5689
G1 X88.9196 Y-160.3883
G1 X88.7788 Y-160.2067
G1 X88.6412 Y-160.0238
G1 X88.5063 Y-159.8402
G1 X88.3742 Y-159.6555
G1 X88.2452 Y-159.4701
G1 X88.1192 Y-159.2837
G1 X87.9963 Y-159.0965
G1 X87.8766 Y-158.9085
G1 X87.7600 Y-158.7200
G1 X87.6470 Y-158.5308
G1 X87.5566 Y-158.3769
G1 X87.4751 Y-158.2344
G1 X87.4497 Y-158.1887
G1 X87.4017 Y-158.0995
G1 X87.3790 Y-158.0558
G1 X87.3361 Y-157.9690
G1 X87.3161 Y-157.9258
G1 X87.2968 Y-157.8826
G1 X87.2782 Y-157.8392
G1 X87.2604 Y-157.7952
G1 X87.2437 Y-157.7510
G1 X87.2274 Y-157.7061
G1 X87.2122 Y-157.6606
G1 X87.1977 Y-157.6141
G1 X87.1837 Y-157.5666
G1 X87.1708 Y-157.5181
G1 X87.1583 Y-157.4683
G1 X87.1469 Y-157.4173
G1 X87.1360 Y-157.3644
G1 X87.1256 Y-157.3101
G1 X87.1162 Y-157.2539
G1 X87.1073 Y-157.1958
G1 X87.0989 Y-157.1358
G1 X87.0913 Y-157.0733
G1 X87.0844 Y-157.0088
G1 X87.0781 Y-156.9418
G1 X87.0671 Y-156.7998
G1 X87.0626 Y-156.7246
G1 X87.0552 Y-156.5651
G1 X87.0524 Y-156.4805
G1 X87.0501 Y-156.3926
G1 X87.0483 Y-156.3012
G1 X87.0471 Y-156.2062
G1 X87.0463 Y-156.1071
G1 X87.0461 Y-156.0045
G1 X87.0463 Y-155.8978
G1 X87.0481 Y-155.6715
G1 X87.0516 Y-155.4274
G1 X87.0570 Y-155.1648
G1 X87.0638 Y-154.8821
G1 X87.0770 Y-154.4185
G1 X87.0875 Y-154.0817
G1 X87.1423 Y-152.4676
G1 X87.1626 Y-151.9773
G1 X87.1741 Y-151.7302
G1 X87.1995 Y-151.2341
G1 X87.2134 Y-150.9860
G1 X87.2279 Y-150.7383
G1 X87.2432 Y-150.4917
G1 X87.2589 Y-150.2463
G1 X87.2754 Y-150.0027
G1 X87.2924 Y-149.7614
G1 X87.3100 Y-149.5227
G1 X87.3282 Y-149.2872
G1 X87.3468 Y-149.0551
G1 X87.3658 Y-148.8267
G1 X87.3851 Y-148.6030
G1 X87.4248 Y-148.1699
G1 X87.4453 Y-147.9616
G1 X87.4659 Y-147.7594
G1 X87.4865 Y-147.5638
G1 X87.5076 Y-147.3749
G1 X87.5287 Y-147.1935
G1 X87.5500 Y-147.0198
G1 X87.5713 Y-146.8542
G1 X87.5924 Y-146.6972
G1 X87.6137 Y-146.5494
G1 X87.6351 Y-146.4109
G1 X87.6564 Y-146.2824
G1 X87.6775 Y-146.1640
G1 X87.6983 Y-146.0566
G1 X87.7367 Y-145.8712
G1 X87.7760 Y-145.6865
G1 X87.8162 Y-145.5021
G1 X87.8571 Y-145.3185
G1 X87.8990 Y-145.1356
G1 X87.9419 Y-144.9530
G1 X87.9856 Y-144.7711
G1 X88.0301 Y-144.5895
G1 X88.0755 Y-144.4089
G1 X88.1220 Y-144.2286
G1 X88.1692 Y-144.0487
G1 X88.2172 Y-143.8697
G1 X88.2663 Y-143.6911
G1 X88.3161 Y-143.5133
G1 X88.3669 Y-143.3358
G1 X88.4184 Y-143.1590
G1 X88.4710 Y-142.9827
G1 X88.5243 Y-142.8069
G1 X88.5787 Y-142.6317
G1 X88.6338 Y-142.4572
G1 X88.6899 Y-142.2832
G1 X88.7468 Y-142.1097
G1 X88.8047 Y-141.9370
G1 X88.8634 Y-141.7645
G1 X88.9229 Y-141.5928
G1 X88.9833 Y-141.4219
G1 X89.0448 Y-141.2512
G1 X89.1070 Y-141.0813
G1 X89.1700 Y-140.9118
G1 X89.2340 Y-140.7429
G1 X89.2990 Y-140.5745
G1 X89.3646 Y-140.4069
G1 X89.4314 Y-140.2397
G1 X89.4987 Y-140.0731
G1 X89.5673 Y-139.9073
G1 X89.6363 Y-139.7417
G1 X89.7065 Y-139.5768
G1 X89.7776 Y-139.4127
G1 X89.8495 Y-139.2489
G1 X89.9223 Y-139.0858
G1 X89.9960 Y-138.9233
G1 X90.0704 Y-138.7612
G1 X90.1459 Y-138.5999
G1 X90.2221 Y-138.4391
G1 X90.2993 Y-138.2789
G1 X90.3773 Y-138.1191
G1 X90.4563 Y-137.9601
G1 X90.5360 Y-137.8016
G1 X90.6168 Y-137.6436
G1 X90.6983 Y-137.4864
G1 X90.7806 Y-137.3294
G1 X90.8639 Y-137.1732
G1 X90.9483 Y-137.0178
G1 X91.0333 Y-136.8626
G1 X91.1192 Y-136.7081
G1 X91.2061 Y-136.5542
G1 X91.2937 Y-136.4010
G1 X91.3823 Y-136.2484
G1 X91.4718 Y-136.0962
G1 X91.5619 Y-135.9446
G1 X91.6531 Y-135.7937
G1 X91.7453 Y-135.6434
G1 X91.8383 Y-135.4935
G1 X91.9320 Y-135.3442
G1 X92.0267 Y-135.1956
G1 X92.1222 Y-135.0475
G1 X92.2188 Y-134.8999
G1 X92.3160 Y-134.7531
G1 X92.4141 Y-134.6068
G1 X92.5131 Y-134.4610
G1 X92.6132 Y-134.3160
G1 X92.7138 Y-134.1714
G1 X92.8157 Y-134.0274
G1 X92.9180 Y-133.8839
G1 X93.0217 Y-133.7412
G1 X93.1258 Y-133.5989
G1 X93.2310 Y-133.4574
G1 X93.3371 Y-133.3162
G1 X93.4438 Y-133.1758
G1 X93.5518 Y-133.0361
G1 X93.6602 Y-132.8966
G1 X93.7699 Y-132.7579
G1 X93.8802 Y-132.6198
G1 X93.9914 Y-132.4823
G1 X94.1037 Y-132.3454
G1 X94.2167 Y-132.2090
G1 X94.3305 Y-132.0731
G1 X94.4453 Y-131.9380
G1 X94.5609 Y-131.8034
G1 X94.6772 Y-131.6695
G1 X94.7946 Y-131.5362
G1 X94.9129 Y-131.4033
G1 X95.0321 Y-131.2710
G1 X95.1520 Y-131.1394
G1 X95.2729 Y-131.0084
G1 X95.3945 Y-130.8778
G1 X95.5170 Y-130.7480
G1 X95.6404 Y-130.6187
G1 X95.7646 Y-130.4902
G1 X95.8898 Y-130.3619
G1 X96.0158 Y-130.2344
G1 X96.1428 Y-130.1077
G1 X96.2706 Y-129.9812
G1 X96.3991 Y-129.8557
G1 X96.5286 Y-129.7305
G1 X96.6592 Y-129.6060
G1 X96.7903 Y-129.4821
G1 X96.9223 Y-129.3586
G1 X97.0554 Y-129.2360
G1 X97.1893 Y-129.1138
G1 X97.3239 Y-128.9921
G1 X97.4595 Y-128.8712
G1 X97.5959 Y-128.7508
G1 X97.7331 Y-128.6312
G1 X97.8713 Y-128.5121
G1 X98.0105 Y-128.3934
G1 X98.1502 Y-128.2753
G1 X98.2911 Y-128.1580
G1 X98.4326 Y-128.0414
G1 X98.5751 Y-127.9251
G1 X98.7184 Y-127.8095
G1 X98.8626 Y-127.6944
G1 X99.0077 Y-127.5801
G1 X99.1537 Y-127.4663
G1 X99.3005 Y-127.3533
G1 X99.4481 Y-127.2405
G1 X99.5967 Y-127.1285
G1 X99.7461 Y-127.0173
G1 X100.0572 Y-126.7882
G1 X100.2525 Y-126.6462
G1 X100.4385 Y-126.5126
G1 X100.5281 Y-126.4491
G1 X100.7003 Y-126.3282
G1 X100.8642 Y-126.2154
G1 X101.0191 Y-126.1110
G1 X101.0938 Y-126.0617
G1 X101.2365 Y-125.9695
G1 X101.3049 Y-125.9263
G1 X101.4359 Y-125.8458
G1 X101.5594 Y-125.7734
G1 X101.6185 Y-125.7399
G1 X101.6757 Y-125.7084
G1 X101.7311 Y-125.6789
G1 X101.7847 Y-125.6513
G1 X101.8367 Y-125.6256
G1 X101.8870 Y-125.6017
G1 X101.9358 Y-125.5799
G1 X101.9828 Y-125.5598
G1 X102.0282 Y-125.5415
G1 X102.0722 Y-125.5250
G1 X102.1146 Y-125.5105
G1 X102.1555 Y-125.4976
G1 X102.1949 Y-125.4867
G1 X102.2330 Y-125.4775
G1 X102.2695 Y-125.4702
G1 X102.3049 Y-125.4646
G1 X102.3386 Y-125.4608
G1 X102.3711 Y-125.4587
G1 X102.4024 Y-125.4585
G1 X102.4024 Y-125.4585
G1 X102.4326 Y-125.4597
G1 X102.4613 Y-125.4630
G1 X102.4890 Y-125.4679
G1 X102.5154 Y-125.4745
G1 X102.5408 Y-125.4826
G1 X102.5649 Y-125.4925
G1 X102.5881 Y-125.5042
G1 X102.6102 Y-125.5174
G1 X102.6312 Y-125.5321
G1 X102.6513 Y-125.5486
G1 X102.6706 Y-125.5669
G1 X102.6889 Y-125.5867
G1 X102.7062 Y-125.6081
G1 X102.7227 Y-125.6309
G1 X102.7382 Y-125.6556
G1 X102.7532 Y-125.6815
G1 X102.7671 Y-125.7092
G1 X102.7806 Y-125.7384
G1 X102.7933 Y-125.7691
G1 X102.8052 Y-125.8014
G1 X102.8164 Y-125.8352
G1 X102.8271 Y-125.8705
G1 X102.8372 Y-125.9073
G1 X102.8479 Y-125.9439
G1 X102.8601 Y-125.9787
G1 X102.8743 Y-126.0122
G1 X102.8906 Y-126.0442
G1 X102.9089 Y-126.0749
G1 X102.9294 Y-126.1044
G1 X102.9526 Y-126.1326
G1 X102.9782 Y-126.1595
G1 X103.0067 Y-126.1854
G1 X103.0379 Y-126.2103
G1 X103.0722 Y-126.2342
G1 X103.1095 Y-126.2568
G1 X103.1502 Y-126.2786
G1 X103.1944 Y-126.2997
G1 X103.2419 Y-126.3198
G1 X103.2932 Y-126.3391
G1 X103.3485 Y-126.3576
G1 X103.4077 Y-126.3754
G1 X103.4710 Y-126.3927
G1 X103.5383 Y-126.4094
G1 X103.6102 Y-126.4255
G1 X103.6866 Y-126.4412
G1 X103.7679 Y-126.4562
G1 X103.8537 Y-126.4709
G1 X103.9444 Y-126.4854
G1 X104.0404 Y-126.4996
G1 X104.1415 Y-126.5136
G1 X104.3602 Y-126.5408
G1 X104.4778 Y-126.5542
G1 X104.9929 Y-126.6086
G1 X105.1235 Y-126.6233
G1 X105.3831 Y-126.6546
G1 X105.5121 Y-126.6711
G1 X105.6409 Y-126.6881
G1 X105.7692 Y-126.7056
G1 X105.8972 Y-126.7236
G1 X106.1517 Y-126.7617
G1 X106.2782 Y-126.7816
G1 X106.4044 Y-126.8019
G1 X106.5304 Y-126.8230
G1 X106.7808 Y-126.8666
G1 X106.9053 Y-126.8895
G1 X107.0295 Y-126.9129
G1 X107.1535 Y-126.9368
G1 X107.2769 Y-126.9611
G1 X107.3998 Y-126.9863
G1 X107.5225 Y-127.0119
G1 X107.6447 Y-127.0381
G1 X107.7666 Y-127.0650
G1 X107.8880 Y-127.0925
G1 X108.0092 Y-127.1204
G1 X108.1298 Y-127.1488
G1 X108.2502 Y-127.1781
G1 X108.3701 Y-127.2078
G1 X108.4898 Y-127.2383
G1 X108.6091 Y-127.2692
G1 X108.7277 Y-127.3007
G1 X108.8464 Y-127.3330
G1 X108.9645 Y-127.3658
G1 X109.0823 Y-127.3990
G1 X109.1997 Y-127.4328
G1 X109.3165 Y-127.4674
G1 X109.5497 Y-127.5382
G1 X109.6655 Y-127.5745
G1 X109.7811 Y-127.6116
G1 X109.8964 Y-127.6492
G1 X110.0115 Y-127.6873
G1 X110.1260 Y-127.7259
G1 X110.2403 Y-127.7653
G1 X110.3541 Y-127.8054
G1 X110.4676 Y-127.8461
G1 X110.5809 Y-127.8872
G1 X110.6937 Y-127.9289
G1 X110.8062 Y-127.9713
G1 X110.9185 Y-128.0145
G1 X111.0305 Y-128.0582
G1 X111.1420 Y-128.1024
G1 X111.2533 Y-128.1471
G1 X111.4748 Y-128.2388
G1 X111.5852 Y-128.2855
G1 X111.8050 Y-128.3807
G1 X111.9142 Y-128.4295
G1 X112.1321 Y-128.5286
G1 X112.2406 Y-128.5791
G1 X112.4565 Y-128.6817
G1 X112.6714 Y-128.7871
G1 X112.7783 Y-128.8407
G1 X112.8850 Y-128.8951
G1 X112.9914 Y-128.9500
G1 X113.0976 Y-129.0056
G1 X113.3089 Y-129.1184
G1 X113.4140 Y-129.1758
G1 X113.6239 Y-129.2926
G1 X113.7282 Y-129.3520
G1 X113.8324 Y-129.4120
G1 X113.9363 Y-129.4727
G1 X114.0399 Y-129.5339
G1 X114.1433 Y-129.5959
G1 X114.2464 Y-129.6584
G1 X114.3493 Y-129.7216
G1 X114.4519 Y-129.7854
G1 X114.5540 Y-129.8499
G1 X114.6561 Y-129.9152
G1 X114.7580 Y-129.9809
G1 X114.8596 Y-130.0472
G1 X114.9609 Y-130.1143
G1 X115.0620 Y-130.1821
G1 X115.1628 Y-130.2507
G1 X115.2634 Y-130.3198
G1 X115.3638 Y-130.3894
G1 X115.4638 Y-130.4597
G1 X115.5639 Y-130.5309
G1 X115.6635 Y-130.6025
G1 X115.7628 Y-130.6749
G1 X115.8621 Y-130.7480
G1 X115.9612 Y-130.8217
G1 X116.0597 Y-130.8959
G1 X116.1583 Y-130.9710
G1 X116.3549 Y-131.1229
G1 X116.5502 Y-131.2776
G1 X116.6477 Y-131.3561
G1 X116.7450 Y-131.4351
G1 X116.8420 Y-131.5148
G1 X116.9388 Y-131.5951
G1 X117.0356 Y-131.6761
G1 X117.2281 Y-131.8402
G1 X117.4201 Y-132.0071
G1 X117.6111 Y-132.1768
G1 X117.8016 Y-132.3490
G1 X117.8964 Y-132.4361
G1 X117.9911 Y-132.5240
G1 X118.0859 Y-132.6126
G1 X118.1801 Y-132.7018
G1 X118.2743 Y-132.7917
G1 X118.3683 Y-132.8821
G1 X118.4623 Y-132.9736
G1 X118.5560 Y-133.0655
G1 X118.6495 Y-133.1582
G1 X118.7427 Y-133.2514
G1 X121.2012 Y-135.7208
G1 X122.7902 Y-135.3800
G1 X123.0160 Y-135.3322
G1 X123.1174 Y-135.3116
G1 X123.2116 Y-135.2931
G1 X123.2987 Y-135.2768
G1 X123.3792 Y-135.2631
G1 X123.4534 Y-135.2522
G1 X123.5217 Y-135.2436
G1 X123.5845 Y-135.2377
G1 X123.6421 Y-135.2347
G1 X123.6947 Y-135.2347
G1 X123.7427 Y-135.2375
G1 X123.7864 Y-135.2436
G1 X123.8260 Y-135.2527
G1 X123.8623 Y-135.2654
G1 X123.8951 Y-135.2812
G1 X123.9253 Y-135.3007
G1 X123.9528 Y-135.3236
G1 X123.9779 Y-135.3502
G1 X124.0010 Y-135.3807
; Retract
G1 Z2.5400 F2540

; Path 13
; Rapid to initial position
G1 X149.2250 Y-141.2044 F2540
G1 Z0.0000
; plunge
G1 Z-3.1750 F127
; cut
G1 X149.2415 Y-141.1521 F1016
G1 X149.2890 Y-141.1239
G1 X149.3647 Y-141.1183
G1 X149.3647 Y-141.1183
G1 X149.4658 Y-141.1338
G1 X149.5892 Y-141.1689
G1 X149.7320 Y-141.2220
G1 X149.8915 Y-141.2918
G1 X150.0645 Y-141.3769
G1 X150.2486 Y-141.4755
G1 X150.4404 Y-141.5862
G1 X150.6372 Y-141.7076
G1 X150.8364 Y-141.8384
G1 X151.0345 Y-141.9766
G1 X151.2293 Y-142.1211
G1 X151.4173 Y-142.2705
G1 X151.5958 Y-142.4231
G1 X151.6499 Y-142.4701
G1 X151.7129 Y-142.5232
G1 X151.7846 Y-142.5824
G1 X151.8648 Y-142.6474
G1 X151.9532 Y-142.7180
G1 X152.0497 Y-142.7940
G1 X152.1536 Y-142.8750
G1 X152.2646 Y-142.9609
G1 X152.3827 Y-143.0515
G1 X152.6388 Y-143.2458
G1 X152.9189 Y-143.4564
G1 X153.2209 Y-143.6809
G1 X153.5422 Y-143.9179
G1 X153.8806 Y-144.1658
G1 X154.0553 Y-144.2931
G1 X154.5984 Y-144.6860
G1 X154.9730 Y-144.9548
G1 X155.3550 Y-145.2273
G1 X155.9362 Y-145.6385
G1 X156.7477 Y-146.2077
G1 X157.1381 Y-146.4833
G1 X157.6113 Y-146.8201
G1 X157.8282 Y-146.9763
G1 X158.0327 Y-147.1247
G1 X158.2247 Y-147.2654
G1 X158.4048 Y-147.3987
G1 X158.5732 Y-147.5250
G1 X158.8046 Y-147.7020
G1 X158.9451 Y-147.8120
G1 X159.0751 Y-147.9159
G1 X159.1363 Y-147.9657
G1 X159.1950 Y-148.0142
G1 X159.3047 Y-148.1066
G1 X159.3563 Y-148.1511
G1 X159.4051 Y-148.1940
G1 X159.4518 Y-148.2359
G1 X159.5382 Y-148.3159
G1 X159.5780 Y-148.3543
G1 X159.6159 Y-148.3916
G1 X159.6514 Y-148.4277
G1 X159.6850 Y-148.4627
G1 X159.7165 Y-148.4970
G1 X159.7459 Y-148.5301
G1 X159.7734 Y-148.5623
G1 X159.7990 Y-148.5938
G1 X159.8226 Y-148.6243
G1 X159.8447 Y-148.6540
G1 X159.8646 Y-148.6827
G1 X159.8828 Y-148.7109
G1 X159.8996 Y-148.7383
G1 X159.9143 Y-148.7650
G1 X159.9275 Y-148.7912
G1 X159.9392 Y-148.8166
G1 X159.9494 Y-148.8415
G1 X159.9578 Y-148.8658
G1 X159.9649 Y-148.8897
G1 X159.9705 Y-148.9131
G1 X159.9745 Y-148.9359
G1 X159.9776 Y-148.9586
G1 X159.9789 Y-148.9807
G1 X159.9791 Y-149.0025
G1 X159.9781 Y-149.0238
G1 X159.9758 Y-149.0452
G1 X159.9725 Y-149.0660
G1 X159.9679 Y-149.0868
G1 X159.9331 Y-149.2344
G1 X159.8991 Y-149.3944
G1 X159.8653 Y-149.5664
G1 X159.8323 Y-149.7493
G1 X159.7998 Y-149.9423
G1 X159.7680 Y-150.1442
G1 X159.7370 Y-150.3545
G1 X159.7068 Y-150.5720
G1 X159.6776 Y-150.7957
G1 X159.6494 Y-151.0251
G1 X159.6225 Y-151.2588
G1 X159.5966 Y-151.4960
G1 X159.5717 Y-151.7360
G1 X159.5483 Y-151.9779
G1 X159.5265 Y-152.2204
G1 X159.5059 Y-152.4627
G1 X159.4869 Y-152.7043
G1 X159.4696 Y-152.9438
G1 X159.4538 Y-153.1805
G1 X159.4399 Y-153.4135
G1 X159.4277 Y-153.6416
G1 X159.4175 Y-153.8643
G1 X159.4094 Y-154.0805
G1 X159.4033 Y-154.2893
G1 X159.3992 Y-154.4897
G1 X159.3974 Y-154.6807
G1 X159.3980 Y-154.8618
G1 X159.4007 Y-155.0314
G1 X159.4061 Y-155.1894
G1 X159.4140 Y-155.3342
G1 X159.4244 Y-155.4653
G1 X159.4373 Y-155.5816
G1 X159.4645 Y-155.7914
G1 X159.4869 Y-155.9781
G1 X159.5039 Y-156.1427
G1 X159.5156 Y-156.2867
G1 X159.5214 Y-156.4117
G1 X159.5211 Y-156.5184
G1 X159.5143 Y-156.6088
G1 X159.5006 Y-156.6837
G1 X159.4795 Y-156.7449
G1 X159.4510 Y-156.7937
G1 X159.4145 Y-156.8310
G1 X159.3698 Y-156.8587
G1 X159.3164 Y-156.8780
G1 X159.2542 Y-156.8900
G1 X159.1828 Y-156.8961
G1 X159.1015 Y-156.8978
G1 X158.8849 Y-156.8765
G1 X158.6763 Y-156.8158
G1 X158.4825 Y-156.7210
G1 X158.3101 Y-156.5976
G1 X158.1648 Y-156.4510
G1 X158.0530 Y-156.2867
G1 X157.9814 Y-156.1099
G1 X157.9562 Y-155.9258
G1 X157.9545 Y-155.9044
G1 X157.9494 Y-155.8747
G1 X157.9410 Y-155.8371
G1 X157.9296 Y-155.7919
G1 X157.9148 Y-155.7393
G1 X157.8971 Y-155.6796
G1 X157.8762 Y-155.6128
G1 X157.8526 Y-155.5392
G1 X157.7972 Y-155.3728
G1 X157.7655 Y-155.2804
G1 X157.6946 Y-155.0784
G1 X157.6144 Y-154.8549
G1 X157.5252 Y-154.6116
G1 X157.4775 Y-154.4833
G1 X157.3764 Y-154.2141
G1 X157.2682 Y-153.9298
G1 X157.0939 Y-153.4795
G1 X156.9075 Y-153.0053
G1 X156.7111 Y-152.5138
G1 X156.5481 Y-152.1122
G1 X156.4549 Y-151.8854
G1 X156.3634 Y-151.6664
G1 X156.2743 Y-151.4551
G1 X156.1866 Y-151.2512
G1 X156.1005 Y-151.0538
G1 X156.0159 Y-150.8633
G1 X155.9324 Y-150.6791
G1 X155.8498 Y-150.5006
G1 X155.7680 Y-150.3279
G1 X155.6870 Y-150.1602
G1 X155.6062 Y-149.9974
G1 X155.5257 Y-149.8394
G1 X155.4452 Y-149.6855
G1 X155.3647 Y-149.5354
G1 X155.2837 Y-149.3888
G1 X155.2021 Y-149.2453
G1 X155.1198 Y-149.1049
G1 X155.0368 Y-148.9669
G1 X154.9524 Y-148.8310
G1 X154.8668 Y-148.6969
G1 X154.7797 Y-148.5646
G1 X154.6911 Y-148.4333
G1 X154.6004 Y-148.3027
G1 X154.5077 Y-148.1727
G1 X154.4127 Y-148.0426
G1 X154.3154 Y-147.9126
G1 X154.2153 Y-147.7820
G1 X154.1125 Y-147.6505
G1 X154.0066 Y-147.5176
G1 X153.8976 Y-147.3835
G1 X153.6068 Y-147.0320
G1 X153.4244 Y-146.8097
G1 X153.1445 Y-146.4661
G1 X152.8592 Y-146.1117
G1 X152.5704 Y-145.7498
G1 X152.2801 Y-145.3830
G1 X151.9911 Y-145.0147
G1 X151.7048 Y-144.6472
G1 X151.5168 Y-144.4041
G1 X151.2405 Y-144.0447
G1 X150.9730 Y-143.6936
G1 X150.7165 Y-143.3543
G1 X150.4732 Y-143.0292
G1 X150.2448 Y-142.7211
G1 X150.1023 Y-142.5268
G1 X149.9682 Y-142.3421
G1 X149.7838 Y-142.0853
G1 X149.6220 Y-141.8552
G1 X149.5735 Y-141.7848
G1 X149.4848 Y-141.6545
G1 X149.4450 Y-141.5946
G1 X149.3744 Y-141.4861
G1 X149.3439 Y-141.4379
G1 X149.3167 Y-141.3934
G1 X149.2928 Y-141.3533
G1 X149.2725 Y-141.3172
G1 X149.2555 Y-141.2855
G1 X149.2423 Y-141.2583
G1 X149.2329 Y-141.2357
G1 X149.2270 Y-141.2176
G1 X149.2250 Y-141.2044
; Retract
G1 Z2.5400 F2540

; Path 14
; Rapid to initial position
G1 X161.9512 Y-147.3312 F2540
G1 Z0.0000
; plunge
G1 Z-3.1750 F127
; cut
G1 X161.9984 Y-147.2413 F1016
G1 X162.0497 Y-147.1501
G1 X162.1056 Y-147.0574
G1 X162.1666 Y-146.9621
G1 X162.2323 Y-146.8643
G1 X162.3037 Y-146.7630
G1 X162.3807 Y-146.6578
G1 X162.4635 Y-146.5483
G1 X162.5526 Y-146.4338
G1 X162.6481 Y-146.3137
G1 X162.7502 Y-146.1874
G1 X162.8597 Y-146.0548
G1 X162.9761 Y-145.9151
G1 X163.1003 Y-145.7676
G1 X163.2321 Y-145.6119
G1 X163.3720 Y-145.4475
G1 X163.4551 Y-145.3507
G1 X163.6245 Y-145.1559
G1 X163.7980 Y-144.9603
G1 X163.8864 Y-144.8620
G1 X164.0655 Y-144.6652
G1 X164.2483 Y-144.4678
G1 X164.4343 Y-144.2702
G1 X164.5285 Y-144.1714
G1 X164.7190 Y-143.9738
G1 X164.8153 Y-143.8750
G1 X164.9123 Y-143.7764
G1 X165.1079 Y-143.5793
G1 X165.2064 Y-143.4813
G1 X165.4053 Y-143.2855
G1 X165.5054 Y-143.1879
G1 X165.6060 Y-143.0909
G1 X165.8082 Y-142.8974
G1 X166.0119 Y-142.7053
G1 X166.2166 Y-142.5151
G1 X166.4223 Y-142.3266
G1 X166.5252 Y-142.2334
G1 X166.7317 Y-142.0482
G1 X166.8351 Y-141.9565
G1 X167.0418 Y-141.7752
G1 X167.1452 Y-141.6855
G1 X167.2486 Y-141.5966
G1 X167.3520 Y-141.5085
G1 X167.5580 Y-141.3345
G1 X167.7634 Y-141.1638
G1 X167.8658 Y-141.0800
G1 X168.0698 Y-140.9146
G1 X168.2725 Y-140.7533
G1 X168.3733 Y-140.6741
G1 X168.5735 Y-140.5191
G1 X168.7721 Y-140.3683
G1 X168.8704 Y-140.2946
G1 X168.9682 Y-140.2222
G1 X169.0654 Y-140.1511
G1 X169.1622 Y-140.0810
G1 X169.3535 Y-139.9449
G1 X169.4480 Y-139.8788
G1 X169.5420 Y-139.8140
G1 X169.6349 Y-139.7508
G1 X169.8374 Y-139.6157
G1 X170.0439 Y-139.4816
G1 X170.2539 Y-139.3485
G1 X170.4670 Y-139.2169
G1 X170.6827 Y-139.0866
G1 X170.9003 Y-138.9583
G1 X171.1195 Y-138.8318
G1 X171.3398 Y-138.7079
G1 X171.5605 Y-138.5862
G1 X171.7812 Y-138.4673
G1 X172.0017 Y-138.3513
G1 X172.2209 Y-138.2385
G1 X172.4386 Y-138.1290
G1 X172.6545 Y-138.0233
G1 X172.8678 Y-137.9215
G1 X173.0779 Y-137.8237
G1 X173.2846 Y-137.7302
G1 X173.4876 Y-137.6413
G1 X173.6857 Y-137.5573
G1 X173.8790 Y-137.4783
G1 X174.0665 Y-137.4043
G1 X174.2481 Y-137.3360
G1 X174.4233 Y-137.2735
G1 X174.5912 Y-137.2169
G1 X174.7517 Y-137.1663
G1 X174.9041 Y-137.1224
G1 X175.0479 Y-137.0851
G1 X175.1828 Y-137.0546
G1 X175.3080 Y-137.0312
G1 X175.4231 Y-137.0150
G1 X175.5277 Y-137.0066
G1 X175.6212 Y-137.0058
G1 X175.6212 Y-137.0058
G1 X175.7162 Y-137.0114
G1 X175.8158 Y-137.0211
G1 X175.9201 Y-137.0350
G1 X176.0291 Y-137.0526
G1 X176.1419 Y-137.0739
G1 X176.2585 Y-137.0990
G1 X176.3784 Y-137.1277
G1 X176.5018 Y-137.1597
G1 X176.6280 Y-137.1953
G1 X176.7568 Y-137.2339
G1 X176.8879 Y-137.2756
G1 X177.0210 Y-137.3203
G1 X177.1561 Y-137.3678
G1 X177.2925 Y-137.4181
G1 X177.4302 Y-137.4709
G1 X177.5686 Y-137.5265
G1 X177.7078 Y-137.5842
G1 X177.8475 Y-137.6441
G1 X177.9869 Y-137.7064
G1 X178.1261 Y-137.7706
G1 X178.2651 Y-137.8369
G1 X178.4030 Y-137.9047
G1 X178.5399 Y-137.9746
G1 X178.6753 Y-138.0457
G1 X178.8091 Y-138.1183
G1 X178.9410 Y-138.1923
G1 X179.0705 Y-138.2674
G1 X179.1975 Y-138.3439
G1 X179.3220 Y-138.4211
G1 X179.4429 Y-138.4993
G1 X179.5607 Y-138.5783
G1 X179.6748 Y-138.6578
G1 X180.4678 Y-139.2225
G1 X179.3324 Y-139.9461
G1 X179.1525 Y-140.0642
G1 X178.9727 Y-140.1902
G1 X178.7931 Y-140.3231
G1 X178.6143 Y-140.4623
G1 X178.4363 Y-140.6075
G1 X178.2600 Y-140.7584
G1 X178.0852 Y-140.9144
G1 X177.9128 Y-141.0746
G1 X177.7429 Y-141.2392
G1 X177.5760 Y-141.4071
G1 X177.4121 Y-141.5781
G1 X177.2524 Y-141.7518
G1 X177.0964 Y-141.9276
G1 X176.9450 Y-142.1049
G1 X176.7985 Y-142.2832
G1 X176.6573 Y-142.4620
G1 X176.5216 Y-142.6411
G1 X176.3918 Y-142.8199
G1 X176.2686 Y-142.9977
G1 X176.1520 Y-143.1740
G1 X176.0426 Y-143.3485
G1 X175.9407 Y-143.5207
G1 X175.8467 Y-143.6901
G1 X175.7609 Y-143.8559
G1 X175.6839 Y-144.0183
G1 X175.6159 Y-144.1760
G1 X175.5572 Y-144.3289
G1 X175.5084 Y-144.4767
G1 X175.4698 Y-144.6185
G1 X175.4416 Y-144.7541
G1 X175.4246 Y-144.8829
G1 X175.4187 Y-145.0043
G1 X175.4264 Y-145.0276
G1 X175.4487 Y-145.0368
G1 X175.4850 Y-145.0325
G1 X175.5343 Y-145.0155
G1 X175.5963 Y-144.9860
G1 X175.6700 Y-144.9446
G1 X175.7545 Y-144.8920
G1 X175.8493 Y-144.8285
G1 X175.9534 Y-144.7546
G1 X176.0665 Y-144.6710
G1 X176.1871 Y-144.5781
G1 X176.3151 Y-144.4762
G1 X176.4497 Y-144.3665
G1 X176.5899 Y-144.2489
G1 X176.7350 Y-144.1239
G1 X177.0421 Y-143.8534
G1 X177.1995 Y-143.7178
G1 X177.3568 Y-143.5857
G1 X177.5135 Y-143.4572
G1 X177.6700 Y-143.3319
G1 X177.8259 Y-143.2105
G1 X177.9816 Y-143.0924
G1 X178.1373 Y-142.9779
G1 X178.2923 Y-142.8669
G1 X178.4472 Y-142.7594
G1 X178.6019 Y-142.6555
G1 X178.7561 Y-142.5550
G1 X178.9102 Y-142.4579
G1 X179.0642 Y-142.3645
G1 X179.2178 Y-142.2743
G1 X179.3710 Y-142.1877
G1 X179.5244 Y-142.1046
G1 X179.6773 Y-142.0251
G1 X179.8302 Y-141.9489
G1 X179.9826 Y-141.8763
G1 X180.1353 Y-141.8072
G1 X180.2874 Y-141.7417
G1 X180.4396 Y-141.6794
G1 X180.5917 Y-141.6207
G1 X180.7436 Y-141.5654
G1 X180.8955 Y-141.5136
G1 X181.0471 Y-141.4653
G1 X181.1988 Y-141.4203
G1 X181.3504 Y-141.3789
G1 X181.5018 Y-141.3411
G1 X181.6534 Y-141.3065
G1 X181.8048 Y-141.2756
G1 X181.9562 Y-141.2479
G1 X182.1073 Y-141.2237
G1 X182.2587 Y-141.2032
G1 X182.4101 Y-141.1859
G1 X182.5615 Y-141.1722
G1 X182.7129 Y-141.1618
G1 X182.8643 Y-141.1547
G1 X183.0156 Y-141.1514
G1 X183.1673 Y-141.1514
G1 X183.3189 Y-141.1547
G1 X183.4706 Y-141.1615
G1 X183.6224 Y-141.1717
G1 X183.7741 Y-141.1854
G1 X183.9262 Y-141.2024
G1 X184.0784 Y-141.2230
G1 X184.2305 Y-141.2469
G1 X184.3829 Y-141.2743
G1 X184.5356 Y-141.3050
G1 X184.6882 Y-141.3391
G1 X184.8411 Y-141.3767
G1 X184.9943 Y-141.4178
G1 X185.1475 Y-141.4620
G1 X185.3009 Y-141.5100
G1 X185.4548 Y-141.5611
G1 X185.6087 Y-141.6157
G1 X185.7629 Y-141.6736
G1 X185.9173 Y-141.7350
G1 X186.0720 Y-141.7998
G1 X186.2272 Y-141.8681
G1 X186.3824 Y-141.9395
G1 X186.5381 Y-142.0147
G1 X186.6941 Y-142.0929
G1 X186.8762 Y-142.1877
G1 X187.0542 Y-142.2829
G1 X187.2275 Y-142.3782
G1 X187.3943 Y-142.4727
G1 X187.5546 Y-142.5656
G1 X187.7068 Y-142.6568
G1 X187.8498 Y-142.7452
G1 X187.9831 Y-142.8305
G1 X188.1058 Y-142.9118
G1 X188.2165 Y-142.9885
G1 X188.3143 Y-143.0602
G1 X188.3987 Y-143.1262
G1 X188.4680 Y-143.1856
G1 X188.5218 Y-143.2382
G1 X188.5589 Y-143.2832
G1 X188.5785 Y-143.3198
G1 X188.5871 Y-143.3678
G1 X188.5843 Y-143.4239
G1 X188.5711 Y-143.4874
G1 X188.5478 Y-143.5575
G1 X188.5150 Y-143.6340
G1 X188.4733 Y-143.7157
G1 X188.4233 Y-143.8029
G1 X188.3654 Y-143.8940
G1 X188.3001 Y-143.9893
G1 X188.2285 Y-144.0876
G1 X188.1502 Y-144.1889
G1 X188.0667 Y-144.2921
G1 X187.9783 Y-144.3967
G1 X187.8851 Y-144.5024
G1 X187.7880 Y-144.6086
G1 X187.6880 Y-144.7145
G1 X187.5848 Y-144.8194
G1 X187.4794 Y-144.9233
G1 X187.3725 Y-145.0249
G1 X187.2643 Y-145.1242
G1 X187.1556 Y-145.2202
G1 X187.0469 Y-145.3126
G1 X186.9389 Y-145.4008
G1 X186.8317 Y-145.4841
G1 X186.7266 Y-145.5621
G1 X186.6235 Y-145.6339
G1 X186.5231 Y-145.6992
G1 X186.4261 Y-145.7574
G1 X186.3331 Y-145.8079
G1 X186.2447 Y-145.8498
G1 X186.1612 Y-145.8831
G1 X186.0832 Y-145.9070
G1 X186.0451 Y-145.9182
G1 X186.0032 Y-145.9342
G1 X185.9575 Y-145.9545
G1 X185.9082 Y-145.9791
G1 X185.8556 Y-146.0081
G1 X185.7997 Y-146.0409
G1 X185.7408 Y-146.0777
G1 X185.6791 Y-146.1181
G1 X185.6143 Y-146.1623
G1 X185.5470 Y-146.2100
G1 X185.4771 Y-146.2611
G1 X185.4050 Y-146.3154
G1 X185.3306 Y-146.3731
G1 X185.2541 Y-146.4335
G1 X185.1759 Y-146.4970
G1 X185.0959 Y-146.5631
G1 X185.0144 Y-146.6319
G1 X184.9316 Y-146.7033
G1 X184.8472 Y-146.7772
G1 X184.7619 Y-146.8531
G1 X184.6755 Y-146.9311
G1 X184.5884 Y-147.0114
G1 X184.5005 Y-147.0932
G1 X184.4121 Y-147.1770
G1 X184.3235 Y-147.2623
G1 X184.2346 Y-147.3492
G1 X184.1457 Y-147.4373
G1 X184.0570 Y-147.5268
G1 X183.9684 Y-147.6174
G1 X183.8803 Y-147.7089
G1 X183.7926 Y-147.8013
G1 X183.6179 Y-147.9885
G1 X183.5274 Y-148.0838
G1 X183.4347 Y-148.1803
G1 X183.3397 Y-148.2776
G1 X183.2427 Y-148.3756
G1 X183.1439 Y-148.4742
G1 X183.0436 Y-148.5732
G1 X182.9420 Y-148.6726
G1 X182.8391 Y-148.7716
G1 X182.7350 Y-148.8707
G1 X182.6303 Y-148.9695
G1 X182.5252 Y-149.0678
G1 X182.4195 Y-149.1653
G1 X182.3136 Y-149.2618
G1 X182.2077 Y-149.3576
G1 X181.9968 Y-149.5450
G1 X181.8922 Y-149.6365
G1 X181.7883 Y-149.7261
G1 X181.6854 Y-149.8138
G1 X181.5838 Y-149.8996
G1 X181.4838 Y-149.9829
G1 X181.3850 Y-150.0640
G1 X181.2882 Y-150.1422
G1 X181.1934 Y-150.2176
G1 X181.1007 Y-150.2903
G1 X181.0103 Y-150.3596
G1 X180.9227 Y-150.4257
G1 X180.8378 Y-150.4881
G1 X180.7561 Y-150.5471
G1 X180.6773 Y-150.6019
G1 X180.4535 Y-150.7531
G1 X180.3027 Y-150.8585
G1 X180.1510 Y-150.9677
G1 X179.9991 Y-151.0800
G1 X179.8483 Y-151.1945
G1 X179.6994 Y-151.3106
G1 X179.5536 Y-151.4269
G1 X179.4119 Y-151.5433
G1 X179.2755 Y-151.6581
G1 X179.1454 Y-151.7708
G1 X179.0225 Y-151.8806
G1 X178.9079 Y-151.9865
G1 X178.8025 Y-152.0878
G1 X178.7078 Y-152.1833
G1 X178.6247 Y-152.2725
G1 X178.5539 Y-152.3543
G1 X178.5369 Y-152.3756
G1 X178.5181 Y-152.4010
G1 X178.4975 Y-152.4300
G1 X178.4749 Y-152.4630
G1 X178.4243 Y-152.5397
G1 X178.3669 Y-152.6309
G1 X178.3029 Y-152.7360
G1 X178.2684 Y-152.7937
G1 X178.1947 Y-152.9189
G1 X178.0728 Y-153.1308
G1 X177.9841 Y-153.2875
G1 X177.8902 Y-153.4556
G1 X177.7390 Y-153.7292
G1 X177.5770 Y-154.0266
G1 X177.4045 Y-154.3464
G1 X177.1597 Y-154.8054
G1 X176.8328 Y-155.4259
G1 X176.5567 Y-155.9557
G1 X176.3425 Y-156.3703
G1 X175.9740 Y-157.0893
G1 X175.5940 Y-157.8379
G1 X175.2069 Y-158.6085
G1 X174.6153 Y-159.7972
G1 X174.3481 Y-160.3309
G1 X174.0098 Y-161.0004
G1 X173.7695 Y-161.4711
G1 X173.6156 Y-161.7701
G1 X173.4670 Y-162.0568
G1 X173.3235 Y-162.3317
G1 X173.1851 Y-162.5945
G1 X172.9872 Y-162.9664
G1 X172.8008 Y-163.3113
G1 X172.6260 Y-163.6291
G1 X172.5158 Y-163.8259
G1 X172.4109 Y-164.0111
G1 X172.3111 Y-164.1838
G1 X172.2163 Y-164.3449
G1 X172.1269 Y-164.4937
G1 X172.0426 Y-164.6306
G1 X171.9633 Y-164.7556
G1 X171.9255 Y-164.8135
G1 X171.8541 Y-164.9204
G1 X171.8203 Y-164.9694
G1 X171.7878 Y-165.0152
G1 X171.7566 Y-165.0581
G1 X171.7266 Y-165.0982
G1 X171.6979 Y-165.1351
G1 X171.6705 Y-165.1691
G1 X171.6446 Y-165.1998
G1 X171.6197 Y-165.2278
G1 X171.5960 Y-165.2527
G1 X171.5740 Y-165.2745
G1 X171.5531 Y-165.2935
G1 X171.5333 Y-165.3093
G1 X171.5150 Y-165.3222
G1 X171.4980 Y-165.3322
G1 X171.4823 Y-165.3390
G1 X171.4678 Y-165.3428
G1 X171.4546 Y-165.3436
G1 X171.3499 Y-165.3360
G1 X171.2417 Y-165.3233
G1 X171.1300 Y-165.3057
G1 X171.0152 Y-165.2836
G1 X170.8973 Y-165.2570
G1 X170.7769 Y-165.2260
G1 X170.6540 Y-165.1907
G1 X170.5287 Y-165.1513
G1 X170.4015 Y-165.1079
G1 X170.2727 Y-165.0606
G1 X170.1424 Y-165.0096
G1 X170.0106 Y-164.9547
G1 X169.8777 Y-164.8965
G1 X169.7444 Y-164.8348
G1 X169.6103 Y-164.7698
G1 X169.4757 Y-164.7017
G1 X169.3410 Y-164.6304
G1 X169.2067 Y-164.5562
G1 X169.0726 Y-164.4792
G1 X168.9392 Y-164.3997
G1 X168.8066 Y-164.3177
G1 X168.6750 Y-164.2328
G1 X168.5447 Y-164.1460
G1 X168.4162 Y-164.0571
G1 X168.2892 Y-163.9659
G1 X168.1645 Y-163.8727
G1 X168.0418 Y-163.7777
G1 X167.9217 Y-163.6812
G1 X167.8043 Y-163.5829
G1 X167.6898 Y-163.4830
G1 X167.5785 Y-163.3822
G1 X167.4708 Y-163.2798
G1 X167.3847 Y-163.1950
G1 X167.3004 Y-163.1089
G1 X167.2179 Y-163.0215
G1 X167.1371 Y-162.9331
G1 X167.0581 Y-162.8435
G1 X166.9809 Y-162.7525
G1 X166.9057 Y-162.6606
G1 X166.8320 Y-162.5676
G1 X166.7601 Y-162.4734
G1 X166.6903 Y-162.3781
G1 X166.6220 Y-162.2816
G1 X166.5557 Y-162.1838
G1 X166.4912 Y-162.0850
G1 X166.4284 Y-161.9852
G1 X166.3675 Y-161.8841
G1 X166.3083 Y-161.7820
G1 X166.2509 Y-161.6789
G1 X166.1952 Y-161.5745
G1 X166.1414 Y-161.4691
G1 X166.0896 Y-161.3624
G1 X166.0393 Y-161.2547
G1 X165.9910 Y-161.1460
G1 X165.9443 Y-161.0363
G1 X165.8996 Y-160.9253
G1 X165.8567 Y-160.8132
G1 X165.8158 Y-160.7002
G1 X165.7764 Y-160.5859
G1 X165.7388 Y-160.4708
G1 X165.7032 Y-160.3545
G1 X165.6695 Y-160.2372
G1 X165.6372 Y-160.1186
G1 X165.6070 Y-159.9992
G1 X165.5788 Y-159.8788
G1 X165.5521 Y-159.7571
G1 X165.5275 Y-159.6344
G1 X165.5044 Y-159.5107
G1 X165.4833 Y-159.3860
G1 X165.4640 Y-159.2603
G1 X165.4465 Y-159.1335
G1 X165.4310 Y-159.0058
G1 X165.4170 Y-158.8770
G1 X165.4051 Y-158.7472
G1 X165.3949 Y-158.6164
G1 X165.3865 Y-158.4843
G1 X165.3802 Y-158.3515
G1 X165.3753 Y-158.2176
G1 X165.3725 Y-158.0827
G1 X165.3715 Y-157.9469
G1 X165.3723 Y-157.8102
G1 X165.3751 Y-157.6723
G1 X165.3794 Y-157.5336
G1 X165.3858 Y-157.3936
G1 X165.3939 Y-157.2529
G1 X165.4040 Y-157.1112
G1 X165.4157 Y-156.9684
G1 X165.4294 Y-156.8247
G1 X165.4449 Y-156.6802
G1 X165.4622 Y-156.5346
G1 X165.4815 Y-156.3881
G1 X165.5026 Y-156.2405
G1 X165.5255 Y-156.0921
G1 X165.5501 Y-155.9428
G1 X165.5768 Y-155.7924
G1 X165.6461 Y-155.4226
G1 X165.6789 Y-155.2303
G1 X165.7027 Y-155.0640
G1 X165.7170 Y-154.9225
G1 X165.7210 Y-154.8054
G1 X165.7142 Y-154.7117
G1 X165.6959 Y-154.6413
G1 X165.6651 Y-154.5930
G1 X165.6215 Y-154.5661
G1 X165.5641 Y-154.5605
G1 X165.4924 Y-154.5750
G1 X165.4058 Y-154.6090
G1 X165.3037 Y-154.6619
G1 X165.1851 Y-154.7330
G1 X165.0495 Y-154.8216
G1 X164.8963 Y-154.9270
G1 X164.7698 Y-155.0210
G1 X164.6489 Y-155.1221
G1 X164.5333 Y-155.2303
G1 X164.4231 Y-155.3456
G1 X164.3182 Y-155.4683
G1 X164.2186 Y-155.5979
G1 X164.1246 Y-155.7348
G1 X164.0357 Y-155.8788
G1 X163.9524 Y-156.0302
G1 X163.8742 Y-156.1889
G1 X163.8016 Y-156.3548
G1 X163.7340 Y-156.5280
G1 X163.6718 Y-156.7086
G1 X163.6146 Y-156.8966
G1 X163.5628 Y-157.0919
G1 X163.5163 Y-157.2948
G1 X163.5016 Y-157.3642
G1 X163.4874 Y-157.4287
G1 X163.4736 Y-157.4884
G1 X163.4602 Y-157.5432
G1 X163.4472 Y-157.5925
G1 X163.4345 Y-157.6367
G1 X163.4216 Y-157.6756
G1 X163.4089 Y-157.7089
G1 X163.3957 Y-157.7363
G1 X163.3822 Y-157.7579
G1 X163.3682 Y-157.7736
G1 X163.3537 Y-157.7835
G1 X163.3385 Y-157.7868
G1 X163.3223 Y-157.7840
G1 X163.3052 Y-157.7746
G1 X163.2869 Y-157.7586
G1 X163.2674 Y-157.7360
G1 X163.2466 Y-157.7066
G1 X163.2242 Y-157.6700
G1 X163.2003 Y-157.6266
G1 X163.1747 Y-157.5755
G1 X163.1472 Y-157.5173
G1 X163.1178 Y-157.4516
G1 X163.0860 Y-157.3784
G1 X163.0520 Y-157.2971
G1 X162.9771 Y-157.1112
G1 X162.8915 Y-156.8925
G1 X162.7411 Y-156.5011
G1 X162.7002 Y-156.3924
G1 X162.6598 Y-156.2824
G1 X162.6199 Y-156.1711
G1 X162.5806 Y-156.0589
G1 X162.5417 Y-155.9456
G1 X162.5036 Y-155.8310
G1 X162.4663 Y-155.7157
G1 X162.4292 Y-155.5994
G1 X162.3929 Y-155.4823
G1 X162.3573 Y-155.3642
G1 X162.3223 Y-155.2453
G1 X162.2877 Y-155.1259
G1 X162.2209 Y-154.8846
G1 X162.1884 Y-154.7632
G1 X162.1566 Y-154.6410
G1 X162.1257 Y-154.5184
G1 X162.0952 Y-154.3954
G1 X162.0655 Y-154.2720
G1 X162.0365 Y-154.1480
G1 X162.0081 Y-154.0238
G1 X161.9806 Y-153.8994
G1 X161.9537 Y-153.7746
G1 X161.9275 Y-153.6499
G1 X161.9021 Y-153.5250
G1 X161.8772 Y-153.3997
G1 X161.8534 Y-153.2745
G1 X161.8303 Y-153.1496
G1 X161.7861 Y-152.8994
G1 X161.7652 Y-152.7747
G1 X161.7452 Y-152.6499
G1 X161.7259 Y-152.5255
G1 X161.6898 Y-152.2776
G1 X161.6730 Y-152.1541
G1 X161.6570 Y-152.0312
G1 X161.6418 Y-151.9085
G1 X161.6273 Y-151.7866
G1 X161.6138 Y-151.6652
G1 X161.6011 Y-151.5443
G1 X161.5895 Y-151.4241
G1 X161.5785 Y-151.3048
G1 X161.5684 Y-151.1859
G1 X161.5592 Y-151.0680
G1 X161.5509 Y-150.9509
G1 X161.5435 Y-150.8349
G1 X161.5371 Y-150.7195
G1 X161.5316 Y-150.6055
G1 X161.5267 Y-150.4922
G1 X161.5232 Y-150.3799
G1 X161.5204 Y-150.2689
G1 X161.5183 Y-150.1592
G1 X161.5176 Y-150.0505
G1 X161.5176 Y-149.9433
G1 X161.5186 Y-149.8371
G1 X161.5206 Y-149.7325
G1 X161.5237 Y-149.6294
G1 X161.5275 Y-149.5275
G1 X161.5326 Y-149.4272
G1 X161.5384 Y-149.3284
G1 X161.5455 Y-149.2313
G1 X161.5534 Y-149.1358
G1 X161.5625 Y-149.0421
G1 X161.5775 Y-148.8986
G1 X161.5925 Y-148.7625
G1 X161.6078 Y-148.6332
G1 X161.6235 Y-148.5102
G1 X161.6400 Y-148.3931
G1 X161.6575 Y-148.2811
G1 X161.6766 Y-148.1739
G1 X161.6969 Y-148.0708
G1 X161.7195 Y-147.9713
G1 X161.7439 Y-147.8747
G1 X161.7708 Y-147.7810
G1 X161.8005 Y-147.6891
G1 X161.8331 Y-147.5986
G1 X161.8689 Y-147.5092
G1 X161.9082 Y-147.4203
G1 X161.9512 Y-147.3312
; Retract
G1 Z2.5400 F2540

; Path 15
; Rapid to initial position
G1 X178.2369 Y-156.9034 F2540
G1 Z0.0000
; plunge
G1 Z-3.1750 F127
; cut
G1 X178.3235 Y-156.7569 F1016
G1 X178.4111 Y-156.6111
G1 X178.4993 Y-156.4658
G1 X178.5882 Y-156.3215
G1 X178.6778 Y-156.1775
G1 X178.7682 Y-156.0345
G1 X178.8594 Y-155.8920
G1 X178.9514 Y-155.7500
G1 X179.0441 Y-155.6088
G1 X179.1376 Y-155.4683
G1 X179.2318 Y-155.3284
G1 X179.3265 Y-155.1892
G1 X179.4223 Y-155.0505
G1 X179.5188 Y-154.9126
G1 X179.6161 Y-154.7752
G1 X179.7141 Y-154.6385
G1 X179.8130 Y-154.5024
G1 X179.9128 Y-154.3670
G1 X180.0131 Y-154.2321
G1 X180.1142 Y-154.0977
G1 X180.2163 Y-153.9641
G1 X180.3189 Y-153.8313
G1 X180.4226 Y-153.6987
G1 X180.5269 Y-153.5669
G1 X180.6321 Y-153.4358
G1 X180.7380 Y-153.3053
G1 X180.8450 Y-153.1752
G1 X180.9524 Y-153.0457
G1 X181.0609 Y-152.9169
G1 X181.1701 Y-152.7886
G1 X181.2801 Y-152.6609
G1 X181.3908 Y-152.5339
G1 X181.5026 Y-152.4074
G1 X181.6151 Y-152.2814
G1 X181.7284 Y-152.1559
G1 X181.8427 Y-152.0312
G1 X181.9575 Y-151.9067
G1 X182.0735 Y-151.7830
G1 X182.1901 Y-151.6598
G1 X182.3077 Y-151.5374
G1 X182.4261 Y-151.4152
G1 X182.5452 Y-151.2936
G1 X182.6654 Y-151.1727
G1 X182.7863 Y-151.0523
G1 X182.9079 Y-150.9324
G1 X183.0306 Y-150.8130
G1 X183.1541 Y-150.6941
G1 X183.2785 Y-150.5758
G1 X183.4037 Y-150.4579
G1 X183.5300 Y-150.3406
G1 X183.6567 Y-150.2237
G1 X183.7847 Y-150.1074
G1 X183.9135 Y-149.9916
G1 X184.0431 Y-149.8763
G1 X184.1736 Y-149.7614
G1 X184.3049 Y-149.6471
G1 X184.4373 Y-149.5334
G1 X184.5704 Y-149.4201
G1 X184.7045 Y-149.3073
G1 X184.8396 Y-149.1948
G1 X184.9755 Y-149.0830
G1 X185.1122 Y-148.9715
G1 X185.2498 Y-148.8608
G1 X185.3885 Y-148.7503
G1 X185.5280 Y-148.6403
G1 X185.6684 Y-148.5306
G1 X185.8099 Y-148.4216
G1 X185.9521 Y-148.3129
G1 X186.0954 Y-148.2047
G1 X186.2394 Y-148.0970
G1 X186.5305 Y-147.8829
G1 X186.6776 Y-147.7764
G1 X186.8254 Y-147.6705
G1 X186.9742 Y-147.5649
G1 X187.1241 Y-147.4597
G1 X187.2747 Y-147.3551
G1 X187.4263 Y-147.2509
G1 X187.5790 Y-147.1470
G1 X187.7327 Y-147.0436
G1 X187.8871 Y-146.9405
G1 X188.0426 Y-146.8379
G1 X188.1990 Y-146.7358
G1 X188.3565 Y-146.6339
G1 X188.5150 Y-146.5323
G1 X188.6742 Y-146.4315
G1 X188.8345 Y-146.3307
G1 X188.9958 Y-146.2306
G1 X189.1581 Y-146.1308
G1 X189.3214 Y-146.0312
G1 X189.4858 Y-145.9321
G1 X189.6511 Y-145.8333
G1 X189.8376 Y-145.7226
G1 X190.0146 Y-145.6185
G1 X190.1828 Y-145.5202
G1 X190.3428 Y-145.4277
G1 X190.4952 Y-145.3411
G1 X190.6407 Y-145.2598
G1 X190.7802 Y-145.1839
G1 X190.9138 Y-145.1127
G1 X191.0428 Y-145.0467
G1 X191.1673 Y-144.9850
G1 X191.2882 Y-144.9276
G1 X191.4063 Y-144.8745
G1 X191.5218 Y-144.8255
G1 X191.6359 Y-144.7800
G1 X191.7489 Y-144.7381
G1 X191.8614 Y-144.6995
G1 X191.9745 Y-144.6639
G1 X192.0883 Y-144.6312
G1 X192.2038 Y-144.6009
G1 X192.3217 Y-144.5735
G1 X192.4423 Y-144.5481
G1 X192.5665 Y-144.5247
G1 X192.6951 Y-144.5031
G1 X192.8284 Y-144.4831
G1 X192.9674 Y-144.4643
G1 X193.1124 Y-144.4468
G1 X193.2643 Y-144.4302
G1 X193.4235 Y-144.4142
G1 X193.5912 Y-144.3990
G1 X193.7675 Y-144.3838
G1 X193.9531 Y-144.3688
G1 X194.2704 Y-144.3449
G1 X194.3938 Y-144.3370
G1 X194.5196 Y-144.3299
G1 X194.6473 Y-144.3236
G1 X194.7771 Y-144.3180
G1 X194.9087 Y-144.3131
G1 X195.0423 Y-144.3091
G1 X195.1774 Y-144.3058
G1 X195.3143 Y-144.3032
G1 X195.4527 Y-144.3015
G1 X195.5930 Y-144.3004
G1 X195.7344 Y-144.3002
G1 X195.7344 Y-144.3002
G1 X195.8774 Y-144.3004
G1 X196.1670 Y-144.3035
G1 X196.3138 Y-144.3060
G1 X196.4616 Y-144.3093
G1 X196.6105 Y-144.3134
G1 X196.7601 Y-144.3182
G1 X197.0621 Y-144.3294
G1 X197.3671 Y-144.3436
G1 X197.6745 Y-144.3604
G1 X197.9839 Y-144.3797
G1 X198.2940 Y-144.4015
G1 X198.6049 Y-144.4259
G1 X198.7606 Y-144.4391
G1 X198.9160 Y-144.4528
G1 X199.0712 Y-144.4671
G1 X199.2264 Y-144.4821
G1 X199.3811 Y-144.4976
G1 X199.5355 Y-144.5136
G1 X199.8429 Y-144.5473
G1 X199.9958 Y-144.5651
G1 X200.2996 Y-144.6025
G1 X200.4504 Y-144.6218
G1 X200.7492 Y-144.6621
G1 X200.8970 Y-144.6832
G1 X201.1893 Y-144.7267
G1 X201.3336 Y-144.7493
G1 X201.6183 Y-144.7957
G1 X201.7585 Y-144.8199
G1 X201.8972 Y-144.8443
G1 X202.0341 Y-144.8692
G1 X202.1695 Y-144.8946
G1 X202.3031 Y-144.9205
G1 X202.4350 Y-144.9469
G1 X202.5647 Y-144.9735
G1 X202.6928 Y-145.0007
G1 X202.8185 Y-145.0284
G1 X202.9422 Y-145.0564
G1 X203.0639 Y-145.0848
G1 X203.1832 Y-145.1138
G1 X203.3001 Y-145.1432
G1 X203.4685 Y-145.1869
G1 X203.6359 Y-145.2321
G1 X203.8022 Y-145.2786
G1 X203.9676 Y-145.3266
G1 X204.1317 Y-145.3761
G1 X204.2947 Y-145.4269
G1 X204.4565 Y-145.4790
G1 X204.6173 Y-145.5326
G1 X204.7771 Y-145.5875
G1 X204.9356 Y-145.6436
G1 X205.0931 Y-145.7013
G1 X205.2495 Y-145.7604
G1 X205.4047 Y-145.8206
G1 X205.5589 Y-145.8826
G1 X205.7121 Y-145.9456
G1 X205.8640 Y-146.0101
G1 X206.0148 Y-146.0759
G1 X206.1644 Y-146.1432
G1 X206.3130 Y-146.2115
G1 X206.4603 Y-146.2816
G1 X206.6066 Y-146.3528
G1 X206.7519 Y-146.4254
G1 X206.8960 Y-146.4993
G1 X207.0387 Y-146.5745
G1 X207.1804 Y-146.6510
G1 X207.3211 Y-146.7289
G1 X207.4606 Y-146.8082
G1 X207.5988 Y-146.8887
G1 X207.7359 Y-146.9708
G1 X207.8721 Y-147.0538
G1 X208.0069 Y-147.1384
G1 X208.1406 Y-147.2242
G1 X208.2731 Y-147.3114
G1 X208.4047 Y-147.3998
G1 X208.5348 Y-147.4897
G1 X208.6640 Y-147.5806
G1 X208.7918 Y-147.6731
G1 X208.9186 Y-147.7668
G1 X209.0443 Y-147.8615
G1 X209.1687 Y-147.9578
G1 X209.2919 Y-148.0553
G1 X209.4139 Y-148.1541
G1 X209.5348 Y-148.2545
G1 X209.6546 Y-148.3558
G1 X209.7730 Y-148.4584
G1 X209.8904 Y-148.5623
G1 X210.0067 Y-148.6675
G1 X210.1215 Y-148.7739
G1 X210.2353 Y-148.8818
G1 X210.3481 Y-148.9908
G1 X210.4593 Y-149.1010
G1 X210.5696 Y-149.2126
G1 X210.6785 Y-149.3253
G1 X210.7865 Y-149.4394
G1 X210.8929 Y-149.5547
G1 X210.9983 Y-149.6710
G1 X211.1027 Y-149.7889
G1 X211.2056 Y-149.9080
G1 X211.3074 Y-150.0281
G1 X211.4080 Y-150.1496
G1 X211.5073 Y-150.2722
G1 X211.6054 Y-150.3962
G1 X211.7024 Y-150.5214
G1 X211.7982 Y-150.6479
G1 X211.8926 Y-150.7754
G1 X211.9859 Y-150.9042
G1 X212.0778 Y-151.0342
G1 X212.1685 Y-151.1656
G1 X212.2581 Y-151.2981
G1 X212.3465 Y-151.4318
G1 X212.4337 Y-151.5666
G1 X212.5195 Y-151.7028
G1 X212.6041 Y-151.8399
G1 X212.6874 Y-151.9784
G1 X212.7695 Y-152.1181
G1 X212.8505 Y-152.2590
G1 X212.9300 Y-152.4010
G1 X213.0085 Y-152.5443
G1 X213.0854 Y-152.6885
G1 X213.1614 Y-152.8341
G1 X213.2360 Y-152.9809
G1 X213.3095 Y-153.1290
G1 X213.3816 Y-153.2781
G1 X213.4525 Y-153.4282
G1 X213.5218 Y-153.5796
G1 X213.5901 Y-153.7322
G1 X213.6572 Y-153.8859
G1 X213.7230 Y-154.0408
G1 X213.7875 Y-154.1970
G1 X213.8507 Y-154.3543
G1 X213.9127 Y-154.5125
G1 X213.9734 Y-154.6720
G1 X214.0326 Y-154.8328
G1 X214.0908 Y-154.9946
G1 X214.1477 Y-155.1574
G1 X214.2030 Y-155.3215
G1 X214.2574 Y-155.4866
G1 X214.3102 Y-155.6530
G1 X214.3618 Y-155.8204
G1 X214.4121 Y-155.9890
G1 X214.4613 Y-156.1587
G1 X214.5088 Y-156.3294
G1 X214.5553 Y-156.5013
G1 X214.6005 Y-156.6743
G1 X214.6442 Y-156.8486
G1 X214.6869 Y-157.0238
G1 X214.7280 Y-157.2001
G1 X214.7679 Y-157.3776
G1 X214.8065 Y-157.5562
G1 X214.8439 Y-157.7358
G1 X214.8797 Y-157.9164
G1 X214.9142 Y-158.0982
G1 X214.9475 Y-158.2811
G1 X214.9795 Y-158.4650
G1 X215.0102 Y-158.6502
G1 X215.0394 Y-158.8364
G1 X215.0674 Y-159.0236
G1 X215.0941 Y-159.2118
G1 X215.1195 Y-159.4010
G1 X215.1433 Y-159.5915
G1 X215.1659 Y-159.7830
G1 X215.1873 Y-159.9755
G1 X215.2071 Y-160.1691
G1 X215.2256 Y-160.3637
G1 X215.2429 Y-160.5595
G1 X215.2589 Y-160.7563
G1 X215.2734 Y-160.9540
G1 X215.2866 Y-161.1528
G1 X215.4453 Y-163.6880
G1 X214.5990 Y-164.2905
G1 X214.4273 Y-164.4096
G1 X214.2637 Y-164.5171
G1 X214.1121 Y-164.6105
G1 X213.9765 Y-164.6883
G1 X213.8601 Y-164.7480
G1 X213.7674 Y-164.7876
G1 X213.7019 Y-164.8049
G1 X213.6673 Y-164.7982
G1 X213.6554 Y-164.7800
G1 X213.6366 Y-164.7452
G1 X213.6120 Y-164.6949
G1 X213.5817 Y-164.6301
G1 X213.5462 Y-164.5516
G1 X213.5058 Y-164.4604
G1 X213.4116 Y-164.2430
G1 X213.3587 Y-164.1188
G1 X213.2434 Y-163.8435
G1 X213.1177 Y-163.5387
G1 X213.0522 Y-163.3776
G1 X212.9165 Y-163.0418
G1 X212.8269 Y-162.8216
G1 X212.7354 Y-162.6032
G1 X212.6417 Y-162.3865
G1 X212.5462 Y-162.1721
G1 X212.4486 Y-161.9595
G1 X212.3493 Y-161.7492
G1 X212.2480 Y-161.5410
G1 X212.1449 Y-161.3350
G1 X212.0400 Y-161.1310
G1 X211.9330 Y-160.9293
G1 X211.8246 Y-160.7299
G1 X211.7143 Y-160.5328
G1 X211.6023 Y-160.3380
G1 X211.4885 Y-160.1455
G1 X211.3732 Y-159.9557
G1 X211.2561 Y-159.7680
G1 X211.1372 Y-159.5831
G1 X211.0171 Y-159.4007
G1 X210.8952 Y-159.2209
G1 X210.7717 Y-159.0436
G1 X210.6468 Y-158.8689
G1 X210.5203 Y-158.6969
G1 X210.3925 Y-158.5277
G1 X210.2630 Y-158.3614
G1 X210.1322 Y-158.1978
G1 X209.9998 Y-158.0373
G1 X209.8662 Y-157.8793
G1 X209.7314 Y-157.7246
G1 X209.5950 Y-157.5725
G1 X209.4573 Y-157.4236
G1 X209.3186 Y-157.2778
G1 X209.1784 Y-157.1351
G1 X209.0456 Y-157.0030
G1 X208.9155 Y-156.8757
G1 X208.7888 Y-156.7538
G1 X208.6658 Y-156.6380
G1 X208.5480 Y-156.5290
G1 X208.4357 Y-156.4269
G1 X208.3293 Y-156.3329
G1 X208.2302 Y-156.2473
G1 X208.1385 Y-156.1709
G1 X208.0555 Y-156.1041
G1 X207.9813 Y-156.0474
G1 X207.9170 Y-156.0020
G1 X207.8634 Y-155.9679
G1 X207.8210 Y-155.9461
G1 X207.7905 Y-155.9369
G1 X207.7728 Y-155.9410
G1 X207.7687 Y-155.9496
G1 X207.7679 Y-155.9644
G1 X207.7700 Y-155.9847
G1 X207.7750 Y-156.0106
G1 X207.7829 Y-156.0421
G1 X207.7936 Y-156.0789
G1 X207.8071 Y-156.1208
G1 X207.8231 Y-156.1678
G1 X207.8418 Y-156.2197
G1 X207.8632 Y-156.2763
G1 X207.8868 Y-156.3373
G1 X207.9414 Y-156.4726
G1 X207.9722 Y-156.5463
G1 X208.0052 Y-156.6240
G1 X208.0773 Y-156.7906
G1 X208.1164 Y-156.8790
G1 X208.2002 Y-157.0657
G1 X208.2914 Y-157.2644
G1 X208.3890 Y-157.4736
G1 X208.4926 Y-157.6921
G1 X208.6018 Y-157.9189
G1 X208.6585 Y-158.0350
G1 X208.7748 Y-158.2715
G1 X208.8347 Y-158.3916
G1 X208.9602 Y-158.6451
G1 X209.0217 Y-158.7713
G1 X209.1428 Y-159.0223
G1 X209.2023 Y-159.1473
G1 X209.3186 Y-159.3957
G1 X209.4321 Y-159.6426
G1 X209.5426 Y-159.8874
G1 X209.6501 Y-160.1307
G1 X209.7545 Y-160.3723
G1 X209.8055 Y-160.4924
G1 X209.9053 Y-160.7315
G1 X209.9541 Y-160.8503
G1 X210.0496 Y-161.0865
G1 X210.0961 Y-161.2041
G1 X210.1418 Y-161.3212
G1 X210.2312 Y-161.5542
G1 X210.2747 Y-161.6697
G1 X210.3595 Y-161.8999
G1 X210.4413 Y-162.1282
G1 X210.4809 Y-162.2417
G1 X210.5581 Y-162.4675
G1 X210.6323 Y-162.6913
G1 X210.7034 Y-162.9133
G1 X210.7380 Y-163.0238
G1 X210.8045 Y-163.2430
G1 X210.8680 Y-163.4604
G1 X210.8987 Y-163.5686
G1 X210.9577 Y-163.7833
G1 X210.9861 Y-163.8899
G1 X211.0405 Y-164.1018
G1 X211.0666 Y-164.2069
G1 X211.1164 Y-164.4162
G1 X211.1403 Y-164.5201
G1 X211.1634 Y-164.6235
G1 X211.2071 Y-164.8287
G1 X211.2279 Y-164.9308
G1 X211.2480 Y-165.0322
G1 X211.2856 Y-165.2339
G1 X211.3034 Y-165.3339
G1 X211.3204 Y-165.4335
G1 X211.3519 Y-165.6314
G1 X211.3666 Y-165.7294
G1 X211.3806 Y-165.8272
G1 X211.3938 Y-165.9242
G1 X211.4177 Y-166.1173
G1 X211.4286 Y-166.2130
G1 X211.4387 Y-166.3083
G1 X211.4565 Y-166.4973
G1 X211.4644 Y-166.5912
G1 X211.4715 Y-166.6845
G1 X211.4779 Y-166.7772
G1 X211.4880 Y-166.9613
G1 X211.4921 Y-167.0528
G1 X211.4954 Y-167.1437
G1 X211.4994 Y-167.3238
G1 X211.5005 Y-167.4132
G1 X211.5005 Y-167.5021
G1 X211.5000 Y-167.5902
G1 X211.4987 Y-167.6781
G1 X211.4964 Y-167.7655
G1 X211.4936 Y-167.8523
G1 X211.4901 Y-167.9387
G1 X211.4855 Y-168.0246
G1 X211.4804 Y-168.1099
G1 X211.4746 Y-168.1947
G1 X211.4677 Y-168.2791
G1 X211.4603 Y-168.3629
G1 X211.4520 Y-168.4462
G1 X211.4431 Y-168.5290
G1 X211.4332 Y-168.6113
G1 X211.4227 Y-168.6931
G1 X211.4113 Y-168.7744
G1 X211.3994 Y-168.8551
G1 X211.3864 Y-168.9354
G1 X211.3730 Y-169.0152
G1 X211.3585 Y-169.0944
G1 X211.3432 Y-169.1729
G1 X211.3275 Y-169.2511
G1 X211.3107 Y-169.3288
G1 X211.2932 Y-169.4061
G1 X211.2752 Y-169.4825
G1 X211.2561 Y-169.5587
G1 X211.2363 Y-169.6342
G1 X211.2157 Y-169.7093
G1 X211.1946 Y-169.7838
G1 X211.1726 Y-169.8579
G1 X211.1497 Y-169.9313
G1 X211.1261 Y-170.0042
G1 X211.1017 Y-170.0766
G1 X211.0765 Y-170.1485
G1 X211.0506 Y-170.2199
G1 X211.0240 Y-170.2907
G1 X210.9965 Y-170.3608
G1 X210.9683 Y-170.4307
G1 X210.9394 Y-170.5000
G1 X210.9097 Y-170.5686
G1 X210.8792 Y-170.6367
G1 X210.8479 Y-170.7045
G1 X210.8157 Y-170.7716
G1 X210.7829 Y-170.8381
G1 X210.7494 Y-170.9039
G1 X210.6747 Y-171.0378
G1 X210.5975 Y-171.1574
G1 X210.5188 Y-171.2620
G1 X210.4393 Y-171.3517
G1 X210.3603 Y-171.4264
G1 X210.2828 Y-171.4853
G1 X210.2076 Y-171.5285
G1 X210.1362 Y-171.5554
G1 X210.0692 Y-171.5661
G1 X210.0077 Y-171.5600
G1 X209.9531 Y-171.5369
G1 X209.9059 Y-171.4967
G1 X209.8675 Y-171.4391
G1 X209.8388 Y-171.3634
G1 X209.8208 Y-171.2699
G1 X209.8126 Y-171.1244
G1 X209.8068 Y-171.0840
G1 X209.7974 Y-171.0370
G1 X209.7844 Y-170.9834
G1 X209.7677 Y-170.9235
G1 X209.7476 Y-170.8572
G1 X209.7242 Y-170.7850
G1 X209.6976 Y-170.7073
G1 X209.6679 Y-170.6240
G1 X209.6348 Y-170.5351
G1 X209.5990 Y-170.4411
G1 X209.5604 Y-170.3421
G1 X209.5188 Y-170.2382
G1 X209.4746 Y-170.1300
G1 X209.4278 Y-170.0169
G1 X209.3267 Y-169.7789
G1 X209.2726 Y-169.6540
G1 X209.1578 Y-169.3934
G1 X209.0974 Y-169.2580
G1 X209.0349 Y-169.1196
G1 X208.9046 Y-168.8343
G1 X208.7677 Y-168.5389
G1 X208.6247 Y-168.2351
G1 X208.4766 Y-167.9242
G1 X208.3239 Y-167.6080
G1 X208.2462 Y-167.4485
G1 X208.0882 Y-167.1269
G1 X208.0082 Y-166.9656
G1 X207.8469 Y-166.6423
G1 X207.6839 Y-166.3197
G1 X207.5203 Y-165.9994
G1 X207.4382 Y-165.8407
G1 X207.2749 Y-165.5265
G1 X207.1936 Y-165.3718
G1 X207.0324 Y-165.0672
G1 X206.8731 Y-164.7713
G1 X206.7946 Y-164.6271
G1 X206.6402 Y-164.3464
G1 X206.4901 Y-164.0782
G1 X206.4167 Y-163.9489
G1 X206.3445 Y-163.8234
G1 X206.2739 Y-163.7017
G1 X206.2048 Y-163.5841
G1 X206.1373 Y-163.4708
G1 X206.0712 Y-163.3616
G1 X206.0072 Y-163.2572
G1 X205.9450 Y-163.1577
G1 X205.8845 Y-163.0629
G1 X205.6516 Y-162.7015
G1 X205.4441 Y-162.3832
G1 X205.3491 Y-162.2397
G1 X205.2597 Y-162.1061
G1 X205.1756 Y-161.9819
G1 X205.0964 Y-161.8673
G1 X205.0217 Y-161.7617
G1 X204.9513 Y-161.6649
G1 X204.8848 Y-161.5765
G1 X204.8220 Y-161.4965
G1 X204.7624 Y-161.4244
G1 X204.7060 Y-161.3598
G1 X204.6524 Y-161.3027
G1 X204.6011 Y-161.2527
G1 X204.5518 Y-161.2095
G1 X204.5045 Y-161.1727
G1 X204.4588 Y-161.1422
G1 X204.4141 Y-161.1175
G1 X204.3702 Y-161.0985
G1 X204.3270 Y-161.0848
G1 X204.2841 Y-161.0764
G1 X204.2411 Y-161.0726
G1 X204.1980 Y-161.0733
G1 X204.1538 Y-161.0782
G1 X204.1091 Y-161.0871
G1 X204.0628 Y-161.0998
G1 X204.0151 Y-161.1155
G1 X203.9653 Y-161.1346
G1 X203.9135 Y-161.1561
G1 X203.8591 Y-161.1805
G1 X203.2290 Y-161.4675
G1 X204.2366 Y-162.9529
G1 X204.3168 Y-163.0718
G1 X204.4746 Y-163.3088
G1 X204.6282 Y-163.5448
G1 X204.7039 Y-163.6626
G1 X204.7786 Y-163.7800
G1 X204.8523 Y-163.8971
G1 X204.9252 Y-164.0142
G1 X204.9971 Y-164.1307
G1 X205.0679 Y-164.2473
G1 X205.1378 Y-164.3637
G1 X205.2752 Y-164.5953
G1 X205.3422 Y-164.7109
G1 X205.4085 Y-164.8262
G1 X205.4738 Y-164.9412
G1 X205.5383 Y-165.0561
G1 X205.6018 Y-165.1706
G1 X205.6643 Y-165.2849
G1 X205.7260 Y-165.3990
G1 X205.7867 Y-165.5127
G1 X205.8464 Y-165.6263
G1 X205.9054 Y-165.7396
G1 X205.9633 Y-165.8526
G1 X206.0202 Y-165.9654
G1 X206.0763 Y-166.0782
G1 X206.1314 Y-166.1904
G1 X206.1855 Y-166.3024
G1 X206.2386 Y-166.4142
G1 X206.3425 Y-166.6367
G1 X206.3928 Y-166.7477
G1 X206.4423 Y-166.8584
G1 X206.4908 Y-166.9689
G1 X206.5386 Y-167.0792
G1 X206.5853 Y-167.1889
G1 X206.6310 Y-167.2986
G1 X206.6757 Y-167.4081
G1 X206.7197 Y-167.5171
G1 X206.7626 Y-167.6258
G1 X206.8045 Y-167.7345
G1 X206.8457 Y-167.8427
G1 X206.8858 Y-167.9506
G1 X206.9249 Y-168.0583
G1 X206.9633 Y-168.1658
G1 X207.0006 Y-168.2730
G1 X207.0369 Y-168.3796
G1 X207.0725 Y-168.4863
G1 X207.1070 Y-168.5925
G1 X207.1406 Y-168.6987
G1 X207.1731 Y-168.8043
G1 X207.2048 Y-168.9097
G1 X207.2356 Y-169.0149
G1 X207.2655 Y-169.1198
G1 X207.2942 Y-169.2242
G1 X207.3222 Y-169.3286
G1 X207.3493 Y-169.4325
G1 X207.3753 Y-169.5361
G1 X207.4004 Y-169.6395
G1 X207.4245 Y-169.7426
G1 X207.4479 Y-169.8452
G1 X207.4700 Y-169.9478
G1 X207.4913 Y-170.0500
G1 X207.5119 Y-170.1518
G1 X207.5312 Y-170.2534
G1 X207.5497 Y-170.3545
G1 X207.5673 Y-170.4553
G1 X207.5840 Y-170.5562
G1 X207.5998 Y-170.6565
G1 X207.6145 Y-170.7563
G1 X207.6282 Y-170.8561
G1 X207.6412 Y-170.9555
G1 X207.6531 Y-171.0545
G1 X207.6641 Y-171.1533
G1 X207.6740 Y-171.2516
G1 X207.6831 Y-171.3497
G1 X207.6912 Y-171.4475
G1 X207.6983 Y-171.5450
G1 X207.7047 Y-171.6423
G1 X207.7143 Y-171.8356
G1 X207.7176 Y-171.9316
G1 X207.7202 Y-172.0273
G1 X207.7222 Y-172.2181
G1 X207.7217 Y-172.3131
G1 X207.7204 Y-172.4076
G1 X207.7182 Y-172.5016
G1 X207.7148 Y-172.5955
G1 X207.7108 Y-172.6890
G1 X207.7055 Y-172.7822
G1 X207.6994 Y-172.8749
G1 X207.6925 Y-172.9674
G1 X207.6844 Y-173.0596
G1 X207.6755 Y-173.1515
G1 X207.6656 Y-173.2430
G1 X207.6547 Y-173.3339
G1 X207.6430 Y-173.4248
G1 X207.6303 Y-173.5153
G1 X207.6166 Y-173.6052
G1 X207.6018 Y-173.6949
G1 X207.5863 Y-173.7843
G1 X207.5698 Y-173.8734
G1 X207.5523 Y-173.9621
G1 X207.5337 Y-174.0502
G1 X207.5144 Y-174.1383
G1 X207.4939 Y-174.2257
G1 X207.4725 Y-174.3131
G1 X207.4504 Y-174.4000
G1 X207.4271 Y-174.4863
G1 X207.4029 Y-174.5727
G1 X207.3778 Y-174.6583
G1 X207.3516 Y-174.7439
G1 X207.3247 Y-174.8287
G1 X207.2968 Y-174.9135
G1 X207.2678 Y-174.9979
G1 X207.2378 Y-175.0817
G1 X207.2069 Y-175.1653
G1 X207.1751 Y-175.2486
G1 X207.1423 Y-175.3314
G1 X207.1086 Y-175.4137
G1 X207.0740 Y-175.4960
G1 X207.0382 Y-175.5775
G1 X207.0016 Y-175.6588
G1 X206.9640 Y-175.7398
G1 X206.9257 Y-175.8203
G1 X206.8860 Y-175.9006
G1 X206.7966 Y-176.0731
G1 X206.6991 Y-176.2498
G1 X206.5942 Y-176.4292
G1 X206.4829 Y-176.6100
G1 X206.3661 Y-176.7914
G1 X206.2450 Y-176.9720
G1 X206.1200 Y-177.1503
G1 X205.9922 Y-177.3253
G1 X205.8627 Y-177.4960
G1 X205.7321 Y-177.6608
G1 X205.6016 Y-177.8188
G1 X205.4720 Y-177.9684
G1 X205.3440 Y-178.1089
G1 X205.2188 Y-178.2387
G1 X205.0971 Y-178.3568
G1 X204.9800 Y-178.4619
G1 X203.8855 Y-179.3987
G1 X203.0783 Y-177.0779
G1 X203.0303 Y-176.9407
G1 X202.9823 Y-176.8053
G1 X202.8866 Y-176.5402
G1 X202.8388 Y-176.4104
G1 X202.7431 Y-176.1559
G1 X202.6950 Y-176.0311
G1 X202.6470 Y-175.9080
G1 X202.5990 Y-175.7865
G1 X202.5508 Y-175.6667
G1 X202.5025 Y-175.5483
G1 X202.4540 Y-175.4312
G1 X202.3565 Y-175.2018
G1 X202.3074 Y-175.0893
G1 X202.2579 Y-174.9778
G1 X202.2084 Y-174.8678
G1 X202.1583 Y-174.7591
G1 X202.1083 Y-174.6517
G1 X202.0578 Y-174.5452
G1 X202.0067 Y-174.4401
G1 X201.9554 Y-174.3359
G1 X201.9036 Y-174.2331
G1 X201.8515 Y-174.1310
G1 X201.7989 Y-174.0301
G1 X201.7458 Y-173.9301
G1 X201.6925 Y-173.8310
G1 X201.6384 Y-173.7330
G1 X201.5838 Y-173.6357
G1 X201.5287 Y-173.5392
G1 X201.4728 Y-173.4434
G1 X201.4167 Y-173.3484
G1 X201.3021 Y-173.1604
G1 X201.2437 Y-173.0675
G1 X201.1848 Y-172.9750
G1 X201.1251 Y-172.8833
G1 X201.0646 Y-172.7919
G1 X201.0037 Y-172.7010
G1 X200.9417 Y-172.6105
G1 X200.8789 Y-172.5206
G1 X200.8154 Y-172.4309
G1 X200.7509 Y-172.3415
G1 X200.6857 Y-172.2524
G1 X200.6196 Y-172.1637
G1 X200.5526 Y-172.0751
G1 X200.4845 Y-171.9867
G1 X200.4157 Y-171.8983
G1 X200.3455 Y-171.8102
G1 X200.2747 Y-171.7220
G1 X200.2028 Y-171.6339
G1 X200.1296 Y-171.5458
G1 X200.0557 Y-171.4576
G1 X199.9805 Y-171.3695
G1 X199.9043 Y-171.2811
G1 X199.8269 Y-171.1924
G1 X199.7484 Y-171.1038
G1 X199.5879 Y-170.9255
G1 X199.4223 Y-170.7462
G1 X199.3377 Y-170.6557
G1 X199.2518 Y-170.5651
G1 X199.0623 Y-170.3669
G1 X198.9709 Y-170.2722
G1 X198.7946 Y-170.0914
G1 X198.6272 Y-169.9219
G1 X198.4690 Y-169.7642
G1 X198.3196 Y-169.6176
G1 X198.1794 Y-169.4828
G1 X198.1126 Y-169.4198
G1 X197.9859 Y-169.3022
G1 X197.9262 Y-169.2478
G1 X197.8685 Y-169.1963
G1 X197.7603 Y-169.1020
G1 X197.7095 Y-169.0591
G1 X197.6613 Y-169.0192
G1 X197.6150 Y-168.9821
G1 X197.5714 Y-168.9481
G1 X197.5300 Y-168.9169
G1 X197.4908 Y-168.8887
G1 X197.4543 Y-168.8633
G1 X197.4197 Y-168.8407
G1 X197.3877 Y-168.8211
G1 X197.3580 Y-168.8046
G1 X197.3308 Y-168.7909
G1 X197.3057 Y-168.7800
G1 X197.2831 Y-168.7721
G1 X197.2630 Y-168.7673
G1 X197.2450 Y-168.7652
G1 X197.2295 Y-168.7660
G1 X197.2165 Y-168.7700
G1 X197.2059 Y-168.7766
G1 X197.1975 Y-168.7866
G1 X197.1916 Y-168.7990
G1 X197.1881 Y-168.8148
G1 X197.1871 Y-168.8333
G1 X197.1883 Y-168.8546
G1 X197.1921 Y-168.8790
G1 X197.1982 Y-168.9064
G1 X197.2069 Y-168.9369
G1 X197.2180 Y-168.9702
G1 X197.2315 Y-169.0063
G1 X197.2475 Y-169.0456
G1 X197.2658 Y-169.0875
G1 X197.2869 Y-169.1328
G1 X197.3100 Y-169.1808
G1 X197.3359 Y-169.2318
G1 X197.3641 Y-169.2859
G1 X197.3948 Y-169.3428
G1 X197.4281 Y-169.4028
G1 X197.4639 Y-169.4658
G1 X197.5020 Y-169.5315
G1 X197.5861 Y-169.6723
G1 X197.6318 Y-169.7469
G1 X197.7306 Y-169.9057
G1 X197.9016 Y-170.1749
G1 X198.0166 Y-170.3603
G1 X198.1294 Y-170.5463
G1 X198.2399 Y-170.7319
G1 X198.3481 Y-170.9179
G1 X198.4540 Y-171.1035
G1 X198.5576 Y-171.2895
G1 X198.6587 Y-171.4754
G1 X198.7575 Y-171.6613
G1 X198.8541 Y-171.8470
G1 X198.9483 Y-172.0327
G1 X199.0400 Y-172.2183
G1 X199.1294 Y-172.4040
G1 X199.2165 Y-172.5894
G1 X199.3014 Y-172.7746
G1 X199.3836 Y-172.9595
G1 X199.4634 Y-173.1444
G1 X199.5411 Y-173.3291
G1 X199.6161 Y-173.5137
G1 X199.6890 Y-173.6979
G1 X199.7593 Y-173.8818
G1 X199.8271 Y-174.0654
G1 X199.8927 Y-174.2486
G1 X199.9559 Y-174.4317
G1 X200.0166 Y-174.6143
G1 X200.0748 Y-174.7964
G1 X200.1307 Y-174.9783
G1 X200.1840 Y-175.1599
G1 X200.2351 Y-175.3408
G1 X200.2836 Y-175.5214
G1 X200.3295 Y-175.7015
G1 X200.3732 Y-175.8810
G1 X200.4144 Y-176.0604
G1 X200.4530 Y-176.2387
G1 X200.4893 Y-176.4167
G1 X200.5231 Y-176.5943
G1 X200.5543 Y-176.7710
G1 X200.5830 Y-176.9473
G1 X200.6095 Y-177.1228
G1 X200.6333 Y-177.2978
G1 X200.6547 Y-177.4721
G1 X200.6735 Y-177.6456
G1 X200.6897 Y-177.8183
G1 X200.7034 Y-177.9905
G1 X200.7149 Y-178.1617
G1 X200.7235 Y-178.3324
G1 X200.7298 Y-178.5021
G1 X200.7334 Y-178.6710
G1 X200.7347 Y-178.8391
G1 X200.7332 Y-179.0065
G1 X200.7293 Y-179.1729
G1 X200.7230 Y-179.3382
G1 X200.7138 Y-179.5028
G1 X200.7022 Y-179.6664
G1 X200.6882 Y-179.8292
G1 X200.6714 Y-179.9907
G1 X200.6521 Y-180.1515
G1 X200.6303 Y-180.3110
G1 X200.6059 Y-180.4698
G1 X200.5787 Y-180.6273
G1 X200.5493 Y-180.7837
G1 X200.5170 Y-180.9392
G1 X200.4822 Y-181.0934
G1 X200.4446 Y-181.2465
G1 X200.3816 Y-181.4883
G1 X200.3166 Y-181.7225
G1 X200.2500 Y-181.9499
G1 X200.1817 Y-182.1698
G1 X200.1111 Y-182.3832
G1 X200.0387 Y-182.5897
G1 X199.9638 Y-182.7896
G1 X199.8868 Y-182.9829
G1 X199.8073 Y-183.1701
G1 X199.7253 Y-183.3512
G1 X199.6407 Y-183.5262
G1 X199.5533 Y-183.6953
G1 X199.4632 Y-183.8589
G1 X199.3702 Y-184.0169
G1 X199.2739 Y-184.1696
G1 X199.1746 Y-184.3171
G1 X199.0720 Y-184.4594
G1 X198.9661 Y-184.5968
G1 X198.8566 Y-184.7296
G1 X198.7436 Y-184.8576
G1 X198.6267 Y-184.9813
G1 X198.5061 Y-185.1007
G1 X198.3819 Y-185.2160
G1 X198.2533 Y-185.3270
G1 X198.1208 Y-185.4345
G1 X197.9839 Y-185.5381
G1 X197.8429 Y-185.6384
G1 X197.6973 Y-185.7352
G1 X197.5472 Y-185.8287
G1 X197.3923 Y-185.9191
G1 X197.2328 Y-186.0067
G1 X197.0684 Y-186.0916
G1 X196.9376 Y-186.1558
G1 X196.8071 Y-186.2176
G1 X196.6765 Y-186.2770
G1 X196.5460 Y-186.3339
G1 X196.4154 Y-186.3888
G1 X196.2851 Y-186.4408
G1 X196.1548 Y-186.4909
G1 X196.0248 Y-186.5384
G1 X195.8947 Y-186.5833
G1 X195.7647 Y-186.6262
G1 X195.6349 Y-186.6664
G1 X195.5051 Y-186.7045
G1 X195.3753 Y-186.7400
G1 X195.2457 Y-186.7731
G1 X195.1162 Y-186.8040
G1 X194.9867 Y-186.8322
G1 X194.8574 Y-186.8584
G1 X194.7283 Y-186.8820
G1 X194.5993 Y-186.9031
G1 X194.4703 Y-186.9222
G1 X194.3415 Y-186.9387
G1 X194.2127 Y-186.9526
G1 X194.0842 Y-186.9643
G1 X193.9559 Y-186.9737
G1 X193.8274 Y-186.9806
G1 X193.6994 Y-186.9851
G1 X193.5714 Y-186.9874
G1 X193.4434 Y-186.9872
G1 X193.3156 Y-186.9844
G1 X193.1881 Y-186.9796
G1 X193.0606 Y-186.9722
G1 X192.9333 Y-186.9623
G1 X192.8061 Y-186.9503
G1 X192.6791 Y-186.9359
G1 X192.5521 Y-186.9189
G1 X192.4253 Y-186.8996
G1 X192.2988 Y-186.8780
G1 X192.1726 Y-186.8538
G1 X192.0464 Y-186.8274
G1 X191.9201 Y-186.7987
G1 X191.7944 Y-186.7675
G1 X191.6687 Y-186.7339
G1 X191.5429 Y-186.6981
G1 X191.4177 Y-186.6598
G1 X191.2925 Y-186.6189
G1 X191.1675 Y-186.5760
G1 X191.0425 Y-186.5305
G1 X190.9181 Y-186.4827
G1 X190.7936 Y-186.4324
G1 X190.6694 Y-186.3799
G1 X190.5452 Y-186.3247
G1 X190.4215 Y-186.2676
G1 X190.2978 Y-186.2077
G1 X190.1744 Y-186.1457
G1 X190.0509 Y-186.0812
G1 X189.9280 Y-186.0144
G1 X189.8051 Y-185.9450
G1 X189.6826 Y-185.8734
G1 X189.5602 Y-185.7995
G1 X189.4380 Y-185.7230
G1 X189.3159 Y-185.6443
G1 X189.1942 Y-185.5633
G1 X189.0728 Y-185.4797
G1 X188.8147 Y-185.2966
G1 X188.6735 Y-185.1975
G1 X188.5285 Y-185.0977
G1 X188.3809 Y-184.9973
G1 X188.2320 Y-184.8975
G1 X188.0827 Y-184.7987
G1 X187.9343 Y-184.7017
G1 X187.7875 Y-184.6075
G1 X187.6440 Y-184.5163
G1 X187.5043 Y-184.4289
G1 X187.3700 Y-184.3463
G1 X187.2417 Y-184.2689
G1 X187.1208 Y-184.1975
G1 X187.0085 Y-184.1330
G1 X186.9056 Y-184.0758
G1 X186.8134 Y-184.0268
G1 X186.6313 Y-183.9288
G1 X186.4581 Y-183.8277
G1 X186.2938 Y-183.7238
G1 X186.1386 Y-183.6171
G1 X185.9923 Y-183.5079
G1 X185.8551 Y-183.3964
G1 X185.7271 Y-183.2823
G1 X185.6082 Y-183.1660
G1 X185.4985 Y-183.0476
G1 X185.3982 Y-182.9275
G1 X185.3070 Y-182.8056
G1 X185.2249 Y-182.6819
G1 X185.1525 Y-182.5567
G1 X185.0893 Y-182.4302
G1 X185.0357 Y-182.3024
G1 X184.9915 Y-182.1736
G1 X184.9567 Y-182.0436
G1 X184.9318 Y-181.9130
G1 X184.9163 Y-181.7815
G1 X184.9102 Y-181.6496
G1 X184.9143 Y-181.5173
G1 X184.9277 Y-181.3844
G1 X184.9511 Y-181.2516
G1 X184.9841 Y-181.1188
G1 X185.0273 Y-180.9859
G1 X185.0801 Y-180.8536
G1 X185.1429 Y-180.7213
G1 X185.2158 Y-180.5897
G1 X185.2986 Y-180.4589
G1 X185.3916 Y-180.3286
G1 X185.4944 Y-180.1995
G1 X185.6077 Y-180.0713
G1 X186.2717 Y-179.3550
G1 X186.9968 Y-179.8963
G1 X187.3364 Y-180.1508
G1 X187.9234 Y-180.5932
G1 X188.2960 Y-180.8759
G1 X189.1960 Y-181.5620
G1 X188.5340 Y-180.0652
G1 X188.4566 Y-179.8917
G1 X188.3806 Y-179.7243
G1 X188.3057 Y-179.5628
G1 X188.2318 Y-179.4066
G1 X188.1584 Y-179.2554
G1 X188.0855 Y-179.1094
G1 X188.0131 Y-178.9676
G1 X187.9404 Y-178.8302
G1 X187.8678 Y-178.6969
G1 X187.7946 Y-178.5671
G1 X187.7210 Y-178.4406
G1 X187.6463 Y-178.3171
G1 X187.5709 Y-178.1962
G1 X187.4939 Y-178.0779
G1 X187.4157 Y-177.9618
G1 X187.3357 Y-177.8475
G1 X187.2536 Y-177.7345
G1 X187.1696 Y-177.6230
G1 X187.0832 Y-177.5122
G1 X186.9943 Y-177.4020
G1 X186.9026 Y-177.2920
G1 X186.8079 Y-177.1823
G1 X186.7101 Y-177.0720
G1 X186.6087 Y-176.9613
G1 X186.5036 Y-176.8495
G1 X186.3949 Y-176.7365
G1 X186.2818 Y-176.6222
G1 X186.1647 Y-176.5059
G1 X186.0431 Y-176.3875
G1 X185.9168 Y-176.2666
G1 X185.7855 Y-176.1432
G1 X185.6489 Y-176.0164
G1 X185.5412 Y-175.9189
G1 X185.4291 Y-175.8206
G1 X185.3136 Y-175.7225
G1 X185.1944 Y-175.6242
G1 X185.0725 Y-175.5264
G1 X184.9478 Y-175.4289
G1 X184.8211 Y-175.3324
G1 X184.6925 Y-175.2366
G1 X184.5625 Y-175.1421
G1 X184.4314 Y-175.0492
G1 X184.2999 Y-174.9580
G1 X184.1678 Y-174.8683
G1 X184.0357 Y-174.7812
G1 X183.9041 Y-174.6961
G1 X183.7733 Y-174.6138
G1 X183.6438 Y-174.5343
G1 X183.5158 Y-174.4576
G1 X183.3898 Y-174.3845
G1 X183.2661 Y-174.3146
G1 X183.1452 Y-174.2488
G1 X183.0273 Y-174.1866
G1 X182.9130 Y-174.1287
G1 X182.8025 Y-174.0753
G1 X182.6964 Y-174.0266
G1 X182.5945 Y-173.9826
G1 X182.4980 Y-173.9438
G1 X182.4065 Y-173.9105
G1 X182.3209 Y-173.8826
G1 X182.2417 Y-173.8605
G1 X182.1688 Y-173.8445
G1 X182.1028 Y-173.8346
G1 X182.0438 Y-173.8312
G1 X181.9887 Y-173.8467
G1 X181.9372 Y-173.8909
G1 X181.8904 Y-173.9610
G1 X181.8495 Y-174.0538
G1 X181.8160 Y-174.1660
G1 X181.7903 Y-174.2948
G1 X181.7743 Y-174.4368
G1 X181.7687 Y-174.5889
G1 X181.7715 Y-174.6951
G1 X181.7804 Y-174.7962
G1 X181.7959 Y-174.8930
G1 X181.8180 Y-174.9862
G1 X181.8475 Y-175.0764
G1 X181.8848 Y-175.1642
G1 X181.9305 Y-175.2501
G1 X181.9846 Y-175.3349
G1 X182.0479 Y-175.4193
G1 X182.1208 Y-175.5038
G1 X182.2036 Y-175.5892
G1 X182.2968 Y-175.6758
G1 X182.4007 Y-175.7644
G1 X182.5160 Y-175.8559
G1 X182.6433 Y-175.9506
G1 X182.8894 Y-176.1246
G1 X183.0009 Y-176.2059
G1 X183.1157 Y-176.2917
G1 X183.2331 Y-176.3817
G1 X183.3524 Y-176.4751
G1 X183.4723 Y-176.5709
G1 X183.5922 Y-176.6689
G1 X183.7113 Y-176.7677
G1 X183.8284 Y-176.8671
G1 X183.9427 Y-176.9659
G1 X184.0535 Y-177.0637
G1 X184.1597 Y-177.1594
G1 X184.2605 Y-177.2526
G1 X184.3550 Y-177.3423
G1 X184.4421 Y-177.4279
G1 X184.5213 Y-177.5087
G1 X185.2468 Y-178.2658
G1 X184.5000 Y-178.7921
G1 X184.3273 Y-178.9120
G1 X184.1553 Y-179.0281
G1 X183.9844 Y-179.1398
G1 X183.8142 Y-179.2478
G1 X183.6450 Y-179.3517
G1 X183.4769 Y-179.4515
G1 X183.3093 Y-179.5473
G1 X183.1429 Y-179.6390
G1 X182.9773 Y-179.7266
G1 X182.8124 Y-179.8102
G1 X182.6489 Y-179.8899
G1 X182.4860 Y-179.9656
G1 X182.3242 Y-180.0370
G1 X182.1635 Y-180.1045
G1 X182.0034 Y-180.1680
G1 X181.8447 Y-180.2275
G1 X181.6867 Y-180.2831
G1 X181.5297 Y-180.3344
G1 X181.3740 Y-180.3819
G1 X181.2191 Y-180.4251
G1 X181.0652 Y-180.4645
G1 X180.9125 Y-180.4998
G1 X180.7609 Y-180.5310
G1 X180.6100 Y-180.5584
G1 X180.4606 Y-180.5816
G1 X180.3121 Y-180.6009
G1 X180.1647 Y-180.6158
G1 X180.0184 Y-180.6270
G1 X179.8731 Y-180.6341
G1 X179.7291 Y-180.6374
G1 X179.5861 Y-180.6364
G1 X179.4444 Y-180.6316
G1 X179.3037 Y-180.6224
G1 X179.1642 Y-180.6095
G1 X179.0261 Y-180.5925
G1 X178.8889 Y-180.5714
G1 X178.7530 Y-180.5465
G1 X178.6181 Y-180.5173
G1 X178.4848 Y-180.4843
G1 X178.3525 Y-180.4472
G1 X178.2214 Y-180.4060
G1 X178.0913 Y-180.3611
G1 X177.9628 Y-180.3118
G1 X177.8356 Y-180.2587
G1 X177.7096 Y-180.2016
G1 X177.5846 Y-180.1404
G1 X177.4612 Y-180.0751
G1 X177.3390 Y-180.0057
G1 X177.2181 Y-179.9326
G1 X177.0985 Y-179.8554
G1 X176.9803 Y-179.7741
G1 X176.8632 Y-179.6887
G1 X176.7479 Y-179.5993
G1 X176.6336 Y-179.5061
G1 X176.5209 Y-179.4088
G1 X176.4093 Y-179.3075
G1 X176.2991 Y-179.2021
G1 X176.1904 Y-179.0929
G1 X176.0832 Y-178.9793
G1 X175.9773 Y-178.8620
G1 X175.8729 Y-178.7406
G1 X175.7698 Y-178.6153
G1 X175.6682 Y-178.4858
G1 X175.5681 Y-178.3525
G1 X175.4894 Y-178.2445
G1 X175.4124 Y-178.1381
G1 X175.3372 Y-178.0332
G1 X175.2641 Y-177.9295
G1 X175.1929 Y-177.8274
G1 X175.1236 Y-177.7268
G1 X175.0558 Y-177.6273
G1 X174.9903 Y-177.5290
G1 X174.9262 Y-177.4317
G1 X174.8640 Y-177.3357
G1 X174.8036 Y-177.2404
G1 X174.7451 Y-177.1465
G1 X174.6882 Y-177.0532
G1 X174.6329 Y-176.9610
G1 X174.5795 Y-176.8693
G1 X174.5277 Y-176.7787
G1 X174.4774 Y-176.6885
G1 X174.4289 Y-176.5991
G1 X174.3822 Y-176.5102
G1 X174.3370 Y-176.4218
G1 X174.2933 Y-176.3339
G1 X174.2511 Y-176.2463
G1 X174.2105 Y-176.1592
G1 X174.1716 Y-176.0723
G1 X174.1340 Y-175.9854
G1 X174.0982 Y-175.8991
G1 X174.0637 Y-175.8124
G1 X174.0306 Y-175.7261
G1 X173.9989 Y-175.6397
G1 X173.9689 Y-175.5534
G1 X173.9402 Y-175.4668
G1 X173.9128 Y-175.3799
G1 X173.8869 Y-175.2930
G1 X173.8622 Y-175.2056
G1 X173.8389 Y-175.1180
G1 X173.8170 Y-175.0299
G1 X173.7965 Y-174.9415
G1 X173.7771 Y-174.8523
G1 X173.7591 Y-174.7627
G1 X173.7423 Y-174.6722
G1 X173.7266 Y-174.5813
G1 X173.7124 Y-174.4896
G1 X173.6992 Y-174.3969
G1 X173.6872 Y-174.3034
G1 X173.6766 Y-174.2092
G1 X173.6669 Y-174.1137
G1 X173.6583 Y-174.0174
G1 X173.6509 Y-173.9199
G1 X173.6446 Y-173.8211
G1 X173.6395 Y-173.7213
G1 X173.6352 Y-173.6199
G1 X173.6321 Y-173.5176
G1 X173.6301 Y-173.4134
G1 X173.6291 Y-173.3080
G1 X173.6288 Y-173.2013
G1 X173.6298 Y-173.0929
G1 X173.6316 Y-172.9826
G1 X173.6344 Y-172.8709
G1 X173.6380 Y-172.7573
G1 X173.6425 Y-172.6420
G1 X173.6481 Y-172.5249
G1 X173.6545 Y-172.4058
G1 X173.6616 Y-172.2846
G1 X173.6697 Y-172.1617
G1 X173.6794 Y-172.0240
G1 X173.6900 Y-171.8848
G1 X173.7015 Y-171.7444
G1 X173.7139 Y-171.6021
G1 X173.7271 Y-171.4584
G1 X173.7411 Y-171.3133
G1 X173.7561 Y-171.1670
G1 X173.7718 Y-171.0192
G1 X173.7883 Y-170.8704
G1 X173.8239 Y-170.5694
G1 X173.8625 Y-170.2643
G1 X173.9041 Y-169.9555
G1 X173.9260 Y-169.8000
G1 X173.9486 Y-169.6438
G1 X173.9958 Y-169.3296
G1 X174.0459 Y-169.0131
G1 X174.0985 Y-168.6954
G1 X174.1256 Y-168.5359
G1 X174.1536 Y-168.3763
G1 X174.2110 Y-168.0568
G1 X174.2407 Y-167.8968
G1 X174.3014 Y-167.5775
G1 X174.3326 Y-167.4180
G1 X174.3969 Y-167.0997
G1 X174.4297 Y-166.9410
G1 X174.4965 Y-166.6250
G1 X174.5653 Y-166.3113
G1 X174.6004 Y-166.1554
G1 X174.6359 Y-166.0002
G1 X174.7081 Y-165.6923
G1 X174.7449 Y-165.5397
G1 X174.8193 Y-165.2374
G1 X174.8572 Y-165.0878
G1 X174.9336 Y-164.7924
G1 X175.0113 Y-164.5023
G1 X175.0507 Y-164.3593
G1 X175.0903 Y-164.2176
G1 X175.1302 Y-164.0777
G1 X175.1703 Y-163.9392
G1 X175.2511 Y-163.6674
G1 X175.2920 Y-163.5341
G1 X175.3329 Y-163.4028
G1 X175.3740 Y-163.2735
G1 X175.4154 Y-163.1460
G1 X175.4569 Y-163.0205
G1 X175.4985 Y-162.8971
G1 X175.5402 Y-162.7759
G1 X175.5821 Y-162.6570
G1 X175.6440 Y-162.4838
G1 X175.7068 Y-162.3116
G1 X175.7703 Y-162.1399
G1 X175.8343 Y-161.9692
G1 X175.8988 Y-161.7993
G1 X175.9641 Y-161.6301
G1 X176.0301 Y-161.4617
G1 X176.0967 Y-161.2941
G1 X176.1637 Y-161.1274
G1 X176.2318 Y-160.9613
G1 X176.3004 Y-160.7960
G1 X176.3695 Y-160.6314
G1 X176.4393 Y-160.4678
G1 X176.5099 Y-160.3047
G1 X176.5811 Y-160.1424
G1 X176.6529 Y-159.9809
G1 X176.7256 Y-159.8201
G1 X176.7987 Y-159.6601
G1 X176.8729 Y-159.5008
G1 X176.9473 Y-159.3423
G1 X177.0228 Y-159.1846
G1 X177.0987 Y-159.0276
G1 X177.1754 Y-158.8712
G1 X177.2529 Y-158.7155
G1 X177.3309 Y-158.5608
G1 X177.4096 Y-158.4066
G1 X177.4891 Y-158.2529
G1 X177.5694 Y-158.1003
G1 X177.6504 Y-157.9481
G1 X177.7319 Y-157.7970
G1 X177.8142 Y-157.6461
G1 X177.8973 Y-157.4963
G1 X177.9811 Y-157.3472
G1 X178.0657 Y-157.1986
G1 X178.1510 Y-157.0505
G1 X178.2369 Y-156.9034
; Retract
G1 Z2.5400 F2540

; Path 16
; Rapid to initial position
G1 X187.7357 Y-127.4186 F2540
G1 Z0.0000
; plunge
G1 Z-3.1750 F127
; cut
G1 X187.7146 Y-127.4102 F1016
G1 X187.6938 Y-127.3998
G1 X187.6735 Y-127.3873
G1 X187.6532 Y-127.3731
G1 X187.6331 Y-127.3566
G1 X187.6130 Y-127.3378
G1 X187.5932 Y-127.3165
G1 X187.5737 Y-127.2931
G1 X187.5539 Y-127.2670
G1 X187.5340 Y-127.2383
G1 X187.5142 Y-127.2068
G1 X187.4944 Y-127.1722
G1 X187.4744 Y-127.1351
G1 X187.4540 Y-127.0947
G1 X187.4337 Y-127.0513
G1 X187.4129 Y-127.0046
G1 X187.3921 Y-126.9545
G1 X187.3707 Y-126.9012
G1 X187.3489 Y-126.8443
G1 X187.3268 Y-126.7836
G1 X187.3042 Y-126.7193
G1 X187.2811 Y-126.6513
G1 X187.2574 Y-126.5791
G1 X187.2333 Y-126.5032
G1 X187.2084 Y-126.4229
G1 X187.1569 Y-126.2499
G1 X187.1022 Y-126.0592
G1 X187.0443 Y-125.8499
G1 X187.0141 Y-125.7381
G1 X186.9506 Y-125.4999
G1 X186.8830 Y-125.2411
G1 X186.7733 Y-124.8131
G1 X186.5655 Y-123.9863
G1 X186.2645 Y-122.7742
G1 X186.1523 Y-122.3160
G1 X186.0446 Y-121.8707
G1 X185.9422 Y-121.4410
G1 X185.8454 Y-121.0290
G1 X185.7121 Y-120.4496
G1 X185.6321 Y-120.0925
G1 X185.5592 Y-119.7615
G1 X185.5259 Y-119.6068
G1 X185.4655 Y-119.3195
G1 X185.4136 Y-119.0645
G1 X185.3913 Y-118.9497
G1 X185.3715 Y-118.8441
G1 X185.3540 Y-118.7475
G1 X185.3390 Y-118.6604
G1 X185.3265 Y-118.5832
G1 X185.3169 Y-118.5161
G1 X185.3098 Y-118.4595
G1 X185.3054 Y-118.4135
G1 X185.3042 Y-118.3787
G1 X185.3057 Y-118.3551
G1 X185.3103 Y-118.3432
G1 X185.3352 Y-118.3328
G1 X185.3352 Y-118.3328
G1 X185.3710 Y-118.3394
G1 X185.4164 Y-118.3622
G1 X185.4713 Y-118.4006
G1 X185.5348 Y-118.4534
G1 X185.6064 Y-118.5200
G1 X185.6854 Y-118.5995
G1 X185.7710 Y-118.6909
G1 X185.8627 Y-118.7933
G1 X185.9597 Y-118.9060
G1 X186.0616 Y-119.0280
G1 X186.1675 Y-119.1583
G1 X186.2770 Y-119.2962
G1 X186.3893 Y-119.4407
G1 X186.5036 Y-119.5911
G1 X186.6196 Y-119.7463
G1 X186.7362 Y-119.9055
G1 X186.8533 Y-120.0681
G1 X186.9699 Y-120.2329
G1 X187.0852 Y-120.3990
G1 X187.1990 Y-120.5657
G1 X187.3105 Y-120.7320
G1 X187.4187 Y-120.8971
G1 X187.5234 Y-121.0602
G1 X187.6237 Y-121.2202
G1 X187.7192 Y-121.3764
G1 X187.8089 Y-121.5278
G1 X187.8922 Y-121.6736
G1 X187.9689 Y-121.8128
G1 X188.0377 Y-121.9446
G1 X188.0984 Y-122.0683
G1 X188.1502 Y-122.1829
G1 X188.2107 Y-122.3287
G1 X188.2706 Y-122.4821
G1 X188.3293 Y-122.6426
G1 X188.3872 Y-122.8098
G1 X188.4439 Y-122.9825
G1 X188.4992 Y-123.1598
G1 X188.5531 Y-123.3414
G1 X188.6054 Y-123.5263
G1 X188.6562 Y-123.7140
G1 X188.7047 Y-123.9032
G1 X188.7515 Y-124.0935
G1 X188.7962 Y-124.2842
G1 X188.8386 Y-124.4742
G1 X188.8785 Y-124.6632
G1 X188.9158 Y-124.8501
G1 X188.9503 Y-125.0343
G1 X188.9821 Y-125.2151
G1 X189.0111 Y-125.3914
G1 X189.0367 Y-125.5629
G1 X189.0593 Y-125.7285
G1 X189.0784 Y-125.8875
G1 X189.0939 Y-126.0394
G1 X189.1058 Y-126.1829
G1 X189.1139 Y-126.3178
G1 X189.1182 Y-126.4430
G1 X189.1182 Y-126.5580
G1 X189.1142 Y-126.6617
G1 X189.1058 Y-126.7536
G1 X189.0928 Y-126.8329
G1 X189.0751 Y-126.8989
G1 X189.0527 Y-126.9505
G1 X189.0255 Y-126.9873
G1 X188.9625 Y-127.0389
G1 X188.8777 Y-127.0935
G1 X188.7748 Y-127.1494
G1 X188.6570 Y-127.2047
G1 X188.5287 Y-127.2586
G1 X188.3931 Y-127.3084
G1 X188.2541 Y-127.3533
G1 X188.1157 Y-127.3909
G1 X188.0555 Y-127.4056
G1 X187.9991 Y-127.4183
G1 X187.9719 Y-127.4237
G1 X187.9455 Y-127.4282
G1 X187.9201 Y-127.4321
G1 X187.8950 Y-127.4346
G1 X187.8706 Y-127.4364
G1 X187.8470 Y-127.4369
G1 X187.8239 Y-127.4361
G1 X187.8010 Y-127.4341
G1 X187.7789 Y-127.4305
G1 X187.7571 Y-127.4254
G1 X187.7357 Y-127.4186
; Retract
G1 Z2.5400 F2540

; Path 17
; Rapid to initial position
G1 X229.5596 Y-106.7412 F2540
G1 Z0.0000
; plunge
G1 Z-3.1750 F127
; cut
G1 X229.4791 Y-106.5789 F1016
G1 X229.3457 Y-106.3036
G1 X229.2495 Y-106.1006
G1 X229.1479 Y-105.8837
G1 X229.0417 Y-105.6538
G1 X228.8751 Y-105.2881
G1 X228.7600 Y-105.0318
G1 X228.5728 Y-104.6104
G1 X228.5007 Y-104.4496
G1 X228.4260 Y-104.2855
G1 X228.2701 Y-103.9480
G1 X228.1888 Y-103.7745
G1 X228.1055 Y-103.5980
G1 X227.9325 Y-103.2365
G1 X227.7519 Y-102.8647
G1 X227.6587 Y-102.6747
G1 X227.5637 Y-102.4826
G1 X227.3686 Y-102.0915
G1 X227.2685 Y-101.8929
G1 X227.0636 Y-101.4895
G1 X226.9589 Y-101.2850
G1 X226.8527 Y-101.0790
G1 X226.6366 Y-100.6620
G1 X226.4151 Y-100.2396
G1 X226.1890 Y-99.8121
G1 X225.9589 Y-99.3805
G1 X225.8423 Y-99.1636
G1 X225.6064 Y-98.7275
G1 X225.3673 Y-98.2891
G1 X225.1255 Y-97.8494
G1 X224.8814 Y-97.4093
G1 X224.6353 Y-96.9691
G1 X224.3877 Y-96.5302
G1 X224.1393 Y-96.0928
G1 X224.0145 Y-95.8748
G1 X223.7651 Y-95.4415
G1 X223.6404 Y-95.2264
G1 X223.3912 Y-94.7989
G1 X223.2668 Y-94.5868
G1 X223.0186 Y-94.1669
G1 X222.7717 Y-93.7529
G1 X222.5264 Y-93.3458
G1 X222.2833 Y-92.9462
G1 X222.0427 Y-92.5551
G1 X221.8050 Y-92.1728
G1 X221.5708 Y-91.8007
G1 X221.4159 Y-91.5568
G1 X221.2599 Y-91.3135
G1 X221.1032 Y-91.0707
G1 X220.9452 Y-90.8279
G1 X220.7070 Y-90.4646
G1 X220.4664 Y-90.1024
G1 X220.2238 Y-89.7410
G1 X219.8972 Y-89.2604
G1 X219.6498 Y-88.9013
G1 X219.4004 Y-88.5429
G1 X219.1492 Y-88.1858
G1 X218.8959 Y-87.8294
G1 X218.7260 Y-87.5924
G1 X218.5551 Y-87.3559
G1 X218.2975 Y-87.0021
G1 X218.1245 Y-86.7669
G1 X217.8637 Y-86.4149
G1 X217.6010 Y-86.0641
G1 X217.3364 Y-85.7143
G1 X217.0699 Y-85.3658
G1 X216.8020 Y-85.0186
G1 X216.6221 Y-84.7877
G1 X216.3511 Y-84.4423
G1 X216.0783 Y-84.0981
G1 X215.7120 Y-83.6414
G1 X215.5276 Y-83.4139
G1 X215.2498 Y-83.0737
G1 X214.9704 Y-82.7349
G1 X214.7832 Y-82.5099
G1 X214.5952 Y-82.2853
G1 X214.3120 Y-81.9495
G1 X214.0270 Y-81.6153
G1 X213.7407 Y-81.2825
G1 X213.5490 Y-81.0616
G1 X213.2602 Y-80.7311
G1 X213.0666 Y-80.5117
G1 X212.7753 Y-80.1837
G1 X212.5802 Y-79.9661
G1 X212.2866 Y-79.6407
G1 X211.8926 Y-79.2094
G1 X211.6948 Y-78.9948
G1 X211.3968 Y-78.6742
G1 X210.9973 Y-78.2493
G1 X210.6963 Y-77.9325
G1 X210.3938 Y-77.6176
G1 X210.0900 Y-77.3041
G1 X209.7852 Y-76.9925
G1 X209.4789 Y-76.6826
G1 X209.1715 Y-76.3745
G1 X208.8629 Y-76.0682
G1 X208.7598 Y-75.9666
G1 X208.4494 Y-75.6625
G1 X208.1383 Y-75.3605
G1 X207.9300 Y-75.1601
G1 X207.6168 Y-74.8612
G1 X207.4073 Y-74.6630
G1 X207.0923 Y-74.3671
G1 X206.8817 Y-74.1710
G1 X206.5650 Y-73.8784
G1 X206.3532 Y-73.6846
G1 X206.0346 Y-73.3953
G1 X205.7151 Y-73.1081
G1 X205.3948 Y-72.8228
G1 X205.0735 Y-72.5396
G1 X204.8586 Y-72.3522
G1 X204.5358 Y-72.0722
G1 X204.4278 Y-71.9795
G1 X204.1037 Y-71.7027
G1 X203.7789 Y-71.4278
G1 X203.4530 Y-71.1553
G1 X203.2356 Y-70.9750
G1 X202.9084 Y-70.7060
G1 X202.5805 Y-70.4393
G1 X202.2518 Y-70.1746
G1 X202.0324 Y-69.9996
G1 X201.8124 Y-69.8256
G1 X201.4819 Y-69.5663
G1 X201.2615 Y-69.3948
G1 X200.9300 Y-69.1396
G1 X200.7085 Y-68.9707
G1 X200.3760 Y-68.7192
G1 X200.1540 Y-68.5531
G1 X199.9318 Y-68.3877
G1 X199.7090 Y-68.2236
G1 X199.3748 Y-67.9795
G1 X199.0397 Y-67.7377
G1 X198.8162 Y-67.5780
G1 X198.4804 Y-67.3405
G1 X198.2564 Y-67.1835
G1 X198.0321 Y-67.0276
G1 X197.9198 Y-66.9501
G1 X197.5828 Y-66.7192
G1 X197.3577 Y-66.5668
G1 X197.1327 Y-66.4154
G1 X196.7946 Y-66.1906
G1 X196.5691 Y-66.0423
G1 X196.3433 Y-65.8950
G1 X196.1172 Y-65.7489
G1 X195.9536 Y-65.6425
G1 X195.7992 Y-65.5404
G1 X195.6544 Y-65.4416
G1 X195.5185 Y-65.3458
G1 X195.3918 Y-65.2529
G1 X195.2737 Y-65.1622
G1 X195.1642 Y-65.0733
G1 X195.0634 Y-64.9856
G1 X194.9707 Y-64.8988
G1 X194.8863 Y-64.8124
G1 X194.8096 Y-64.7263
G1 X194.7410 Y-64.6394
G1 X194.6798 Y-64.5521
G1 X194.6262 Y-64.4632
G1 X194.5797 Y-64.3725
G1 X194.5406 Y-64.2795
G1 X194.5081 Y-64.1840
G1 X194.4827 Y-64.0852
G1 X194.4637 Y-63.9831
G1 X194.4512 Y-63.8769
G1 X194.4449 Y-63.7662
G1 X194.4449 Y-63.6509
G1 X194.4507 Y-63.5300
G1 X194.4621 Y-63.4035
G1 X194.4794 Y-63.2706
G1 X194.5020 Y-63.1309
G1 X194.5300 Y-62.9844
G1 X194.5627 Y-62.8305
G1 X194.6006 Y-62.6681
G1 X194.6432 Y-62.4977
G1 X194.6905 Y-62.3181
G1 X194.7421 Y-62.1294
G1 X195.0126 Y-61.1558
G1 X195.0126 Y-61.1558
G1 X196.7459 Y-62.1429
G1 X196.9313 Y-62.2463
G1 X197.0293 Y-62.3001
G1 X197.2348 Y-62.4119
G1 X197.4517 Y-62.5282
G1 X197.6775 Y-62.6478
G1 X197.9110 Y-62.7700
G1 X198.2711 Y-62.9559
G1 X198.6377 Y-63.1424
G1 X198.8825 Y-63.2653
G1 X199.1256 Y-63.3860
G1 X199.4830 Y-63.5610
G1 X199.8259 Y-63.7258
G1 X200.0435 Y-63.8284
G1 X200.2503 Y-63.9242
G1 X200.4748 Y-64.0288
G1 X200.6968 Y-64.1355
G1 X200.9163 Y-64.2437
G1 X201.1327 Y-64.3537
G1 X201.3461 Y-64.4652
G1 X201.5561 Y-64.5780
G1 X201.7629 Y-64.6918
G1 X201.9656 Y-64.8068
G1 X202.1647 Y-64.9227
G1 X202.3595 Y-65.0392
G1 X202.5503 Y-65.1566
G1 X202.7362 Y-65.2742
G1 X202.9178 Y-65.3920
G1 X203.0941 Y-65.5104
G1 X203.2655 Y-65.6285
G1 X203.4316 Y-65.7464
G1 X203.5922 Y-65.8642
G1 X203.7469 Y-65.9816
G1 X203.8957 Y-66.0982
G1 X204.0385 Y-66.2142
G1 X204.1749 Y-66.3296
G1 X204.3046 Y-66.4436
G1 X204.4278 Y-66.5566
G1 X204.5439 Y-66.6681
G1 X204.6531 Y-66.7784
G1 X204.7547 Y-66.8871
G1 X204.8487 Y-66.9940
G1 X204.9351 Y-67.0989
G1 X205.0136 Y-67.2018
G1 X205.0839 Y-67.3026
G1 X205.1456 Y-67.4012
G1 X205.1990 Y-67.4969
G1 X205.3102 Y-67.6940
G1 X205.4240 Y-67.8579
G1 X205.5439 Y-67.9905
G1 X205.6729 Y-68.0941
G1 X205.8147 Y-68.1711
G1 X205.9719 Y-68.2234
G1 X206.1479 Y-68.2531
G1 X206.3460 Y-68.2625
G1 X206.5238 Y-68.2716
G1 X206.7024 Y-68.2986
G1 X206.8812 Y-68.3428
G1 X207.0590 Y-68.4030
G1 X207.2348 Y-68.4789
G1 X207.4078 Y-68.5698
G1 X207.5767 Y-68.6745
G1 X207.7410 Y-68.7926
G1 X207.8993 Y-68.9232
G1 X208.0506 Y-69.0654
G1 X208.1941 Y-69.2188
G1 X208.3290 Y-69.3824
G1 X208.4540 Y-69.5556
G1 X208.5680 Y-69.7375
G1 X208.6707 Y-69.9272
G1 X208.7603 Y-70.1243
G1 X208.8573 Y-70.3425
G1 X208.9516 Y-70.5173
G1 X209.0463 Y-70.6511
G1 X209.1454 Y-70.7471
G1 X209.2526 Y-70.8078
G1 X209.3712 Y-70.8358
G1 X209.5053 Y-70.8342
G1 X209.6582 Y-70.8058
G1 X209.7931 Y-70.7763
G1 X209.9201 Y-70.7578
G1 X210.0392 Y-70.7504
G1 X210.1507 Y-70.7542
G1 X210.2543 Y-70.7692
G1 X210.3509 Y-70.7956
G1 X210.4400 Y-70.8335
G1 X210.5218 Y-70.8828
G1 X210.5965 Y-70.9437
G1 X210.6643 Y-71.0161
G1 X210.7255 Y-71.1007
G1 X210.7799 Y-71.1967
G1 X210.8276 Y-71.3049
G1 X210.8688 Y-71.4251
G1 X210.9038 Y-71.5576
G1 X210.9325 Y-71.7022
G1 X211.0458 Y-72.3636
G1 X211.3183 Y-71.7116
G1 X211.3412 Y-71.6600
G1 X211.3641 Y-71.6133
G1 X211.3758 Y-71.5917
G1 X211.3874 Y-71.5714
G1 X211.3994 Y-71.5523
G1 X211.4116 Y-71.5348
G1 X211.4243 Y-71.5185
G1 X211.4372 Y-71.5040
G1 X211.4507 Y-71.4908
G1 X211.4644 Y-71.4792
G1 X211.4789 Y-71.4693
G1 X211.4941 Y-71.4609
G1 X211.5099 Y-71.4540
G1 X211.5264 Y-71.4492
G1 X211.5436 Y-71.4459
G1 X211.5617 Y-71.4446
G1 X211.5807 Y-71.4451
G1 X211.6008 Y-71.4477
G1 X211.6216 Y-71.4520
G1 X211.6437 Y-71.4583
G1 X211.6668 Y-71.4667
G1 X211.6912 Y-71.4774
G1 X211.7169 Y-71.4898
G1 X211.7435 Y-71.5048
G1 X211.7717 Y-71.5218
G1 X211.8015 Y-71.5411
G1 X211.8324 Y-71.5627
G1 X211.8650 Y-71.5866
G1 X211.8992 Y-71.6130
G1 X211.9724 Y-71.6732
G1 X212.0115 Y-71.7070
G1 X212.0524 Y-71.7433
G1 X212.0953 Y-71.7824
G1 X212.1400 Y-71.8241
G1 X212.1868 Y-71.8685
G1 X212.2861 Y-71.9656
G1 X212.3940 Y-72.0740
G1 X212.5111 Y-72.1942
G1 X212.5731 Y-72.2589
G1 X212.7042 Y-72.3974
G1 X212.9201 Y-72.6285
G1 X213.0773 Y-72.7992
G1 X213.3343 Y-73.0804
G1 X213.5205 Y-73.2853
G1 X214.0407 Y-73.8614
G1 X214.3587 Y-74.2155
G1 X214.4603 Y-74.3295
G1 X214.7631 Y-74.6714
G1 X214.9632 Y-74.8998
G1 X215.2612 Y-75.2427
G1 X215.5561 Y-75.5863
G1 X215.7509 Y-75.8154
G1 X215.9447 Y-76.0451
G1 X216.2327 Y-76.3897
G1 X216.3280 Y-76.5048
G1 X216.6122 Y-76.8502
G1 X216.7999 Y-77.0809
G1 X216.9864 Y-77.3118
G1 X217.1715 Y-77.5429
G1 X217.3552 Y-77.7740
G1 X217.5378 Y-78.0057
G1 X217.7189 Y-78.2373
G1 X217.8990 Y-78.4695
G1 X218.0775 Y-78.7016
G1 X218.2548 Y-78.9343
G1 X218.4309 Y-79.1670
G1 X218.5182 Y-79.2836
G1 X218.7788 Y-79.6333
G1 X219.0364 Y-79.9836
G1 X219.2066 Y-80.2175
G1 X219.4590 Y-80.5688
G1 X219.6259 Y-80.8032
G1 X219.7915 Y-81.0379
G1 X219.9556 Y-81.2729
G1 X220.1995 Y-81.6257
G1 X220.3605 Y-81.8614
G1 X220.5200 Y-82.0971
G1 X220.7570 Y-82.4512
G1 X220.9135 Y-82.6877
G1 X221.1454 Y-83.0428
G1 X221.2985 Y-83.2797
G1 X221.3745 Y-83.3984
G1 X221.6008 Y-83.7547
G1 X221.8240 Y-84.1113
G1 X221.8977 Y-84.2305
G1 X222.1172 Y-84.5878
G1 X222.2617 Y-84.8266
G1 X222.4049 Y-85.0654
G1 X222.6175 Y-85.4243
G1 X222.7575 Y-85.6638
G1 X222.8962 Y-85.9036
G1 X223.0336 Y-86.1436
G1 X223.2373 Y-86.5040
G1 X223.3714 Y-86.7446
G1 X223.5043 Y-86.9856
G1 X223.7011 Y-87.3473
G1 X223.8306 Y-87.5889
G1 X223.9589 Y-87.8307
G1 X224.0859 Y-88.0725
G1 X224.1489 Y-88.1936
G1 X224.2739 Y-88.4359
G1 X224.3976 Y-88.6785
G1 X224.5807 Y-89.0430
G1 X224.7011 Y-89.2863
G1 X224.8202 Y-89.5299
G1 X224.9965 Y-89.8954
G1 X225.1123 Y-90.1398
G1 X225.2838 Y-90.5063
G1 X225.4522 Y-90.8736
G1 X225.5627 Y-91.1187
G1 X225.6721 Y-91.3641
G1 X225.7262 Y-91.4870
G1 X225.8870 Y-91.8558
G1 X225.9924 Y-92.1019
G1 X226.0966 Y-92.3483
G1 X226.1994 Y-92.5949
G1 X226.3008 Y-92.8418
G1 X226.4011 Y-93.0890
G1 X226.4507 Y-93.2127
G1 X226.5977 Y-93.5843
G1 X226.7417 Y-93.9561
G1 X226.8360 Y-94.2045
G1 X226.9292 Y-94.4532
G1 X227.0209 Y-94.7021
G1 X227.1113 Y-94.9510
G1 X227.2447 Y-95.3252
G1 X227.3750 Y-95.6998
G1 X227.4603 Y-95.9500
G1 X227.5025 Y-96.0752
G1 X227.5858 Y-96.3257
G1 X227.6269 Y-96.4512
G1 X227.7483 Y-96.8276
G1 X227.8278 Y-97.0788
G1 X227.8670 Y-97.2045
G1 X227.9444 Y-97.4562
G1 X228.0206 Y-97.7082
G1 X228.0956 Y-97.9604
G1 X228.1690 Y-98.2129
G1 X228.2414 Y-98.4656
G1 X228.3473 Y-98.8451
G1 X228.4164 Y-99.0986
G1 X228.4839 Y-99.3521
G1 X228.5505 Y-99.6061
G1 X228.6475 Y-99.9874
G1 X228.7107 Y-100.2419
G1 X228.7417 Y-100.3694
G1 X228.8332 Y-100.7519
G1 X228.8924 Y-101.0072
G1 X228.9503 Y-101.2627
G1 X229.0348 Y-101.6467
G1 X229.0895 Y-101.9028
G1 X229.1431 Y-102.1593
G1 X229.1951 Y-102.4161
G1 X229.2459 Y-102.6731
G1 X229.2955 Y-102.9305
G1 X229.3437 Y-103.1880
G1 X229.3673 Y-103.3170
G1 X229.4136 Y-103.5748
G1 X229.4585 Y-103.8332
G1 X229.5022 Y-104.0917
G1 X229.5446 Y-104.3503
G1 X229.5855 Y-104.6094
G1 X229.6254 Y-104.8687
G1 X229.6640 Y-105.1283
G1 X229.6942 Y-105.3399
G1 X229.7227 Y-105.5464
G1 X229.7496 Y-105.7468
G1 X229.7742 Y-105.9398
G1 X229.7968 Y-106.1245
G1 X229.8174 Y-106.2995
G1 X229.8357 Y-106.4638
G1 X229.8515 Y-106.6168
G1 X229.8647 Y-106.7567
G1 X229.8753 Y-106.8827
G1 X229.8835 Y-106.9937
G1 X229.8885 Y-107.0884
G1 X229.8906 Y-107.1659
G1 X229.8898 Y-107.2251
G1 X229.8857 Y-107.2650
G1 X229.8784 Y-107.2840
G1 X229.8723 Y-107.2850
G1 X229.8634 Y-107.2789
G1 X229.8517 Y-107.2665
G1 X229.8372 Y-107.2477
G1 X229.8202 Y-107.2225
G1 X229.8004 Y-107.1913
G1 X229.7783 Y-107.1540
G1 X229.7537 Y-107.1110
G1 X229.7267 Y-107.0625
G1 X229.6660 Y-106.9492
G1 X229.6325 Y-106.8847
G1 X229.5596 Y-106.7412
; Retract
G1 Z2.5400 F2540

; Path 18
; Rapid to initial position
G1 X185.1767 Y-204.5175 F2540
G1 Z0.0000
; plunge
G1 Z-3.1750 F127
; cut
G1 X185.3438 Y-204.5960 F1016
G1 X185.5089 Y-204.6801
G1 X185.6720 Y-204.7692
G1 X185.8328 Y-204.8637
G1 X185.9912 Y-204.9633
G1 X186.1472 Y-205.0677
G1 X186.3006 Y-205.1766
G1 X186.4515 Y-205.2904
G1 X186.5993 Y-205.4088
G1 X186.7444 Y-205.5315
G1 X186.8861 Y-205.6582
G1 X187.0248 Y-205.7890
G1 X187.1599 Y-205.9236
G1 X187.2917 Y-206.0623
G1 X187.4197 Y-206.2043
G1 X187.5442 Y-206.3501
G1 X187.6646 Y-206.4990
G1 X187.7809 Y-206.6511
G1 X187.8932 Y-206.8063
G1 X188.0011 Y-206.9645
G1 X188.1048 Y-207.1256
G1 X188.2038 Y-207.2891
G1 X188.2983 Y-207.4553
G1 X188.3877 Y-207.6237
G1 X188.4723 Y-207.7944
G1 X188.5521 Y-207.9671
G1 X188.6262 Y-208.1418
G1 X188.6953 Y-208.3184
G1 X188.7588 Y-208.4964
G1 X188.8170 Y-208.6760
G1 X188.8678 Y-208.8363
G1 X188.9232 Y-208.9993
G1 X188.9826 Y-209.1642
G1 X189.0456 Y-209.3295
G1 X189.1116 Y-209.4944
G1 X189.1797 Y-209.6574
G1 X189.2498 Y-209.8177
G1 X189.3214 Y-209.9737
G1 X189.3936 Y-210.1245
G1 X189.4660 Y-210.2691
G1 X189.5381 Y-210.4062
G1 X189.6095 Y-210.5345
G1 X189.6793 Y-210.6529
G1 X189.7471 Y-210.7603
G1 X189.8124 Y-210.8558
G1 X189.8749 Y-210.9376
G1 X190.0260 Y-211.1294
G1 X190.1599 Y-211.3120
G1 X190.2772 Y-211.4862
G1 X190.3783 Y-211.6534
G1 X190.4629 Y-211.8147
G1 X190.5312 Y-211.9706
G1 X190.5841 Y-212.1230
G1 X190.6212 Y-212.2724
G1 X190.6427 Y-212.4199
G1 X190.6491 Y-212.5670
G1 X190.6405 Y-212.7143
G1 X190.6171 Y-212.8634
G1 X190.5790 Y-213.0148
G1 X190.5267 Y-213.1698
G1 X190.4604 Y-213.3295
G1 X190.3799 Y-213.4951
G1 X190.3542 Y-213.5434
G1 X190.3273 Y-213.5911
G1 X190.2986 Y-213.6386
G1 X190.2686 Y-213.6859
G1 X190.2371 Y-213.7329
G1 X190.2041 Y-213.7799
G1 X190.1695 Y-213.8263
G1 X190.1335 Y-213.8728
G1 X190.0959 Y-213.9191
G1 X190.0565 Y-213.9653
G1 X190.0159 Y-214.0110
G1 X189.9735 Y-214.0567
G1 X189.9295 Y-214.1024
G1 X189.8838 Y-214.1477
G1 X189.8366 Y-214.1929
G1 X189.7878 Y-214.2381
G1 X189.7372 Y-214.2830
G1 X189.6849 Y-214.3280
G1 X189.6311 Y-214.3727
G1 X189.5752 Y-214.4174
G1 X189.5180 Y-214.4619
G1 X189.4589 Y-214.5063
G1 X189.3979 Y-214.5508
G1 X189.3352 Y-214.5949
G1 X189.2709 Y-214.6391
G1 X189.2046 Y-214.6833
G1 X189.1365 Y-214.7275
G1 X189.0667 Y-214.7717
G1 X188.9948 Y-214.8157
G1 X188.9211 Y-214.8599
G1 X188.8457 Y-214.9038
G1 X188.7685 Y-214.9478
G1 X188.6892 Y-214.9920
G1 X188.6080 Y-215.0359
G1 X188.5249 Y-215.0801
G1 X188.4398 Y-215.1240
G1 X188.3527 Y-215.1682
G1 X188.2638 Y-215.2124
G1 X188.1729 Y-215.2566
G1 X188.0799 Y-215.3008
G1 X187.9849 Y-215.3453
G1 X187.8879 Y-215.3897
G1 X187.6875 Y-215.4789
G1 X187.5843 Y-215.5236
G1 X187.4789 Y-215.5683
G1 X187.3715 Y-215.6132
G1 X187.2620 Y-215.6584
G1 X187.0365 Y-215.7489
G1 X186.8023 Y-215.8401
G1 X186.6819 Y-215.8858
G1 X186.5592 Y-215.9317
G1 X186.4342 Y-215.9780
G1 X186.1779 Y-216.0709
G1 X186.0464 Y-216.1177
G1 X185.9125 Y-216.1647
G1 X185.6379 Y-216.2594
G1 X185.3540 Y-216.3549
G1 X185.0631 Y-216.4517
G1 X184.9156 Y-216.5022
G1 X184.7654 Y-216.5551
G1 X184.6130 Y-216.6102
G1 X184.4581 Y-216.6671
G1 X184.3014 Y-216.7260
G1 X184.1424 Y-216.7872
G1 X183.9813 Y-216.8500
G1 X183.8183 Y-216.9150
G1 X183.6532 Y-216.9815
G1 X183.4866 Y-217.0501
G1 X183.3182 Y-217.1205
G1 X183.1480 Y-217.1924
G1 X182.9763 Y-217.2663
G1 X182.8030 Y-217.3417
G1 X182.6283 Y-217.4187
G1 X182.4523 Y-217.4974
G1 X182.2750 Y-217.5774
G1 X182.0964 Y-217.6592
G1 X181.9168 Y-217.7423
G1 X181.7362 Y-217.8268
G1 X181.5544 Y-217.9129
G1 X181.3720 Y-218.0001
G1 X181.1884 Y-218.0887
G1 X181.0042 Y-218.1786
G1 X180.6339 Y-218.3620
G1 X180.4479 Y-218.4555
G1 X180.2615 Y-218.5500
G1 X179.8876 Y-218.7423
G1 X179.7004 Y-218.8400
G1 X179.5130 Y-218.9386
G1 X179.3253 Y-219.0379
G1 X178.9504 Y-219.2396
G1 X178.7629 Y-219.3417
G1 X178.5760 Y-219.4443
G1 X178.3890 Y-219.5477
G1 X178.2028 Y-219.6518
G1 X178.0169 Y-219.7567
G1 X177.8315 Y-219.8621
G1 X177.6466 Y-219.9681
G1 X177.4624 Y-220.0745
G1 X177.2790 Y-220.1814
G1 X177.0967 Y-220.2886
G1 X176.9151 Y-220.3963
G1 X176.7345 Y-220.5045
G1 X176.5549 Y-220.6130
G1 X176.3766 Y-220.7217
G1 X176.1993 Y-220.8304
G1 X176.0233 Y-220.9396
G1 X175.8488 Y-221.0488
G1 X175.6758 Y-221.1583
G1 X175.5041 Y-221.2678
G1 X175.3342 Y-221.3773
G1 X175.1658 Y-221.4867
G1 X174.9994 Y-221.5962
G1 X174.8346 Y-221.7057
G1 X174.6717 Y-221.8149
G1 X174.5107 Y-221.9241
G1 X174.3519 Y-222.0328
G1 X174.1952 Y-222.1415
G1 X174.0408 Y-222.2500
G1 X173.9120 Y-222.3419
G1 X173.7774 Y-222.4397
G1 X173.6369 Y-222.5434
G1 X173.4914 Y-222.6528
G1 X173.3408 Y-222.7671
G1 X173.1858 Y-222.8865
G1 X173.0263 Y-223.0107
G1 X172.8633 Y-223.1390
G1 X172.6964 Y-223.2716
G1 X172.5265 Y-223.4080
G1 X172.3535 Y-223.5477
G1 X172.1782 Y-223.6907
G1 X172.0007 Y-223.8365
G1 X171.8213 Y-223.9851
G1 X171.6405 Y-224.1357
G1 X171.4584 Y-224.2886
G1 X171.0924 Y-224.5992
G1 X170.9090 Y-224.7565
G1 X170.7258 Y-224.9147
G1 X170.5435 Y-225.0732
G1 X170.3619 Y-225.2322
G1 X170.1815 Y-225.3912
G1 X170.0027 Y-225.5500
G1 X169.8259 Y-225.7082
G1 X169.6514 Y-225.8654
G1 X169.4797 Y-226.0216
G1 X169.3108 Y-226.1763
G1 X169.1452 Y-226.3292
G1 X168.9834 Y-226.4804
G1 X168.8257 Y-226.6290
G1 X168.3708 Y-227.0620
G1 X168.0726 Y-227.3440
G1 X167.7794 Y-227.6191
G1 X167.6352 Y-227.7534
G1 X167.3527 Y-228.0153
G1 X167.0797 Y-228.2662
G1 X166.9471 Y-228.3871
G1 X166.6913 Y-228.6188
G1 X166.4492 Y-228.8357
G1 X166.2229 Y-229.0366
G1 X166.1160 Y-229.1304
G1 X165.9164 Y-229.3036
G1 X165.7365 Y-229.4565
G1 X165.6545 Y-229.5248
G1 X165.5783 Y-229.5876
G1 X165.5079 Y-229.6444
G1 X165.4437 Y-229.6952
G1 X165.3858 Y-229.7397
G1 X165.3344 Y-229.7778
G1 X165.2900 Y-229.8093
G1 X165.2521 Y-229.8339
G1 X165.2219 Y-229.8515
G1 X165.1414 Y-229.8903
G1 X165.0647 Y-229.9198
G1 X164.9905 Y-229.9388
G1 X164.9179 Y-229.9470
G1 X164.8452 Y-229.9432
G1 X164.7716 Y-229.9266
G1 X164.6954 Y-229.8969
G1 X164.6159 Y-229.8530
G1 X164.5313 Y-229.7941
G1 X164.4406 Y-229.7196
G1 X164.3428 Y-229.6284
G1 X164.2364 Y-229.5202
G1 X164.1201 Y-229.3937
G1 X163.9928 Y-229.2485
G1 X163.8531 Y-229.0836
G1 X163.7002 Y-228.8984
G1 X163.6474 Y-228.8332
G1 X163.5928 Y-228.7636
G1 X163.5366 Y-228.6899
G1 X163.4785 Y-228.6122
G1 X163.3583 Y-228.4463
G1 X163.2963 Y-228.3584
G1 X163.2331 Y-228.2675
G1 X163.1691 Y-228.1738
G1 X163.1041 Y-228.0773
G1 X163.0385 Y-227.9785
G1 X162.9722 Y-227.8774
G1 X162.9054 Y-227.7742
G1 X162.8381 Y-227.6693
G1 X162.7708 Y-227.5627
G1 X162.6359 Y-227.3455
G1 X162.5689 Y-227.2355
G1 X162.5018 Y-227.1245
G1 X162.4353 Y-227.0130
G1 X162.3692 Y-226.9010
G1 X162.3040 Y-226.7890
G1 X162.2395 Y-226.6770
G1 X162.1760 Y-226.5652
G1 X162.1135 Y-226.4537
G1 X162.0520 Y-226.3430
G1 X161.9921 Y-226.2330
G1 X161.9334 Y-226.1243
G1 X161.8762 Y-226.0166
G1 X161.8209 Y-225.9104
G1 X161.7673 Y-225.8060
G1 X161.7157 Y-225.7034
G1 X161.6334 Y-225.5375
G1 X161.5557 Y-225.3795
G1 X161.4828 Y-225.2294
G1 X161.4142 Y-225.0859
G1 X161.3499 Y-224.9487
G1 X161.2897 Y-224.8174
G1 X161.2336 Y-224.6912
G1 X161.1813 Y-224.5693
G1 X161.1328 Y-224.4514
G1 X161.0878 Y-224.3371
G1 X161.0464 Y-224.2254
G1 X161.0083 Y-224.1159
G1 X160.9735 Y-224.0079
G1 X160.9418 Y-223.9007
G1 X160.9128 Y-223.7943
G1 X160.8869 Y-223.6874
G1 X160.8633 Y-223.5799
G1 X160.8425 Y-223.4710
G1 X160.8239 Y-223.3600
G1 X160.8077 Y-223.2464
G1 X160.7934 Y-223.1299
G1 X160.7812 Y-223.0095
G1 X160.7711 Y-222.8847
G1 X160.7624 Y-222.7552
G1 X160.7553 Y-222.6201
G1 X160.7495 Y-222.4789
G1 X160.7452 Y-222.3308
G1 X160.7421 Y-222.1756
G1 X160.7398 Y-222.0125
G1 X160.7386 Y-221.8408
G1 X160.7381 Y-221.6602
G1 X160.7381 Y-221.4700
G1 X160.7386 Y-221.2909
G1 X160.7398 Y-221.1202
G1 X160.7419 Y-220.9571
G1 X160.7447 Y-220.8012
G1 X160.7485 Y-220.6523
G1 X160.7530 Y-220.5101
G1 X160.7586 Y-220.3740
G1 X160.7655 Y-220.2437
G1 X160.7734 Y-220.1187
G1 X160.7828 Y-219.9985
G1 X160.7934 Y-219.8830
G1 X160.8056 Y-219.7717
G1 X160.8191 Y-219.6643
G1 X160.8343 Y-219.5601
G1 X160.8513 Y-219.4590
G1 X160.8699 Y-219.3602
G1 X160.8905 Y-219.2640
G1 X160.9128 Y-219.1695
G1 X160.9372 Y-219.0763
G1 X160.9639 Y-218.9841
G1 X160.9923 Y-218.8926
G1 X161.0233 Y-218.8012
G1 X161.0566 Y-218.7097
G1 X161.0921 Y-218.6178
G1 X161.1302 Y-218.5246
G1 X161.1709 Y-218.4303
G1 X161.2141 Y-218.3341
G1 X161.2600 Y-218.2358
G1 X161.3088 Y-218.1349
G1 X161.3604 Y-218.0313
G1 X161.4150 Y-217.9241
G1 X161.4726 Y-217.8134
G1 X161.5328 Y-217.7004
G1 X161.5945 Y-217.5876
G1 X161.6580 Y-217.4753
G1 X161.7231 Y-217.3633
G1 X161.7899 Y-217.2515
G1 X161.8582 Y-217.1400
G1 X161.9283 Y-217.0290
G1 X162.0002 Y-216.9183
G1 X162.0736 Y-216.8078
G1 X162.1488 Y-216.6973
G1 X162.2257 Y-216.5873
G1 X162.3045 Y-216.4776
G1 X162.3847 Y-216.3681
G1 X162.4670 Y-216.2589
G1 X162.5511 Y-216.1497
G1 X162.6367 Y-216.0407
G1 X162.7243 Y-215.9320
G1 X162.8137 Y-215.8235
G1 X162.9047 Y-215.7153
G1 X162.9976 Y-215.6071
G1 X163.0926 Y-215.4989
G1 X163.1892 Y-215.3912
G1 X163.2877 Y-215.2833
G1 X163.3883 Y-215.1758
G1 X163.4904 Y-215.0682
G1 X163.5948 Y-214.9610
G1 X163.7007 Y-214.8535
G1 X163.8089 Y-214.7463
G1 X163.9186 Y-214.6391
G1 X164.0307 Y-214.5320
G1 X164.1445 Y-214.4250
G1 X164.2603 Y-214.3178
G1 X164.3781 Y-214.2109
G1 X164.4978 Y-214.1040
G1 X164.6197 Y-213.9970
G1 X164.7434 Y-213.8901
G1 X164.8691 Y-213.7832
G1 X164.9969 Y-213.6760
G1 X165.1267 Y-213.5690
G1 X165.2587 Y-213.4621
G1 X165.3926 Y-213.3549
G1 X165.5288 Y-213.2477
G1 X165.6667 Y-213.1405
G1 X165.8069 Y-213.0331
G1 X165.9494 Y-212.9257
G1 X166.0936 Y-212.8182
G1 X166.2402 Y-212.7105
G1 X166.3890 Y-212.6028
G1 X166.5399 Y-212.4949
G1 X166.6928 Y-212.3867
G1 X166.8480 Y-212.2785
G1 X167.0055 Y-212.1703
G1 X167.1650 Y-212.0618
G1 X167.3268 Y-211.9528
G1 X167.4909 Y-211.8441
G1 X167.6573 Y-211.7349
G1 X167.8257 Y-211.6257
G1 X167.9964 Y-211.5160
G1 X168.1693 Y-211.4062
G1 X168.3446 Y-211.2962
G1 X168.5221 Y-211.1858
G1 X168.7020 Y-211.0753
G1 X168.8843 Y-210.9645
G1 X169.0687 Y-210.8533
G1 X169.3581 Y-210.6808
G1 X169.7535 Y-210.4481
G1 X170.0568 Y-210.2719
G1 X170.3652 Y-210.0943
G1 X170.7838 Y-209.8558
G1 X170.9961 Y-209.7362
G1 X171.4254 Y-209.4959
G1 X171.8607 Y-209.2551
G1 X172.0804 Y-209.1347
G1 X172.6341 Y-208.8337
G1 X172.9687 Y-208.6539
G1 X173.3050 Y-208.4743
G1 X173.7543 Y-208.2366
G1 X174.0919 Y-208.0595
G1 X174.5419 Y-207.8256
G1 X174.8787 Y-207.6521
G1 X175.4375 Y-207.3671
G1 X175.9918 Y-207.0882
G1 X176.4299 Y-206.8703
G1 X176.7553 Y-206.7100
G1 X177.1835 Y-206.5012
G1 X177.6047 Y-206.2983
G1 X178.0177 Y-206.1019
G1 X178.3215 Y-205.9592
G1 X178.6197 Y-205.8205
G1 X178.9120 Y-205.6862
G1 X179.1978 Y-205.5564
G1 X179.4767 Y-205.4314
G1 X179.7482 Y-205.3115
G1 X180.0982 Y-205.1594
G1 X180.3512 Y-205.0519
G1 X180.5150 Y-204.9833
G1 X180.7533 Y-204.8853
G1 X180.9821 Y-204.7933
G1 X181.2011 Y-204.7075
G1 X181.4098 Y-204.6282
G1 X181.4772 Y-204.6034
G1 X181.6715 Y-204.5330
G1 X181.7337 Y-204.5111
G1 X182.1000 Y-204.3857
G1 X182.3695 Y-204.2950
G1 X182.4924 Y-204.2549
G1 X182.6080 Y-204.2180
G1 X182.7167 Y-204.1845
G1 X182.8193 Y-204.1543
G1 X182.9163 Y-204.1276
G1 X183.0083 Y-204.1040
G1 X183.0956 Y-204.0837
G1 X183.1790 Y-204.0666
G1 X183.2587 Y-204.0527
G1 X183.3357 Y-204.0423
G1 X183.4104 Y-204.0349
G1 X183.4830 Y-204.0306
G1 X183.5544 Y-204.0296
G1 X183.5544 Y-204.0296
G1 X183.6250 Y-204.0316
G1 X183.6953 Y-204.0367
G1 X183.7662 Y-204.0448
G1 X183.8378 Y-204.0562
G1 X183.9107 Y-204.0705
G1 X183.9857 Y-204.0880
G1 X184.0631 Y-204.1083
G1 X184.1437 Y-204.1317
G1 X184.2277 Y-204.1581
G1 X184.3159 Y-204.1873
G1 X184.4088 Y-204.2196
G1 X184.6105 Y-204.2927
G1 X184.8376 Y-204.3775
G1 X185.0080 Y-204.4446
G1 X185.1767 Y-204.5175
; Retract
G1 Z2.5400 F2540

; Path 19
; Rapid to initial position
G1 X188.2689 Y-218.6800 F2540
G1 Z0.0000
; plunge
G1 Z-3.1750 F127
; cut
G1 X188.3151 Y-218.6732 F1016
G1 X188.3151 Y-218.6732
G1 X188.3700 Y-218.6747
G1 X188.4342 Y-218.6833
G1 X188.5081 Y-218.6983
G1 X188.5920 Y-218.7191
G1 X188.7080 Y-218.7692
G1 X188.8355 Y-218.8588
G1 X188.9702 Y-218.9836
G1 X189.1081 Y-219.1380
G1 X189.2450 Y-219.3173
G1 X189.3771 Y-219.5167
G1 X189.5003 Y-219.7311
G1 X189.6102 Y-219.9556
G1 X189.6643 Y-220.0719
G1 X189.7243 Y-220.1934
G1 X189.7893 Y-220.3191
G1 X189.8592 Y-220.4479
G1 X189.9331 Y-220.5792
G1 X190.0103 Y-220.7118
G1 X190.0903 Y-220.8444
G1 X190.1726 Y-220.9764
G1 X190.2562 Y-221.1067
G1 X190.3407 Y-221.2343
G1 X190.4258 Y-221.3582
G1 X190.5102 Y-221.4773
G1 X190.5937 Y-221.5909
G1 X190.6758 Y-221.6976
G1 X190.7555 Y-221.7969
G1 X190.8322 Y-221.8873
G1 X190.9100 Y-221.9803
G1 X190.9928 Y-222.0864
G1 X191.0794 Y-222.2043
G1 X191.1695 Y-222.3331
G1 X191.2620 Y-222.4715
G1 X191.3567 Y-222.6180
G1 X191.4522 Y-222.7717
G1 X191.5485 Y-222.9312
G1 X191.6443 Y-223.0953
G1 X191.7393 Y-223.2627
G1 X191.8325 Y-223.4324
G1 X191.9232 Y-223.6031
G1 X192.0105 Y-223.7735
G1 X192.0941 Y-223.9424
G1 X192.1731 Y-224.1088
G1 X192.2468 Y-224.2711
G1 X192.2841 Y-224.3554
G1 X192.3715 Y-224.5492
G1 X192.5312 Y-224.8982
G1 X192.7215 Y-225.3087
G1 X192.9379 Y-225.7715
G1 X193.1761 Y-226.2777
G1 X193.5206 Y-227.0044
G1 X193.9795 Y-227.9655
G1 X194.3572 Y-228.7504
G1 X194.8155 Y-229.6965
G1 X194.9793 Y-230.0381
G1 X195.0603 Y-230.2091
G1 X195.1408 Y-230.3803
G1 X195.2208 Y-230.5517
G1 X195.3793 Y-230.8944
G1 X195.4576 Y-231.0658
G1 X195.6125 Y-231.4080
G1 X195.7647 Y-231.7493
G1 X195.9140 Y-232.0897
G1 X195.9877 Y-232.2594
G1 X196.1330 Y-232.5969
G1 X196.2749 Y-232.9325
G1 X196.4136 Y-233.2657
G1 X196.5490 Y-233.5957
G1 X196.6153 Y-233.7595
G1 X196.7454 Y-234.0846
G1 X196.8089 Y-234.2457
G1 X196.9331 Y-234.5644
G1 X197.0535 Y-234.8789
G1 X197.1695 Y-235.1885
G1 X197.2815 Y-235.4931
G1 X197.3890 Y-235.7918
G1 X197.4411 Y-235.9388
G1 X197.4919 Y-236.0844
G1 X197.5899 Y-236.3706
G1 X197.6834 Y-236.6500
G1 X197.7281 Y-236.7872
G1 X197.8139 Y-237.0557
G1 X197.8548 Y-237.1870
G1 X197.8944 Y-237.3163
G1 X197.9696 Y-237.5690
G1 X198.0392 Y-237.8128
G1 X198.0717 Y-237.9317
G1 X198.1030 Y-238.0480
G1 X198.1330 Y-238.1621
G1 X198.1611 Y-238.2738
G1 X198.1881 Y-238.3831
G1 X198.2135 Y-238.4897
G1 X198.2371 Y-238.5941
G1 X198.2594 Y-238.6957
G1 X198.2803 Y-238.7948
G1 X198.2993 Y-238.8913
G1 X198.3168 Y-238.9848
G1 X198.3509 Y-239.1839
G1 X198.3791 Y-239.3696
G1 X198.4007 Y-239.5372
G1 X198.4157 Y-239.6830
G1 X198.4233 Y-239.8034
G1 X198.4238 Y-239.8936
G1 X198.4164 Y-239.9500
G1 X198.4009 Y-239.9688
G1 X198.3839 Y-239.9614
G1 X198.3537 Y-239.9416
G1 X198.3108 Y-239.9099
G1 X198.2559 Y-239.8669
G1 X198.1899 Y-239.8133
G1 X198.1134 Y-239.7501
G1 X198.0273 Y-239.6774
G1 X197.9320 Y-239.5959
G1 X197.8289 Y-239.5068
G1 X197.7182 Y-239.4100
G1 X197.4774 Y-239.1974
G1 X197.2160 Y-238.9629
G1 X196.9397 Y-238.7120
G1 X196.8363 Y-238.6167
G1 X196.7375 Y-238.5248
G1 X196.6435 Y-238.4356
G1 X196.5538 Y-238.3493
G1 X196.4685 Y-238.2652
G1 X196.3875 Y-238.1834
G1 X196.3102 Y-238.1037
G1 X196.2371 Y-238.0257
G1 X196.1678 Y-237.9492
G1 X196.1017 Y-237.8740
G1 X196.0392 Y-237.7999
G1 X195.9803 Y-237.7265
G1 X195.9242 Y-237.6538
G1 X195.8711 Y-237.5814
G1 X195.8210 Y-237.5091
G1 X195.7735 Y-237.4367
G1 X195.7286 Y-237.3640
G1 X195.6859 Y-237.2906
G1 X195.6458 Y-237.2164
G1 X195.6077 Y-237.1415
G1 X195.5714 Y-237.0651
G1 X195.5368 Y-236.9871
G1 X195.5041 Y-236.9073
G1 X195.4728 Y-236.8258
G1 X195.4431 Y-236.7420
G1 X195.4144 Y-236.6556
G1 X195.3867 Y-236.5667
G1 X195.3600 Y-236.4748
G1 X195.3341 Y-236.3798
G1 X195.3087 Y-236.2815
G1 X195.2838 Y-236.1794
G1 X195.2262 Y-235.9312
G1 X195.1914 Y-235.7915
G1 X195.1553 Y-235.6548
G1 X195.1185 Y-235.5225
G1 X195.0809 Y-235.3948
G1 X195.0430 Y-235.2728
G1 X195.0049 Y-235.1573
G1 X194.9674 Y-235.0488
G1 X194.9300 Y-234.9485
G1 X194.8934 Y-234.8570
G1 X194.8581 Y-234.7750
G1 X194.8241 Y-234.7034
G1 X194.7916 Y-234.6432
G1 X194.7611 Y-234.5947
G1 X194.7327 Y-234.5588
G1 X194.7067 Y-234.5367
G1 X194.6143 Y-234.4524
G1 X194.5386 Y-234.3320
G1 X194.4875 Y-234.1913
G1 X194.4688 Y-234.0463
G1 X194.4670 Y-234.0257
G1 X194.4616 Y-233.9990
G1 X194.4530 Y-233.9670
G1 X194.4411 Y-233.9294
G1 X194.4258 Y-233.8862
G1 X194.4075 Y-233.8382
G1 X194.3859 Y-233.7852
G1 X194.3616 Y-233.7272
G1 X194.3344 Y-233.6648
G1 X194.3044 Y-233.5980
G1 X194.2716 Y-233.5268
G1 X194.1982 Y-233.3722
G1 X194.1579 Y-233.2891
G1 X194.0702 Y-233.1126
G1 X193.9737 Y-232.9231
G1 X193.9224 Y-232.8240
G1 X193.8691 Y-232.7222
G1 X193.7573 Y-232.5108
G1 X193.6387 Y-232.2906
G1 X193.4500 Y-231.9470
G1 X193.3844 Y-231.8296
G1 X193.2501 Y-231.5914
G1 X193.0062 Y-231.1659
G1 X192.9011 Y-230.9805
G1 X192.7962 Y-230.7933
G1 X192.6915 Y-230.6048
G1 X192.5874 Y-230.4151
G1 X192.4837 Y-230.2238
G1 X192.3806 Y-230.0315
G1 X192.2777 Y-229.8382
G1 X192.1754 Y-229.6437
G1 X192.0738 Y-229.4484
G1 X191.9724 Y-229.2520
G1 X191.7720 Y-228.8568
G1 X191.6727 Y-228.6582
G1 X191.5742 Y-228.4590
G1 X191.4764 Y-228.2594
G1 X191.3793 Y-228.0592
G1 X191.2831 Y-227.8586
G1 X191.1876 Y-227.6579
G1 X191.0931 Y-227.4567
G1 X190.9994 Y-227.2556
G1 X190.9067 Y-227.0544
G1 X190.8147 Y-226.8530
G1 X190.7238 Y-226.6518
G1 X190.6339 Y-226.4509
G1 X190.5452 Y-226.2502
G1 X190.4573 Y-226.0496
G1 X190.3707 Y-225.8497
G1 X190.2851 Y-225.6500
G1 X190.2008 Y-225.4509
G1 X190.1175 Y-225.2523
G1 X190.0357 Y-225.0547
G1 X189.9549 Y-224.8576
G1 X189.7974 Y-224.4661
G1 X189.7207 Y-224.2718
G1 X189.6453 Y-224.0785
G1 X189.5714 Y-223.8863
G1 X189.4990 Y-223.6955
G1 X189.4279 Y-223.5058
G1 X189.3583 Y-223.3176
G1 X189.2905 Y-223.1309
G1 X189.2239 Y-222.9455
G1 X189.1591 Y-222.7618
G1 X189.0959 Y-222.5797
G1 X189.0344 Y-222.3994
G1 X188.9745 Y-222.2208
G1 X188.9163 Y-222.0443
G1 X188.8599 Y-221.8695
G1 X188.8053 Y-221.6970
G1 X188.7527 Y-221.5266
G1 X188.7017 Y-221.3582
G1 X188.6527 Y-221.1921
G1 X188.6054 Y-221.0285
G1 X188.5602 Y-220.8672
G1 X188.5170 Y-220.7085
G1 X188.4759 Y-220.5523
G1 X188.4365 Y-220.3986
G1 X188.3994 Y-220.2477
G1 X188.3644 Y-220.0996
G1 X188.3316 Y-219.9546
G1 X188.3006 Y-219.8124
G1 X188.2722 Y-219.6732
G1 X188.2457 Y-219.5370
G1 X188.2178 Y-219.3841
G1 X188.1947 Y-219.2490
G1 X188.1769 Y-219.1304
G1 X188.1650 Y-219.0278
G1 X188.1589 Y-218.9399
G1 X188.1591 Y-218.8665
G1 X188.1662 Y-218.8060
G1 X188.1802 Y-218.7580
G1 X188.2018 Y-218.7217
G1 X188.2313 Y-218.6958
G1 X188.2689 Y-218.6800
; Retract
G1 Z2.5400 F2540

; Path 20
; Rapid to initial position
G1 X162.5671 Y-212.4479 F2540
G1 Z0.0000
; plunge
G1 Z-3.1750 F127
; cut
G1 X162.5194 Y-212.6475 F1016
G1 X162.4693 Y-212.8454
G1 X162.4175 Y-213.0420
G1 X162.3637 Y-213.2368
G1 X162.3078 Y-213.4301
G1 X162.2501 Y-213.6219
G1 X162.1907 Y-213.8116
G1 X162.1292 Y-214.0001
G1 X162.0660 Y-214.1865
G1 X162.0009 Y-214.3714
G1 X161.9339 Y-214.5543
G1 X161.8653 Y-214.7357
G1 X161.7950 Y-214.9150
G1 X161.7226 Y-215.0925
G1 X161.6486 Y-215.2680
G1 X161.5730 Y-215.4418
G1 X161.4957 Y-215.6135
G1 X161.4167 Y-215.7832
G1 X161.3360 Y-215.9511
G1 X161.2537 Y-216.1167
G1 X161.1699 Y-216.2805
G1 X161.0843 Y-216.4420
G1 X160.9974 Y-216.6015
G1 X160.9087 Y-216.7588
G1 X160.8186 Y-216.9140
G1 X160.7269 Y-217.0669
G1 X160.6337 Y-217.2175
G1 X160.5392 Y-217.3661
G1 X160.4432 Y-217.5121
G1 X160.3456 Y-217.6562
G1 X160.2466 Y-217.7976
G1 X160.1465 Y-217.9368
G1 X160.0446 Y-218.0735
G1 X159.9418 Y-218.2078
G1 X159.8374 Y-218.3397
G1 X159.7317 Y-218.4690
G1 X159.6248 Y-218.5960
G1 X159.5166 Y-218.7202
G1 X159.4071 Y-218.8421
G1 X159.2964 Y-218.9612
G1 X159.1843 Y-219.0778
G1 X159.0713 Y-219.1916
G1 X158.9570 Y-219.3028
G1 X158.8417 Y-219.4113
G1 X158.7251 Y-219.5170
G1 X158.6075 Y-219.6201
G1 X158.4886 Y-219.7202
G1 X158.3687 Y-219.8177
G1 X158.2478 Y-219.9122
G1 X158.1262 Y-220.0039
G1 X158.0032 Y-220.0925
G1 X157.8793 Y-220.1784
G1 X157.7543 Y-220.2614
G1 X157.6286 Y-220.3412
G1 X157.5018 Y-220.4182
G1 X157.3741 Y-220.4918
G1 X157.2456 Y-220.5627
G1 X157.1160 Y-220.6302
G1 X156.9857 Y-220.6948
G1 X156.8547 Y-220.7562
G1 X156.7226 Y-220.8144
G1 X156.5900 Y-220.8693
G1 X156.4564 Y-220.9211
G1 X156.2905 Y-220.9815
G1 X156.1229 Y-221.0397
G1 X155.9532 Y-221.0956
G1 X155.7818 Y-221.1489
G1 X155.6088 Y-221.2002
G1 X155.4345 Y-221.2490
G1 X155.2590 Y-221.2952
G1 X155.0827 Y-221.3392
G1 X154.9052 Y-221.3806
G1 X154.7271 Y-221.4194
G1 X154.5486 Y-221.4560
G1 X154.3698 Y-221.4898
G1 X154.1907 Y-221.5213
G1 X154.0116 Y-221.5500
G1 X153.8326 Y-221.5764
G1 X153.6540 Y-221.6000
G1 X153.4759 Y-221.6211
G1 X153.2984 Y-221.6394
G1 X153.1219 Y-221.6551
G1 X152.9461 Y-221.6681
G1 X152.7716 Y-221.6785
G1 X152.5986 Y-221.6861
G1 X152.4269 Y-221.6909
G1 X152.2570 Y-221.6930
G1 X152.0889 Y-221.6922
G1 X151.9227 Y-221.6887
G1 X151.7589 Y-221.6823
G1 X151.5974 Y-221.6732
G1 X151.4381 Y-221.6610
G1 X151.2819 Y-221.6460
G1 X151.1282 Y-221.6282
G1 X150.9779 Y-221.6074
G1 X149.7724 Y-221.4265
G1 X150.5570 Y-220.3435
G1 X150.6403 Y-220.2269
G1 X150.7185 Y-220.1141
G1 X150.7919 Y-220.0049
G1 X150.8603 Y-219.8992
G1 X150.9238 Y-219.7969
G1 X150.9824 Y-219.6976
G1 X151.0360 Y-219.6013
G1 X151.0850 Y-219.5078
G1 X151.1290 Y-219.4171
G1 X151.1681 Y-219.3293
G1 X151.2024 Y-219.2437
G1 X151.2319 Y-219.1603
G1 X151.2565 Y-219.0793
G1 X151.2763 Y-219.0003
G1 X151.2913 Y-218.9234
G1 X151.3017 Y-218.8482
G1 X151.3073 Y-218.7745
G1 X151.3081 Y-218.7021
G1 X151.3042 Y-218.6315
G1 X151.2956 Y-218.5619
G1 X151.2824 Y-218.4933
G1 X151.2646 Y-218.4258
G1 X151.2420 Y-218.3590
G1 X151.2148 Y-218.2929
G1 X151.1828 Y-218.2274
G1 X151.1465 Y-218.1621
G1 X151.1054 Y-218.0974
G1 X151.0599 Y-218.0323
G1 X151.0096 Y-217.9676
G1 X150.9550 Y-217.9025
G1 X150.8956 Y-217.8373
G1 X150.8318 Y-217.7715
G1 X150.7858 Y-217.7258
G1 X150.7211 Y-217.6640
G1 X150.6794 Y-217.6280
G1 X150.6591 Y-217.6115
G1 X150.6388 Y-217.5962
G1 X150.6184 Y-217.5820
G1 X150.5981 Y-217.5690
G1 X150.5778 Y-217.5576
G1 X150.5575 Y-217.5472
G1 X150.5367 Y-217.5383
G1 X150.5156 Y-217.5309
G1 X150.4945 Y-217.5248
G1 X150.4726 Y-217.5205
G1 X150.4503 Y-217.5175
G1 X150.4277 Y-217.5162
G1 X150.4041 Y-217.5165
G1 X150.3799 Y-217.5187
G1 X150.3550 Y-217.5223
G1 X150.3294 Y-217.5281
G1 X150.3027 Y-217.5355
G1 X150.2753 Y-217.5449
G1 X150.2466 Y-217.5561
G1 X150.2169 Y-217.5693
G1 X150.1859 Y-217.5845
G1 X150.1539 Y-217.6018
G1 X150.1204 Y-217.6214
G1 X150.0856 Y-217.6429
G1 X150.0492 Y-217.6668
G1 X150.0114 Y-217.6930
G1 X149.9720 Y-217.7214
G1 X149.9309 Y-217.7522
G1 X149.8879 Y-217.7852
G1 X149.8435 Y-217.8207
G1 X149.7970 Y-217.8588
G1 X149.7485 Y-217.8995
G1 X149.6982 Y-217.9427
G1 X149.6456 Y-217.9886
G1 X149.5341 Y-218.0882
G1 X149.4137 Y-218.1990
G1 X149.3497 Y-218.2586
G1 X149.2834 Y-218.3214
G1 X149.1430 Y-218.4555
G1 X148.9918 Y-218.6015
G1 X148.6550 Y-218.9320
G1 X148.0553 Y-219.5284
G1 X147.7091 Y-219.8746
G1 X147.4384 Y-220.1438
G1 X147.1790 Y-220.3986
G1 X147.0119 Y-220.5609
G1 X146.7693 Y-220.7936
G1 X146.5362 Y-221.0133
G1 X146.3116 Y-221.2208
G1 X146.1663 Y-221.3526
G1 X146.0243 Y-221.4794
G1 X145.8854 Y-221.6013
G1 X145.7495 Y-221.7184
G1 X145.6162 Y-221.8312
G1 X145.4856 Y-221.9396
G1 X145.3571 Y-222.0435
G1 X145.2309 Y-222.1436
G1 X145.1064 Y-222.2398
G1 X145.0449 Y-222.2863
G1 X144.9227 Y-222.3770
G1 X144.8024 Y-222.4641
G1 X144.6830 Y-222.5479
G1 X144.5646 Y-222.6285
G1 X144.4470 Y-222.7059
G1 X144.3299 Y-222.7806
G1 X144.2133 Y-222.8527
G1 X144.1549 Y-222.8878
G1 X144.0386 Y-222.9559
G1 X143.9220 Y-223.0219
G1 X143.8636 Y-223.0542
G1 X143.8049 Y-223.0857
G1 X143.6875 Y-223.1476
G1 X143.6286 Y-223.1779
G1 X143.5097 Y-223.2370
G1 X143.3901 Y-223.2947
G1 X143.2082 Y-223.3785
G1 X143.0266 Y-223.4578
G1 X142.8455 Y-223.5327
G1 X142.6647 Y-223.6028
G1 X142.4846 Y-223.6683
G1 X142.3053 Y-223.7295
G1 X142.1267 Y-223.7859
G1 X141.9492 Y-223.8380
G1 X141.7726 Y-223.8853
G1 X141.5971 Y-223.9279
G1 X141.4231 Y-223.9660
G1 X141.2502 Y-223.9996
G1 X141.0790 Y-224.0283
G1 X140.9093 Y-224.0526
G1 X140.7411 Y-224.0722
G1 X140.5748 Y-224.0872
G1 X140.4104 Y-224.0973
G1 X140.2481 Y-224.1029
G1 X140.0879 Y-224.1039
G1 X139.9299 Y-224.1001
G1 X139.7739 Y-224.0918
G1 X139.6208 Y-224.0785
G1 X139.4699 Y-224.0608
G1 X139.3218 Y-224.0382
G1 X139.1765 Y-224.0107
G1 X139.0340 Y-223.9787
G1 X138.8943 Y-223.9421
G1 X138.7579 Y-223.9005
G1 X138.6246 Y-223.8543
G1 X138.4945 Y-223.8032
G1 X138.3680 Y-223.7473
G1 X138.2448 Y-223.6869
G1 X138.1790 Y-223.6521
G1 X138.1133 Y-223.6165
G1 X138.0480 Y-223.5799
G1 X137.9827 Y-223.5421
G1 X137.9177 Y-223.5037
G1 X137.8529 Y-223.4641
G1 X137.7884 Y-223.4237
G1 X137.7241 Y-223.3821
G1 X137.6601 Y-223.3397
G1 X137.5961 Y-223.2962
G1 X137.5324 Y-223.2520
G1 X137.4689 Y-223.2066
G1 X137.4056 Y-223.1603
G1 X137.3426 Y-223.1131
G1 X137.2799 Y-223.0648
G1 X137.2172 Y-223.0158
G1 X137.1549 Y-222.9655
G1 X137.0927 Y-222.9145
G1 X137.0307 Y-222.8624
G1 X136.9690 Y-222.8093
G1 X136.9075 Y-222.7555
G1 X136.8463 Y-222.7006
G1 X136.7851 Y-222.6445
G1 X136.7241 Y-222.5876
G1 X136.6637 Y-222.5299
G1 X136.6032 Y-222.4710
G1 X136.5430 Y-222.4113
G1 X136.4828 Y-222.3506
G1 X136.4231 Y-222.2889
G1 X136.3637 Y-222.2261
G1 X136.3043 Y-222.1626
G1 X136.2451 Y-222.0981
G1 X136.1862 Y-222.0326
G1 X136.1275 Y-221.9660
G1 X136.0106 Y-221.8301
G1 X135.9527 Y-221.7608
G1 X135.8948 Y-221.6904
G1 X135.8372 Y-221.6191
G1 X135.7798 Y-221.5469
G1 X135.7226 Y-221.4738
G1 X135.6657 Y-221.3994
G1 X135.6091 Y-221.3244
G1 X135.5524 Y-221.2482
G1 X135.4963 Y-221.1713
G1 X135.4402 Y-221.0933
G1 X135.3843 Y-221.0143
G1 X135.3287 Y-220.9343
G1 X135.2179 Y-220.7715
G1 X135.1631 Y-220.6887
G1 X135.1082 Y-220.6048
G1 X135.0536 Y-220.5203
G1 X134.9992 Y-220.4344
G1 X134.9451 Y-220.3478
G1 X134.8913 Y-220.2602
G1 X134.8377 Y-220.1718
G1 X134.7841 Y-220.0821
G1 X134.7310 Y-219.9917
G1 X134.6779 Y-219.9002
G1 X134.6251 Y-219.8078
G1 X134.5725 Y-219.7146
G1 X134.5202 Y-219.6203
G1 X134.4160 Y-219.4288
G1 X134.3129 Y-219.2335
G1 X134.2616 Y-219.1344
G1 X134.2106 Y-219.0344
G1 X134.1598 Y-218.9333
G1 X134.1092 Y-218.8314
G1 X134.0086 Y-218.6247
G1 X133.9091 Y-218.4138
G1 X133.8595 Y-218.3072
G1 X133.8102 Y-218.1995
G1 X133.7122 Y-217.9813
G1 X133.6152 Y-217.7593
G1 X133.5192 Y-217.5332
G1 X133.4714 Y-217.4189
G1 X133.4239 Y-217.3036
G1 X133.3767 Y-217.1873
G1 X133.2827 Y-216.9518
G1 X133.2360 Y-216.8327
G1 X133.1435 Y-216.5916
G1 X133.0518 Y-216.3465
G1 X132.9609 Y-216.0979
G1 X132.8710 Y-215.8451
G1 X132.7821 Y-215.5889
G1 X132.7379 Y-215.4591
G1 X132.6500 Y-215.1969
G1 X132.6065 Y-215.0646
G1 X132.5202 Y-214.7966
G1 X132.4773 Y-214.6612
G1 X132.4348 Y-214.5251
G1 X132.3500 Y-214.2495
G1 X132.3081 Y-214.1106
G1 X132.2248 Y-213.8294
G1 X132.1425 Y-213.5444
G1 X132.0609 Y-213.2556
G1 X132.0206 Y-213.1098
G1 X131.9406 Y-212.8154
G1 X131.9009 Y-212.6666
G1 X131.8219 Y-212.3666
G1 X131.7831 Y-212.2150
G1 X131.7056 Y-211.9092
G1 X131.6289 Y-211.5995
G1 X131.5573 Y-211.3029
G1 X131.4600 Y-210.8919
G1 X131.3990 Y-210.6282
G1 X131.3137 Y-210.2518
G1 X131.2616 Y-210.0156
G1 X131.2134 Y-209.7928
G1 X131.1697 Y-209.5853
G1 X131.1305 Y-209.3940
G1 X131.0813 Y-209.1411
G1 X131.0551 Y-208.9970
G1 X131.0442 Y-208.9330
G1 X131.0267 Y-208.8218
G1 X131.0203 Y-208.7750
G1 X131.0155 Y-208.7344
G1 X131.0122 Y-208.6999
G1 X131.0104 Y-208.6719
G1 X131.0104 Y-208.6506
G1 X131.0122 Y-208.6359
G1 X131.0157 Y-208.6285
G1 X131.0328 Y-208.6221
G1 X131.0653 Y-208.6188
G1 X131.1128 Y-208.6188
G1 X131.1742 Y-208.6219
G1 X131.2487 Y-208.6277
G1 X131.3355 Y-208.6366
G1 X131.4336 Y-208.6480
G1 X131.5423 Y-208.6620
G1 X131.6606 Y-208.6783
G1 X131.7879 Y-208.6971
G1 X131.9230 Y-208.7182
G1 X132.0655 Y-208.7410
G1 X132.2139 Y-208.7662
G1 X132.3678 Y-208.7931
G1 X132.5263 Y-208.8218
G1 X132.6886 Y-208.8520
G1 X132.8191 Y-208.8774
G1 X132.9436 Y-208.9023
G1 X133.0625 Y-208.9274
G1 X133.1760 Y-208.9526
G1 X133.2847 Y-208.9785
G1 X133.3891 Y-209.0049
G1 X133.4892 Y-209.0326
G1 X133.5860 Y-209.0613
G1 X133.6792 Y-209.0915
G1 X133.7696 Y-209.1235
G1 X133.8577 Y-209.1576
G1 X133.9439 Y-209.1936
G1 X134.0284 Y-209.2322
G1 X134.1115 Y-209.2736
G1 X134.1940 Y-209.3178
G1 X134.2761 Y-209.3651
G1 X134.3581 Y-209.4161
G1 X134.4404 Y-209.4705
G1 X134.5237 Y-209.5289
G1 X134.6083 Y-209.5914
G1 X134.6942 Y-209.6582
G1 X134.7823 Y-209.7298
G1 X134.8730 Y-209.8060
G1 X134.9662 Y-209.8876
G1 X135.0627 Y-209.9744
G1 X135.1631 Y-210.0669
G1 X135.2674 Y-210.1652
G1 X135.3762 Y-210.2696
G1 X135.4897 Y-210.3803
G1 X135.6086 Y-210.4974
G1 X135.7330 Y-210.6216
G1 X135.8636 Y-210.7527
G1 X136.0048 Y-210.8929
G1 X136.1463 Y-211.0301
G1 X136.2883 Y-211.1639
G1 X136.4308 Y-211.2945
G1 X136.5735 Y-211.4220
G1 X136.7165 Y-211.5459
G1 X136.8600 Y-211.6668
G1 X137.0040 Y-211.7844
G1 X137.1481 Y-211.8987
G1 X137.2928 Y-212.0097
G1 X137.4376 Y-212.1174
G1 X137.5832 Y-212.2218
G1 X137.7287 Y-212.3229
G1 X137.8748 Y-212.4210
G1 X138.0211 Y-212.5154
G1 X138.1676 Y-212.6066
G1 X138.3147 Y-212.6948
G1 X138.4617 Y-212.7794
G1 X138.6096 Y-212.8609
G1 X138.7574 Y-212.9389
G1 X138.9055 Y-213.0135
G1 X139.0541 Y-213.0852
G1 X139.2029 Y-213.1532
G1 X139.3518 Y-213.2180
G1 X139.5011 Y-213.2795
G1 X139.6507 Y-213.3376
G1 X139.8008 Y-213.3925
G1 X139.9510 Y-213.4441
G1 X140.1013 Y-213.4921
G1 X140.2519 Y-213.5370
G1 X140.4028 Y-213.5784
G1 X140.5539 Y-213.6165
G1 X140.6007 Y-213.6272
G1 X140.6459 Y-213.6366
G1 X140.6898 Y-213.6447
G1 X140.7325 Y-213.6513
G1 X140.7739 Y-213.6564
G1 X140.8143 Y-213.6600
G1 X140.8532 Y-213.6618
G1 X140.8908 Y-213.6620
G1 X140.9271 Y-213.6605
G1 X140.9621 Y-213.6569
G1 X140.9962 Y-213.6518
G1 X141.0289 Y-213.6447
G1 X141.0604 Y-213.6356
G1 X141.0907 Y-213.6244
G1 X141.1196 Y-213.6110
G1 X141.1475 Y-213.5957
G1 X141.1745 Y-213.5779
G1 X141.2001 Y-213.5581
G1 X141.2245 Y-213.5358
G1 X141.2479 Y-213.5111
G1 X141.2700 Y-213.4840
G1 X141.2911 Y-213.4542
G1 X141.3111 Y-213.4220
G1 X141.3299 Y-213.3872
G1 X141.3477 Y-213.3496
G1 X141.3645 Y-213.3092
G1 X141.3800 Y-213.2663
G1 X141.3947 Y-213.2203
G1 X141.4082 Y-213.1713
G1 X141.4206 Y-213.1192
G1 X141.4320 Y-213.0643
G1 X141.4424 Y-213.0062
G1 X141.4518 Y-212.9450
G1 X141.4605 Y-212.8804
G1 X141.4678 Y-212.8129
G1 X141.4742 Y-212.7418
G1 X141.4798 Y-212.6671
G1 X141.4844 Y-212.5891
G1 X141.4879 Y-212.5076
G1 X141.4904 Y-212.4225
G1 X141.4922 Y-212.3338
G1 X141.4930 Y-212.2414
G1 X141.4930 Y-212.1451
G1 X141.4920 Y-212.0450
G1 X141.4899 Y-211.9412
G1 X141.4871 Y-211.8335
G1 X141.4836 Y-211.7214
G1 X141.4790 Y-211.6056
G1 X141.4737 Y-211.4855
G1 X141.4605 Y-211.2330
G1 X141.4526 Y-211.1002
G1 X141.4437 Y-210.9630
G1 X141.4242 Y-210.6755
G1 X141.4013 Y-210.3699
G1 X141.3886 Y-210.2101
G1 X141.3464 Y-209.7024
G1 X141.2977 Y-209.1507
G1 X141.2811 Y-208.9729
G1 X141.2641 Y-208.7956
G1 X141.2461 Y-208.6188
G1 X141.2276 Y-208.4423
G1 X141.2085 Y-208.2663
G1 X141.1884 Y-208.0905
G1 X141.1679 Y-207.9153
G1 X141.1468 Y-207.7403
G1 X141.1247 Y-207.5660
G1 X141.1021 Y-207.3920
G1 X141.0787 Y-207.2185
G1 X141.0548 Y-207.0456
G1 X141.0302 Y-206.8731
G1 X141.0048 Y-206.7011
G1 X140.9789 Y-206.5297
G1 X140.9522 Y-206.3590
G1 X140.9250 Y-206.1886
G1 X140.8971 Y-206.0189
G1 X140.8684 Y-205.8495
G1 X140.8392 Y-205.6811
G1 X140.8092 Y-205.5129
G1 X140.7787 Y-205.3455
G1 X140.7475 Y-205.1789
G1 X140.7157 Y-205.0128
G1 X140.6832 Y-204.8472
G1 X140.6502 Y-204.6823
G1 X140.6164 Y-204.5183
G1 X140.5821 Y-204.3549
G1 X140.5471 Y-204.1921
G1 X140.5115 Y-204.0301
G1 X140.4755 Y-203.8688
G1 X140.4386 Y-203.7083
G1 X140.3632 Y-203.3895
G1 X140.3246 Y-203.2312
G1 X140.2852 Y-203.0738
G1 X140.2453 Y-202.9170
G1 X140.2050 Y-202.7611
G1 X140.1641 Y-202.6061
G1 X140.1224 Y-202.4520
G1 X140.0802 Y-202.2986
G1 X140.0373 Y-202.1462
G1 X139.9939 Y-201.9945
G1 X139.9499 Y-201.8439
G1 X139.9055 Y-201.6940
G1 X139.8603 Y-201.5452
G1 X139.8148 Y-201.3974
G1 X139.7686 Y-201.2503
G1 X139.7216 Y-201.1042
G1 X139.6743 Y-200.9592
G1 X139.6263 Y-200.8152
G1 X139.5778 Y-200.6719
G1 X139.5288 Y-200.5300
G1 X139.4793 Y-200.3887
G1 X139.4292 Y-200.2488
G1 X139.3784 Y-200.1096
G1 X139.3274 Y-199.9717
G1 X139.2756 Y-199.8348
G1 X139.2232 Y-199.6989
G1 X139.1704 Y-199.5642
G1 X139.1171 Y-199.4306
G1 X139.0632 Y-199.2981
G1 X139.0089 Y-199.1667
G1 X138.9540 Y-199.0364
G1 X138.8699 Y-198.8421
G1 X138.7813 Y-198.6443
G1 X138.6891 Y-198.4433
G1 X138.5931 Y-198.2401
G1 X138.4940 Y-198.0349
G1 X138.3922 Y-197.8289
G1 X138.2878 Y-197.6224
G1 X138.1816 Y-197.4162
G1 X138.0739 Y-197.2107
G1 X137.9647 Y-197.0070
G1 X137.8547 Y-196.8053
G1 X137.7445 Y-196.6062
G1 X137.6340 Y-196.4108
G1 X137.5240 Y-196.2193
G1 X137.4145 Y-196.0326
G1 X137.3063 Y-195.8513
G1 X137.1994 Y-195.6760
G1 X137.0945 Y-195.5071
G1 X136.9919 Y-195.3458
G1 X136.8918 Y-195.1924
G1 X136.7950 Y-195.0476
G1 X136.7015 Y-194.9117
G1 X136.6116 Y-194.7860
G1 X136.5263 Y-194.6707
G1 X136.4452 Y-194.5668
G1 X136.3693 Y-194.4743
G1 X136.2989 Y-194.3946
G1 X136.2339 Y-194.3278
G1 X136.1752 Y-194.2747
G1 X136.1232 Y-194.2358
G1 X136.0780 Y-194.2122
G1 X136.0401 Y-194.2041
G1 X135.9842 Y-194.2155
G1 X135.9124 Y-194.2480
G1 X135.8270 Y-194.2996
G1 X135.7318 Y-194.3679
G1 X135.6294 Y-194.4505
G1 X135.5227 Y-194.5452
G1 X135.4150 Y-194.6496
G1 X135.3094 Y-194.7616
G1 X135.2072 Y-194.8685
G1 X135.0970 Y-194.9737
G1 X134.9786 Y-195.0768
G1 X134.8527 Y-195.1779
G1 X134.7201 Y-195.2767
G1 X134.5809 Y-195.3727
G1 X134.4358 Y-195.4662
G1 X134.2852 Y-195.5569
G1 X134.1298 Y-195.6445
G1 X133.9700 Y-195.7291
G1 X133.8062 Y-195.8101
G1 X133.6388 Y-195.8876
G1 X133.4686 Y-195.9615
G1 X133.2959 Y-196.0316
G1 X133.1214 Y-196.0977
G1 X132.9454 Y-196.1594
G1 X132.7686 Y-196.2168
G1 X132.5913 Y-196.2696
G1 X132.4140 Y-196.3179
G1 X132.2372 Y-196.3613
G1 X132.0617 Y-196.3994
G1 X131.8877 Y-196.4324
G1 X131.7158 Y-196.4601
G1 X131.5463 Y-196.4822
G1 X131.3800 Y-196.4987
G1 X131.2174 Y-196.5091
G1 X131.0587 Y-196.5135
G1 X130.9047 Y-196.5117
G1 X130.7556 Y-196.5035
G1 X130.6124 Y-196.4888
G1 X130.4750 Y-196.4672
G1 X130.3444 Y-196.4388
G1 X130.2301 Y-196.4096
G1 X130.1308 Y-196.3819
G1 X130.0457 Y-196.3537
G1 X129.9743 Y-196.3232
G1 X129.9164 Y-196.2879
G1 X129.8717 Y-196.2462
G1 X129.8395 Y-196.1962
G1 X129.8191 Y-196.1360
G1 X129.8108 Y-196.0631
G1 X129.8138 Y-195.9760
G1 X129.8275 Y-195.8724
G1 X129.8519 Y-195.7507
G1 X129.8862 Y-195.6084
G1 X129.9301 Y-195.4441
G1 X129.9832 Y-195.2556
G1 X130.0831 Y-194.9092
G1 X130.2067 Y-194.4736
G1 X130.3830 Y-193.8411
G1 X130.5524 Y-193.2206
G1 X130.6281 Y-192.9389
G1 X130.6939 Y-192.6890
G1 X130.7386 Y-192.5267
G1 X130.7851 Y-192.3760
G1 X130.8344 Y-192.2363
G1 X130.8872 Y-192.1063
G1 X130.9444 Y-191.9849
G1 X131.0068 Y-191.8711
G1 X131.0754 Y-191.7636
G1 X131.1509 Y-191.6618
G1 X131.2344 Y-191.5640
G1 X131.3266 Y-191.4698
G1 X131.4282 Y-191.3776
G1 X131.5405 Y-191.2864
G1 X131.6639 Y-191.1955
G1 X131.7993 Y-191.1033
G1 X131.9479 Y-191.0090
G1 X132.1105 Y-190.9115
G1 X132.2870 Y-190.8099
G1 X132.4638 Y-190.7116
G1 X132.6403 Y-190.6168
G1 X132.8169 Y-190.5257
G1 X132.9934 Y-190.4378
G1 X133.1699 Y-190.3537
G1 X133.3464 Y-190.2729
G1 X133.5227 Y-190.1957
G1 X133.6990 Y-190.1218
G1 X133.8750 Y-190.0517
G1 X134.0510 Y-189.9849
G1 X134.2268 Y-189.9216
G1 X134.4026 Y-189.8620
G1 X134.5781 Y-189.8056
G1 X134.7533 Y-189.7527
G1 X134.9284 Y-189.7035
G1 X135.1031 Y-189.6577
G1 X135.2776 Y-189.6156
G1 X135.4521 Y-189.5767
G1 X135.6261 Y-189.5414
G1 X135.7998 Y-189.5094
G1 X135.9733 Y-189.4812
G1 X136.1463 Y-189.4563
G1 X136.3190 Y-189.4350
G1 X136.4915 Y-189.4169
G1 X136.6634 Y-189.4027
G1 X136.8351 Y-189.3918
G1 X137.0063 Y-189.3842
G1 X137.1773 Y-189.3804
G1 X137.3475 Y-189.3799
G1 X137.5174 Y-189.3829
G1 X137.6868 Y-189.3893
G1 X137.8557 Y-189.3992
G1 X138.0241 Y-189.4126
G1 X138.1923 Y-189.4296
G1 X138.3596 Y-189.4500
G1 X138.5263 Y-189.4738
G1 X138.6926 Y-189.5013
G1 X138.8582 Y-189.5320
G1 X139.0233 Y-189.5663
G1 X139.1879 Y-189.6041
G1 X139.3518 Y-189.6453
G1 X139.5148 Y-189.6900
G1 X139.6774 Y-189.7383
G1 X139.8392 Y-189.7898
G1 X140.0005 Y-189.8449
G1 X140.1608 Y-189.9036
G1 X140.3205 Y-189.9656
G1 X140.4795 Y-190.0311
G1 X140.6378 Y-190.1002
G1 X140.7952 Y-190.1726
G1 X140.9520 Y-190.2485
G1 X141.1077 Y-190.3278
G1 X141.2626 Y-190.4106
G1 X141.4168 Y-190.4970
G1 X141.5702 Y-190.5869
G1 X141.7226 Y-190.6801
G1 X141.8742 Y-190.7766
G1 X142.0249 Y-190.8769
G1 X142.1747 Y-190.9803
G1 X142.3233 Y-191.0875
G1 X142.4711 Y-191.1980
G1 X142.6182 Y-191.3120
G1 X142.7640 Y-191.4294
G1 X142.8560 Y-191.5066
G1 X142.9522 Y-191.5917
G1 X143.0531 Y-191.6839
G1 X143.1577 Y-191.7832
G1 X143.2659 Y-191.8889
G1 X143.3774 Y-192.0009
G1 X143.4920 Y-192.1187
G1 X143.6093 Y-192.2419
G1 X143.7289 Y-192.3705
G1 X143.8509 Y-192.5036
G1 X143.9746 Y-192.6410
G1 X144.0998 Y-192.7824
G1 X144.2260 Y-192.9275
G1 X144.3533 Y-193.0758
G1 X144.4810 Y-193.2269
G1 X144.6091 Y-193.3806
G1 X144.7373 Y-193.5363
G1 X144.8648 Y-193.6941
G1 X144.9921 Y-193.8531
G1 X145.1181 Y-194.0131
G1 X145.2430 Y-194.1739
G1 X145.3665 Y-194.3349
G1 X145.4879 Y-194.4957
G1 X145.6070 Y-194.6562
G1 X145.7239 Y-194.8160
G1 X145.8379 Y-194.9745
G1 X145.9489 Y-195.1312
G1 X146.0566 Y-195.2864
G1 X146.1605 Y-195.4390
G1 X146.2603 Y-195.5891
G1 X146.3558 Y-195.7362
G1 X146.4470 Y-195.8797
G1 X146.5270 Y-195.9994
G1 X146.6009 Y-196.0862
G1 X146.6733 Y-196.1408
G1 X146.7493 Y-196.1634
G1 X146.8338 Y-196.1543
G1 X146.9319 Y-196.1142
G1 X147.0482 Y-196.0435
G1 X147.1882 Y-195.9425
G1 X147.2669 Y-195.8810
G1 X147.3345 Y-195.8238
G1 X147.3898 Y-195.7687
G1 X147.4330 Y-195.7139
G1 X147.4633 Y-195.6575
G1 X147.4803 Y-195.5975
G1 X147.4833 Y-195.5322
G1 X147.4724 Y-195.4594
G1 X147.4470 Y-195.3773
G1 X147.4064 Y-195.2841
G1 X147.3502 Y-195.1779
G1 X147.2778 Y-195.0565
G1 X147.1894 Y-194.9183
G1 X147.0838 Y-194.7614
G1 X146.9611 Y-194.5838
G1 X146.8204 Y-194.3834
G1 X146.7145 Y-194.2287
G1 X146.6149 Y-194.0753
G1 X146.5219 Y-193.9224
G1 X146.4351 Y-193.7697
G1 X146.3545 Y-193.6176
G1 X146.2801 Y-193.4652
G1 X146.2118 Y-193.3123
G1 X146.1493 Y-193.1589
G1 X146.0927 Y-193.0047
G1 X146.0416 Y-192.8492
G1 X145.9964 Y-192.6923
G1 X145.9565 Y-192.5335
G1 X145.9222 Y-192.3730
G1 X145.8930 Y-192.2104
G1 X145.8692 Y-192.0451
G1 X145.8504 Y-191.8772
G1 X145.8308 Y-191.6610
G1 X145.8163 Y-191.4667
G1 X145.8079 Y-191.2912
G1 X145.8064 Y-191.1322
G1 X145.8133 Y-190.9867
G1 X145.8290 Y-190.8518
G1 X145.8549 Y-190.7248
G1 X145.8918 Y-190.6031
G1 X145.9408 Y-190.4840
G1 X146.0028 Y-190.3644
G1 X146.0784 Y-190.2419
G1 X146.1694 Y-190.1137
G1 X146.2761 Y-189.9768
G1 X146.3998 Y-189.8287
G1 X146.5412 Y-189.6664
G1 X146.7018 Y-189.4873
G1 X146.8036 Y-189.3763
G1 X146.9075 Y-189.2671
G1 X147.0124 Y-189.1599
G1 X147.1178 Y-189.0558
G1 X147.2230 Y-188.9549
G1 X147.3269 Y-188.8584
G1 X147.4290 Y-188.7664
G1 X147.5288 Y-188.6801
G1 X147.6251 Y-188.5996
G1 X147.7173 Y-188.5259
G1 X147.8049 Y-188.4594
G1 X147.8869 Y-188.4007
G1 X147.9626 Y-188.3507
G1 X148.0315 Y-188.3098
G1 X148.0924 Y-188.2785
G1 X148.1450 Y-188.2579
G1 X148.2021 Y-188.2457
G1 X148.2761 Y-188.2397
G1 X148.3660 Y-188.2394
G1 X148.3660 Y-188.2394
G1 X148.4704 Y-188.2445
G1 X148.5882 Y-188.2554
G1 X148.7185 Y-188.2712
G1 X148.8600 Y-188.2922
G1 X149.0114 Y-188.3179
G1 X149.1717 Y-188.3481
G1 X149.3393 Y-188.3827
G1 X149.5135 Y-188.4213
G1 X149.6929 Y-188.4639
G1 X149.8765 Y-188.5104
G1 X150.0627 Y-188.5602
G1 X150.2509 Y-188.6133
G1 X150.4396 Y-188.6697
G1 X150.5842 Y-188.7144
G1 X150.7279 Y-188.7601
G1 X150.8709 Y-188.8066
G1 X151.0129 Y-188.8538
G1 X151.1541 Y-188.9021
G1 X151.2946 Y-188.9509
G1 X151.4343 Y-189.0006
G1 X151.5730 Y-189.0514
G1 X151.7109 Y-189.1027
G1 X151.8481 Y-189.1551
G1 X151.9842 Y-189.2082
G1 X152.1196 Y-189.2620
G1 X152.2542 Y-189.3169
G1 X152.3881 Y-189.3725
G1 X152.5209 Y-189.4289
G1 X152.6530 Y-189.4863
G1 X152.7843 Y-189.5442
G1 X152.9146 Y-189.6031
G1 X153.0441 Y-189.6631
G1 X153.1729 Y-189.7235
G1 X153.3007 Y-189.7850
G1 X153.4279 Y-189.8472
G1 X153.5542 Y-189.9105
G1 X153.6794 Y-189.9742
G1 X153.8041 Y-190.0390
G1 X153.9278 Y-190.1045
G1 X154.0507 Y-190.1711
G1 X154.1727 Y-190.2384
G1 X154.2941 Y-190.3065
G1 X154.4145 Y-190.3753
G1 X154.5341 Y-190.4451
G1 X154.6527 Y-190.5157
G1 X154.7706 Y-190.5871
G1 X154.8877 Y-190.6595
G1 X155.0040 Y-190.7324
G1 X155.1193 Y-190.8066
G1 X155.2339 Y-190.8813
G1 X155.3477 Y-190.9569
G1 X155.4607 Y-191.0334
G1 X155.5727 Y-191.1106
G1 X155.6840 Y-191.1886
G1 X155.7945 Y-191.2676
G1 X155.9039 Y-191.3476
G1 X156.0129 Y-191.4281
G1 X156.1208 Y-191.5096
G1 X156.2280 Y-191.5919
G1 X156.3342 Y-191.6750
G1 X156.4396 Y-191.7591
G1 X156.5443 Y-191.8439
G1 X156.6481 Y-191.9295
G1 X156.7510 Y-192.0161
G1 X156.8534 Y-192.1035
G1 X156.9545 Y-192.1916
G1 X157.0551 Y-192.2805
G1 X157.1549 Y-192.3705
G1 X157.2537 Y-192.4611
G1 X157.3517 Y-192.5528
G1 X157.4488 Y-192.6450
G1 X157.5453 Y-192.7382
G1 X157.6408 Y-192.8325
G1 X157.7355 Y-192.9275
G1 X157.8293 Y-193.0232
G1 X157.9225 Y-193.1198
G1 X158.0147 Y-193.2170
G1 X158.1061 Y-193.3153
G1 X158.1968 Y-193.4146
G1 X158.2865 Y-193.5145
G1 X158.3753 Y-193.6153
G1 X158.4635 Y-193.7169
G1 X158.5509 Y-193.8195
G1 X158.6372 Y-193.9229
G1 X158.7231 Y-194.0270
G1 X158.8079 Y-194.1319
G1 X158.8917 Y-194.2379
G1 X158.9750 Y-194.3445
G1 X159.0573 Y-194.4522
G1 X159.1389 Y-194.5607
G1 X159.2196 Y-194.6699
G1 X159.2997 Y-194.7799
G1 X159.3786 Y-194.8909
G1 X159.4569 Y-195.0027
G1 X159.5344 Y-195.1154
G1 X159.6108 Y-195.2290
G1 X159.6868 Y-195.3433
G1 X159.7617 Y-195.4583
G1 X159.8358 Y-195.5744
G1 X159.9093 Y-195.6913
G1 X159.9816 Y-195.8091
G1 X160.0533 Y-195.9275
G1 X160.1244 Y-196.0471
G1 X160.1942 Y-196.1672
G1 X160.2636 Y-196.2884
G1 X160.3319 Y-196.4103
G1 X160.3995 Y-196.5333
G1 X160.4663 Y-196.6567
G1 X160.5323 Y-196.7814
G1 X160.5976 Y-196.9066
G1 X160.6619 Y-197.0329
G1 X160.7254 Y-197.1599
G1 X160.7881 Y-197.2879
G1 X160.8498 Y-197.4167
G1 X160.9110 Y-197.5462
G1 X160.9712 Y-197.6768
G1 X161.0307 Y-197.8081
G1 X161.0893 Y-197.9402
G1 X161.1470 Y-198.0733
G1 X161.2041 Y-198.2071
G1 X161.2603 Y-198.3417
G1 X161.3157 Y-198.4774
G1 X161.3700 Y-198.6138
G1 X161.4239 Y-198.7512
G1 X161.4767 Y-198.8894
G1 X161.5288 Y-199.0283
G1 X161.5801 Y-199.1680
G1 X161.6306 Y-199.3087
G1 X161.6801 Y-199.4505
G1 X161.7292 Y-199.5927
G1 X161.7772 Y-199.7359
G1 X161.8244 Y-199.8802
G1 X161.8706 Y-200.0250
G1 X161.9164 Y-200.1708
G1 X161.9611 Y-200.3176
G1 X162.0050 Y-200.4652
G1 X162.0482 Y-200.6135
G1 X162.0906 Y-200.7629
G1 X162.1320 Y-200.9127
G1 X162.1727 Y-201.0639
G1 X162.2128 Y-201.2158
G1 X162.2494 Y-201.3600
G1 X162.2849 Y-201.5076
G1 X162.3197 Y-201.6585
G1 X162.3538 Y-201.8121
G1 X162.3868 Y-201.9691
G1 X162.4188 Y-202.1286
G1 X162.4503 Y-202.2909
G1 X162.4805 Y-202.4558
G1 X162.5100 Y-202.6232
G1 X162.5384 Y-202.7928
G1 X162.5661 Y-202.9648
G1 X162.5928 Y-203.1388
G1 X162.6187 Y-203.3151
G1 X162.6436 Y-203.4929
G1 X162.6674 Y-203.6727
G1 X162.6906 Y-203.8541
G1 X162.7124 Y-204.0372
G1 X162.7337 Y-204.2216
G1 X162.7538 Y-204.4073
G1 X162.7731 Y-204.5942
G1 X162.7914 Y-204.7822
G1 X162.8087 Y-204.9711
G1 X162.8249 Y-205.1609
G1 X162.8404 Y-205.3514
G1 X162.8546 Y-205.5426
G1 X162.8681 Y-205.7342
G1 X162.8805 Y-205.9264
G1 X162.8920 Y-206.1187
G1 X162.9024 Y-206.3112
G1 X162.9120 Y-206.5038
G1 X162.9204 Y-206.6961
G1 X162.9278 Y-206.8883
G1 X162.9344 Y-207.0804
G1 X162.9397 Y-207.2719
G1 X162.9443 Y-207.4629
G1 X162.9476 Y-207.6531
G1 X162.9501 Y-207.8429
G1 X162.9514 Y-208.0313
G1 X162.9519 Y-208.2190
G1 X162.9512 Y-208.4057
G1 X162.9494 Y-208.5909
G1 X162.9466 Y-208.7750
G1 X162.9428 Y-208.9574
G1 X162.9380 Y-209.1385
G1 X162.9321 Y-209.3176
G1 X162.9250 Y-209.4951
G1 X162.9169 Y-209.6706
G1 X162.9077 Y-209.8441
G1 X162.8976 Y-210.0153
G1 X162.8864 Y-210.1842
G1 X162.8739 Y-210.3509
G1 X162.8605 Y-210.5152
G1 X162.8460 Y-210.6765
G1 X162.8305 Y-210.8352
G1 X162.8137 Y-210.9912
G1 X162.7960 Y-211.1441
G1 X162.7769 Y-211.2940
G1 X162.7568 Y-211.4408
G1 X162.7358 Y-211.5840
G1 X162.7134 Y-211.7240
G1 X162.6900 Y-211.8601
G1 X162.6654 Y-211.9930
G1 X162.6398 Y-212.1217
G1 X162.6131 Y-212.2467
G1 X162.5671 Y-212.4479
; Retract
G1 Z2.5400 F2540

; Path 21
; Rapid to initial position
G1 X104.9073 Y-178.7053 F2540
G1 Z0.0000
; plunge
G1 Z-3.1750 F127
; cut
G1 X101.8647 Y-178.9095 F1016
G1 X101.7052 Y-178.9206
G1 X101.5408 Y-178.9328
G1 X101.3722 Y-178.9463
G1 X101.0229 Y-178.9765
G1 X100.6599 Y-179.0108
G1 X100.2866 Y-179.0489
G1 X100.0968 Y-179.0692
G1 X99.9056 Y-179.0903
G1 X99.5197 Y-179.1345
G1 X99.3259 Y-179.1576
G1 X98.9383 Y-179.2056
G1 X98.5535 Y-179.2557
G1 X98.3630 Y-179.2813
G1 X97.9874 Y-179.3339
G1 X97.6216 Y-179.3872
G1 X97.2688 Y-179.4416
G1 X97.0978 Y-179.4688
G1 X96.7697 Y-179.5234
G1 X96.6127 Y-179.5506
G1 X96.4613 Y-179.5777
G1 X96.3155 Y-179.6049
G1 X95.8980 Y-179.6854
G1 X95.4641 Y-179.7667
G1 X95.3160 Y-179.7936
G1 X94.8662 Y-179.8742
G1 X94.5642 Y-179.9267
G1 X94.2627 Y-179.9780
G1 X93.9643 Y-180.0276
G1 X93.6711 Y-180.0753
G1 X93.3851 Y-180.1208
G1 X93.1090 Y-180.1635
G1 X92.7176 Y-180.2216
G1 X92.4750 Y-180.2559
G1 X92.2498 Y-180.2864
G1 X92.0443 Y-180.3126
G1 X91.7412 Y-180.3476
G1 X91.6214 Y-180.3626
G1 X91.5007 Y-180.3789
G1 X91.3793 Y-180.3966
G1 X91.2574 Y-180.4154
G1 X91.1349 Y-180.4355
G1 X91.0118 Y-180.4568
G1 X90.8881 Y-180.4794
G1 X90.7639 Y-180.5031
G1 X90.6394 Y-180.5280
G1 X90.5144 Y-180.5539
G1 X90.3889 Y-180.5810
G1 X90.2635 Y-180.6095
G1 X90.1375 Y-180.6390
G1 X90.0113 Y-180.6694
G1 X89.8848 Y-180.7012
G1 X89.7583 Y-180.7340
G1 X89.6315 Y-180.7677
G1 X89.5048 Y-180.8025
G1 X89.3780 Y-180.8383
G1 X89.2510 Y-180.8752
G1 X89.1243 Y-180.9130
G1 X88.9975 Y-180.9519
G1 X88.8708 Y-180.9915
G1 X88.7443 Y-181.0324
G1 X88.6181 Y-181.0741
G1 X88.4921 Y-181.1167
G1 X88.3661 Y-181.1602
G1 X88.2406 Y-181.2046
G1 X88.1156 Y-181.2498
G1 X87.9907 Y-181.2961
G1 X87.8665 Y-181.3430
G1 X87.7425 Y-181.3908
G1 X87.6191 Y-181.4396
G1 X87.4964 Y-181.4888
G1 X87.3740 Y-181.5391
G1 X87.2523 Y-181.5902
G1 X87.1314 Y-181.6420
G1 X87.0113 Y-181.6946
G1 X86.8916 Y-181.7477
G1 X86.7728 Y-181.8015
G1 X86.6549 Y-181.8564
G1 X86.5378 Y-181.9115
G1 X86.4217 Y-181.9676
G1 X86.3064 Y-182.0243
G1 X86.1921 Y-182.0814
G1 X86.0788 Y-182.1393
G1 X85.9666 Y-182.1980
G1 X85.8556 Y-182.2569
G1 X85.7456 Y-182.3166
G1 X85.6369 Y-182.3768
G1 X85.5292 Y-182.4375
G1 X85.4227 Y-182.4990
G1 X85.3178 Y-182.5607
G1 X85.2142 Y-182.6232
G1 X85.1118 Y-182.6859
G1 X85.0108 Y-182.7492
G1 X84.9114 Y-182.8129
G1 X84.8134 Y-182.8770
G1 X84.7169 Y-182.9417
G1 X84.6219 Y-183.0067
G1 X84.5287 Y-183.0720
G1 X84.4370 Y-183.1378
G1 X84.2597 Y-183.2686
G1 X84.1692 Y-183.3342
G1 X84.0760 Y-183.4010
G1 X83.9803 Y-183.4685
G1 X83.8822 Y-183.5368
G1 X83.6795 Y-183.6753
G1 X83.5754 Y-183.7451
G1 X83.3628 Y-183.8856
G1 X83.2549 Y-183.9559
G1 X83.1459 Y-184.0260
G1 X83.0362 Y-184.0959
G1 X82.8154 Y-184.2343
G1 X82.7049 Y-184.3027
G1 X82.5944 Y-184.3702
G1 X82.3750 Y-184.5026
G1 X82.2660 Y-184.5671
G1 X82.0517 Y-184.6920
G1 X81.9462 Y-184.7522
G1 X81.8426 Y-184.8107
G1 X81.7405 Y-184.8675
G1 X81.6407 Y-184.9224
G1 X81.5429 Y-184.9752
G1 X81.4476 Y-185.0258
G1 X81.3549 Y-185.0741
G1 X81.2653 Y-185.1200
G1 X81.1784 Y-185.1632
G1 X81.0948 Y-185.2038
G1 X80.9297 Y-185.2821
G1 X80.7623 Y-185.3601
G1 X80.5942 Y-185.4368
G1 X80.4263 Y-185.5119
G1 X80.2597 Y-185.5854
G1 X80.0953 Y-185.6562
G1 X79.9351 Y-185.7243
G1 X79.7794 Y-185.7891
G1 X79.6295 Y-185.8498
G1 X79.4870 Y-185.9062
G1 X79.3529 Y-185.9580
G1 X79.2279 Y-186.0042
G1 X79.1136 Y-186.0448
G1 X79.0110 Y-186.0794
G1 X78.9214 Y-186.1071
G1 X78.8459 Y-186.1276
G1 X78.7443 Y-186.1515
G1 X78.6580 Y-186.1693
G1 X78.5868 Y-186.1797
G1 X78.5320 Y-186.1823
G1 X78.4931 Y-186.1762
G1 X78.4708 Y-186.1607
G1 X78.4654 Y-186.1353
G1 X78.4776 Y-186.0989
G1 X78.5073 Y-186.0509
G1 X78.5553 Y-185.9907
G1 X78.6216 Y-185.9173
G1 X78.7067 Y-185.8300
G1 X78.8109 Y-185.7281
G1 X78.9348 Y-185.6110
G1 X79.0786 Y-185.4779
G1 X79.2427 Y-185.3278
G1 X79.3206 Y-185.2577
G1 X79.4024 Y-185.1858
G1 X79.4878 Y-185.1119
G1 X79.5769 Y-185.0367
G1 X79.6691 Y-184.9598
G1 X79.7649 Y-184.8813
G1 X79.8637 Y-184.8013
G1 X79.9655 Y-184.7200
G1 X80.0707 Y-184.6374
G1 X80.1784 Y-184.5536
G1 X80.2891 Y-184.4685
G1 X80.4024 Y-184.3824
G1 X80.5183 Y-184.2953
G1 X80.6366 Y-184.2071
G1 X80.7573 Y-184.1180
G1 X80.8802 Y-184.0283
G1 X81.0054 Y-183.9377
G1 X81.1327 Y-183.8462
G1 X81.2617 Y-183.7543
G1 X81.3925 Y-183.6618
G1 X81.5251 Y-183.5688
G1 X81.6595 Y-183.4754
G1 X81.7951 Y-183.3817
G1 X81.9323 Y-183.2877
G1 X82.2104 Y-183.0989
G1 X82.3511 Y-183.0045
G1 X82.6356 Y-182.8157
G1 X82.9229 Y-182.6273
G1 X83.0674 Y-182.5335
G1 X83.3580 Y-182.3469
G1 X83.6493 Y-182.1622
G1 X83.7949 Y-182.0708
G1 X84.0862 Y-181.8899
G1 X84.2312 Y-181.8008
G1 X84.3763 Y-181.7124
G1 X84.6640 Y-181.5386
G1 X84.9493 Y-181.3692
G1 X85.2305 Y-181.2049
G1 X85.3697 Y-181.1246
G1 X85.5073 Y-181.0459
G1 X85.6437 Y-180.9686
G1 X85.9122 Y-180.8188
G1 X86.0438 Y-180.7464
G1 X86.1738 Y-180.6758
G1 X86.3018 Y-180.6072
G1 X86.4278 Y-180.5404
G1 X86.5518 Y-180.4754
G1 X86.6737 Y-180.4126
G1 X86.7931 Y-180.3519
G1 X86.9102 Y-180.2935
G1 X87.0247 Y-180.2374
G1 X87.1365 Y-180.1835
G1 X87.2457 Y-180.1320
G1 X87.3519 Y-180.0830
G1 X87.4768 Y-180.0263
G1 X87.7293 Y-179.9140
G1 X87.8568 Y-179.8584
G1 X87.9853 Y-179.8030
G1 X88.1146 Y-179.7479
G1 X88.2447 Y-179.6931
G1 X88.3755 Y-179.6387
G1 X88.6391 Y-179.5308
G1 X88.7717 Y-179.4774
G1 X89.0384 Y-179.3720
G1 X89.3067 Y-179.2681
G1 X89.5761 Y-179.1663
G1 X89.8464 Y-179.0664
G1 X90.1169 Y-178.9687
G1 X90.2520 Y-178.9206
G1 X90.3874 Y-178.8732
G1 X90.5223 Y-178.8264
G1 X90.7920 Y-178.7345
G1 X90.9264 Y-178.6895
G1 X91.1941 Y-178.6016
G1 X91.4601 Y-178.5165
G1 X91.7240 Y-178.4342
G1 X91.9853 Y-178.3550
G1 X92.1149 Y-178.3166
G1 X92.3714 Y-178.2422
G1 X92.6244 Y-178.1711
G1 X92.7494 Y-178.1371
G1 X92.9963 Y-178.0713
G1 X93.1179 Y-178.0398
G1 X93.3577 Y-177.9796
G1 X93.4756 Y-177.9509
G1 X93.5921 Y-177.9232
G1 X93.8207 Y-177.8711
G1 X93.9328 Y-177.8465
G1 X94.0435 Y-177.8229
G1 X94.2594 Y-177.7789
G1 X94.4684 Y-177.7395
G1 X94.5703 Y-177.7215
G1 X94.6704 Y-177.7047
G1 X94.7682 Y-177.6890
G1 X94.8642 Y-177.6743
G1 X94.9582 Y-177.6611
G1 X95.0501 Y-177.6489
G1 X95.1398 Y-177.6379
G1 X95.2271 Y-177.6283
G1 X95.3046 Y-177.6209
G1 X95.3859 Y-177.6143
G1 X95.4710 Y-177.6085
G1 X95.5599 Y-177.6034
G1 X95.6521 Y-177.5991
G1 X95.7481 Y-177.5955
G1 X95.8472 Y-177.5930
G1 X95.9498 Y-177.5910
G1 X96.0552 Y-177.5897
G1 X96.1639 Y-177.5892
G1 X96.1639 Y-177.5892
G1 X96.2754 Y-177.5894
G1 X96.5068 Y-177.5920
G1 X96.7486 Y-177.5976
G1 X96.9998 Y-177.6057
G1 X97.2596 Y-177.6164
G1 X97.3927 Y-177.6227
G1 X97.6638 Y-177.6372
G1 X97.9414 Y-177.6542
G1 X98.2243 Y-177.6735
G1 X98.5119 Y-177.6951
G1 X98.6574 Y-177.7068
G1 X98.9503 Y-177.7317
G1 X99.2457 Y-177.7586
G1 X99.5429 Y-177.7873
G1 X99.8405 Y-177.8183
G1 X100.1380 Y-177.8508
G1 X100.4344 Y-177.8851
G1 X100.5820 Y-177.9029
G1 X100.8751 Y-177.9397
G1 X101.1649 Y-177.9781
G1 X101.4506 Y-178.0179
G1 X101.7313 Y-178.0593
G1 X102.0061 Y-178.1018
G1 X102.2741 Y-178.1454
G1 X102.4052 Y-178.1678
G1 X102.5342 Y-178.1904
G1 X102.6612 Y-178.2133
G1 X102.7859 Y-178.2364
G1 X102.9084 Y-178.2597
G1 X103.0282 Y-178.2834
G1 X103.1456 Y-178.3072
G1 X103.2604 Y-178.3311
G1 X103.3722 Y-178.3555
G1 X103.4811 Y-178.3799
G1 X104.9073 Y-178.7053
; Retract
G1 Z2.5400 F2540

; Path 22
; Rapid to initial position
G1 X83.1593 Y-192.5866 F2540
G1 Z0.0000
; plunge
G1 Z-3.1750 F127
; cut
G1 X83.1941 Y-192.6412 F1016
G1 X83.2300 Y-192.7014
G1 X83.2670 Y-192.7672
G1 X83.3051 Y-192.8386
G1 X83.3445 Y-192.9155
G1 X83.3849 Y-192.9978
G1 X83.4263 Y-193.0857
G1 X83.4690 Y-193.1789
G1 X83.5127 Y-193.2777
G1 X83.5574 Y-193.3819
G1 X83.6031 Y-193.4914
G1 X83.6498 Y-193.6062
G1 X83.6978 Y-193.7263
G1 X83.7466 Y-193.8518
G1 X83.7966 Y-193.9823
G1 X83.8474 Y-194.1182
G1 X83.8992 Y-194.2595
G1 X83.9521 Y-194.4058
G1 X84.0059 Y-194.5574
G1 X84.0605 Y-194.7139
G1 X84.1162 Y-194.8757
G1 X84.1728 Y-195.0425
G1 X84.2302 Y-195.2145
G1 X84.3559 Y-195.5952
G1 X84.4771 Y-195.9691
G1 X84.5939 Y-196.3356
G1 X84.7430 Y-196.8137
G1 X84.8147 Y-197.0481
G1 X84.9185 Y-197.3943
G1 X84.9854 Y-197.6211
G1 X85.0504 Y-197.8452
G1 X85.1444 Y-198.1756
G1 X85.2340 Y-198.4995
G1 X85.2914 Y-198.7118
G1 X85.3740 Y-199.0253
G1 X85.4265 Y-199.2307
G1 X85.5022 Y-199.5335
G1 X85.5502 Y-199.7321
G1 X85.5734 Y-199.8304
G1 X85.6407 Y-200.1213
G1 X85.7037 Y-200.4063
G1 X85.7433 Y-200.5932
G1 X85.7994 Y-200.8685
G1 X85.8345 Y-201.0489
G1 X85.8677 Y-201.2267
G1 X85.8990 Y-201.4022
G1 X85.9287 Y-201.5754
G1 X85.9696 Y-201.8304
G1 X85.9947 Y-201.9973
G1 X86.0179 Y-202.1622
G1 X86.0395 Y-202.3247
G1 X86.0494 Y-202.4050
G1 X86.0682 Y-202.5640
G1 X86.0852 Y-202.7207
G1 X86.1002 Y-202.8754
G1 X86.1136 Y-203.0278
G1 X86.1251 Y-203.1779
G1 X86.1350 Y-203.3260
G1 X86.1464 Y-203.5444
G1 X86.1492 Y-203.6161
G1 X86.1538 Y-203.7580
G1 X86.1563 Y-203.8977
G1 X86.1573 Y-204.0357
G1 X86.1565 Y-204.1715
G1 X86.1555 Y-204.2389
G1 X86.1540 Y-204.3057
G1 X86.1497 Y-204.4377
G1 X86.1469 Y-204.5030
G1 X86.1400 Y-204.6323
G1 X86.1360 Y-204.6963
G1 X86.1314 Y-204.7598
G1 X86.1210 Y-204.8853
G1 X86.1151 Y-204.9475
G1 X86.1022 Y-205.0705
G1 X86.0951 Y-205.1314
G1 X86.0796 Y-205.2516
G1 X86.0623 Y-205.3704
G1 X86.0433 Y-205.4873
G1 X86.0331 Y-205.5452
G1 X86.0115 Y-205.6597
G1 X85.9884 Y-205.7728
G1 X85.9762 Y-205.8286
G1 X85.9635 Y-205.8840
G1 X85.9368 Y-205.9937
G1 X85.9229 Y-206.0481
G1 X85.8937 Y-206.1558
G1 X85.8784 Y-206.2089
G1 X85.8545 Y-206.2894
G1 X85.8296 Y-206.3687
G1 X85.8040 Y-206.4466
G1 X85.7776 Y-206.5233
G1 X85.7504 Y-206.5988
G1 X85.7222 Y-206.6732
G1 X85.6932 Y-206.7463
G1 X85.6635 Y-206.8182
G1 X85.6328 Y-206.8891
G1 X85.6013 Y-206.9584
G1 X85.5690 Y-207.0268
G1 X85.5358 Y-207.0938
G1 X85.5017 Y-207.1596
G1 X85.4669 Y-207.2244
G1 X85.4311 Y-207.2876
G1 X85.3945 Y-207.3499
G1 X85.3572 Y-207.4108
G1 X85.3189 Y-207.4708
G1 X85.2795 Y-207.5292
G1 X85.2394 Y-207.5866
G1 X85.1985 Y-207.6427
G1 X85.1568 Y-207.6976
G1 X85.1139 Y-207.7514
G1 X85.0704 Y-207.8038
G1 X85.0260 Y-207.8551
G1 X84.9805 Y-207.9051
G1 X84.9343 Y-207.9541
G1 X84.8873 Y-208.0016
G1 X84.8393 Y-208.0481
G1 X84.7903 Y-208.0933
G1 X84.7405 Y-208.1373
G1 X84.6897 Y-208.1802
G1 X84.6381 Y-208.2216
G1 X84.5856 Y-208.2620
G1 X84.5322 Y-208.3013
G1 X84.4779 Y-208.3392
G1 X84.4225 Y-208.3760
G1 X84.3664 Y-208.4113
G1 X84.3092 Y-208.4456
G1 X84.2513 Y-208.4789
G1 X84.1924 Y-208.5106
G1 X84.1324 Y-208.5414
G1 X84.0717 Y-208.5708
G1 X84.0100 Y-208.5990
G1 X83.9473 Y-208.6262
G1 X83.8838 Y-208.6519
G1 X83.8192 Y-208.6765
G1 X83.7537 Y-208.6999
G1 X83.6874 Y-208.7222
G1 X83.6201 Y-208.7430
G1 X83.5518 Y-208.7629
G1 X83.4824 Y-208.7814
G1 X83.4123 Y-208.7989
G1 X83.3412 Y-208.8149
G1 X83.2691 Y-208.8299
G1 X83.1959 Y-208.8436
G1 X83.1218 Y-208.8561
G1 X83.0468 Y-208.8675
G1 X82.9709 Y-208.8777
G1 X82.8939 Y-208.8866
G1 X82.8159 Y-208.8942
G1 X82.7372 Y-208.9005
G1 X82.6572 Y-208.9059
G1 X82.5764 Y-208.9099
G1 X82.4946 Y-208.9127
G1 X82.4118 Y-208.9145
G1 X82.3280 Y-208.9147
G1 X82.2432 Y-208.9140
G1 X82.1573 Y-208.9120
G1 X82.0704 Y-208.9089
G1 X81.9828 Y-208.9043
G1 X81.8939 Y-208.8987
G1 X81.8043 Y-208.8919
G1 X81.7133 Y-208.8840
G1 X81.6216 Y-208.8746
G1 X81.5287 Y-208.8642
G1 X81.4349 Y-208.8525
G1 X81.3399 Y-208.8398
G1 X81.2442 Y-208.8256
G1 X81.1472 Y-208.8104
G1 X81.0494 Y-208.7938
G1 X80.9503 Y-208.7763
G1 X80.8505 Y-208.7573
G1 X80.7494 Y-208.7372
G1 X80.6475 Y-208.7159
G1 X80.5444 Y-208.6933
G1 X80.4403 Y-208.6696
G1 X80.3351 Y-208.6447
G1 X80.2289 Y-208.6186
G1 X80.1218 Y-208.5911
G1 X80.0133 Y-208.5627
G1 X79.9041 Y-208.5330
G1 X79.7936 Y-208.5020
G1 X79.6823 Y-208.4697
G1 X79.5698 Y-208.4365
G1 X79.4563 Y-208.4019
G1 X79.3415 Y-208.3661
G1 X79.2259 Y-208.3290
G1 X79.1091 Y-208.2909
G1 X78.8723 Y-208.2109
G1 X78.7524 Y-208.1690
G1 X78.6313 Y-208.1261
G1 X78.5091 Y-208.0819
G1 X78.3859 Y-208.0364
G1 X78.1362 Y-207.9419
G1 X78.0097 Y-207.8929
G1 X77.8822 Y-207.8426
G1 X77.7535 Y-207.7910
G1 X77.6237 Y-207.7385
G1 X77.4929 Y-207.6846
G1 X77.2279 Y-207.5734
G1 X77.0936 Y-207.5157
G1 X76.8218 Y-207.3973
G1 X76.5457 Y-207.2739
G1 X76.4060 Y-207.2104
G1 X76.1230 Y-207.0798
G1 X75.9798 Y-207.0128
G1 X75.8355 Y-206.9445
G1 X75.5437 Y-206.8043
G1 X75.3958 Y-206.7324
G1 X72.1131 Y-205.1131
G1 X71.2714 Y-205.6851
G1 X71.1385 Y-205.7766
G1 X71.0214 Y-205.8601
G1 X70.9196 Y-205.9371
G1 X70.8325 Y-206.0082
G1 X70.7596 Y-206.0750
G1 X70.7001 Y-206.1383
G1 X70.6542 Y-206.1997
G1 X70.6206 Y-206.2599
G1 X70.5993 Y-206.3206
G1 X70.5896 Y-206.3824
G1 X70.5909 Y-206.4469
G1 X70.6029 Y-206.5150
G1 X70.6247 Y-206.5876
G1 X70.6562 Y-206.6666
G1 X70.6966 Y-206.7524
G1 X70.7454 Y-206.8467
G1 X70.7878 Y-206.9120
G1 X70.8497 Y-206.9861
G1 X70.9300 Y-207.0682
G1 X71.0270 Y-207.1571
G1 X71.1401 Y-207.2521
G1 X71.2673 Y-207.3526
G1 X71.4083 Y-207.4575
G1 X71.5612 Y-207.5663
G1 X71.7253 Y-207.6778
G1 X71.8990 Y-207.7916
G1 X72.0814 Y-207.9061
G1 X72.2711 Y-208.0214
G1 X72.4670 Y-208.1360
G1 X72.6681 Y-208.2493
G1 X72.8729 Y-208.3605
G1 X73.0801 Y-208.4687
G1 X73.2043 Y-208.5325
G1 X73.4497 Y-208.6597
G1 X73.6910 Y-208.7867
G1 X73.8104 Y-208.8502
G1 X74.1611 Y-209.0392
G1 X74.3892 Y-209.1644
G1 X74.5012 Y-209.2267
G1 X74.7217 Y-209.3501
G1 X74.9366 Y-209.4725
G1 X75.1459 Y-209.5934
G1 X75.3494 Y-209.7128
G1 X75.5465 Y-209.8302
G1 X75.6427 Y-209.8883
G1 X75.8302 Y-210.0029
G1 X76.0108 Y-210.1151
G1 X76.1840 Y-210.2251
G1 X76.3501 Y-210.3326
G1 X76.5086 Y-210.4375
G1 X76.6590 Y-210.5391
G1 X76.7311 Y-210.5889
G1 X76.8012 Y-210.6379
G1 X76.9351 Y-210.7334
G1 X77.0600 Y-210.8253
G1 X77.1195 Y-210.8700
G1 X77.2310 Y-210.9567
G1 X77.2833 Y-210.9986
G1 X77.3331 Y-211.0395
G1 X77.3806 Y-211.0793
G1 X77.4256 Y-211.1182
G1 X77.4682 Y-211.1558
G1 X77.5084 Y-211.1926
G1 X77.5459 Y-211.2282
G1 X77.5807 Y-211.2627
G1 X77.6133 Y-211.2960
G1 X77.6430 Y-211.3283
G1 X77.6699 Y-211.3592
G1 X77.6943 Y-211.3890
G1 X77.7159 Y-211.4174
G1 X77.7347 Y-211.4448
G1 X77.7507 Y-211.4707
G1 X77.7639 Y-211.4956
G1 X77.7740 Y-211.5190
G1 X77.7817 Y-211.5411
G1 X77.7860 Y-211.5617
G1 X77.7875 Y-211.5812
G1 X77.7761 Y-211.6645
G1 X77.7436 Y-211.7796
G1 X77.6923 Y-211.9211
G1 X77.6244 Y-212.0834
G1 X77.5421 Y-212.2620
G1 X77.4479 Y-212.4514
G1 X77.3438 Y-212.6465
G1 X77.2323 Y-212.8421
G1 X76.6770 Y-213.7834
G1 X74.5203 Y-213.7595
G1 X74.2404 Y-213.7550
G1 X74.1009 Y-213.7517
G1 X73.8226 Y-213.7430
G1 X73.6839 Y-213.7377
G1 X73.5452 Y-213.7316
G1 X73.2688 Y-213.7174
G1 X72.9935 Y-213.7004
G1 X72.7192 Y-213.6805
G1 X72.5825 Y-213.6696
G1 X72.4459 Y-213.6579
G1 X72.3097 Y-213.6457
G1 X72.1738 Y-213.6328
G1 X72.0382 Y-213.6191
G1 X71.9028 Y-213.6049
G1 X71.7677 Y-213.5899
G1 X71.6328 Y-213.5741
G1 X71.4982 Y-213.5576
G1 X71.3638 Y-213.5406
G1 X71.2300 Y-213.5231
G1 X71.0961 Y-213.5045
G1 X70.9628 Y-213.4855
G1 X70.8297 Y-213.4657
G1 X70.6968 Y-213.4453
G1 X70.5645 Y-213.4243
G1 X70.4322 Y-213.4024
G1 X70.3003 Y-213.3801
G1 X70.1688 Y-213.3570
G1 X70.0375 Y-213.3331
G1 X69.9066 Y-213.3087
G1 X69.7761 Y-213.2835
G1 X69.6458 Y-213.2579
G1 X69.5157 Y-213.2315
G1 X69.3862 Y-213.2043
G1 X69.2569 Y-213.1766
G1 X69.1279 Y-213.1482
G1 X68.9991 Y-213.1190
G1 X68.8708 Y-213.0892
G1 X68.7428 Y-213.0588
G1 X68.6153 Y-213.0278
G1 X68.4881 Y-212.9960
G1 X68.3611 Y-212.9638
G1 X68.2346 Y-212.9307
G1 X68.1083 Y-212.8970
G1 X67.9823 Y-212.8627
G1 X67.8569 Y-212.8276
G1 X67.7319 Y-212.7921
G1 X67.6069 Y-212.7557
G1 X67.4827 Y-212.7189
G1 X67.3585 Y-212.6813
G1 X67.2348 Y-212.6430
G1 X67.1116 Y-212.6041
G1 X66.9887 Y-212.5647
G1 X66.8663 Y-212.5246
G1 X66.7441 Y-212.4837
G1 X66.6224 Y-212.4423
G1 X66.5010 Y-212.4001
G1 X66.3799 Y-212.3575
G1 X66.2595 Y-212.3140
G1 X66.1393 Y-212.2701
G1 X66.0194 Y-212.2254
G1 X65.9000 Y-212.1802
G1 X65.7812 Y-212.1342
G1 X65.6626 Y-212.0877
G1 X65.5444 Y-212.0405
G1 X65.4266 Y-211.9927
G1 X65.3092 Y-211.9442
G1 X65.1924 Y-211.8952
G1 X65.0758 Y-211.8457
G1 X64.8442 Y-211.7443
G1 X64.7289 Y-211.6927
G1 X64.6140 Y-211.6404
G1 X64.4997 Y-211.5876
G1 X64.3860 Y-211.5342
G1 X64.2724 Y-211.4801
G1 X64.1594 Y-211.4255
G1 X64.0469 Y-211.3702
G1 X63.9346 Y-211.3143
G1 X63.8231 Y-211.2576
G1 X63.7118 Y-211.2005
G1 X63.6011 Y-211.1428
G1 X63.4906 Y-211.0844
G1 X63.3809 Y-211.0255
G1 X63.2714 Y-210.9658
G1 X63.1627 Y-210.9056
G1 X63.0542 Y-210.8446
G1 X62.9460 Y-210.7832
G1 X62.8386 Y-210.7212
G1 X62.7317 Y-210.6585
G1 X62.6250 Y-210.5952
G1 X62.5191 Y-210.5315
G1 X62.4134 Y-210.4669
G1 X62.3082 Y-210.4017
G1 X62.2038 Y-210.3361
G1 X62.0997 Y-210.2698
G1 X61.8929 Y-210.1355
G1 X61.7903 Y-210.0674
G1 X61.6882 Y-209.9986
G1 X61.5866 Y-209.9292
G1 X61.4855 Y-209.8594
G1 X61.3849 Y-209.7890
G1 X61.2849 Y-209.7179
G1 X61.1853 Y-209.6463
G1 X61.0862 Y-209.5739
G1 X60.9879 Y-209.5010
G1 X60.8899 Y-209.4276
G1 X60.7924 Y-209.3537
G1 X60.6956 Y-209.2790
G1 X60.5991 Y-209.2038
G1 X60.5033 Y-209.1281
G1 X60.4081 Y-209.0517
G1 X60.3133 Y-208.9747
G1 X60.2191 Y-208.8972
G1 X60.1254 Y-208.8190
G1 X60.0321 Y-208.7402
G1 X59.9397 Y-208.6610
G1 X59.7560 Y-208.5007
G1 X59.6654 Y-208.4197
G1 X59.5749 Y-208.3382
G1 X59.4853 Y-208.2559
G1 X59.3959 Y-208.1731
G1 X59.2554 Y-208.0410
G1 X59.1167 Y-207.9087
G1 X58.9798 Y-207.7758
G1 X58.8444 Y-207.6425
G1 X58.7106 Y-207.5089
G1 X58.5785 Y-207.3747
G1 X58.4479 Y-207.2401
G1 X58.3192 Y-207.1050
G1 X58.1917 Y-206.9691
G1 X58.0659 Y-206.8330
G1 X57.9417 Y-206.6961
G1 X57.8190 Y-206.5584
G1 X57.6976 Y-206.4200
G1 X57.5780 Y-206.2810
G1 X57.4596 Y-206.1413
G1 X57.3425 Y-206.0006
G1 X57.2272 Y-205.8594
G1 X57.1129 Y-205.7171
G1 X57.0004 Y-205.5739
G1 X56.8889 Y-205.4299
G1 X56.7789 Y-205.2848
G1 X56.6702 Y-205.1388
G1 X56.5628 Y-204.9920
G1 X56.4566 Y-204.8439
G1 X56.3517 Y-204.6948
G1 X56.2480 Y-204.5444
G1 X56.1454 Y-204.3930
G1 X56.0443 Y-204.2404
G1 X55.9443 Y-204.0867
G1 X55.8452 Y-203.9318
G1 X55.7474 Y-203.7753
G1 X55.6509 Y-203.6178
G1 X55.5551 Y-203.4588
G1 X55.4606 Y-203.2986
G1 X55.3672 Y-203.1368
G1 X55.2747 Y-202.9737
G1 X55.1835 Y-202.8091
G1 X55.0931 Y-202.6430
G1 X55.0037 Y-202.4751
G1 X54.9153 Y-202.3059
G1 X54.8277 Y-202.1352
G1 X54.7411 Y-201.9628
G1 X54.6555 Y-201.7885
G1 X54.5706 Y-201.6128
G1 X54.4868 Y-201.4352
G1 X54.4035 Y-201.2559
G1 X54.3212 Y-201.0748
G1 X54.2399 Y-200.8919
G1 X54.1591 Y-200.7070
G1 X54.0791 Y-200.5203
G1 X54.0001 Y-200.3318
G1 X53.9217 Y-200.1413
G1 X53.8439 Y-199.9488
G1 X53.7667 Y-199.7542
G1 X53.6903 Y-199.5576
G1 X53.6146 Y-199.3588
G1 X53.5394 Y-199.1581
G1 X53.4650 Y-198.9552
G1 X53.3911 Y-198.7499
G1 X53.3176 Y-198.5427
G1 X53.2447 Y-198.3331
G1 X53.1724 Y-198.1210
G1 X53.1007 Y-197.9069
G1 X53.0294 Y-197.6905
G1 X52.9549 Y-197.4545
G1 X52.8853 Y-197.2186
G1 X52.8208 Y-196.9828
G1 X52.7611 Y-196.7471
G1 X52.7063 Y-196.5114
G1 X52.6565 Y-196.2762
G1 X52.6115 Y-196.0415
G1 X52.5711 Y-195.8071
G1 X52.5358 Y-195.5731
G1 X52.5051 Y-195.3400
G1 X52.4794 Y-195.1073
G1 X52.4581 Y-194.8751
G1 X52.4416 Y-194.6440
G1 X52.4299 Y-194.4139
G1 X52.4228 Y-194.1845
G1 X52.4203 Y-193.9562
G1 X52.4223 Y-193.7291
G1 X52.4289 Y-193.5030
G1 X52.4401 Y-193.2783
G1 X52.4558 Y-193.0547
G1 X52.4759 Y-192.8327
G1 X52.5005 Y-192.6120
G1 X52.5297 Y-192.3931
G1 X52.5630 Y-192.1756
G1 X52.6011 Y-191.9597
G1 X52.6433 Y-191.7459
G1 X52.6898 Y-191.5335
G1 X52.7408 Y-191.3232
G1 X52.7959 Y-191.1149
G1 X52.8554 Y-190.9087
G1 X52.9191 Y-190.7045
G1 X52.9869 Y-190.5025
G1 X53.0591 Y-190.3029
G1 X53.1353 Y-190.1055
G1 X53.2155 Y-189.9107
G1 X53.3001 Y-189.7182
G1 X53.3885 Y-189.5284
G1 X53.4812 Y-189.3413
G1 X53.5777 Y-189.1566
G1 X53.6783 Y-188.9750
G1 X53.7830 Y-188.7962
G1 X53.8917 Y-188.6201
G1 X54.0042 Y-188.4472
G1 X54.1205 Y-188.2772
G1 X54.2409 Y-188.1106
G1 X54.3649 Y-187.9473
G1 X54.4929 Y-187.7870
G1 X54.6247 Y-187.6303
G1 X54.7601 Y-187.4769
G1 X54.8996 Y-187.3270
G1 X55.0426 Y-187.1807
G1 X55.1891 Y-187.0382
G1 X55.3395 Y-186.8993
G1 X55.4937 Y-186.7642
G1 X55.6511 Y-186.6331
G1 X55.8124 Y-186.5059
G1 X55.9773 Y-186.3827
G1 X56.1457 Y-186.2638
G1 X56.3174 Y-186.1487
G1 X56.4929 Y-186.0382
G1 X56.6717 Y-185.9318
G1 X56.8538 Y-185.8300
G1 X57.0395 Y-185.7327
G1 X57.2287 Y-185.6397
G1 X57.6628 Y-185.4342
G1 X57.8597 Y-185.3420
G1 X58.0441 Y-185.2567
G1 X58.2158 Y-185.1784
G1 X58.3761 Y-185.1076
G1 X58.5246 Y-185.0436
G1 X58.6626 Y-184.9869
G1 X58.7901 Y-184.9377
G1 X58.9074 Y-184.8955
G1 X59.0156 Y-184.8609
G1 X59.1144 Y-184.8335
G1 X59.2051 Y-184.8137
G1 X59.2874 Y-184.8015
G1 X59.3623 Y-184.7969
G1 X59.4299 Y-184.7997
G1 X59.4911 Y-184.8104
G1 X59.5460 Y-184.8287
G1 X59.5950 Y-184.8548
G1 X59.6389 Y-184.8889
G1 X59.6781 Y-184.9305
G1 X59.7129 Y-184.9803
G1 X59.7438 Y-185.0380
G1 X59.7715 Y-185.1038
G1 X59.7962 Y-185.1774
G1 X59.8185 Y-185.2592
G1 X59.8391 Y-185.3494
G1 X59.8579 Y-185.4477
G1 X59.8757 Y-185.5541
G1 X59.8929 Y-185.6689
G1 X59.9102 Y-185.7921
G1 X59.9501 Y-186.0845
G1 X59.9740 Y-186.2458
G1 X59.9994 Y-186.4073
G1 X60.0263 Y-186.5691
G1 X60.0550 Y-186.7314
G1 X60.0850 Y-186.8937
G1 X60.1167 Y-187.0563
G1 X60.1497 Y-187.2186
G1 X60.1843 Y-187.3811
G1 X60.2201 Y-187.5434
G1 X60.2574 Y-187.7055
G1 X60.2960 Y-187.8673
G1 X60.3359 Y-188.0286
G1 X60.3771 Y-188.1894
G1 X60.4195 Y-188.3496
G1 X60.4629 Y-188.5094
G1 X60.5076 Y-188.6684
G1 X60.5536 Y-188.8266
G1 X60.6003 Y-188.9839
G1 X60.6483 Y-189.1403
G1 X60.6974 Y-189.2955
G1 X60.7474 Y-189.4497
G1 X60.7982 Y-189.6026
G1 X60.8500 Y-189.7543
G1 X60.9029 Y-189.9046
G1 X60.9564 Y-190.0535
G1 X61.0108 Y-190.2008
G1 X61.0659 Y-190.3463
G1 X61.1218 Y-190.4903
G1 X61.1782 Y-190.6326
G1 X61.2356 Y-190.7730
G1 X61.2932 Y-190.9115
G1 X61.3519 Y-191.0479
G1 X61.4108 Y-191.1822
G1 X61.4705 Y-191.3143
G1 X61.5305 Y-191.4441
G1 X61.5909 Y-191.5716
G1 X61.6519 Y-191.6966
G1 X61.7134 Y-191.8193
G1 X61.7751 Y-191.9392
G1 X61.8371 Y-192.0565
G1 X61.8993 Y-192.1708
G1 X61.9620 Y-192.2826
G1 X62.0248 Y-192.3913
G1 X62.0878 Y-192.4972
G1 X62.1508 Y-192.5998
G1 X62.2143 Y-192.6991
G1 X62.2775 Y-192.7954
G1 X62.3407 Y-192.8884
G1 X62.4042 Y-192.9780
G1 X62.4675 Y-193.0639
G1 X62.5310 Y-193.1464
G1 X62.5942 Y-193.2252
G1 X62.6572 Y-193.3001
G1 X62.7202 Y-193.3715
G1 X62.7830 Y-193.4388
G1 X62.8454 Y-193.5020
G1 X62.9077 Y-193.5615
G1 X62.9696 Y-193.6166
G1 X63.0314 Y-193.6674
G1 X63.0926 Y-193.7141
G1 X63.1533 Y-193.7563
G1 X63.2137 Y-193.7939
G1 X63.2737 Y-193.8271
G1 X63.3710 Y-193.8759
G1 X63.4624 Y-193.9186
G1 X63.5480 Y-193.9552
G1 X63.6280 Y-193.9856
G1 X63.7019 Y-194.0100
G1 X63.7703 Y-194.0281
G1 X63.8327 Y-194.0397
G1 X63.8894 Y-194.0453
G1 X63.9404 Y-194.0443
G1 X63.9856 Y-194.0369
G1 X64.0250 Y-194.0232
G1 X64.0588 Y-194.0029
G1 X64.0867 Y-193.9760
G1 X64.1091 Y-193.9427
G1 X64.1256 Y-193.9026
G1 X64.1365 Y-193.8558
G1 X64.1416 Y-193.8025
G1 X64.1411 Y-193.7421
G1 X64.1347 Y-193.6753
G1 X64.1228 Y-193.6013
G1 X64.1053 Y-193.5206
G1 X64.0819 Y-193.4327
G1 X64.0530 Y-193.3379
G1 X64.0184 Y-193.2363
G1 X63.9783 Y-193.1276
G1 X63.9323 Y-193.0116
G1 X63.8807 Y-192.8886
G1 X63.8236 Y-192.7583
G1 X63.7609 Y-192.6206
G1 X63.6925 Y-192.4759
G1 X63.6184 Y-192.3237
G1 X63.4263 Y-191.9374
G1 X63.3176 Y-191.7116
G1 X63.2132 Y-191.4865
G1 X63.1126 Y-191.2625
G1 X63.0161 Y-191.0395
G1 X62.9239 Y-190.8172
G1 X62.8355 Y-190.5960
G1 X62.7512 Y-190.3758
G1 X62.6707 Y-190.1568
G1 X62.5945 Y-189.9389
G1 X62.5224 Y-189.7220
G1 X62.4540 Y-189.5061
G1 X62.3898 Y-189.2917
G1 X62.3296 Y-189.0784
G1 X62.2734 Y-188.8663
G1 X62.2214 Y-188.6552
G1 X62.1731 Y-188.4456
G1 X62.1289 Y-188.2374
G1 X62.0888 Y-188.0306
G1 X62.0527 Y-187.8251
G1 X62.0204 Y-187.6209
G1 X61.9925 Y-187.4182
G1 X61.9684 Y-187.2171
G1 X61.9481 Y-187.0172
G1 X61.9321 Y-186.8190
G1 X61.9199 Y-186.6224
G1 X61.9117 Y-186.4274
G1 X61.9077 Y-186.2338
G1 X61.9074 Y-186.0420
G1 X61.9112 Y-185.8518
G1 X61.9191 Y-185.6633
G1 X61.9308 Y-185.4766
G1 X61.9465 Y-185.2917
G1 X61.9663 Y-185.1086
G1 X61.9900 Y-184.9272
G1 X62.0177 Y-184.7477
G1 X62.0492 Y-184.5701
G1 X62.0850 Y-184.3943
G1 X62.1243 Y-184.2206
G1 X62.1680 Y-184.0487
G1 X62.2155 Y-183.8787
G1 X62.2668 Y-183.7111
G1 X62.3222 Y-183.5452
G1 X62.3816 Y-183.3814
G1 X62.4449 Y-183.2199
G1 X62.5122 Y-183.0603
G1 X62.5833 Y-182.9031
G1 X62.6585 Y-182.7479
G1 X62.7377 Y-182.5950
G1 X62.8208 Y-182.4444
G1 X62.9077 Y-182.2961
G1 X62.9986 Y-182.1503
G1 X63.0933 Y-182.0065
G1 X63.1922 Y-181.8650
G1 X63.2950 Y-181.7263
G1 X63.4014 Y-181.5897
G1 X63.5122 Y-181.4556
G1 X63.6265 Y-181.3243
G1 X63.7451 Y-181.1952
G1 X63.8673 Y-181.0687
G1 X63.9935 Y-180.9448
G1 X64.1238 Y-180.8234
G1 X64.2579 Y-180.7047
G1 X64.3959 Y-180.5887
G1 X64.5013 Y-180.5046
G1 X64.6148 Y-180.4180
G1 X64.7362 Y-180.3291
G1 X64.8647 Y-180.2387
G1 X64.9996 Y-180.1465
G1 X65.1401 Y-180.0532
G1 X65.2859 Y-179.9590
G1 X65.4360 Y-179.8645
G1 X65.5899 Y-179.7698
G1 X65.7471 Y-179.6753
G1 X65.9069 Y-179.5813
G1 X66.0682 Y-179.4881
G1 X66.2310 Y-179.3961
G1 X66.3943 Y-179.3060
G1 X66.5577 Y-179.2173
G1 X66.7202 Y-179.1312
G1 X66.8815 Y-179.0476
G1 X67.0408 Y-178.9669
G1 X67.1975 Y-178.8894
G1 X67.3506 Y-178.8155
G1 X67.5000 Y-178.7454
G1 X67.6448 Y-178.6799
G1 X67.7845 Y-178.6186
G1 X67.9181 Y-178.5625
G1 X68.0453 Y-178.5117
G1 X68.1652 Y-178.4662
G1 X68.2775 Y-178.4271
G1 X68.3811 Y-178.3941
G1 X68.4759 Y-178.3677
G1 X68.5607 Y-178.3484
G1 X68.6351 Y-178.3362
G1 X68.6986 Y-178.3319
G1 X68.6986 Y-178.3319
G1 X68.7296 Y-178.3331
G1 X68.7659 Y-178.3382
G1 X68.8076 Y-178.3464
G1 X68.8543 Y-178.3578
G1 X68.9061 Y-178.3723
G1 X68.9625 Y-178.3898
G1 X69.0235 Y-178.4101
G1 X69.0890 Y-178.4335
G1 X69.1586 Y-178.4596
G1 X69.2325 Y-178.4886
G1 X69.3102 Y-178.5198
G1 X69.4769 Y-178.5899
G1 X69.6570 Y-178.6694
G1 X69.8497 Y-178.7576
G1 X69.9503 Y-178.8046
G1 X70.0537 Y-178.8536
G1 X70.2671 Y-178.9567
G1 X70.4893 Y-179.0662
G1 X70.7184 Y-179.1815
G1 X70.9534 Y-179.3019
G1 X71.0725 Y-179.3639
G1 X71.3138 Y-179.4904
G1 X71.4355 Y-179.5551
G1 X71.6798 Y-179.6862
G1 X71.9247 Y-179.8196
G1 X72.2902 Y-180.0225
G1 X72.5307 Y-180.1581
G1 X72.6493 Y-180.2260
G1 X72.8830 Y-180.3611
G1 X73.1109 Y-180.4949
G1 X73.3311 Y-180.6268
G1 X73.4380 Y-180.6915
G1 X73.5427 Y-180.7555
G1 X73.7441 Y-180.8810
G1 X73.8406 Y-180.9422
G1 X74.0245 Y-181.0611
G1 X74.1114 Y-181.1188
G1 X74.1949 Y-181.1749
G1 X74.2747 Y-181.2295
G1 X74.3506 Y-181.2826
G1 X74.4225 Y-181.3339
G1 X74.4903 Y-181.3837
G1 X74.5538 Y-181.4314
G1 X74.6128 Y-181.4772
G1 X74.6671 Y-181.5211
G1 X74.7166 Y-181.5628
G1 X75.7420 Y-182.4492
G1 X74.8251 Y-183.4215
G1 X74.6788 Y-183.5734
G1 X74.5340 Y-183.7169
G1 X74.3908 Y-183.8523
G1 X74.2485 Y-183.9791
G1 X74.1075 Y-184.0977
G1 X73.9676 Y-184.2082
G1 X73.8281 Y-184.3103
G1 X73.6890 Y-184.4043
G1 X73.5503 Y-184.4901
G1 X73.4118 Y-184.5678
G1 X73.2729 Y-184.6377
G1 X73.1340 Y-184.6991
G1 X72.9945 Y-184.7530
G1 X72.8543 Y-184.7985
G1 X72.7131 Y-184.8363
G1 X72.5708 Y-184.8663
G1 X72.4273 Y-184.8881
G1 X72.2826 Y-184.9023
G1 X72.1357 Y-184.9087
G1 X71.9874 Y-184.9074
G1 X71.8368 Y-184.8983
G1 X71.6839 Y-184.8815
G1 X71.5287 Y-184.8571
G1 X71.3710 Y-184.8251
G1 X71.2102 Y-184.7855
G1 X71.0463 Y-184.7383
G1 X70.8792 Y-184.6837
G1 X70.7088 Y-184.6214
G1 X70.5348 Y-184.5518
G1 X70.3570 Y-184.4749
G1 X70.1751 Y-184.3905
G1 X69.9889 Y-184.2991
G1 X68.7154 Y-183.6542
G1 X68.8663 Y-185.9796
G1 X68.8746 Y-186.1033
G1 X68.8838 Y-186.2267
G1 X68.8939 Y-186.3501
G1 X68.9049 Y-186.4733
G1 X68.9166 Y-186.5960
G1 X68.9290 Y-186.7187
G1 X68.9422 Y-186.8411
G1 X68.9564 Y-186.9636
G1 X68.9714 Y-187.0855
G1 X68.9872 Y-187.2071
G1 X69.0037 Y-187.3286
G1 X69.0209 Y-187.4500
G1 X69.0392 Y-187.5709
G1 X69.0583 Y-187.6918
G1 X69.0781 Y-187.8124
G1 X69.0987 Y-187.9326
G1 X69.1200 Y-188.0527
G1 X69.1421 Y-188.1726
G1 X69.1652 Y-188.2922
G1 X69.1888 Y-188.4114
G1 X69.2135 Y-188.5305
G1 X69.2389 Y-188.6494
G1 X69.2650 Y-188.7680
G1 X69.2920 Y-188.8861
G1 X69.3196 Y-189.0042
G1 X69.3481 Y-189.1218
G1 X69.3776 Y-189.2394
G1 X69.4075 Y-189.3567
G1 X69.4385 Y-189.4736
G1 X69.4703 Y-189.5902
G1 X69.5028 Y-189.7068
G1 X69.5358 Y-189.8228
G1 X69.5698 Y-189.9387
G1 X69.6046 Y-190.0542
G1 X69.6405 Y-190.1695
G1 X69.6768 Y-190.2844
G1 X69.7139 Y-190.3992
G1 X69.7517 Y-190.5135
G1 X69.7906 Y-190.6278
G1 X69.8299 Y-190.7416
G1 X69.8703 Y-190.8551
G1 X69.9112 Y-190.9681
G1 X69.9531 Y-191.0812
G1 X69.9955 Y-191.1937
G1 X70.0390 Y-191.3062
G1 X70.0829 Y-191.4182
G1 X70.1733 Y-191.6412
G1 X70.2198 Y-191.7522
G1 X70.2671 Y-191.8630
G1 X70.3148 Y-191.9735
G1 X70.3636 Y-192.0837
G1 X70.4131 Y-192.1934
G1 X70.4632 Y-192.3029
G1 X70.5142 Y-192.4121
G1 X70.5658 Y-192.5208
G1 X70.6183 Y-192.6295
G1 X70.6714 Y-192.7375
G1 X70.7255 Y-192.8454
G1 X70.7801 Y-192.9529
G1 X70.8358 Y-193.0601
G1 X70.8919 Y-193.1670
G1 X70.9488 Y-193.2734
G1 X71.0065 Y-193.3796
G1 X71.0649 Y-193.4853
G1 X71.1840 Y-193.6958
G1 X71.2447 Y-193.8005
G1 X71.3062 Y-193.9049
G1 X71.3684 Y-194.0090
G1 X71.4314 Y-194.1126
G1 X71.4949 Y-194.2158
G1 X71.5594 Y-194.3189
G1 X71.6244 Y-194.4213
G1 X71.6902 Y-194.5236
G1 X71.7568 Y-194.6255
G1 X71.8241 Y-194.7268
G1 X71.8922 Y-194.8279
G1 X71.9610 Y-194.9287
G1 X72.0303 Y-195.0291
G1 X72.1007 Y-195.1289
G1 X72.1716 Y-195.2285
G1 X72.2432 Y-195.3278
G1 X72.3156 Y-195.4266
G1 X72.3887 Y-195.5249
G1 X72.4626 Y-195.6229
G1 X72.5371 Y-195.7205
G1 X72.6125 Y-195.8177
G1 X72.6885 Y-195.9145
G1 X72.7652 Y-196.0110
G1 X72.8426 Y-196.1070
G1 X72.9209 Y-196.2026
G1 X72.9996 Y-196.2978
G1 X73.0791 Y-196.3928
G1 X73.1594 Y-196.4870
G1 X73.2404 Y-196.5810
G1 X73.3222 Y-196.6747
G1 X73.4045 Y-196.7680
G1 X73.4875 Y-196.8607
G1 X73.5714 Y-196.9529
G1 X73.6559 Y-197.0448
G1 X73.7413 Y-197.1363
G1 X73.8271 Y-197.2274
G1 X73.9137 Y-197.3179
G1 X74.0011 Y-197.4083
G1 X74.0890 Y-197.4980
G1 X74.1779 Y-197.5874
G1 X74.2673 Y-197.6763
G1 X74.3575 Y-197.7647
G1 X74.4482 Y-197.8525
G1 X74.5396 Y-197.9402
G1 X74.6318 Y-198.0273
G1 X74.7248 Y-198.1139
G1 X74.8182 Y-198.2003
G1 X74.9125 Y-198.2859
G1 X75.0075 Y-198.3712
G1 X75.1032 Y-198.4560
G1 X75.1995 Y-198.5406
G1 X75.2965 Y-198.6244
G1 X75.3941 Y-198.7080
G1 X75.4926 Y-198.7911
G1 X75.5914 Y-198.8736
G1 X75.6912 Y-198.9557
G1 X75.7916 Y-199.0372
G1 X75.8927 Y-199.1185
G1 X75.9945 Y-199.1990
G1 X76.0969 Y-199.2793
G1 X76.2000 Y-199.3590
G1 X76.4408 Y-199.5424
G1 X76.6745 Y-199.7166
G1 X76.9010 Y-199.8817
G1 X77.0115 Y-199.9610
G1 X77.1205 Y-200.0380
G1 X77.2274 Y-200.1126
G1 X77.3328 Y-200.1850
G1 X77.4362 Y-200.2551
G1 X77.5381 Y-200.3229
G1 X77.6384 Y-200.3887
G1 X77.7367 Y-200.4522
G1 X77.8335 Y-200.5134
G1 X77.9285 Y-200.5724
G1 X78.0219 Y-200.6290
G1 X78.1134 Y-200.6836
G1 X78.2036 Y-200.7359
G1 X78.2919 Y-200.7860
G1 X78.3786 Y-200.8337
G1 X78.4636 Y-200.8795
G1 X78.5472 Y-200.9229
G1 X78.6290 Y-200.9640
G1 X78.7093 Y-201.0029
G1 X78.7880 Y-201.0397
G1 X78.8650 Y-201.0745
G1 X78.9407 Y-201.1068
G1 X79.0146 Y-201.1370
G1 X79.0870 Y-201.1650
G1 X79.1576 Y-201.1909
G1 X79.2269 Y-201.2145
G1 X79.2947 Y-201.2361
G1 X79.3610 Y-201.2551
G1 X79.4258 Y-201.2724
G1 X79.4890 Y-201.2874
G1 X79.5508 Y-201.3001
G1 X79.6110 Y-201.3107
G1 X79.6696 Y-201.3191
G1 X79.7270 Y-201.3255
G1 X79.7829 Y-201.3295
G1 X79.8373 Y-201.3313
G1 X79.8904 Y-201.3313
G1 X79.9419 Y-201.3290
G1 X79.9920 Y-201.3245
G1 X80.0407 Y-201.3179
G1 X80.0882 Y-201.3090
G1 X80.1342 Y-201.2983
G1 X80.1787 Y-201.2851
G1 X80.2218 Y-201.2701
G1 X80.2637 Y-201.2528
G1 X80.3044 Y-201.2333
G1 X80.3435 Y-201.2119
G1 X80.3813 Y-201.1883
G1 X80.4179 Y-201.1624
G1 X80.4530 Y-201.1345
G1 X80.4870 Y-201.1045
G1 X80.5195 Y-201.0725
G1 X80.5508 Y-201.0385
G1 X80.5810 Y-201.0021
G1 X80.6097 Y-200.9638
G1 X80.6371 Y-200.9234
G1 X80.6635 Y-200.8807
G1 X80.6887 Y-200.8360
G1 X80.7306 Y-200.7504
G1 X80.7690 Y-200.6575
G1 X80.8040 Y-200.5576
G1 X80.8355 Y-200.4512
G1 X80.8634 Y-200.3387
G1 X80.8881 Y-200.2208
G1 X80.9094 Y-200.0976
G1 X80.9274 Y-199.9701
G1 X80.9422 Y-199.8386
G1 X80.9534 Y-199.7034
G1 X80.9615 Y-199.5653
G1 X80.9666 Y-199.4243
G1 X80.9681 Y-199.2813
G1 X80.9668 Y-199.1365
G1 X80.9620 Y-198.9905
G1 X80.9544 Y-198.8439
G1 X80.9437 Y-198.6968
G1 X80.9297 Y-198.5503
G1 X80.9130 Y-198.4042
G1 X80.8932 Y-198.2594
G1 X80.8706 Y-198.1164
G1 X80.8449 Y-197.9755
G1 X80.8162 Y-197.8373
G1 X80.7850 Y-197.7022
G1 X80.7507 Y-197.5703
G1 X80.7136 Y-197.4428
G1 X80.6737 Y-197.3199
G1 X80.6313 Y-197.2020
G1 X80.5861 Y-197.0898
G1 X80.5381 Y-196.9834
G1 X80.4875 Y-196.8833
G1 X80.4344 Y-196.7903
G1 X80.3151 Y-196.5833
G1 X80.2119 Y-196.3801
G1 X80.1251 Y-196.1802
G1 X80.0539 Y-195.9834
G1 X79.9991 Y-195.7901
G1 X79.9602 Y-195.5996
G1 X79.9376 Y-195.4121
G1 X79.9310 Y-195.2272
G1 X79.9404 Y-195.0453
G1 X79.9658 Y-194.8660
G1 X80.0075 Y-194.6890
G1 X80.0651 Y-194.5145
G1 X80.1390 Y-194.3423
G1 X80.2287 Y-194.1721
G1 X80.3346 Y-194.0039
G1 X80.4568 Y-193.8378
G1 X80.5731 Y-193.6989
G1 X80.7029 Y-193.5612
G1 X80.8441 Y-193.4256
G1 X80.9950 Y-193.2932
G1 X81.1538 Y-193.1650
G1 X81.3186 Y-193.0423
G1 X81.4875 Y-192.9260
G1 X81.6590 Y-192.8172
G1 X81.8312 Y-192.7172
G1 X82.0021 Y-192.6270
G1 X82.1700 Y-192.5475
G1 X82.3331 Y-192.4802
G1 X82.4895 Y-192.4258
G1 X82.6379 Y-192.3854
G1 X82.7758 Y-192.3605
G1 X82.9015 Y-192.3522
G1 X82.9252 Y-192.3550
G1 X82.9503 Y-192.3639
G1 X82.9765 Y-192.3783
G1 X83.0039 Y-192.3989
G1 X83.0326 Y-192.4248
G1 X83.0626 Y-192.4568
G1 X83.0936 Y-192.4944
G1 X83.1258 Y-192.5378
G1 X83.1593 Y-192.5866
; Retract
G1 Z2.5400 F2540

; Path 23
; Rapid to initial position
G1 X52.1777 Y-189.4134 F2540
G1 Z0.0000
; plunge
G1 Z-3.1750 F127
; cut
G1 X52.1744 Y-189.4416 F1016
G1 X52.1655 Y-189.5097
G1 X52.1551 Y-189.5780
G1 X52.1434 Y-189.6466
G1 X52.1302 Y-189.7151
G1 X52.1157 Y-189.7842
G1 X52.0997 Y-189.8533
G1 X52.0824 Y-189.9229
G1 X52.0636 Y-189.9928
G1 X52.0433 Y-190.0626
G1 X52.0217 Y-190.1330
G1 X51.9989 Y-190.2033
G1 X51.9745 Y-190.2742
G1 X51.9486 Y-190.3453
G1 X51.9214 Y-190.4167
G1 X51.8927 Y-190.4883
G1 X51.8625 Y-190.5602
G1 X51.8310 Y-190.6323
G1 X51.7980 Y-190.7050
G1 X51.7634 Y-190.7779
G1 X51.7276 Y-190.8508
G1 X51.6903 Y-190.9244
G1 X51.6517 Y-190.9981
G1 X51.6113 Y-191.0723
G1 X51.5696 Y-191.1467
G1 X51.5264 Y-191.2214
G1 X51.4820 Y-191.2963
G1 X51.4358 Y-191.3717
G1 X51.3883 Y-191.4474
G1 X51.3392 Y-191.5236
G1 X51.2889 Y-191.6001
G1 X51.2369 Y-191.6768
G1 X51.1835 Y-191.7540
G1 X51.1287 Y-191.8315
G1 X51.0723 Y-191.9094
G1 X51.0144 Y-191.9877
G1 X50.9549 Y-192.0664
G1 X50.8940 Y-192.1454
G1 X50.8317 Y-192.2249
G1 X50.7677 Y-192.3047
G1 X50.7025 Y-192.3849
G1 X50.6357 Y-192.4655
G1 X50.5671 Y-192.5465
G1 X50.4972 Y-192.6278
G1 X50.4259 Y-192.7095
G1 X50.3530 Y-192.7918
G1 X50.2785 Y-192.8746
G1 X50.2023 Y-192.9577
G1 X50.1249 Y-193.0413
G1 X50.0459 Y-193.1251
G1 X49.9654 Y-193.2094
G1 X49.8831 Y-193.2943
G1 X49.7995 Y-193.3796
G1 X49.7144 Y-193.4655
G1 X49.6275 Y-193.5516
G1 X49.5391 Y-193.6382
G1 X49.4495 Y-193.7253
G1 X49.3580 Y-193.8129
G1 X49.2651 Y-193.9011
G1 X49.0743 Y-194.0786
G1 X48.8775 Y-194.2582
G1 X48.7766 Y-194.3486
G1 X48.5587 Y-194.5422
G1 X48.4434 Y-194.6453
G1 X48.3286 Y-194.7489
G1 X48.1005 Y-194.9567
G1 X47.8760 Y-195.1645
G1 X47.7655 Y-195.2678
G1 X47.5491 Y-195.4728
G1 X47.3395 Y-195.6737
G1 X47.1383 Y-195.8698
G1 X47.0416 Y-195.9653
G1 X46.8559 Y-196.1510
G1 X46.7672 Y-196.2407
G1 X46.6819 Y-196.3280
G1 X46.6001 Y-196.4129
G1 X46.4467 Y-196.5744
G1 X46.3758 Y-196.6506
G1 X46.3090 Y-196.7238
G1 X46.2463 Y-196.7934
G1 X46.1881 Y-196.8597
G1 X46.1343 Y-196.9221
G1 X46.0855 Y-196.9806
G1 X46.0413 Y-197.0349
G1 X46.0024 Y-197.0852
G1 X45.9687 Y-197.1309
G1 X45.9405 Y-197.1721
G1 X45.8287 Y-197.3296
G1 X45.7002 Y-197.4893
G1 X45.5597 Y-197.6468
G1 X45.4114 Y-197.7979
G1 X45.2603 Y-197.9376
G1 X45.1104 Y-198.0621
G1 X44.9666 Y-198.1665
G1 X44.8333 Y-198.2467
G1 X44.7766 Y-198.2782
G1 X44.7182 Y-198.3143
G1 X44.6583 Y-198.3547
G1 X44.5968 Y-198.3991
G1 X44.5338 Y-198.4479
G1 X44.4693 Y-198.5007
G1 X44.4033 Y-198.5579
G1 X44.3357 Y-198.6191
G1 X44.2669 Y-198.6841
G1 X44.1968 Y-198.7532
G1 X44.1254 Y-198.8264
G1 X44.0525 Y-198.9031
G1 X43.9786 Y-198.9839
G1 X43.9036 Y-199.0684
G1 X43.8274 Y-199.1566
G1 X43.7500 Y-199.2485
G1 X43.6717 Y-199.3438
G1 X43.5922 Y-199.4428
G1 X43.5120 Y-199.5454
G1 X43.4307 Y-199.6516
G1 X43.3487 Y-199.7608
G1 X43.2659 Y-199.8739
G1 X43.1820 Y-199.9899
G1 X43.0977 Y-200.1093
G1 X43.0124 Y-200.2318
G1 X42.9265 Y-200.3577
G1 X42.8401 Y-200.4865
G1 X42.7530 Y-200.6183
G1 X42.6654 Y-200.7535
G1 X42.5773 Y-200.8914
G1 X42.4889 Y-201.0321
G1 X42.3997 Y-201.1759
G1 X42.3733 Y-201.2175
G1 X42.3421 Y-201.2650
G1 X42.3060 Y-201.3179
G1 X42.2204 Y-201.4390
G1 X42.1711 Y-201.5071
G1 X42.1178 Y-201.5797
G1 X41.9992 Y-201.7380
G1 X41.8663 Y-201.9125
G1 X41.7947 Y-202.0052
G1 X41.6423 Y-202.2010
G1 X41.4787 Y-202.4088
G1 X41.3050 Y-202.6272
G1 X41.2148 Y-202.7398
G1 X41.0284 Y-202.9709
G1 X40.8351 Y-203.2084
G1 X40.7363 Y-203.3290
G1 X40.4330 Y-203.6966
G1 X40.2267 Y-203.9440
G1 X40.0190 Y-204.1914
G1 X38.9989 Y-205.3923
G1 X38.7782 Y-205.6547
G1 X38.6745 Y-205.7789
G1 X38.5755 Y-205.8985
G1 X38.4805 Y-206.0141
G1 X38.3903 Y-206.1256
G1 X38.3042 Y-206.2333
G1 X38.2227 Y-206.3369
G1 X38.1452 Y-206.4370
G1 X38.0723 Y-206.5335
G1 X38.0037 Y-206.6267
G1 X37.9392 Y-206.7169
G1 X37.8790 Y-206.8038
G1 X37.8231 Y-206.8878
G1 X37.7713 Y-206.9691
G1 X37.7238 Y-207.0478
G1 X37.6806 Y-207.1240
G1 X37.6413 Y-207.1977
G1 X37.6062 Y-207.2696
G1 X37.5752 Y-207.3392
G1 X37.5486 Y-207.4070
G1 X37.5257 Y-207.4730
G1 X37.5069 Y-207.5376
G1 X37.4922 Y-207.6008
G1 X37.4813 Y-207.6625
G1 X37.4747 Y-207.7232
G1 X37.4719 Y-207.7829
G1 X37.4729 Y-207.8418
G1 X37.4780 Y-207.9000
G1 X37.4868 Y-207.9577
G1 X37.4995 Y-208.0148
G1 X37.5163 Y-208.0717
G1 X37.5369 Y-208.1286
G1 X37.5610 Y-208.1858
G1 X37.5892 Y-208.2429
G1 X37.6210 Y-208.3003
G1 X37.6565 Y-208.3582
G1 X37.6959 Y-208.4169
G1 X37.7388 Y-208.4763
G1 X37.7855 Y-208.5368
G1 X37.8358 Y-208.5983
G1 X37.8899 Y-208.6610
G1 X37.9476 Y-208.7250
G1 X38.0088 Y-208.7908
G1 X38.0736 Y-208.8581
G1 X38.1419 Y-208.9272
G1 X38.2138 Y-208.9983
G1 X38.2892 Y-209.0717
G1 X38.3680 Y-209.1472
G1 X38.4503 Y-209.2251
G1 X38.6253 Y-209.3890
G1 X39.0162 Y-209.7522
G1 X39.2707 Y-209.9899
G1 X39.4195 Y-210.1276
G1 X39.5686 Y-210.2645
G1 X39.7177 Y-210.4001
G1 X39.8668 Y-210.5350
G1 X40.0164 Y-210.6689
G1 X40.3156 Y-210.9335
G1 X40.4655 Y-211.0643
G1 X40.6154 Y-211.1941
G1 X40.7655 Y-211.3229
G1 X40.9158 Y-211.4509
G1 X41.0660 Y-211.5777
G1 X41.2163 Y-211.7037
G1 X41.3669 Y-211.8284
G1 X41.5176 Y-211.9523
G1 X41.6682 Y-212.0753
G1 X41.8188 Y-212.1969
G1 X41.9697 Y-212.3178
G1 X42.1206 Y-212.4375
G1 X42.2714 Y-212.5563
G1 X42.4226 Y-212.6742
G1 X42.5734 Y-212.7908
G1 X42.7246 Y-212.9064
G1 X42.8757 Y-213.0212
G1 X43.0268 Y-213.1347
G1 X43.1780 Y-213.2472
G1 X43.3291 Y-213.3587
G1 X43.4802 Y-213.4692
G1 X43.6314 Y-213.5787
G1 X43.7825 Y-213.6872
G1 X43.9336 Y-213.7943
G1 X44.0847 Y-213.9008
G1 X44.2359 Y-214.0059
G1 X44.3870 Y-214.1101
G1 X44.5381 Y-214.2132
G1 X44.6890 Y-214.3150
G1 X44.8399 Y-214.4161
G1 X44.9908 Y-214.5160
G1 X45.1416 Y-214.6145
G1 X45.2925 Y-214.7123
G1 X45.4431 Y-214.8088
G1 X45.5938 Y-214.9043
G1 X45.7444 Y-214.9988
G1 X45.8948 Y-215.0923
G1 X46.0451 Y-215.1845
G1 X46.1955 Y-215.2757
G1 X46.3456 Y-215.3656
G1 X46.4957 Y-215.4545
G1 X46.6456 Y-215.5424
G1 X46.7954 Y-215.6290
G1 X46.9450 Y-215.7146
G1 X47.0946 Y-215.7992
G1 X47.2440 Y-215.8825
G1 X47.3934 Y-215.9648
G1 X47.5425 Y-216.0458
G1 X47.6913 Y-216.1258
G1 X47.8399 Y-216.2048
G1 X47.9885 Y-216.2825
G1 X48.1371 Y-216.3590
G1 X48.2851 Y-216.4344
G1 X48.4332 Y-216.5088
G1 X48.5811 Y-216.5820
G1 X48.7286 Y-216.6539
G1 X48.8759 Y-216.7247
G1 X49.0233 Y-216.7943
G1 X49.1703 Y-216.8629
G1 X49.3169 Y-216.9302
G1 X49.4635 Y-216.9965
G1 X49.6098 Y-217.0615
G1 X49.7558 Y-217.1256
G1 X49.9016 Y-217.1883
G1 X50.0471 Y-217.2498
G1 X50.1922 Y-217.3100
G1 X50.3372 Y-217.3691
G1 X50.4820 Y-217.4273
G1 X50.6263 Y-217.4839
G1 X50.7705 Y-217.5396
G1 X50.9143 Y-217.5939
G1 X51.0578 Y-217.6473
G1 X51.2011 Y-217.6991
G1 X51.3438 Y-217.7501
G1 X51.4866 Y-217.7997
G1 X51.6288 Y-217.8479
G1 X51.7708 Y-217.8952
G1 X51.9123 Y-217.9411
G1 X52.0535 Y-217.9858
G1 X52.1945 Y-218.0295
G1 X52.3349 Y-218.0717
G1 X52.4751 Y-218.1128
G1 X52.6151 Y-218.1527
G1 X52.7543 Y-218.1913
G1 X52.8935 Y-218.2287
G1 X53.0322 Y-218.2650
G1 X53.1703 Y-218.2998
G1 X53.3083 Y-218.3336
G1 X53.4457 Y-218.3658
G1 X53.5828 Y-218.3971
G1 X53.7195 Y-218.4270
G1 X53.8556 Y-218.4557
G1 X53.9915 Y-218.4832
G1 X54.1269 Y-218.5093
G1 X54.2618 Y-218.5342
G1 X54.3961 Y-218.5579
G1 X54.5302 Y-218.5802
G1 X54.6638 Y-218.6013
G1 X54.7969 Y-218.6208
G1 X54.9295 Y-218.6394
G1 X55.0616 Y-218.6567
G1 X55.1932 Y-218.6727
G1 X55.3245 Y-218.6874
G1 X55.4551 Y-218.7009
G1 X55.5854 Y-218.7128
G1 X55.7149 Y-218.7237
G1 X55.8442 Y-218.7331
G1 X55.9727 Y-218.7412
G1 X56.1010 Y-218.7481
G1 X56.2285 Y-218.7537
G1 X56.3555 Y-218.7580
G1 X56.4820 Y-218.7611
G1 X56.6080 Y-218.7626
G1 X56.7334 Y-218.7628
G1 X56.8582 Y-218.7618
G1 X56.9824 Y-218.7595
G1 X57.1061 Y-218.7560
G1 X57.2292 Y-218.7509
G1 X57.3517 Y-218.7445
G1 X57.6831 Y-218.7235
G1 X57.8869 Y-218.7120
G1 X58.0834 Y-218.7029
G1 X58.2719 Y-218.6958
G1 X58.4512 Y-218.6910
G1 X58.6207 Y-218.6879
G1 X58.7786 Y-218.6871
G1 X58.9244 Y-218.6882
G1 X59.0568 Y-218.6915
G1 X59.1749 Y-218.6968
G1 X59.2778 Y-218.7039
G1 X59.3639 Y-218.7130
G1 X59.4327 Y-218.7242
G1 X59.4827 Y-218.7374
G1 X59.5132 Y-218.7524
G1 X59.5231 Y-218.7692
G1 X59.5137 Y-218.8147
G1 X59.4906 Y-218.8662
G1 X59.4540 Y-218.9236
G1 X59.4050 Y-218.9858
G1 X59.3438 Y-219.0532
G1 X59.2717 Y-219.1248
G1 X59.1889 Y-219.2005
G1 X59.0964 Y-219.2795
G1 X58.9945 Y-219.3618
G1 X58.8846 Y-219.4466
G1 X58.7667 Y-219.5335
G1 X58.6420 Y-219.6221
G1 X58.5109 Y-219.7123
G1 X58.3743 Y-219.8035
G1 X58.2325 Y-219.8949
G1 X58.0868 Y-219.9864
G1 X57.9377 Y-220.0775
G1 X57.7855 Y-220.1677
G1 X57.6313 Y-220.2569
G1 X57.4756 Y-220.3442
G1 X57.3194 Y-220.4293
G1 X57.1630 Y-220.5119
G1 X57.0075 Y-220.5916
G1 X56.8533 Y-220.6678
G1 X56.7012 Y-220.7402
G1 X56.5518 Y-220.8083
G1 X56.4060 Y-220.8715
G1 X56.2643 Y-220.9297
G1 X56.1276 Y-220.9823
G1 X55.9966 Y-221.0288
G1 X55.8719 Y-221.0689
G1 X55.7540 Y-221.1022
G1 X55.5958 Y-221.1423
G1 X55.4406 Y-221.1796
G1 X55.2884 Y-221.2144
G1 X55.1388 Y-221.2464
G1 X54.9918 Y-221.2759
G1 X54.8467 Y-221.3026
G1 X54.7037 Y-221.3265
G1 X54.5625 Y-221.3475
G1 X54.4225 Y-221.3661
G1 X54.2839 Y-221.3818
G1 X54.1465 Y-221.3950
G1 X54.0095 Y-221.4052
G1 X53.8731 Y-221.4128
G1 X53.7373 Y-221.4176
G1 X53.6011 Y-221.4197
G1 X53.4650 Y-221.4192
G1 X53.3283 Y-221.4156
G1 X53.1912 Y-221.4095
G1 X53.0527 Y-221.4006
G1 X52.9135 Y-221.3889
G1 X52.7728 Y-221.3747
G1 X52.6303 Y-221.3574
G1 X52.4861 Y-221.3376
G1 X52.3397 Y-221.3148
G1 X52.1912 Y-221.2894
G1 X52.0398 Y-221.2612
G1 X51.8856 Y-221.2302
G1 X51.7286 Y-221.1962
G1 X51.5681 Y-221.1596
G1 X51.4040 Y-221.1202
G1 X51.2364 Y-221.0780
G1 X51.0647 Y-221.0331
G1 X50.9120 Y-220.9914
G1 X50.7589 Y-220.9480
G1 X50.6052 Y-220.9025
G1 X50.4507 Y-220.8555
G1 X50.2961 Y-220.8063
G1 X50.1406 Y-220.7555
G1 X49.9847 Y-220.7026
G1 X49.8279 Y-220.6480
G1 X49.6710 Y-220.5914
G1 X49.5132 Y-220.5330
G1 X49.3550 Y-220.4725
G1 X49.1960 Y-220.4103
G1 X49.0365 Y-220.3463
G1 X48.8767 Y-220.2802
G1 X48.7159 Y-220.2124
G1 X48.5549 Y-220.1428
G1 X48.3931 Y-220.0712
G1 X48.2308 Y-219.9978
G1 X48.0680 Y-219.9223
G1 X47.9044 Y-219.8451
G1 X47.7403 Y-219.7661
G1 X47.5757 Y-219.6851
G1 X47.4104 Y-219.6023
G1 X47.2448 Y-219.5175
G1 X47.0784 Y-219.4309
G1 X46.9113 Y-219.3425
G1 X46.7439 Y-219.2520
G1 X46.5757 Y-219.1596
G1 X46.4068 Y-219.0656
G1 X46.2377 Y-218.9693
G1 X46.0677 Y-218.8715
G1 X45.8970 Y-218.7717
G1 X45.7261 Y-218.6701
G1 X45.5544 Y-218.5665
G1 X45.3822 Y-218.4608
G1 X45.2092 Y-218.3536
G1 X45.0357 Y-218.2444
G1 X44.8617 Y-218.1332
G1 X44.6870 Y-218.0201
G1 X44.5117 Y-217.9053
G1 X44.3360 Y-217.7885
G1 X44.1594 Y-217.6696
G1 X43.9824 Y-217.5492
G1 X43.8048 Y-217.4268
G1 X43.6265 Y-217.3023
G1 X43.4477 Y-217.1761
G1 X43.2681 Y-217.0478
G1 X43.0883 Y-216.9178
G1 X42.9075 Y-216.7860
G1 X42.7264 Y-216.6521
G1 X42.5445 Y-216.5165
G1 X42.3619 Y-216.3788
G1 X42.1790 Y-216.2393
G1 X41.9953 Y-216.0979
G1 X41.8109 Y-215.9546
G1 X41.6260 Y-215.8093
G1 X41.4406 Y-215.6623
G1 X41.2544 Y-215.5132
G1 X41.0677 Y-215.3623
G1 X40.8803 Y-215.2096
G1 X40.6923 Y-215.0549
G1 X40.5039 Y-214.8982
G1 X40.3146 Y-214.7397
G1 X40.1249 Y-214.5795
G1 X39.5219 Y-214.0682
G1 X38.3896 Y-213.1126
G1 X37.6593 Y-212.5005
G1 X37.2318 Y-212.1456
G1 X36.5272 Y-211.5744
G1 X34.8732 Y-212.9869
G1 X34.6359 Y-213.1906
G1 X34.0213 Y-213.7204
G1 X33.8460 Y-213.8700
G1 X33.6837 Y-214.0067
G1 X33.6072 Y-214.0702
G1 X33.5336 Y-214.1304
G1 X33.4630 Y-214.1873
G1 X33.3949 Y-214.2411
G1 X33.3294 Y-214.2917
G1 X33.2666 Y-214.3392
G1 X33.2059 Y-214.3834
G1 X33.1475 Y-214.4248
G1 X33.0914 Y-214.4629
G1 X33.0373 Y-214.4979
G1 X32.9849 Y-214.5299
G1 X32.9347 Y-214.5589
G1 X32.8856 Y-214.5850
G1 X32.8384 Y-214.6079
G1 X32.7927 Y-214.6280
G1 X32.7482 Y-214.6450
G1 X32.7050 Y-214.6592
G1 X32.6629 Y-214.6704
G1 X32.6215 Y-214.6785
G1 X32.5813 Y-214.6841
G1 X32.5417 Y-214.6866
G1 X32.5026 Y-214.6864
G1 X32.4642 Y-214.6833
G1 X32.4261 Y-214.6775
G1 X32.3886 Y-214.6689
G1 X32.3510 Y-214.6574
G1 X32.3134 Y-214.6432
G1 X32.2758 Y-214.6264
G1 X32.2379 Y-214.6066
G1 X32.1998 Y-214.5845
G1 X32.1615 Y-214.5596
G1 X32.1224 Y-214.5320
G1 X32.0827 Y-214.5017
G1 X32.0424 Y-214.4690
G1 X32.0012 Y-214.4337
G1 X31.9590 Y-214.3958
G1 X31.9156 Y-214.3552
G1 X31.8712 Y-214.3122
G1 X31.8252 Y-214.2668
G1 X31.7779 Y-214.2188
G1 X31.6784 Y-214.1154
G1 X31.2677 Y-213.6780
G1 X31.1285 Y-213.5320
G1 X31.0548 Y-213.4565
G1 X30.9745 Y-213.3765
G1 X30.8879 Y-213.2919
G1 X30.7955 Y-213.2033
G1 X30.6969 Y-213.1106
G1 X30.5930 Y-213.0141
G1 X30.4838 Y-212.9142
G1 X30.3698 Y-212.8111
G1 X30.2509 Y-212.7049
G1 X30.1277 Y-212.5960
G1 X30.0002 Y-212.4845
G1 X29.8691 Y-212.3707
G1 X29.7343 Y-212.2548
G1 X29.5961 Y-212.1370
G1 X29.4549 Y-212.0174
G1 X29.3111 Y-211.8965
G1 X29.1645 Y-211.7743
G1 X29.0159 Y-211.6513
G1 X28.8653 Y-211.5274
G1 X28.7132 Y-211.4032
G1 X28.5595 Y-211.2785
G1 X28.4046 Y-211.1538
G1 X28.2491 Y-211.0293
G1 X28.0929 Y-210.9053
G1 X27.9362 Y-210.7819
G1 X27.6235 Y-210.5378
G1 X27.4676 Y-210.4177
G1 X27.3126 Y-210.2993
G1 X27.1587 Y-210.1825
G1 X27.0063 Y-210.0677
G1 X26.6616 Y-209.8111
G1 X26.4757 Y-209.6717
G1 X26.2971 Y-209.5370
G1 X26.1262 Y-209.4070
G1 X25.9626 Y-209.2815
G1 X25.8061 Y-209.1604
G1 X25.6570 Y-209.0435
G1 X25.5148 Y-208.9307
G1 X25.3797 Y-208.8223
G1 X25.2514 Y-208.7179
G1 X25.1300 Y-208.6176
G1 X25.0152 Y-208.5210
G1 X24.9072 Y-208.4286
G1 X24.8056 Y-208.3397
G1 X24.7106 Y-208.2543
G1 X24.6220 Y-208.1728
G1 X24.5394 Y-208.0946
G1 X24.4632 Y-208.0196
G1 X24.3931 Y-207.9483
G1 X24.3289 Y-207.8802
G1 X24.2707 Y-207.8149
G1 X24.2184 Y-207.7529
G1 X24.1717 Y-207.6940
G1 X24.1308 Y-207.6379
G1 X24.0952 Y-207.5848
G1 X24.0652 Y-207.5343
G1 X24.0408 Y-207.4862
G1 X24.0215 Y-207.4410
G1 X24.0073 Y-207.3984
G1 X23.9984 Y-207.3580
G1 X23.9946 Y-207.3199
G1 X23.9954 Y-207.2841
G1 X24.0043 Y-207.2216
G1 X24.0195 Y-207.1413
G1 X24.0411 Y-207.0438
G1 X24.0685 Y-206.9310
G1 X24.1016 Y-206.8038
G1 X24.1399 Y-206.6633
G1 X24.1828 Y-206.5111
G1 X24.2303 Y-206.3483
G1 X24.2816 Y-206.1761
G1 X24.3368 Y-205.9960
G1 X24.3952 Y-205.8093
G1 X24.4566 Y-205.6168
G1 X24.5204 Y-205.4202
G1 X24.5864 Y-205.2206
G1 X24.6543 Y-205.0194
G1 X24.7236 Y-204.8177
G1 X25.4008 Y-202.8635
G1 X23.1201 Y-200.7296
G1 X23.0015 Y-200.6176
G1 X22.8803 Y-200.5015
G1 X22.7574 Y-200.3819
G1 X22.6327 Y-200.2589
G1 X22.5064 Y-200.1329
G1 X22.3789 Y-200.0039
G1 X22.2501 Y-199.8726
G1 X22.1209 Y-199.7387
G1 X21.9908 Y-199.6029
G1 X21.8605 Y-199.4652
G1 X21.7302 Y-199.3262
G1 X21.6002 Y-199.1858
G1 X21.4704 Y-199.0446
G1 X21.3411 Y-198.9028
G1 X21.2128 Y-198.7603
G1 X21.0858 Y-198.6178
G1 X20.9598 Y-198.4756
G1 X20.8356 Y-198.3334
G1 X20.7132 Y-198.1921
G1 X20.5928 Y-198.0517
G1 X20.4749 Y-197.9125
G1 X20.3594 Y-197.7748
G1 X20.2466 Y-197.6387
G1 X20.1369 Y-197.5048
G1 X20.0304 Y-197.3730
G1 X19.9276 Y-197.2437
G1 X19.8285 Y-197.1175
G1 X19.7333 Y-196.9940
G1 X19.6421 Y-196.8741
G1 X19.5557 Y-196.7578
G1 X19.4737 Y-196.6453
G1 X19.3220 Y-196.4306
G1 X19.2461 Y-196.3245
G1 X19.1696 Y-196.2186
G1 X19.0924 Y-196.1129
G1 X19.0147 Y-196.0077
G1 X18.9367 Y-195.9033
G1 X18.8585 Y-195.7997
G1 X18.7018 Y-195.5957
G1 X18.6238 Y-195.4959
G1 X18.5461 Y-195.3974
G1 X18.4688 Y-195.3003
G1 X18.3164 Y-195.1124
G1 X18.2413 Y-195.0215
G1 X18.0947 Y-194.8470
G1 X17.9532 Y-194.6829
G1 X17.8846 Y-194.6054
G1 X17.8178 Y-194.5310
G1 X17.7531 Y-194.4599
G1 X17.6903 Y-194.3923
G1 X17.6296 Y-194.3283
G1 X17.5712 Y-194.2681
G1 X17.5151 Y-194.2120
G1 X17.4615 Y-194.1599
G1 X17.4109 Y-194.1121
G1 X17.3629 Y-194.0690
G1 X17.3180 Y-194.0303
G1 X17.2761 Y-193.9966
G1 X17.2375 Y-193.9676
G1 X17.1872 Y-193.9308
G1 X17.1331 Y-193.8886
G1 X17.0754 Y-193.8416
G1 X17.0142 Y-193.7898
G1 X16.9497 Y-193.7334
G1 X16.8816 Y-193.6725
G1 X16.8105 Y-193.6069
G1 X16.7363 Y-193.5371
G1 X16.6588 Y-193.4632
G1 X16.5788 Y-193.3852
G1 X16.4958 Y-193.3031
G1 X16.4102 Y-193.2175
G1 X16.3218 Y-193.1281
G1 X16.2311 Y-193.0352
G1 X16.1381 Y-192.9387
G1 X15.9454 Y-192.7360
G1 X15.8458 Y-192.6300
G1 X15.6411 Y-192.4093
G1 X15.4295 Y-192.1782
G1 X15.3215 Y-192.0588
G1 X15.1013 Y-191.8132
G1 X14.9893 Y-191.6872
G1 X14.7622 Y-191.4296
G1 X14.6474 Y-191.2983
G1 X14.4158 Y-191.0311
G1 X14.1816 Y-190.7586
G1 X13.9464 Y-190.4817
G1 X13.7107 Y-190.2018
G1 X13.4755 Y-189.9196
G1 X13.2415 Y-189.6361
G1 X13.1252 Y-189.4942
G1 X12.8948 Y-189.2109
G1 X12.6677 Y-188.9288
G1 X12.4452 Y-188.6488
G1 X12.2276 Y-188.3722
G1 X12.0160 Y-188.1000
G1 X11.8113 Y-187.8327
G1 X11.6144 Y-187.5719
G1 X11.5192 Y-187.4441
G1 X11.4262 Y-187.3184
G1 X11.3355 Y-187.1947
G1 X11.2471 Y-187.0730
G1 X11.1615 Y-186.9539
G1 X11.0785 Y-186.8371
G1 X10.9210 Y-186.6113
G1 X10.8572 Y-186.5180
G1 X10.7262 Y-186.3227
G1 X10.6591 Y-186.2211
G1 X10.5220 Y-186.0100
G1 X10.4521 Y-185.9008
G1 X10.3099 Y-185.6763
G1 X10.2377 Y-185.5607
G1 X10.0917 Y-185.3242
G1 X10.0180 Y-185.2036
G1 X9.8689 Y-184.9575
G1 X9.7940 Y-184.8322
G1 X9.6434 Y-184.5785
G1 X9.4922 Y-184.3209
G1 X9.3411 Y-184.0601
G1 X9.2657 Y-183.9288
G1 X9.1156 Y-183.6651
G1 X8.9665 Y-183.4004
G1 X8.8189 Y-183.1360
G1 X8.7460 Y-183.0040
G1 X8.6022 Y-182.7413
G1 X8.4610 Y-182.4810
G1 X8.2560 Y-182.0969
G1 X8.1244 Y-181.8462
G1 X7.9974 Y-181.6011
G1 X7.8758 Y-181.3626
G1 X7.7594 Y-181.1312
G1 X7.7036 Y-181.0184
G1 X7.5966 Y-180.7997
G1 X7.5458 Y-180.6938
G1 X7.4493 Y-180.4896
G1 X7.3604 Y-180.2963
G1 X7.3190 Y-180.2041
G1 X7.2796 Y-180.1150
G1 X7.2426 Y-180.0289
G1 X7.2075 Y-179.9460
G1 X7.1747 Y-179.8668
G1 X7.1443 Y-179.7909
G1 X7.1163 Y-179.7187
G1 X7.0907 Y-179.6501
G1 X7.0675 Y-179.5856
G1 X7.0470 Y-179.5249
G1 X7.0292 Y-179.4683
G1 X7.0007 Y-179.3720
G1 X6.9779 Y-179.2877
G1 X6.9614 Y-179.2150
G1 X6.9525 Y-179.1533
G1 X6.9515 Y-179.1023
G1 X6.9596 Y-179.0616
G1 X6.9776 Y-179.0309
G1 X7.0061 Y-179.0098
G1 X7.0462 Y-178.9979
G1 X7.0985 Y-178.9946
G1 X7.0985 Y-178.9946
G1 X7.1638 Y-178.9994
G1 X7.2433 Y-179.0123
G1 X7.3373 Y-179.0329
G1 X7.4470 Y-179.0606
G1 X7.5733 Y-179.0949
G1 X7.7165 Y-179.1355
G1 X7.7701 Y-179.1523
G1 X7.8260 Y-179.1724
G1 X7.8842 Y-179.1960
G1 X7.9446 Y-179.2227
G1 X8.0071 Y-179.2526
G1 X8.0716 Y-179.2859
G1 X8.1382 Y-179.3225
G1 X8.2067 Y-179.3618
G1 X8.2771 Y-179.4043
G1 X8.3492 Y-179.4497
G1 X8.4234 Y-179.4980
G1 X8.4991 Y-179.5490
G1 X8.5766 Y-179.6029
G1 X8.6558 Y-179.6595
G1 X8.7363 Y-179.7190
G1 X8.8186 Y-179.7809
G1 X8.9022 Y-179.8452
G1 X8.9870 Y-179.9123
G1 X9.0734 Y-179.9816
G1 X9.1608 Y-180.0535
G1 X9.2497 Y-180.1277
G1 X9.3393 Y-180.2039
G1 X9.4305 Y-180.2826
G1 X9.5225 Y-180.3634
G1 X9.6154 Y-180.4462
G1 X9.7094 Y-180.5310
G1 X9.8041 Y-180.6179
G1 X9.8996 Y-180.7065
G1 X9.9959 Y-180.7972
G1 X10.0927 Y-180.8897
G1 X10.1905 Y-180.9839
G1 X10.2885 Y-181.0799
G1 X10.3871 Y-181.1774
G1 X10.4864 Y-181.2765
G1 X10.5857 Y-181.3771
G1 X10.6855 Y-181.4792
G1 X10.7856 Y-181.5826
G1 X10.8859 Y-181.6875
G1 X10.9865 Y-181.7936
G1 X11.0871 Y-181.9011
G1 X11.1877 Y-182.0095
G1 X11.2883 Y-182.1193
G1 X11.4892 Y-182.3418
G1 X11.5893 Y-182.4545
G1 X11.6891 Y-182.5681
G1 X11.7886 Y-182.6824
G1 X11.8880 Y-182.7977
G1 X11.9868 Y-182.9135
G1 X12.0851 Y-183.0301
G1 X12.1829 Y-183.1475
G1 X12.2801 Y-183.2651
G1 X12.3767 Y-183.3834
G1 X12.4724 Y-183.5020
G1 X12.5674 Y-183.6212
G1 X12.6616 Y-183.7406
G1 X12.7551 Y-183.8602
G1 X12.8473 Y-183.9798
G1 X12.9388 Y-184.1000
G1 X13.0289 Y-184.2201
G1 X13.1181 Y-184.3400
G1 X13.2062 Y-184.4601
G1 X13.2928 Y-184.5803
G1 X13.3782 Y-184.6999
G1 X13.5062 Y-184.8782
G1 X13.6403 Y-185.0601
G1 X13.7800 Y-185.2450
G1 X13.9245 Y-185.4322
G1 X14.0736 Y-185.6212
G1 X14.2265 Y-185.8112
G1 X14.3825 Y-186.0019
G1 X14.5412 Y-186.1924
G1 X14.7020 Y-186.3824
G1 X14.8643 Y-186.5711
G1 X15.0274 Y-186.7578
G1 X15.1910 Y-186.9422
G1 X15.3543 Y-187.1236
G1 X15.5169 Y-187.3011
G1 X15.6782 Y-187.4744
G1 X15.8374 Y-187.6428
G1 X15.9941 Y-187.8058
G1 X16.1475 Y-187.9625
G1 X16.2977 Y-188.1127
G1 X16.4432 Y-188.2554
G1 X16.5842 Y-188.3905
G1 X16.7195 Y-188.5168
G1 X16.8488 Y-188.6341
G1 X16.9718 Y-188.7418
G1 X17.0876 Y-188.8388
G1 X17.1955 Y-188.9252
G1 X17.2954 Y-189.0001
G1 X17.3863 Y-189.0626
G1 X17.4676 Y-189.1127
G1 X17.5392 Y-189.1492
G1 X17.5999 Y-189.1718
G1 X17.6497 Y-189.1800
G1 X17.6771 Y-189.1899
G1 X17.7160 Y-189.2181
G1 X17.7655 Y-189.2640
G1 X17.8250 Y-189.3265
G1 X17.8935 Y-189.4045
G1 X17.9708 Y-189.4972
G1 X18.0556 Y-189.6039
G1 X18.1475 Y-189.7233
G1 X18.2458 Y-189.8543
G1 X18.3495 Y-189.9966
G1 X18.4582 Y-190.1485
G1 X18.5712 Y-190.3098
G1 X18.6875 Y-190.4789
G1 X18.8067 Y-190.6552
G1 X18.9276 Y-190.8376
G1 X19.0500 Y-191.0253
G1 X19.1747 Y-191.2145
G1 X19.3027 Y-191.4012
G1 X19.4330 Y-191.5846
G1 X19.5646 Y-191.7634
G1 X19.6964 Y-191.9364
G1 X19.8277 Y-192.1027
G1 X19.9578 Y-192.2612
G1 X20.0853 Y-192.4108
G1 X20.2093 Y-192.5503
G1 X20.3289 Y-192.6788
G1 X20.4432 Y-192.7949
G1 X20.5514 Y-192.8980
G1 X20.6522 Y-192.9864
G1 X20.7449 Y-193.0593
G1 X20.8285 Y-193.1159
G1 X20.9022 Y-193.1546
G1 X20.9390 Y-193.1731
G1 X20.9812 Y-193.1990
G1 X21.0284 Y-193.2318
G1 X21.0810 Y-193.2716
G1 X21.1381 Y-193.3179
G1 X21.1999 Y-193.3710
G1 X21.2659 Y-193.4299
G1 X21.3363 Y-193.4952
G1 X21.4109 Y-193.5663
G1 X21.4892 Y-193.6430
G1 X21.5712 Y-193.7253
G1 X21.6568 Y-193.8127
G1 X21.7454 Y-193.9051
G1 X21.8374 Y-194.0024
G1 X21.9324 Y-194.1043
G1 X22.0299 Y-194.2107
G1 X22.1300 Y-194.3212
G1 X22.2326 Y-194.4357
G1 X22.3373 Y-194.5541
G1 X22.4439 Y-194.6760
G1 X22.5524 Y-194.8015
G1 X22.6626 Y-194.9300
G1 X22.7741 Y-195.0616
G1 X22.8872 Y-195.1960
G1 X23.0010 Y-195.3331
G1 X23.1158 Y-195.4723
G1 X23.2313 Y-195.6138
G1 X23.3472 Y-195.7573
G1 X23.4635 Y-195.9026
G1 X23.5801 Y-196.0494
G1 X23.6964 Y-196.1975
G1 X24.0703 Y-196.6791
G1 X24.3098 Y-196.9854
G1 X24.4597 Y-197.1756
G1 X24.6708 Y-197.4411
G1 X24.8026 Y-197.6049
G1 X24.9878 Y-197.8317
G1 X25.1031 Y-197.9706
G1 X25.2125 Y-198.1002
G1 X25.3162 Y-198.2206
G1 X25.3657 Y-198.2772
G1 X25.4612 Y-198.3844
G1 X25.5514 Y-198.4830
G1 X25.5948 Y-198.5292
G1 X25.6779 Y-198.6156
G1 X25.7178 Y-198.6557
G1 X25.7566 Y-198.6940
G1 X25.7945 Y-198.7306
G1 X25.8313 Y-198.7652
G1 X25.8671 Y-198.7979
G1 X25.9362 Y-198.8579
G1 X25.9695 Y-198.8856
G1 X26.0017 Y-198.9112
G1 X26.0332 Y-198.9353
G1 X26.0642 Y-198.9579
G1 X26.0942 Y-198.9788
G1 X26.1236 Y-198.9983
G1 X26.1523 Y-199.0161
G1 X26.1805 Y-199.0326
G1 X26.2082 Y-199.0474
G1 X26.2352 Y-199.0611
G1 X26.2618 Y-199.0730
G1 X26.2877 Y-199.0839
G1 X26.3134 Y-199.0933
G1 X26.3385 Y-199.1017
G1 X26.3634 Y-199.1086
G1 X26.3878 Y-199.1144
G1 X26.4122 Y-199.1190
G1 X26.4361 Y-199.1223
G1 X26.4597 Y-199.1246
G1 X26.4833 Y-199.1258
G1 X26.5064 Y-199.1261
G1 X26.5298 Y-199.1253
G1 X26.5529 Y-199.1236
G1 X26.5760 Y-199.1208
G1 X26.5989 Y-199.1172
G1 X26.6220 Y-199.1126
G1 X26.6451 Y-199.1073
G1 X26.8493 Y-199.0547
G1 X27.0459 Y-198.9996
G1 X27.2344 Y-198.9430
G1 X27.4137 Y-198.8848
G1 X27.5834 Y-198.8256
G1 X27.7424 Y-198.7659
G1 X27.8900 Y-198.7057
G1 X28.0253 Y-198.6455
G1 X28.1478 Y-198.5858
G1 X28.2562 Y-198.5269
G1 X28.3505 Y-198.4690
G1 X28.4292 Y-198.4126
G1 X28.4917 Y-198.3583
G1 X28.5374 Y-198.3062
G1 X28.5656 Y-198.2564
G1 X28.5750 Y-198.2099
G1 X28.5826 Y-198.1774
G1 X28.6045 Y-198.1299
G1 X28.6403 Y-198.0684
G1 X28.6893 Y-197.9940
G1 X28.7503 Y-197.9074
G1 X28.8232 Y-197.8096
G1 X28.9065 Y-197.7017
G1 X29.0002 Y-197.5841
G1 X29.1031 Y-197.4581
G1 X29.2146 Y-197.3247
G1 X29.3340 Y-197.1848
G1 X29.4604 Y-197.0390
G1 X29.5933 Y-196.8884
G1 X29.7317 Y-196.7342
G1 X29.8750 Y-196.5767
G1 X30.1699 Y-196.2584
G1 X30.3134 Y-196.1017
G1 X30.4518 Y-195.9486
G1 X30.5849 Y-195.7995
G1 X30.7116 Y-195.6557
G1 X30.8315 Y-195.5180
G1 X30.9435 Y-195.3875
G1 X31.0469 Y-195.2645
G1 X31.1409 Y-195.1502
G1 X31.2252 Y-195.0458
G1 X31.2984 Y-194.9519
G1 X31.3604 Y-194.8693
G1 X31.4099 Y-194.7992
G1 X31.4465 Y-194.7423
G1 X31.4693 Y-194.6994
G1 X31.4775 Y-194.6717
G1 X31.4815 Y-194.6491
G1 X31.4914 Y-194.6204
G1 X31.5074 Y-194.5864
G1 X31.5290 Y-194.5467
G1 X31.5565 Y-194.5018
G1 X31.5890 Y-194.4515
G1 X31.6271 Y-194.3964
G1 X31.6700 Y-194.3367
G1 X31.7177 Y-194.2724
G1 X31.7703 Y-194.2036
G1 X31.8272 Y-194.1307
G1 X31.8887 Y-194.0537
G1 X31.9542 Y-193.9729
G1 X32.0238 Y-193.8884
G1 X32.0972 Y-193.8005
G1 X32.1742 Y-193.7093
G1 X32.3383 Y-193.5180
G1 X32.5150 Y-193.3158
G1 X32.7030 Y-193.1043
G1 X32.9004 Y-192.8848
G1 X33.1061 Y-192.6590
G1 X33.3184 Y-192.4284
G1 X33.5364 Y-192.1944
G1 X33.6471 Y-192.0766
G1 X33.8704 Y-191.8401
G1 X33.9829 Y-191.7220
G1 X34.2087 Y-191.4868
G1 X34.3218 Y-191.3699
G1 X34.5468 Y-191.1388
G1 X34.7693 Y-190.9127
G1 X34.9885 Y-190.6928
G1 X35.0959 Y-190.5859
G1 X35.3068 Y-190.3781
G1 X35.4096 Y-190.2777
G1 X35.5105 Y-190.1802
G1 X35.7053 Y-189.9940
G1 X35.7990 Y-189.9056
G1 X35.8902 Y-189.8208
G1 X35.9783 Y-189.7395
G1 X36.0637 Y-189.6621
G1 X36.1457 Y-189.5884
G1 X36.2242 Y-189.5191
G1 X36.2991 Y-189.4540
G1 X36.3705 Y-189.3936
G1 X36.4378 Y-189.3380
G1 X36.5013 Y-189.2871
G1 X36.5603 Y-189.2414
G1 X36.6149 Y-189.2010
G1 X36.6649 Y-189.1660
G1 X36.7099 Y-189.1368
G1 X36.7622 Y-189.1038
G1 X36.8193 Y-189.0662
G1 X36.8808 Y-189.0240
G1 X36.9468 Y-188.9780
G1 X37.0169 Y-188.9280
G1 X37.1688 Y-188.8162
G1 X37.3350 Y-188.6905
G1 X37.4228 Y-188.6227
G1 X37.5138 Y-188.5518
G1 X37.7038 Y-188.4015
G1 X37.8023 Y-188.3225
G1 X38.0060 Y-188.1571
G1 X38.2168 Y-187.9836
G1 X38.4335 Y-187.8030
G1 X38.6542 Y-187.6163
G1 X38.8775 Y-187.4253
G1 X38.9895 Y-187.3286
G1 X39.2135 Y-187.1330
G1 X39.3250 Y-187.0347
G1 X39.5465 Y-186.8378
G1 X39.6557 Y-186.7393
G1 X39.9120 Y-186.5064
G1 X40.5750 Y-185.8957
G1 X40.8643 Y-185.6306
G1 X41.0263 Y-185.4843
G1 X41.1300 Y-185.3921
G1 X41.2306 Y-185.3042
G1 X41.3281 Y-185.2204
G1 X41.3758 Y-185.1802
G1 X41.4693 Y-185.1028
G1 X41.5605 Y-185.0296
G1 X41.6497 Y-184.9608
G1 X41.7365 Y-184.8960
G1 X41.7794 Y-184.8653
G1 X41.8219 Y-184.8355
G1 X41.8640 Y-184.8068
G1 X41.9471 Y-184.7527
G1 X41.9882 Y-184.7271
G1 X42.0291 Y-184.7027
G1 X42.0695 Y-184.6793
G1 X42.1102 Y-184.6570
G1 X42.1503 Y-184.6356
G1 X42.1904 Y-184.6153
G1 X42.2303 Y-184.5960
G1 X42.2702 Y-184.5777
G1 X42.3100 Y-184.5607
G1 X42.3497 Y-184.5445
G1 X42.3896 Y-184.5295
G1 X42.4294 Y-184.5155
G1 X42.4691 Y-184.5026
G1 X42.5089 Y-184.4906
G1 X42.5491 Y-184.4797
G1 X42.5892 Y-184.4698
G1 X42.6296 Y-184.4609
G1 X42.6700 Y-184.4530
G1 X42.7106 Y-184.4464
G1 X42.7518 Y-184.4406
G1 X42.7929 Y-184.4360
G1 X42.8343 Y-184.4322
G1 X42.8762 Y-184.4297
G1 X42.9184 Y-184.4281
G1 X42.9611 Y-184.4274
G1 X43.0040 Y-184.4279
G1 X43.0477 Y-184.4294
G1 X43.0914 Y-184.4319
G1 X43.1358 Y-184.4355
G1 X43.1808 Y-184.4401
G1 X43.2265 Y-184.4457
G1 X43.2725 Y-184.4523
G1 X43.3192 Y-184.4599
G1 X43.3664 Y-184.4688
G1 X43.4144 Y-184.4784
G1 X43.4632 Y-184.4891
G1 X43.5127 Y-184.5008
G1 X43.6138 Y-184.5274
G1 X43.6656 Y-184.5422
G1 X43.7716 Y-184.5749
G1 X43.8813 Y-184.6118
G1 X43.9374 Y-184.6316
G1 X44.0530 Y-184.6745
G1 X44.1726 Y-184.7215
G1 X44.2966 Y-184.7726
G1 X44.3601 Y-184.7995
G1 X44.4251 Y-184.8277
G1 X44.5585 Y-184.8866
G1 X44.6966 Y-184.9498
G1 X44.8404 Y-185.0169
G1 X44.9895 Y-185.0880
G1 X45.3052 Y-185.2425
G1 X45.4721 Y-185.3258
G1 X45.9179 Y-185.5513
G1 X47.2892 Y-186.2544
G1 X48.0408 Y-186.6372
G1 X48.7484 Y-186.9986
G1 X49.0705 Y-187.1642
G1 X49.5158 Y-187.3946
G1 X49.7883 Y-187.5368
G1 X50.1622 Y-187.7344
G1 X50.3893 Y-187.8561
G1 X50.6979 Y-188.0248
G1 X50.7924 Y-188.0776
G1 X50.9699 Y-188.1779
G1 X51.1325 Y-188.2722
G1 X51.2801 Y-188.3606
G1 X51.3489 Y-188.4030
G1 X51.4139 Y-188.4439
G1 X51.4759 Y-188.4835
G1 X51.5346 Y-188.5218
G1 X51.5899 Y-188.5592
G1 X51.6425 Y-188.5955
G1 X51.6918 Y-188.6306
G1 X51.7383 Y-188.6649
G1 X51.7820 Y-188.6981
G1 X51.8229 Y-188.7306
G1 X51.8610 Y-188.7624
G1 X51.8965 Y-188.7931
G1 X51.9295 Y-188.8233
G1 X51.9603 Y-188.8528
G1 X51.9885 Y-188.8818
G1 X52.0144 Y-188.9100
G1 X52.0380 Y-188.9379
G1 X52.0596 Y-188.9653
G1 X52.0791 Y-188.9923
G1 X52.0967 Y-189.0189
G1 X52.1124 Y-189.0451
G1 X52.1261 Y-189.0712
G1 X52.1383 Y-189.0972
G1 X52.1487 Y-189.1231
G1 X52.1576 Y-189.1487
G1 X52.1653 Y-189.1744
G1 X52.1711 Y-189.2003
G1 X52.1759 Y-189.2259
G1 X52.1792 Y-189.2518
G1 X52.1815 Y-189.2780
G1 X52.1825 Y-189.3044
G1 X52.1825 Y-189.3311
G1 X52.1818 Y-189.3580
G1 X52.1802 Y-189.3854
G1 X52.1777 Y-189.4134
; Retract
G1 Z2.5400 F2540

; Path 24
; Rapid to initial position
G1 X58.0520 Y-151.4056 F2540
G1 Z0.0000
; plunge
G1 Z-3.1750 F127
; cut
G1 X57.9326 Y-151.3830 F1016
G1 X57.8119 Y-151.3472
G1 X57.6862 Y-151.2971
G1 X57.5521 Y-151.2331
G1 X57.4060 Y-151.1541
G1 X57.2447 Y-151.0601
G1 X57.0644 Y-150.9502
G1 X56.8617 Y-150.8242
G1 X56.7261 Y-150.7383
G1 X56.5927 Y-150.6510
G1 X56.4614 Y-150.5626
G1 X56.3321 Y-150.4726
G1 X56.2051 Y-150.3815
G1 X56.0804 Y-150.2890
G1 X55.9575 Y-150.1953
G1 X55.8371 Y-150.1005
G1 X55.7185 Y-150.0043
G1 X55.6024 Y-149.9067
G1 X55.4883 Y-149.8082
G1 X55.3763 Y-149.7084
G1 X55.2666 Y-149.6073
G1 X55.1591 Y-149.5052
G1 X55.0537 Y-149.4018
G1 X54.9506 Y-149.2971
G1 X54.8498 Y-149.1915
G1 X54.7510 Y-149.0845
G1 X54.6544 Y-148.9766
G1 X54.5602 Y-148.8674
G1 X54.4683 Y-148.7571
G1 X54.3784 Y-148.6459
G1 X54.2907 Y-148.5334
G1 X54.2056 Y-148.4198
G1 X54.1226 Y-148.3053
G1 X54.0418 Y-148.1897
G1 X53.9631 Y-148.0729
G1 X53.8869 Y-147.9553
G1 X53.8129 Y-147.8366
G1 X53.7413 Y-147.7167
G1 X53.6720 Y-147.5961
G1 X53.6047 Y-147.4742
G1 X53.5399 Y-147.3515
G1 X53.4774 Y-147.2278
G1 X53.4172 Y-147.1031
G1 X53.3593 Y-146.9776
G1 X53.3039 Y-146.8511
G1 X53.2506 Y-146.7236
G1 X53.1998 Y-146.5951
G1 X53.1513 Y-146.4658
G1 X53.1050 Y-146.3357
G1 X53.0614 Y-146.2047
G1 X53.0197 Y-146.0726
G1 X52.9806 Y-145.9398
G1 X52.9440 Y-145.8062
G1 X52.9097 Y-145.6718
G1 X52.8777 Y-145.5364
G1 X52.8480 Y-145.4003
G1 X52.8208 Y-145.2634
G1 X52.7962 Y-145.1254
G1 X52.7738 Y-144.9870
G1 X52.7538 Y-144.8478
G1 X52.7362 Y-144.7076
G1 X52.7213 Y-144.5669
G1 X52.7086 Y-144.4252
G1 X52.6981 Y-144.2829
G1 X52.6905 Y-144.1399
G1 X52.6852 Y-143.9962
G1 X52.6821 Y-143.8519
G1 X52.6819 Y-143.7069
G1 X52.6839 Y-143.5611
G1 X52.6882 Y-143.4145
G1 X52.6953 Y-143.2674
G1 X52.7047 Y-143.1199
G1 X52.7230 Y-142.8605
G1 X52.7375 Y-142.6317
G1 X52.7431 Y-142.5280
G1 X52.7474 Y-142.4313
G1 X52.7505 Y-142.3408
G1 X52.7522 Y-142.2570
G1 X52.7522 Y-142.1790
G1 X52.7510 Y-142.1067
G1 X52.7479 Y-142.0398
G1 X52.7431 Y-141.9784
G1 X52.7362 Y-141.9217
G1 X52.7276 Y-141.8697
G1 X52.7169 Y-141.8222
G1 X52.7042 Y-141.7787
G1 X52.6893 Y-141.7391
G1 X52.6720 Y-141.7030
G1 X52.6524 Y-141.6703
G1 X52.6303 Y-141.6406
G1 X52.6057 Y-141.6136
G1 X52.5783 Y-141.5893
G1 X52.5480 Y-141.5669
G1 X52.5153 Y-141.5468
G1 X52.4792 Y-141.5283
G1 X52.4403 Y-141.5110
G1 X52.3984 Y-141.4953
G1 X52.3532 Y-141.4800
G1 X52.3047 Y-141.4656
G1 X52.2529 Y-141.4516
G1 X52.1975 Y-141.4376
G1 X51.9925 Y-141.3878
G1 X51.8371 Y-141.3492
G1 X51.6768 Y-141.3083
G1 X51.5165 Y-141.2667
G1 X51.3611 Y-141.2255
G1 X51.2153 Y-141.1856
G1 X51.0840 Y-141.1488
G1 X50.9717 Y-141.1163
G1 X50.8320 Y-141.0802
G1 X50.7246 Y-141.0686
G1 X50.6468 Y-141.0846
G1 X50.5971 Y-141.1328
G1 X50.5729 Y-141.2169
G1 X50.5719 Y-141.3408
G1 X50.5920 Y-141.5085
G1 X50.6308 Y-141.7241
G1 X50.6471 Y-141.8077
G1 X50.6832 Y-142.0063
G1 X50.7030 Y-142.1193
G1 X50.7235 Y-142.2403
G1 X50.7665 Y-142.5006
G1 X50.8109 Y-142.7792
G1 X50.8556 Y-143.0678
G1 X50.8988 Y-143.3576
G1 X50.9397 Y-143.6406
G1 X51.1373 Y-145.0754
G1 X49.1828 Y-144.9090
G1 X48.9770 Y-144.8900
G1 X48.7647 Y-144.8669
G1 X48.5470 Y-144.8405
G1 X48.3255 Y-144.8110
G1 X48.1023 Y-144.7785
G1 X47.8787 Y-144.7434
G1 X47.6562 Y-144.7061
G1 X47.4370 Y-144.6667
G1 X47.2222 Y-144.6256
G1 X47.0136 Y-144.5834
G1 X46.8127 Y-144.5400
G1 X46.6217 Y-144.4958
G1 X46.4416 Y-144.4511
G1 X46.2742 Y-144.4064
G1 X46.1213 Y-144.3617
G1 X45.9844 Y-144.3177
G1 X45.7749 Y-144.2451
G1 X45.5897 Y-144.1783
G1 X45.4271 Y-144.1148
G1 X45.2852 Y-144.0528
G1 X45.1622 Y-143.9901
G1 X45.0560 Y-143.9248
G1 X44.9654 Y-143.8544
G1 X44.8879 Y-143.7770
G1 X44.8219 Y-143.6906
G1 X44.7657 Y-143.5931
G1 X44.7175 Y-143.4823
G1 X44.6750 Y-143.3561
G1 X44.6369 Y-143.2126
G1 X44.6011 Y-143.0495
G1 X44.5658 Y-142.8646
G1 X44.5292 Y-142.6561
G1 X44.5186 Y-142.5870
G1 X44.5079 Y-142.5075
G1 X44.4975 Y-142.4181
G1 X44.4873 Y-142.3187
G1 X44.4772 Y-142.2100
G1 X44.4675 Y-142.0924
G1 X44.4581 Y-141.9662
G1 X44.4487 Y-141.8316
G1 X44.4398 Y-141.6891
G1 X44.4312 Y-141.5392
G1 X44.4228 Y-141.3820
G1 X44.4147 Y-141.2179
G1 X44.4071 Y-141.0475
G1 X44.3926 Y-140.6883
G1 X44.3796 Y-140.3078
G1 X44.3682 Y-139.9083
G1 X44.3631 Y-139.7025
G1 X44.3542 Y-139.2804
G1 X44.3504 Y-139.0650
G1 X44.3471 Y-138.8468
G1 X44.3418 Y-138.4046
G1 X44.3400 Y-138.1811
G1 X44.3377 Y-137.7310
G1 X44.3375 Y-137.5052
G1 X44.3377 Y-137.2796
G1 X44.3393 Y-136.8862
G1 X44.3428 Y-136.4033
G1 X44.3494 Y-135.8072
G1 X44.3563 Y-135.3929
G1 X44.3619 Y-135.1313
G1 X44.3756 Y-134.6406
G1 X44.3840 Y-134.4104
G1 X44.3931 Y-134.1892
G1 X44.3982 Y-134.0820
G1 X44.4091 Y-133.8737
G1 X44.4210 Y-133.6733
G1 X44.4343 Y-133.4800
G1 X44.4487 Y-133.2934
G1 X44.4645 Y-133.1130
G1 X44.4729 Y-133.0246
G1 X44.4909 Y-132.8522
G1 X44.5099 Y-132.6843
G1 X44.5308 Y-132.5202
G1 X44.5417 Y-132.4394
G1 X44.5648 Y-132.2804
G1 X44.5894 Y-132.1239
G1 X44.6159 Y-131.9695
G1 X44.6441 Y-131.8163
G1 X44.6588 Y-131.7401
G1 X44.6740 Y-131.6642
G1 X44.7058 Y-131.5121
G1 X44.7393 Y-131.3597
G1 X44.7751 Y-131.2062
G1 X44.8127 Y-131.0513
G1 X44.8523 Y-130.8943
G1 X44.8940 Y-130.7348
G1 X44.9379 Y-130.5720
G1 X44.9692 Y-130.4590
G1 X45.0014 Y-130.3454
G1 X45.0347 Y-130.2309
G1 X45.0687 Y-130.1158
G1 X45.1038 Y-130.0000
G1 X45.1399 Y-129.8837
G1 X45.2143 Y-129.6492
G1 X45.2923 Y-129.4127
G1 X45.3324 Y-129.2939
G1 X45.4152 Y-129.0549
G1 X45.5011 Y-128.8146
G1 X45.5900 Y-128.5735
G1 X45.6354 Y-128.4526
G1 X45.7284 Y-128.2106
G1 X45.8239 Y-127.9682
G1 X45.9219 Y-127.7259
G1 X45.9717 Y-127.6050
G1 X46.0223 Y-127.4841
G1 X46.0733 Y-127.3635
G1 X46.1767 Y-127.1227
G1 X46.2293 Y-127.0028
G1 X46.2824 Y-126.8832
G1 X46.3898 Y-126.6452
G1 X46.4988 Y-126.4087
G1 X46.6095 Y-126.1745
G1 X46.6654 Y-126.0582
G1 X46.7782 Y-125.8275
G1 X46.8351 Y-125.7130
G1 X46.8922 Y-125.5994
G1 X46.9496 Y-125.4867
G1 X47.0654 Y-125.2637
G1 X47.1236 Y-125.1534
G1 X47.1820 Y-125.0439
G1 X47.2404 Y-124.9357
G1 X47.2991 Y-124.8283
G1 X47.3580 Y-124.7219
G1 X47.4762 Y-124.5126
G1 X47.5356 Y-124.4095
G1 X47.5948 Y-124.3079
G1 X47.6542 Y-124.2073
G1 X47.7136 Y-124.1080
G1 X47.8328 Y-123.9131
G1 X47.8922 Y-123.8179
G1 X48.0113 Y-123.6317
G1 X48.0708 Y-123.5408
G1 X48.1300 Y-123.4514
G1 X48.1894 Y-123.3635
G1 X48.2440 Y-123.2842
G1 X48.3014 Y-123.2027
G1 X48.3616 Y-123.1191
G1 X48.4243 Y-123.0335
G1 X48.4899 Y-122.9462
G1 X48.5577 Y-122.8568
G1 X48.6280 Y-122.7656
G1 X48.7007 Y-122.6726
G1 X48.8526 Y-122.4818
G1 X49.0134 Y-122.2853
G1 X49.0967 Y-122.1849
G1 X49.1820 Y-122.0833
G1 X49.2691 Y-121.9805
G1 X49.3580 Y-121.8763
G1 X49.4487 Y-121.7714
G1 X49.6346 Y-121.5586
G1 X49.7299 Y-121.4509
G1 X49.8267 Y-121.3424
G1 X49.9247 Y-121.2334
G1 X50.1244 Y-121.0135
G1 X50.2260 Y-120.9027
G1 X50.3286 Y-120.7917
G1 X50.5369 Y-120.5690
G1 X50.6423 Y-120.4572
G1 X50.7484 Y-120.3457
G1 X50.9628 Y-120.1222
G1 X51.0708 Y-120.0107
G1 X51.1792 Y-119.8994
G1 X51.3972 Y-119.6779
G1 X51.5066 Y-119.5680
G1 X51.6164 Y-119.4585
G1 X51.8358 Y-119.2411
G1 X52.0550 Y-119.0269
G1 X52.2737 Y-118.8164
G1 X52.4911 Y-118.6101
G1 X52.5991 Y-118.5088
G1 X52.8132 Y-118.3099
G1 X52.9194 Y-118.2126
G1 X53.0248 Y-118.1169
G1 X53.1294 Y-118.0226
G1 X53.2331 Y-117.9302
G1 X53.4373 Y-117.7503
G1 X53.5376 Y-117.6632
G1 X53.6369 Y-117.5781
G1 X53.7350 Y-117.4951
G1 X53.8315 Y-117.4140
G1 X53.9267 Y-117.3353
G1 X54.1129 Y-117.1844
G1 X54.2033 Y-117.1128
G1 X54.2922 Y-117.0435
G1 X55.8002 Y-115.8773
G1 X55.8002 Y-115.8773
G1 X57.8510 Y-116.3010
G1 X58.0794 Y-116.3493
G1 X58.3029 Y-116.3993
G1 X58.5208 Y-116.4504
G1 X58.7332 Y-116.5027
G1 X58.9402 Y-116.5563
G1 X59.1414 Y-116.6111
G1 X59.3364 Y-116.6670
G1 X59.5257 Y-116.7237
G1 X59.7085 Y-116.7816
G1 X59.8853 Y-116.8403
G1 X60.0558 Y-116.8997
G1 X60.2193 Y-116.9599
G1 X60.3766 Y-117.0206
G1 X60.5267 Y-117.0821
G1 X60.6699 Y-117.1443
G1 X60.8063 Y-117.2068
G1 X60.9351 Y-117.2698
G1 X61.0568 Y-117.3333
G1 X61.1708 Y-117.3970
G1 X61.2775 Y-117.4608
G1 X61.3763 Y-117.5250
G1 X61.4670 Y-117.5893
G1 X61.5498 Y-117.6536
G1 X61.6245 Y-117.7178
G1 X61.6910 Y-117.7821
G1 X61.7489 Y-117.8463
G1 X61.7985 Y-117.9101
G1 X61.8391 Y-117.9739
G1 X61.8711 Y-118.0371
G1 X61.8940 Y-118.1001
G1 X61.9079 Y-118.1626
G1 X61.9125 Y-118.2246
G1 X61.9001 Y-118.3264
G1 X61.8642 Y-118.4410
G1 X61.8066 Y-118.5667
G1 X61.7289 Y-118.7013
G1 X61.6328 Y-118.8433
G1 X61.5206 Y-118.9909
G1 X61.3936 Y-119.1417
G1 X61.2539 Y-119.2944
G1 X61.1033 Y-119.4465
G1 X60.9432 Y-119.5967
G1 X60.7756 Y-119.7430
G1 X60.6024 Y-119.8832
G1 X60.4253 Y-120.0158
G1 X60.2463 Y-120.1387
G1 X60.0667 Y-120.2499
G1 X59.8886 Y-120.3480
G1 X59.8015 Y-120.3947
G1 X59.7243 Y-120.4404
G1 X59.6572 Y-120.4862
G1 X59.5993 Y-120.5332
G1 X59.5508 Y-120.5824
G1 X59.5112 Y-120.6353
G1 X59.4799 Y-120.6927
G1 X59.4571 Y-120.7554
G1 X59.4423 Y-120.8250
G1 X59.4350 Y-120.9025
G1 X59.4352 Y-120.9888
G1 X59.4423 Y-121.0851
G1 X59.4561 Y-121.1925
G1 X59.4764 Y-121.3119
G1 X59.5028 Y-121.4448
G1 X59.5348 Y-121.5921
G1 X59.5808 Y-121.7859
G1 X59.6288 Y-121.9723
G1 X59.6776 Y-122.1463
G1 X59.7258 Y-122.3038
G1 X59.7718 Y-122.4399
G1 X59.8145 Y-122.5507
G1 X59.8521 Y-122.6315
G1 X59.8833 Y-122.6779
G1 X59.9092 Y-122.6883
G1 X59.9580 Y-122.6924
G1 X60.0286 Y-122.6904
G1 X60.1198 Y-122.6823
G1 X60.2303 Y-122.6685
G1 X60.3585 Y-122.6495
G1 X60.5038 Y-122.6251
G1 X60.6643 Y-122.5956
G1 X60.8391 Y-122.5613
G1 X61.0268 Y-122.5227
G1 X61.2262 Y-122.4798
G1 X61.4360 Y-122.4328
G1 X61.6549 Y-122.3823
G1 X61.8818 Y-122.3279
G1 X62.1152 Y-122.2705
G1 X62.5599 Y-122.1577
G1 X62.7647 Y-122.1080
G1 X62.9684 Y-122.0602
G1 X63.1711 Y-122.0147
G1 X63.3722 Y-121.9716
G1 X63.5721 Y-121.9307
G1 X63.7710 Y-121.8918
G1 X63.9681 Y-121.8555
G1 X64.1642 Y-121.8209
G1 X64.3585 Y-121.7889
G1 X64.5516 Y-121.7590
G1 X64.7431 Y-121.7310
G1 X64.9328 Y-121.7056
G1 X65.1210 Y-121.6820
G1 X65.3077 Y-121.6609
G1 X65.4926 Y-121.6419
G1 X65.6758 Y-121.6249
G1 X65.8571 Y-121.6101
G1 X66.0367 Y-121.5974
G1 X66.2145 Y-121.5870
G1 X66.3903 Y-121.5786
G1 X66.5643 Y-121.5725
G1 X66.7360 Y-121.5685
G1 X66.9059 Y-121.5667
G1 X67.0738 Y-121.5669
G1 X67.2394 Y-121.5692
G1 X67.4030 Y-121.5738
G1 X67.5643 Y-121.5804
G1 X67.7235 Y-121.5890
G1 X67.8802 Y-121.6000
G1 X68.0347 Y-121.6129
G1 X68.1871 Y-121.6279
G1 X68.3367 Y-121.6449
G1 X68.4840 Y-121.6642
G1 X68.6288 Y-121.6856
G1 X68.7713 Y-121.7089
G1 X68.9110 Y-121.7343
G1 X69.0481 Y-121.7618
G1 X69.1825 Y-121.7915
G1 X69.3143 Y-121.8232
G1 X69.4433 Y-121.8568
G1 X69.5698 Y-121.8926
G1 X69.6933 Y-121.9304
G1 X69.8139 Y-121.9703
G1 X69.9315 Y-122.0122
G1 X70.0463 Y-122.0561
G1 X70.1584 Y-122.1021
G1 X70.2671 Y-122.1501
G1 X70.3727 Y-122.2002
G1 X70.4753 Y-122.2522
G1 X70.5749 Y-122.3063
G1 X70.6712 Y-122.3622
G1 X70.7641 Y-122.4204
G1 X70.8541 Y-122.4806
G1 X70.9404 Y-122.5426
G1 X71.0237 Y-122.6066
G1 X71.1035 Y-122.6726
G1 X71.1797 Y-122.7407
G1 X71.2526 Y-122.8108
G1 X71.3219 Y-122.8827
G1 X71.3875 Y-122.9568
G1 X71.4497 Y-123.0325
G1 X71.5081 Y-123.1105
G1 X71.5630 Y-123.1903
G1 X71.6133 Y-123.2708
G1 X71.6620 Y-123.3564
G1 X71.7093 Y-123.4470
G1 X71.7550 Y-123.5426
G1 X71.7992 Y-123.6426
G1 X71.8416 Y-123.7468
G1 X71.8825 Y-123.8550
G1 X71.9216 Y-123.9670
G1 X71.9592 Y-124.0826
G1 X71.9948 Y-124.2012
G1 X72.0286 Y-124.3228
G1 X72.0606 Y-124.4473
G1 X72.0905 Y-124.5740
G1 X72.1185 Y-124.7031
G1 X72.1446 Y-124.8339
G1 X72.1685 Y-124.9665
G1 X72.1904 Y-125.1006
G1 X72.2102 Y-125.2360
G1 X72.2277 Y-125.3721
G1 X72.2429 Y-125.5088
G1 X72.2561 Y-125.6459
G1 X72.2668 Y-125.7831
G1 X72.2749 Y-125.9205
G1 X72.2810 Y-126.0572
G1 X72.2843 Y-126.1933
G1 X72.2854 Y-126.3284
G1 X72.2838 Y-126.4625
G1 X72.2798 Y-126.5954
G1 X72.2729 Y-126.7262
G1 X72.2633 Y-126.8552
G1 X72.2511 Y-126.9822
G1 X72.2363 Y-127.1067
G1 X72.2239 Y-127.1984
G1 X72.1998 Y-127.3655
G1 X72.1873 Y-127.4417
G1 X72.1741 Y-127.5131
G1 X72.1601 Y-127.5801
G1 X72.1449 Y-127.6429
G1 X72.1281 Y-127.7015
G1 X72.1096 Y-127.7567
G1 X72.0890 Y-127.8085
G1 X72.0659 Y-127.8567
G1 X72.0402 Y-127.9025
G1 X72.0115 Y-127.9451
G1 X71.9795 Y-127.9855
G1 X71.9440 Y-128.0239
G1 X71.9046 Y-128.0599
G1 X71.8612 Y-128.0945
G1 X71.8132 Y-128.1278
G1 X71.7606 Y-128.1595
G1 X71.7027 Y-128.1905
G1 X71.6397 Y-128.2210
G1 X71.5711 Y-128.2507
G1 X71.4964 Y-128.2804
G1 X71.4159 Y-128.3101
G1 X71.3285 Y-128.3401
G1 X71.2346 Y-128.3706
G1 X71.1335 Y-128.4021
G1 X71.0250 Y-128.4346
G1 X70.9089 Y-128.4684
G1 X70.7847 Y-128.5037
G1 X70.3580 Y-128.6233
G1 X70.2059 Y-128.6678
G1 X70.0545 Y-128.7137
G1 X69.9044 Y-128.7605
G1 X69.7553 Y-128.8087
G1 X69.6069 Y-128.8580
G1 X69.4599 Y-128.9086
G1 X69.3141 Y-128.9604
G1 X69.1690 Y-129.0135
G1 X69.0250 Y-129.0676
G1 X68.8823 Y-129.1229
G1 X68.7403 Y-129.1796
G1 X68.5996 Y-129.2375
G1 X68.4599 Y-129.2964
G1 X68.3212 Y-129.3566
G1 X68.1835 Y-129.4181
G1 X68.0471 Y-129.4808
G1 X67.9115 Y-129.5446
G1 X67.7771 Y-129.6096
G1 X67.6435 Y-129.6759
G1 X67.5112 Y-129.7435
G1 X67.3799 Y-129.8120
G1 X67.2495 Y-129.8819
G1 X67.1205 Y-129.9530
G1 X66.9922 Y-130.0254
G1 X66.8650 Y-130.0988
G1 X66.7390 Y-130.1735
G1 X66.6140 Y-130.2494
G1 X66.4901 Y-130.3266
G1 X66.3672 Y-130.4049
G1 X66.2452 Y-130.4844
G1 X66.1243 Y-130.5651
G1 X66.0044 Y-130.6472
G1 X65.8858 Y-130.7302
G1 X65.7682 Y-130.8146
G1 X65.6514 Y-130.9002
G1 X65.5358 Y-130.9870
G1 X65.4213 Y-131.0749
G1 X65.3080 Y-131.1641
G1 X65.1954 Y-131.2545
G1 X65.0839 Y-131.3462
G1 X64.9737 Y-131.4389
G1 X64.8645 Y-131.5329
G1 X64.7560 Y-131.6281
G1 X64.6488 Y-131.7247
G1 X64.5429 Y-131.8222
G1 X64.4378 Y-131.9210
G1 X64.3336 Y-132.0211
G1 X64.2308 Y-132.1224
G1 X64.1286 Y-132.2248
G1 X64.0278 Y-132.3284
G1 X63.9280 Y-132.4333
G1 X63.8292 Y-132.5395
G1 X63.7314 Y-132.6467
G1 X63.6346 Y-132.7554
G1 X63.5391 Y-132.8649
G1 X63.4444 Y-132.9759
G1 X63.3509 Y-133.0879
G1 X63.2584 Y-133.2014
G1 X63.1670 Y-133.3160
G1 X63.0766 Y-133.4315
G1 X62.9872 Y-133.5486
G1 X62.8990 Y-133.6667
G1 X62.8117 Y-133.7861
G1 X62.7256 Y-133.9065
G1 X62.6402 Y-134.0284
G1 X62.5561 Y-134.1514
G1 X62.4731 Y-134.2756
G1 X62.3910 Y-134.4008
G1 X62.3103 Y-134.5275
G1 X62.2303 Y-134.6553
G1 X62.1515 Y-134.7843
G1 X62.0735 Y-134.9144
G1 X61.9968 Y-135.0460
G1 X61.9211 Y-135.1785
G1 X61.8465 Y-135.3124
G1 X61.7728 Y-135.4473
G1 X61.7004 Y-135.5837
G1 X61.6288 Y-135.7211
G1 X61.5584 Y-135.8598
G1 X61.4891 Y-135.9997
G1 X61.4205 Y-136.1407
G1 X61.3532 Y-136.2829
G1 X61.2872 Y-136.4264
G1 X61.2219 Y-136.5712
G1 X61.1576 Y-136.7170
G1 X61.0946 Y-136.8641
G1 X61.0326 Y-137.0124
G1 X60.9714 Y-137.1620
G1 X60.9115 Y-137.3127
G1 X60.8526 Y-137.4645
G1 X60.7949 Y-137.6177
G1 X60.7380 Y-137.7719
G1 X60.6821 Y-137.9276
G1 X60.6275 Y-138.0843
G1 X60.5739 Y-138.2423
G1 X60.5213 Y-138.4013
G1 X60.4698 Y-138.5618
G1 X60.4192 Y-138.7234
G1 X60.3697 Y-138.8862
G1 X60.3212 Y-139.0500
G1 X60.2739 Y-139.2154
G1 X60.2277 Y-139.3817
G1 X60.1823 Y-139.5494
G1 X60.1381 Y-139.7180
G1 X60.0949 Y-139.8880
G1 X60.0530 Y-140.0594
G1 X60.0118 Y-140.2316
G1 X59.9719 Y-140.4054
G1 X59.9328 Y-140.5801
G1 X59.8950 Y-140.7561
G1 X59.8581 Y-140.9334
G1 X59.8223 Y-141.1120
G1 X59.7875 Y-141.2916
G1 X59.7538 Y-141.4724
G1 X59.7212 Y-141.6545
G1 X59.6895 Y-141.8377
G1 X59.6590 Y-142.0223
G1 X59.6295 Y-142.2080
G1 X59.6011 Y-142.3949
G1 X59.5737 Y-142.5829
G1 X59.5473 Y-142.7721
G1 X59.5219 Y-142.9626
G1 X59.4977 Y-143.1544
G1 X59.4744 Y-143.3474
G1 X59.4523 Y-143.5415
G1 X59.4312 Y-143.7368
G1 X59.4111 Y-143.9334
G1 X59.3893 Y-144.1674
G1 X59.3717 Y-144.3850
G1 X59.3585 Y-144.5870
G1 X59.3496 Y-144.7742
G1 X59.3456 Y-144.9474
G1 X59.3458 Y-145.1074
G1 X59.3509 Y-145.2552
G1 X59.3608 Y-145.3916
G1 X59.3755 Y-145.5174
G1 X59.3954 Y-145.6334
G1 X59.4203 Y-145.7406
G1 X59.4500 Y-145.8397
G1 X59.4850 Y-145.9314
G1 X59.5254 Y-146.0170
G1 X59.5709 Y-146.0970
G1 X59.6219 Y-146.1724
G1 X59.7370 Y-146.3220
G1 X59.8368 Y-146.4323
G1 X59.9275 Y-146.5036
G1 X60.0146 Y-146.5377
G1 X60.1045 Y-146.5351
G1 X60.2033 Y-146.4973
G1 X60.3169 Y-146.4252
G1 X60.4512 Y-146.3197
G1 X60.5018 Y-146.2717
G1 X60.5612 Y-146.2052
G1 X60.6283 Y-146.1214
G1 X60.7024 Y-146.0216
G1 X60.7832 Y-145.9065
G1 X60.8693 Y-145.7780
G1 X60.9605 Y-145.6367
G1 X61.0558 Y-145.4843
G1 X61.1546 Y-145.3215
G1 X61.2559 Y-145.1498
G1 X61.3593 Y-144.9705
G1 X61.4639 Y-144.7843
G1 X61.5691 Y-144.5928
G1 X61.6740 Y-144.3972
G1 X61.7781 Y-144.1983
G1 X61.8802 Y-143.9979
G1 X62.8614 Y-142.0477
G1 X64.0964 Y-143.1978
G1 X64.2226 Y-143.3177
G1 X64.3456 Y-143.4396
G1 X64.4652 Y-143.5626
G1 X64.5810 Y-143.6868
G1 X64.6933 Y-143.8123
G1 X64.8017 Y-143.9385
G1 X64.9061 Y-144.0652
G1 X65.0070 Y-144.1928
G1 X65.1035 Y-144.3203
G1 X65.1960 Y-144.4483
G1 X65.2841 Y-144.5760
G1 X65.3679 Y-144.7035
G1 X65.4474 Y-144.8305
G1 X65.5223 Y-144.9573
G1 X65.5927 Y-145.0830
G1 X65.6585 Y-145.2077
G1 X65.7192 Y-145.3317
G1 X65.7753 Y-145.4541
G1 X65.8264 Y-145.5750
G1 X65.8724 Y-145.6941
G1 X65.9130 Y-145.8115
G1 X65.9488 Y-145.9271
G1 X65.9790 Y-146.0401
G1 X66.0037 Y-146.1508
G1 X66.0230 Y-146.2590
G1 X66.0367 Y-146.3645
G1 X66.0448 Y-146.4671
G1 X66.0471 Y-146.5664
G1 X66.0433 Y-146.6626
G1 X66.0336 Y-146.7551
G1 X66.0179 Y-146.8443
G1 X65.9961 Y-146.9293
G1 X65.9643 Y-147.0243
G1 X65.9265 Y-147.1206
G1 X65.8825 Y-147.2176
G1 X65.8325 Y-147.3157
G1 X65.7766 Y-147.4142
G1 X65.7149 Y-147.5135
G1 X65.6473 Y-147.6134
G1 X65.5744 Y-147.7137
G1 X65.4962 Y-147.8143
G1 X65.4124 Y-147.9151
G1 X65.3237 Y-148.0160
G1 X65.2297 Y-148.1171
G1 X65.1309 Y-148.2176
G1 X65.0276 Y-148.3182
G1 X64.9191 Y-148.4186
G1 X64.8063 Y-148.5184
G1 X64.6892 Y-148.6177
G1 X64.5676 Y-148.7165
G1 X64.4418 Y-148.8143
G1 X64.3120 Y-148.9113
G1 X64.1784 Y-149.0076
G1 X64.0408 Y-149.1026
G1 X63.8995 Y-149.1963
G1 X63.7548 Y-149.2890
G1 X63.6064 Y-149.3802
G1 X63.4550 Y-149.4699
G1 X63.3001 Y-149.5580
G1 X63.1424 Y-149.6444
G1 X62.9816 Y-149.7289
G1 X62.8180 Y-149.8117
G1 X62.6516 Y-149.8923
G1 X62.4827 Y-149.9707
G1 X62.2963 Y-150.0546
G1 X62.1015 Y-150.1397
G1 X61.8998 Y-150.2260
G1 X61.6928 Y-150.3126
G1 X61.4820 Y-150.3990
G1 X61.2691 Y-150.4848
G1 X61.0558 Y-150.5689
G1 X60.8434 Y-150.6512
G1 X60.6339 Y-150.7307
G1 X60.4286 Y-150.8069
G1 X60.2290 Y-150.8796
G1 X60.0370 Y-150.9474
G1 X59.8541 Y-151.0104
G1 X59.6816 Y-151.0675
G1 X59.5213 Y-151.1183
G1 X59.3750 Y-151.1623
G1 X59.1414 Y-151.2296
G1 X58.9341 Y-151.2872
G1 X58.7497 Y-151.3350
G1 X58.5851 Y-151.3721
G1 X58.4365 Y-151.3982
G1 X58.3004 Y-151.4127
G1 X58.1734 Y-151.4155
G1 X58.0520 Y-151.4056
; Retract
G1 Z2.5400 F2540

; Path 25
; Rapid to initial position
G1 X64.3311 Y-141.1000 F2540
G1 Z0.0000
; plunge
G1 Z-3.1750 F127
; cut
G1 X64.2414 Y-141.0434 F1016
G1 X64.1543 Y-140.9863
G1 X64.0690 Y-140.9286
G1 X63.9862 Y-140.8707
G1 X63.9054 Y-140.8125
G1 X63.8269 Y-140.7538
G1 X63.7504 Y-140.6949
G1 X63.6763 Y-140.6355
G1 X63.6041 Y-140.5758
G1 X63.5343 Y-140.5158
G1 X63.4665 Y-140.4551
G1 X63.4009 Y-140.3944
G1 X63.3374 Y-140.3332
G1 X63.2762 Y-140.2715
G1 X63.2170 Y-140.2095
G1 X63.1256 Y-140.1087
G1 X63.0403 Y-140.0076
G1 X62.9608 Y-139.9065
G1 X62.8871 Y-139.8052
G1 X62.8193 Y-139.7033
G1 X62.7573 Y-139.6012
G1 X62.7012 Y-139.4983
G1 X62.6509 Y-139.3949
G1 X62.6067 Y-139.2908
G1 X62.5681 Y-139.1859
G1 X62.5353 Y-139.0800
G1 X62.5084 Y-138.9731
G1 X62.4876 Y-138.8651
G1 X62.4723 Y-138.7561
G1 X62.4629 Y-138.6456
G1 X62.4596 Y-138.5341
G1 X62.4619 Y-138.4209
G1 X62.4703 Y-138.3063
G1 X62.4843 Y-138.1900
G1 X62.5043 Y-138.0721
G1 X62.5300 Y-137.9525
G1 X62.5617 Y-137.8308
G1 X62.5991 Y-137.7071
G1 X62.6425 Y-137.5816
G1 X62.6915 Y-137.4539
G1 X62.7466 Y-137.3238
G1 X62.8076 Y-137.1915
G1 X62.8741 Y-137.0566
G1 X62.9468 Y-136.9195
G1 X63.0253 Y-136.7798
G1 X63.1093 Y-136.6373
G1 X63.1995 Y-136.4920
G1 X63.2750 Y-136.3744
G1 X63.3504 Y-136.2596
G1 X63.4256 Y-136.1481
G1 X63.5010 Y-136.0394
G1 X63.5762 Y-135.9337
G1 X63.6514 Y-135.8308
G1 X63.7268 Y-135.7310
G1 X63.8023 Y-135.6342
G1 X63.8780 Y-135.5402
G1 X63.9536 Y-135.4493
G1 X64.0296 Y-135.3612
G1 X64.1058 Y-135.2758
G1 X64.1825 Y-135.1933
G1 X64.2595 Y-135.1138
G1 X64.3367 Y-135.0371
G1 X64.4144 Y-134.9634
G1 X64.4924 Y-134.8923
G1 X64.5711 Y-134.8240
G1 X64.6501 Y-134.7587
G1 X64.7299 Y-134.6959
G1 X64.8101 Y-134.6360
G1 X64.8909 Y-134.5791
G1 X64.9724 Y-134.5247
G1 X65.0547 Y-134.4732
G1 X65.1378 Y-134.4242
G1 X65.2216 Y-134.3779
G1 X65.3062 Y-134.3345
G1 X65.3918 Y-134.2939
G1 X65.4782 Y-134.2558
G1 X65.5655 Y-134.2202
G1 X65.6537 Y-134.1874
G1 X65.7431 Y-134.1575
G1 X65.8335 Y-134.1298
G1 X65.9249 Y-134.1049
G1 X66.0174 Y-134.0828
G1 X66.1111 Y-134.0630
G1 X66.2061 Y-134.0460
G1 X66.3021 Y-134.0315
G1 X66.3997 Y-134.0193
G1 X66.4982 Y-134.0099
G1 X66.5983 Y-134.0030
G1 X66.6999 Y-133.9987
G1 X66.8028 Y-133.9969
G1 X66.9072 Y-133.9974
G1 X67.0128 Y-134.0005
G1 X67.1203 Y-134.0061
G1 X67.2292 Y-134.0142
G1 X67.3397 Y-134.0249
G1 X67.4520 Y-134.0378
G1 X67.5658 Y-134.0531
G1 X67.6813 Y-134.0709
G1 X67.7987 Y-134.0912
G1 X67.9178 Y-134.1135
G1 X68.0390 Y-134.1387
G1 X68.1617 Y-134.1658
G1 X68.2864 Y-134.1956
G1 X68.4131 Y-134.2276
G1 X68.5419 Y-134.2619
G1 X68.6727 Y-134.2987
G1 X68.8053 Y-134.3376
G1 X68.9404 Y-134.3787
G1 X69.0773 Y-134.4224
G1 X69.2165 Y-134.4681
G1 X69.4845 Y-134.5593
G1 X69.6120 Y-134.6017
G1 X69.7400 Y-134.6434
G1 X69.8688 Y-134.6840
G1 X69.9983 Y-134.7239
G1 X70.1286 Y-134.7630
G1 X70.2594 Y-134.8014
G1 X70.3910 Y-134.8387
G1 X70.5231 Y-134.8755
G1 X70.6559 Y-134.9113
G1 X70.7893 Y-134.9464
G1 X70.9234 Y-134.9804
G1 X71.0580 Y-135.0140
G1 X71.1932 Y-135.0465
G1 X71.3288 Y-135.0782
G1 X71.4652 Y-135.1092
G1 X71.6021 Y-135.1394
G1 X71.7395 Y-135.1689
G1 X71.8774 Y-135.1973
G1 X72.0159 Y-135.2250
G1 X72.1548 Y-135.2520
G1 X72.2942 Y-135.2781
G1 X72.4339 Y-135.3035
G1 X72.5744 Y-135.3279
G1 X72.7151 Y-135.3518
G1 X72.8563 Y-135.3746
G1 X72.9981 Y-135.3967
G1 X73.1401 Y-135.4181
G1 X73.2826 Y-135.4386
G1 X73.4253 Y-135.4582
G1 X73.5686 Y-135.4772
G1 X73.7121 Y-135.4953
G1 X73.8558 Y-135.5126
G1 X74.0001 Y-135.5291
G1 X74.1446 Y-135.5448
G1 X74.2897 Y-135.5598
G1 X74.4347 Y-135.5740
G1 X74.5802 Y-135.5872
G1 X74.7258 Y-135.5997
G1 X74.8718 Y-135.6116
G1 X75.0181 Y-135.6225
G1 X75.1644 Y-135.6327
G1 X75.3113 Y-135.6421
G1 X75.4581 Y-135.6505
G1 X75.6051 Y-135.6584
G1 X75.7525 Y-135.6652
G1 X75.9000 Y-135.6716
G1 X76.0476 Y-135.6769
G1 X76.1954 Y-135.6815
G1 X76.3433 Y-135.6853
G1 X76.4911 Y-135.6883
G1 X76.6394 Y-135.6906
G1 X76.7875 Y-135.6921
G1 X76.9358 Y-135.6929
G1 X77.2328 Y-135.6919
G1 X77.5297 Y-135.6878
G1 X77.6783 Y-135.6845
G1 X77.8269 Y-135.6805
G1 X77.9755 Y-135.6756
G1 X78.1238 Y-135.6700
G1 X78.2724 Y-135.6637
G1 X78.4210 Y-135.6566
G1 X78.5693 Y-135.6487
G1 X78.7176 Y-135.6401
G1 X78.8660 Y-135.6307
G1 X79.0143 Y-135.6203
G1 X79.1624 Y-135.6093
G1 X79.3102 Y-135.5976
G1 X79.6059 Y-135.5717
G1 X79.7535 Y-135.5575
G1 X80.0481 Y-135.5270
G1 X80.1952 Y-135.5105
G1 X80.4888 Y-135.4755
G1 X80.6351 Y-135.4567
G1 X80.7814 Y-135.4371
G1 X80.9272 Y-135.4168
G1 X81.0730 Y-135.3957
G1 X81.2183 Y-135.3739
G1 X81.3633 Y-135.3515
G1 X81.5081 Y-135.3282
G1 X81.6526 Y-135.3040
G1 X81.7969 Y-135.2791
G1 X81.9407 Y-135.2535
G1 X82.0842 Y-135.2271
G1 X82.2274 Y-135.1999
G1 X82.3702 Y-135.1719
G1 X82.5124 Y-135.1432
G1 X82.6544 Y-135.1138
G1 X82.7959 Y-135.0836
G1 X82.9371 Y-135.0526
G1 X83.0778 Y-135.0208
G1 X83.2180 Y-134.9883
G1 X83.3580 Y-134.9550
G1 X83.4972 Y-134.9212
G1 X83.6361 Y-134.8864
G1 X83.7743 Y-134.8509
G1 X83.9122 Y-134.8146
G1 X84.0496 Y-134.7775
G1 X84.1863 Y-134.7399
G1 X84.3224 Y-134.7013
G1 X84.4580 Y-134.6619
G1 X84.5932 Y-134.6220
G1 X84.7278 Y-134.5811
G1 X84.8617 Y-134.5395
G1 X84.9950 Y-134.4973
G1 X85.1276 Y-134.4544
G1 X85.2597 Y-134.4104
G1 X85.3910 Y-134.3660
G1 X85.5218 Y-134.3205
G1 X85.6518 Y-134.2746
G1 X85.7814 Y-134.2278
G1 X85.9099 Y-134.1803
G1 X86.0379 Y-134.1321
G1 X86.1652 Y-134.0830
G1 X86.2917 Y-134.0333
G1 X86.4174 Y-133.9827
G1 X86.5426 Y-133.9317
G1 X86.6668 Y-133.8796
G1 X86.7903 Y-133.8268
G1 X86.9130 Y-133.7734
G1 X87.0349 Y-133.7191
G1 X87.1558 Y-133.6642
G1 X87.2762 Y-133.6086
G1 X87.4522 Y-133.5283
G1 X87.6325 Y-133.4503
G1 X87.8159 Y-133.3749
G1 X88.0008 Y-133.3028
G1 X88.1860 Y-133.2339
G1 X88.3702 Y-133.1689
G1 X88.5518 Y-133.1082
G1 X88.7298 Y-133.0523
G1 X88.9028 Y-133.0013
G1 X89.0694 Y-132.9558
G1 X89.2284 Y-132.9162
G1 X89.3783 Y-132.8829
G1 X89.5180 Y-132.8565
G1 X89.6460 Y-132.8369
G1 X89.7608 Y-132.8250
G1 X89.8614 Y-132.8209
G1 X90.7633 Y-132.8209
G1 X90.7633 Y-132.8209
G1 X89.0742 Y-136.0620
G1 X88.8990 Y-136.4008
G1 X88.8108 Y-136.5730
G1 X88.6343 Y-136.9217
G1 X88.5462 Y-137.0978
G1 X88.3709 Y-137.4508
G1 X88.1979 Y-137.8039
G1 X88.0285 Y-138.1544
G1 X87.8637 Y-138.4993
G1 X87.7834 Y-138.6693
G1 X87.6277 Y-139.0018
G1 X87.5528 Y-139.1641
G1 X87.4090 Y-139.4783
G1 X87.2747 Y-139.7775
G1 X87.1507 Y-140.0589
G1 X87.0930 Y-140.1923
G1 X87.0387 Y-140.3200
G1 X86.9874 Y-140.4422
G1 X86.9394 Y-140.5585
G1 X86.8949 Y-140.6682
G1 X86.8540 Y-140.7716
G1 X86.8172 Y-140.8679
G1 X86.7219 Y-141.1252
G1 X86.6597 Y-141.2890
G1 X86.5975 Y-141.4470
G1 X86.5360 Y-141.5989
G1 X86.4756 Y-141.7434
G1 X86.4166 Y-141.8796
G1 X86.3595 Y-142.0071
G1 X86.3046 Y-142.1247
G1 X86.2523 Y-142.2316
G1 X86.2030 Y-142.3271
G1 X86.1573 Y-142.4102
G1 X86.1157 Y-142.4800
G1 X86.0781 Y-142.5357
G1 X86.0453 Y-142.5765
G1 X86.0174 Y-142.6019
G1 X85.9953 Y-142.6103
G1 X85.9480 Y-142.6002
G1 X85.8860 Y-142.5705
G1 X85.8116 Y-142.5237
G1 X85.7275 Y-142.4617
G1 X85.6366 Y-142.3866
G1 X85.5416 Y-142.3007
G1 X85.4446 Y-142.2057
G1 X85.3486 Y-142.1039
G1 X85.3077 Y-142.0586
G1 X85.2686 Y-142.0165
G1 X85.2310 Y-141.9771
G1 X85.1946 Y-141.9410
G1 X85.1591 Y-141.9078
G1 X85.1238 Y-141.8775
G1 X85.0885 Y-141.8504
G1 X85.0529 Y-141.8265
G1 X85.0163 Y-141.8057
G1 X84.9782 Y-141.7879
G1 X84.9389 Y-141.7731
G1 X84.8972 Y-141.7620
G1 X84.8530 Y-141.7538
G1 X84.8058 Y-141.7490
G1 X84.7555 Y-141.7472
G1 X84.7014 Y-141.7490
G1 X84.6430 Y-141.7541
G1 X84.5802 Y-141.7625
G1 X84.5124 Y-141.7742
G1 X84.4393 Y-141.7894
G1 X84.3603 Y-141.8079
G1 X84.2752 Y-141.8298
G1 X84.1832 Y-141.8554
G1 X84.0844 Y-141.8844
G1 X83.9782 Y-141.9167
G1 X83.8642 Y-141.9527
G1 X83.7420 Y-141.9923
G1 X83.6110 Y-142.0355
G1 X83.3217 Y-142.1328
G1 X82.9925 Y-142.2448
G1 X82.8924 Y-142.2784
G1 X82.7877 Y-142.3126
G1 X82.6788 Y-142.3474
G1 X82.5660 Y-142.3827
G1 X82.4497 Y-142.4183
G1 X82.3298 Y-142.4544
G1 X82.2066 Y-142.4904
G1 X82.0806 Y-142.5268
G1 X81.8213 Y-142.5997
G1 X81.6882 Y-142.6362
G1 X81.4169 Y-142.7089
G1 X81.2792 Y-142.7450
G1 X81.0009 Y-142.8161
G1 X80.8609 Y-142.8509
G1 X80.5802 Y-142.9194
G1 X80.3006 Y-142.9855
G1 X80.0245 Y-143.0482
G1 X79.8881 Y-143.0785
G1 X79.6206 Y-143.1361
G1 X79.4898 Y-143.1633
G1 X79.2358 Y-143.2141
G1 X79.1131 Y-143.2375
G1 X78.9935 Y-143.2596
G1 X78.8774 Y-143.2804
G1 X78.7804 Y-143.2969
G1 X78.6806 Y-143.3132
G1 X78.5779 Y-143.3292
G1 X78.4730 Y-143.3446
G1 X78.3656 Y-143.3596
G1 X78.2559 Y-143.3744
G1 X78.1439 Y-143.3888
G1 X78.0296 Y-143.4031
G1 X77.7954 Y-143.4300
G1 X77.6755 Y-143.4429
G1 X77.4306 Y-143.4676
G1 X77.1802 Y-143.4907
G1 X76.9244 Y-143.5123
G1 X76.7949 Y-143.5224
G1 X76.5332 Y-143.5415
G1 X76.2688 Y-143.5590
G1 X76.1357 Y-143.5671
G1 X76.0021 Y-143.5748
G1 X75.7344 Y-143.5887
G1 X75.4664 Y-143.6012
G1 X75.1990 Y-143.6119
G1 X74.9328 Y-143.6207
G1 X74.6689 Y-143.6276
G1 X74.4083 Y-143.6329
G1 X74.2793 Y-143.6347
G1 X74.0250 Y-143.6373
G1 X73.7758 Y-143.6378
G1 X73.6536 Y-143.6373
G1 X73.4141 Y-143.6350
G1 X73.1820 Y-143.6307
G1 X72.9582 Y-143.6243
G1 X72.7436 Y-143.6159
G1 X72.6399 Y-143.6111
G1 X72.4405 Y-143.5997
G1 X72.2526 Y-143.5862
G1 X72.1632 Y-143.5786
G1 X72.0768 Y-143.5707
G1 X71.9938 Y-143.5621
G1 X71.9140 Y-143.5529
G1 X71.8378 Y-143.5433
G1 X71.7652 Y-143.5331
G1 X71.6961 Y-143.5224
G1 X71.6310 Y-143.5110
G1 X71.5698 Y-143.4993
G1 X71.3636 Y-143.4567
G1 X71.1599 Y-143.4140
G1 X70.9587 Y-143.3711
G1 X70.7601 Y-143.3279
G1 X70.5640 Y-143.2844
G1 X70.3702 Y-143.2408
G1 X70.1792 Y-143.1968
G1 X69.9907 Y-143.1526
G1 X69.8045 Y-143.1084
G1 X69.6209 Y-143.0637
G1 X69.4398 Y-143.0188
G1 X69.2612 Y-142.9736
G1 X69.0850 Y-142.9283
G1 X68.9115 Y-142.8826
G1 X68.7400 Y-142.8366
G1 X68.5714 Y-142.7904
G1 X68.4050 Y-142.7439
G1 X68.2412 Y-142.6972
G1 X68.0796 Y-142.6502
G1 X67.9206 Y-142.6030
G1 X67.7639 Y-142.5555
G1 X67.6097 Y-142.5077
G1 X67.4578 Y-142.4595
G1 X67.3085 Y-142.4109
G1 X67.1614 Y-142.3624
G1 X67.0166 Y-142.3134
G1 X66.8744 Y-142.2641
G1 X66.7344 Y-142.2146
G1 X66.5970 Y-142.1646
G1 X66.4616 Y-142.1145
G1 X66.3288 Y-142.0640
G1 X66.1982 Y-142.0132
G1 X66.0702 Y-141.9621
G1 X65.9442 Y-141.9106
G1 X65.8208 Y-141.8590
G1 X65.6996 Y-141.8069
G1 X65.5805 Y-141.7546
G1 X65.4639 Y-141.7018
G1 X65.3496 Y-141.6489
G1 X65.2376 Y-141.5953
G1 X65.1279 Y-141.5418
G1 X65.0204 Y-141.4877
G1 X64.9153 Y-141.4333
G1 X64.8122 Y-141.3787
G1 X64.7116 Y-141.3238
G1 X64.6130 Y-141.2682
G1 X64.5168 Y-141.2126
G1 X64.4228 Y-141.1564
G1 X64.3311 Y-141.1000
; Retract
G1 Z2.5400 F2540

; Path 26
; Rapid to initial position
G1 X41.5158 Y-138.5910 F2540
G1 Z0.0000
; plunge
G1 Z-3.1750 F127
; cut
G1 X41.4998 Y-138.7206 F1016
G1 X41.4812 Y-138.8506
G1 X41.4604 Y-138.9812
G1 X41.4371 Y-139.1122
G1 X41.4114 Y-139.2438
G1 X41.3832 Y-139.3756
G1 X41.3525 Y-139.5082
G1 X41.3194 Y-139.6413
G1 X41.2839 Y-139.7747
G1 X41.2460 Y-139.9088
G1 X41.2057 Y-140.0434
G1 X41.1630 Y-140.1785
G1 X41.1178 Y-140.3144
G1 X41.0726 Y-140.4457
G1 X41.0291 Y-140.5692
G1 X40.9867 Y-140.6842
G1 X40.9453 Y-140.7912
G1 X40.9037 Y-140.8902
G1 X40.8620 Y-140.9817
G1 X40.8196 Y-141.0650
G1 X40.7756 Y-141.1407
G1 X40.7299 Y-141.2090
G1 X40.6819 Y-141.2697
G1 X40.6311 Y-141.3231
G1 X40.5768 Y-141.3690
G1 X40.5188 Y-141.4076
G1 X40.4566 Y-141.4394
G1 X40.3893 Y-141.4643
G1 X40.3167 Y-141.4821
G1 X40.2384 Y-141.4930
G1 X40.1536 Y-141.4973
G1 X40.0619 Y-141.4948
G1 X39.9631 Y-141.4859
G1 X39.8562 Y-141.4706
G1 X39.7411 Y-141.4490
G1 X39.6169 Y-141.4211
G1 X39.4835 Y-141.3871
G1 X39.3400 Y-141.3469
G1 X39.1864 Y-141.3010
G1 X39.0218 Y-141.2489
G1 X38.8457 Y-141.1912
G1 X38.6580 Y-141.1280
G1 X38.4576 Y-141.0592
G1 X38.2445 Y-140.9847
G1 X38.0180 Y-140.9050
G1 X37.8508 Y-140.8455
G1 X37.6898 Y-140.7876
G1 X37.5346 Y-140.7307
G1 X37.3847 Y-140.6749
G1 X37.2400 Y-140.6197
G1 X37.1000 Y-140.5654
G1 X36.9644 Y-140.5113
G1 X36.8328 Y-140.4574
G1 X36.7048 Y-140.4036
G1 X36.5801 Y-140.3497
G1 X36.4584 Y-140.2954
G1 X36.3390 Y-140.2405
G1 X36.2222 Y-140.1849
G1 X36.1071 Y-140.1282
G1 X35.9933 Y-140.0706
G1 X35.8811 Y-140.0117
G1 X35.7693 Y-139.9512
G1 X35.6580 Y-139.8890
G1 X35.5468 Y-139.8250
G1 X35.4353 Y-139.7589
G1 X35.3233 Y-139.6903
G1 X35.2100 Y-139.6197
G1 X35.0957 Y-139.5461
G1 X34.9794 Y-139.4699
G1 X34.8610 Y-139.3906
G1 X34.7403 Y-139.3081
G1 X34.6169 Y-139.2220
G1 X34.4902 Y-139.1326
G1 X34.3599 Y-139.0391
G1 X34.2260 Y-138.9418
G1 X34.0876 Y-138.8405
G1 X33.0967 Y-138.1039
G1 X34.0469 Y-135.8786
G1 X34.1528 Y-135.6263
G1 X34.2181 Y-135.4679
G1 X34.2793 Y-135.3155
G1 X34.3365 Y-135.1684
G1 X34.3901 Y-135.0259
G1 X34.4401 Y-134.8864
G1 X34.4637 Y-134.8176
G1 X34.4866 Y-134.7493
G1 X34.5298 Y-134.6134
G1 X34.5501 Y-134.5458
G1 X34.5699 Y-134.4778
G1 X34.5890 Y-134.4099
G1 X34.6070 Y-134.3414
G1 X34.6245 Y-134.2725
G1 X34.6415 Y-134.2032
G1 X34.6578 Y-134.1331
G1 X34.6733 Y-134.0622
G1 X34.6883 Y-133.9903
G1 X34.7028 Y-133.9172
G1 X34.7165 Y-133.8430
G1 X34.7297 Y-133.7676
G1 X34.7426 Y-133.6904
G1 X34.7548 Y-133.6119
G1 X34.7665 Y-133.5314
G1 X34.7886 Y-133.3650
G1 X34.7990 Y-133.2786
G1 X34.8186 Y-133.0990
G1 X34.8280 Y-133.0056
G1 X34.8369 Y-132.9096
G1 X34.8536 Y-132.7092
G1 X34.8694 Y-132.4966
G1 X34.8841 Y-132.2710
G1 X34.8981 Y-132.0315
G1 X34.9113 Y-131.7767
G1 X34.9303 Y-131.3642
G1 X34.9428 Y-131.0673
G1 X34.9613 Y-130.5867
G1 X34.9931 Y-129.6830
G1 X35.0096 Y-129.2408
G1 X35.0187 Y-129.0231
G1 X35.0383 Y-128.5964
G1 X35.0599 Y-128.1829
G1 X35.0830 Y-127.7851
G1 X35.0952 Y-127.5928
G1 X35.1076 Y-127.4054
G1 X35.1203 Y-127.2230
G1 X35.1333 Y-127.0460
G1 X35.1602 Y-126.7092
G1 X35.1739 Y-126.5502
G1 X35.1879 Y-126.3975
G1 X35.2019 Y-126.2520
G1 X35.2161 Y-126.1133
G1 X35.2303 Y-125.9822
G1 X35.2448 Y-125.8590
G1 X35.2590 Y-125.7435
G1 X35.2735 Y-125.6365
G1 X35.2880 Y-125.5382
G1 X35.3022 Y-125.4486
G1 X35.3167 Y-125.3683
G1 X35.3309 Y-125.2977
G1 X35.3449 Y-125.2367
G1 X35.3588 Y-125.1857
G1 X35.3728 Y-125.1453
G1 X35.3865 Y-125.1153
G1 X35.3997 Y-125.0965
G1 X35.4388 Y-125.0688
G1 X35.4825 Y-125.0587
G1 X35.4825 Y-125.0587
G1 X35.5305 Y-125.0655
G1 X35.5824 Y-125.0884
G1 X35.6377 Y-125.1265
G1 X35.6964 Y-125.1791
G1 X35.7579 Y-125.2454
G1 X35.8219 Y-125.3246
G1 X35.8882 Y-125.4161
G1 X35.9562 Y-125.5192
G1 X36.0258 Y-125.6327
G1 X36.0964 Y-125.7564
G1 X36.1681 Y-125.8893
G1 X36.2400 Y-126.0302
G1 X36.3121 Y-126.1791
G1 X36.3840 Y-126.3348
G1 X36.4551 Y-126.4963
G1 X36.5255 Y-126.6634
G1 X36.5945 Y-126.8349
G1 X36.6621 Y-127.0104
G1 X36.7276 Y-127.1887
G1 X36.7906 Y-127.3696
G1 X36.8513 Y-127.5517
G1 X36.9087 Y-127.7346
G1 X36.9631 Y-127.9174
G1 X37.0136 Y-128.0996
G1 X37.0601 Y-128.2802
G1 X37.1023 Y-128.4585
G1 X37.1396 Y-128.6335
G1 X37.1721 Y-128.8047
G1 X37.1991 Y-128.9715
G1 X37.2201 Y-129.1326
G1 X37.2344 Y-129.2525
G1 X37.2488 Y-129.3665
G1 X37.2638 Y-129.4755
G1 X37.2798 Y-129.5799
G1 X37.2969 Y-129.6800
G1 X37.3149 Y-129.7762
G1 X37.3347 Y-129.8692
G1 X37.3563 Y-129.9591
G1 X37.3799 Y-130.0465
G1 X37.4056 Y-130.1316
G1 X37.4340 Y-130.2151
G1 X37.4650 Y-130.2974
G1 X37.4990 Y-130.3787
G1 X37.5361 Y-130.4595
G1 X37.5768 Y-130.5405
G1 X37.6212 Y-130.6218
G1 X37.6695 Y-130.7038
G1 X37.7220 Y-130.7874
G1 X37.7789 Y-130.8725
G1 X37.8404 Y-130.9596
G1 X37.9067 Y-131.0493
G1 X37.9783 Y-131.1420
G1 X38.0553 Y-131.2380
G1 X38.1378 Y-131.3378
G1 X38.2262 Y-131.4420
G1 X38.3207 Y-131.5507
G1 X38.4218 Y-131.6645
G1 X38.5293 Y-131.7838
G1 X38.6433 Y-131.9091
G1 X38.8932 Y-132.1788
G1 X39.0294 Y-132.3243
G1 X39.1417 Y-132.4453
G1 X39.2514 Y-132.5662
G1 X39.3583 Y-132.6871
G1 X39.4630 Y-132.8077
G1 X39.5648 Y-132.9284
G1 X39.6641 Y-133.0490
G1 X39.7609 Y-133.1694
G1 X39.8551 Y-133.2901
G1 X39.9468 Y-133.4105
G1 X40.0360 Y-133.5308
G1 X40.1223 Y-133.6515
G1 X40.2064 Y-133.7719
G1 X40.2877 Y-133.8923
G1 X40.3667 Y-134.0129
G1 X40.4429 Y-134.1333
G1 X40.5166 Y-134.2540
G1 X40.5879 Y-134.3746
G1 X40.6565 Y-134.4955
G1 X40.7225 Y-134.6162
G1 X40.7863 Y-134.7371
G1 X40.8473 Y-134.8583
G1 X40.9059 Y-134.9794
G1 X40.9618 Y-135.1006
G1 X41.0154 Y-135.2220
G1 X41.0662 Y-135.3436
G1 X41.1147 Y-135.4653
G1 X41.1607 Y-135.5872
G1 X41.2041 Y-135.7092
G1 X41.2450 Y-135.8313
G1 X41.2834 Y-135.9540
G1 X41.3194 Y-136.0764
G1 X41.3527 Y-136.1994
G1 X41.3837 Y-136.3226
G1 X41.4122 Y-136.4460
G1 X41.4381 Y-136.5694
G1 X41.4614 Y-136.6934
G1 X41.4823 Y-136.8176
G1 X41.5008 Y-136.9421
G1 X41.5168 Y-137.0668
G1 X41.5303 Y-137.1917
G1 X41.5412 Y-137.3172
G1 X41.5498 Y-137.4430
G1 X41.5559 Y-137.5689
G1 X41.5595 Y-137.6954
G1 X41.5605 Y-137.8222
G1 X41.5592 Y-137.9494
G1 X41.5554 Y-138.0769
G1 X41.5493 Y-138.2047
G1 X41.5407 Y-138.3332
G1 X41.5295 Y-138.4617
G1 X41.5158 Y-138.5910
; Retract
G1 Z2.5400 F2540

; Path 27
; Rapid to initial position
G1 X40.7220 Y-132.1250 F2540
G1 Z0.0000
; plunge
G1 Z-3.1750 F127
; cut
G1 X40.6687 Y-132.1290 F1016
G1 X40.6151 Y-132.1290
G1 X40.5610 Y-132.1250
G1 X40.5069 Y-132.1168
G1 X40.4523 Y-132.1049
G1 X40.3977 Y-132.0891
G1 X40.3426 Y-132.0696
G1 X40.2877 Y-132.0462
G1 X40.2323 Y-132.0190
G1 X40.1770 Y-131.9883
G1 X40.1216 Y-131.9538
G1 X40.0662 Y-131.9157
G1 X40.0106 Y-131.8743
G1 X39.9552 Y-131.8290
G1 X39.8996 Y-131.7805
G1 X39.8442 Y-131.7287
G1 X39.7891 Y-131.6736
G1 X39.7337 Y-131.6149
G1 X39.6789 Y-131.5532
G1 X39.6240 Y-131.4884
G1 X39.5694 Y-131.4201
G1 X39.5148 Y-131.3490
G1 X39.4607 Y-131.2748
G1 X39.4068 Y-131.1976
G1 X39.3535 Y-131.1173
G1 X39.3002 Y-131.0340
G1 X39.2476 Y-130.9482
G1 X39.1952 Y-130.8593
G1 X39.1432 Y-130.7678
G1 X39.0919 Y-130.6733
G1 X39.0408 Y-130.5766
G1 X38.9903 Y-130.4770
G1 X38.9405 Y-130.3746
G1 X38.8912 Y-130.2700
G1 X38.8424 Y-130.1628
G1 X38.7944 Y-130.0533
G1 X38.7472 Y-129.9413
G1 X38.7005 Y-129.8270
G1 X38.6545 Y-129.7104
G1 X38.6093 Y-129.5916
G1 X38.5651 Y-129.4707
G1 X38.5214 Y-129.3475
G1 X38.4787 Y-129.2222
G1 X38.4368 Y-129.0950
G1 X38.3959 Y-128.9657
G1 X38.3558 Y-128.8344
G1 X38.3169 Y-128.7013
G1 X38.2788 Y-128.5664
G1 X38.2417 Y-128.4295
G1 X38.2057 Y-128.2911
G1 X38.1709 Y-128.1509
G1 X38.1371 Y-128.0089
G1 X38.1043 Y-127.8654
G1 X38.0728 Y-127.7203
G1 X38.0426 Y-127.5738
G1 X38.0134 Y-127.4257
G1 X37.9854 Y-127.2761
G1 X37.9590 Y-127.1252
G1 X37.9336 Y-126.9731
G1 X37.9204 Y-126.8887
G1 X37.9090 Y-126.8085
G1 X37.8998 Y-126.7315
G1 X37.8963 Y-126.6942
G1 X37.8935 Y-126.6576
G1 X37.8915 Y-126.6213
G1 X37.8902 Y-126.5857
G1 X37.8899 Y-126.5504
G1 X37.8907 Y-126.5154
G1 X37.8922 Y-126.4808
G1 X37.8950 Y-126.4460
G1 X37.8991 Y-126.4115
G1 X37.9042 Y-126.3769
G1 X37.9105 Y-126.3424
G1 X37.9181 Y-126.3076
G1 X37.9270 Y-126.2725
G1 X37.9374 Y-126.2372
G1 X37.9494 Y-126.2014
G1 X37.9628 Y-126.1651
G1 X37.9778 Y-126.1283
G1 X37.9946 Y-126.0907
G1 X38.0129 Y-126.0523
G1 X38.0329 Y-126.0135
G1 X38.0550 Y-125.9733
G1 X38.0789 Y-125.9324
G1 X38.1046 Y-125.8905
G1 X38.1323 Y-125.8473
G1 X38.1622 Y-125.8032
G1 X38.1940 Y-125.7574
G1 X38.2280 Y-125.7104
G1 X38.2643 Y-125.6619
G1 X38.3029 Y-125.6119
G1 X38.3438 Y-125.5603
G1 X38.3870 Y-125.5072
G1 X38.4327 Y-125.4521
G1 X38.4810 Y-125.3952
G1 X38.5318 Y-125.3363
G1 X38.5851 Y-125.2756
G1 X38.6413 Y-125.2126
G1 X38.7617 Y-125.0800
G1 X38.8935 Y-124.9383
G1 X39.0370 Y-124.7866
G1 X39.1930 Y-124.6241
G1 X39.4508 Y-124.3592
G1 X39.8419 Y-123.9629
G1 X40.8229 Y-122.9797
G1 X40.9763 Y-122.8242
G1 X41.1269 Y-122.6701
G1 X41.2750 Y-122.5172
G1 X41.4200 Y-122.3655
G1 X41.5623 Y-122.2149
G1 X41.7020 Y-122.0658
G1 X41.8386 Y-121.9177
G1 X41.9730 Y-121.7709
G1 X42.1043 Y-121.6251
G1 X42.2331 Y-121.4803
G1 X42.3593 Y-121.3366
G1 X42.4828 Y-121.1941
G1 X42.6034 Y-121.0523
G1 X42.7218 Y-120.9116
G1 X42.8374 Y-120.7719
G1 X42.9506 Y-120.6330
G1 X43.0611 Y-120.4951
G1 X43.1691 Y-120.3579
G1 X43.2747 Y-120.2215
G1 X43.3776 Y-120.0861
G1 X43.4782 Y-119.9512
G1 X43.5762 Y-119.8171
G1 X43.6720 Y-119.6838
G1 X43.7652 Y-119.5509
G1 X43.8561 Y-119.4189
G1 X43.9445 Y-119.2873
G1 X44.0306 Y-119.1562
G1 X44.1142 Y-119.0257
G1 X44.1957 Y-118.8959
G1 X44.2747 Y-118.7663
G1 X44.3514 Y-118.6373
G1 X44.4259 Y-118.5085
G1 X44.4983 Y-118.3803
G1 X44.5681 Y-118.2525
G1 X44.6359 Y-118.1247
G1 X44.7015 Y-117.9975
G1 X44.7650 Y-117.8705
G1 X44.8262 Y-117.7437
G1 X44.8851 Y-117.6170
G1 X44.9420 Y-117.4905
G1 X44.9969 Y-117.3643
G1 X45.0494 Y-117.2380
G1 X45.1002 Y-117.1118
G1 X45.1488 Y-116.9855
G1 X45.1952 Y-116.8596
G1 X45.2397 Y-116.7333
G1 X45.2821 Y-116.6073
G1 X45.3227 Y-116.4808
G1 X45.3611 Y-116.3546
G1 X45.3977 Y-116.2281
G1 X45.4325 Y-116.1014
G1 X45.4650 Y-115.9744
G1 X45.4960 Y-115.8474
G1 X45.5247 Y-115.7199
G1 X45.5519 Y-115.5924
G1 X45.5770 Y-115.4643
G1 X45.6004 Y-115.3358
G1 X45.6220 Y-115.2070
G1 X45.6418 Y-115.0780
G1 X45.6598 Y-114.9482
G1 X45.6761 Y-114.8182
G1 X45.6905 Y-114.6876
G1 X45.7032 Y-114.5565
G1 X45.8470 Y-112.9716
G1 X44.9831 Y-113.3348
G1 X44.9163 Y-113.3635
G1 X44.8523 Y-113.3930
G1 X44.7906 Y-113.4232
G1 X44.7312 Y-113.4547
G1 X44.6738 Y-113.4872
G1 X44.6184 Y-113.5212
G1 X44.5648 Y-113.5571
G1 X44.5130 Y-113.5946
G1 X44.4624 Y-113.6345
G1 X44.4132 Y-113.6769
G1 X44.3654 Y-113.7216
G1 X44.3184 Y-113.7694
G1 X44.2722 Y-113.8199
G1 X44.2270 Y-113.8738
G1 X44.1820 Y-113.9312
G1 X44.1376 Y-113.9924
G1 X44.0934 Y-114.0574
G1 X44.0494 Y-114.1265
G1 X44.0052 Y-114.2002
G1 X43.9608 Y-114.2782
G1 X43.9161 Y-114.3610
G1 X43.8709 Y-114.4488
G1 X43.8249 Y-114.5421
G1 X43.7782 Y-114.6406
G1 X43.7302 Y-114.7450
G1 X43.6814 Y-114.8552
G1 X43.6311 Y-114.9716
G1 X43.5793 Y-115.0943
G1 X43.5259 Y-115.2233
G1 X43.4708 Y-115.3594
G1 X43.3548 Y-115.6525
G1 X43.2631 Y-115.8819
G1 X43.1686 Y-116.1092
G1 X43.0710 Y-116.3348
G1 X42.9704 Y-116.5583
G1 X42.8673 Y-116.7795
G1 X42.7617 Y-116.9982
G1 X42.6532 Y-117.2146
G1 X42.5427 Y-117.4280
G1 X42.4297 Y-117.6386
G1 X42.3146 Y-117.8458
G1 X42.1975 Y-118.0501
G1 X42.0784 Y-118.2510
G1 X41.9575 Y-118.4481
G1 X41.8348 Y-118.6416
G1 X41.7106 Y-118.8311
G1 X41.5851 Y-119.0165
G1 X41.4581 Y-119.1976
G1 X41.3299 Y-119.3747
G1 X41.2003 Y-119.5469
G1 X41.0700 Y-119.7143
G1 X40.9387 Y-119.8768
G1 X40.8066 Y-120.0343
G1 X40.6738 Y-120.1867
G1 X40.5404 Y-120.3335
G1 X40.4066 Y-120.4750
G1 X40.2725 Y-120.6104
G1 X40.1381 Y-120.7402
G1 X40.0037 Y-120.8639
G1 X39.8694 Y-120.9812
G1 X39.7350 Y-121.0922
G1 X39.6009 Y-121.1966
G1 X39.4670 Y-121.2944
G1 X39.3113 Y-121.4016
G1 X39.1594 Y-121.5001
G1 X39.0101 Y-121.5903
G1 X38.8620 Y-121.6726
G1 X38.7142 Y-121.7473
G1 X38.5653 Y-121.8151
G1 X38.4145 Y-121.8761
G1 X38.2600 Y-121.9307
G1 X38.1013 Y-121.9794
G1 X37.9367 Y-122.0226
G1 X37.7652 Y-122.0607
G1 X37.5859 Y-122.0940
G1 X37.3972 Y-122.1229
G1 X37.1978 Y-122.1478
G1 X36.9872 Y-122.1692
G1 X36.7635 Y-122.1872
G1 X36.6321 Y-122.1964
G1 X36.5064 Y-122.2042
G1 X36.3860 Y-122.2108
G1 X36.2707 Y-122.2162
G1 X36.1597 Y-122.2197
G1 X36.0528 Y-122.2218
G1 X35.9496 Y-122.2220
G1 X35.8496 Y-122.2202
G1 X35.7523 Y-122.2167
G1 X35.6573 Y-122.2111
G1 X35.5641 Y-122.2032
G1 X35.4724 Y-122.1930
G1 X35.3814 Y-122.1806
G1 X35.2913 Y-122.1656
G1 X35.2011 Y-122.1478
G1 X35.1107 Y-122.1278
G1 X35.0192 Y-122.1047
G1 X34.9268 Y-122.0785
G1 X34.8325 Y-122.0495
G1 X34.7363 Y-122.0175
G1 X34.6375 Y-121.9822
G1 X34.5356 Y-121.9434
G1 X34.4305 Y-121.9015
G1 X34.3212 Y-121.8557
G1 X34.2080 Y-121.8065
G1 X34.0898 Y-121.7534
G1 X33.9664 Y-121.6965
G1 X33.8374 Y-121.6358
G1 X33.5608 Y-121.5019
G1 X33.2565 Y-121.3508
G1 X33.1569 Y-121.3002
G1 X33.0548 Y-121.2466
G1 X32.9499 Y-121.1905
G1 X32.8430 Y-121.1318
G1 X32.7342 Y-121.0706
G1 X32.6235 Y-121.0074
G1 X32.5110 Y-120.9418
G1 X32.3974 Y-120.8743
G1 X32.2826 Y-120.8049
G1 X32.1668 Y-120.7341
G1 X32.0505 Y-120.6614
G1 X31.9334 Y-120.5875
G1 X31.8163 Y-120.5123
G1 X31.6989 Y-120.4361
G1 X31.5821 Y-120.3592
G1 X31.4653 Y-120.2812
G1 X31.3492 Y-120.2025
G1 X31.2341 Y-120.1235
G1 X31.1198 Y-120.0440
G1 X31.0070 Y-119.9645
G1 X30.8955 Y-119.8847
G1 X30.7861 Y-119.8052
G1 X30.6784 Y-119.7257
G1 X30.5727 Y-119.6470
G1 X30.4693 Y-119.5685
G1 X30.3687 Y-119.4907
G1 X30.2710 Y-119.4138
G1 X30.1762 Y-119.3378
G1 X30.0848 Y-119.2632
G1 X29.9966 Y-119.1895
G1 X29.9123 Y-119.1176
G1 X29.8318 Y-119.0470
G1 X28.3103 Y-117.6957
G1 X28.3103 Y-112.4737
G1 X30.0965 Y-111.4859
G1 X30.3218 Y-111.3605
G1 X30.5511 Y-111.2304
G1 X30.7840 Y-111.0966
G1 X31.0200 Y-110.9591
G1 X31.1389 Y-110.8890
G1 X31.3781 Y-110.7468
G1 X31.6194 Y-110.6018
G1 X31.8618 Y-110.4544
G1 X32.2268 Y-110.2294
G1 X32.4701 Y-110.0772
G1 X32.7132 Y-109.9238
G1 X32.9552 Y-109.7694
G1 X33.1958 Y-109.6145
G1 X33.4345 Y-109.4590
G1 X33.6707 Y-109.3036
G1 X33.9042 Y-109.1486
G1 X34.1343 Y-108.9944
G1 X34.4719 Y-108.7648
G1 X34.6911 Y-108.6137
G1 X34.7990 Y-108.5385
G1 X35.0106 Y-108.3902
G1 X35.3167 Y-108.1720
G1 X35.5128 Y-108.0300
G1 X35.6080 Y-107.9602
G1 X35.7934 Y-107.8230
G1 X35.9707 Y-107.6894
G1 X36.1399 Y-107.5596
G1 X36.2212 Y-107.4964
G1 X36.3002 Y-107.4341
G1 X36.4513 Y-107.3135
G1 X36.5925 Y-107.1977
G1 X36.6596 Y-107.1415
G1 X36.7236 Y-107.0869
G1 X36.7853 Y-107.0336
G1 X36.9463 Y-106.8918
G1 X37.0484 Y-106.8042
G1 X37.1493 Y-106.7196
G1 X37.2486 Y-106.6386
G1 X37.3456 Y-106.5614
G1 X37.4396 Y-106.4885
G1 X37.5303 Y-106.4204
G1 X37.6164 Y-106.3577
G1 X37.6979 Y-106.3005
G1 X37.7739 Y-106.2495
G1 X37.8437 Y-106.2050
G1 X37.9067 Y-106.1677
G1 X37.9626 Y-106.1377
G1 X38.0103 Y-106.1159
G1 X38.0495 Y-106.1024
G1 X38.0792 Y-106.0978
G1 X38.1391 Y-106.0795
G1 X38.2171 Y-106.0272
G1 X38.3093 Y-105.9442
G1 X38.4132 Y-105.8344
G1 X38.5249 Y-105.7016
G1 X38.6415 Y-105.5492
G1 X38.7594 Y-105.3810
G1 X38.8757 Y-105.2010
G1 X38.9402 Y-105.1037
G1 X39.0182 Y-104.9972
G1 X39.1086 Y-104.8832
G1 X39.2107 Y-104.7623
G1 X39.3233 Y-104.6356
G1 X39.4452 Y-104.5040
G1 X39.5755 Y-104.3689
G1 X39.7132 Y-104.2309
G1 X39.8569 Y-104.0915
G1 X40.0058 Y-103.9515
G1 X40.1589 Y-103.8121
G1 X40.3149 Y-103.6742
G1 X40.4729 Y-103.5388
G1 X40.6316 Y-103.4070
G1 X40.7904 Y-103.2800
G1 X40.9478 Y-103.1588
G1 X41.0281 Y-103.0976
G1 X41.1119 Y-103.0328
G1 X41.2895 Y-102.8921
G1 X41.3830 Y-102.8167
G1 X41.5778 Y-102.6566
G1 X41.6789 Y-102.5723
G1 X41.8874 Y-102.3965
G1 X42.1028 Y-102.2119
G1 X42.3235 Y-102.0199
G1 X42.5475 Y-101.8225
G1 X42.7733 Y-101.6206
G1 X42.9994 Y-101.4164
G1 X43.1119 Y-101.3135
G1 X43.3347 Y-101.1080
G1 X43.5536 Y-100.9033
G1 X43.6608 Y-100.8019
G1 X43.8701 Y-100.6020
G1 X44.0713 Y-100.4067
G1 X44.1681 Y-100.3115
G1 X44.2620 Y-100.2180
G1 X46.0583 Y-98.4222
G1 X46.0583 Y-98.4222
G1 X47.9069 Y-98.8078
G1 X48.1277 Y-98.8555
G1 X48.3456 Y-98.9066
G1 X48.5607 Y-98.9609
G1 X48.7728 Y-99.0181
G1 X48.9819 Y-99.0785
G1 X49.1881 Y-99.1420
G1 X49.3916 Y-99.2088
G1 X49.5922 Y-99.2787
G1 X49.7898 Y-99.3518
G1 X49.9847 Y-99.4280
G1 X50.1767 Y-99.5073
G1 X50.3659 Y-99.5901
G1 X50.5523 Y-99.6757
G1 X50.7360 Y-99.7648
G1 X50.9168 Y-99.8571
G1 X51.0949 Y-99.9523
G1 X51.2704 Y-100.0511
G1 X51.4429 Y-100.1530
G1 X51.6128 Y-100.2579
G1 X51.7799 Y-100.3663
G1 X51.9445 Y-100.4778
G1 X52.1063 Y-100.5929
G1 X52.2656 Y-100.7110
G1 X52.4220 Y-100.8324
G1 X52.5757 Y-100.9571
G1 X52.7271 Y-101.0849
G1 X52.8757 Y-101.2162
G1 X53.0215 Y-101.3508
G1 X53.1650 Y-101.4887
G1 X53.3057 Y-101.6300
G1 X53.4441 Y-101.7745
G1 X53.5798 Y-101.9223
G1 X53.6694 Y-102.0239
G1 X53.7576 Y-102.1276
G1 X53.8439 Y-102.2330
G1 X53.9285 Y-102.3402
G1 X54.0113 Y-102.4491
G1 X54.0926 Y-102.5601
G1 X54.1724 Y-102.6729
G1 X54.2501 Y-102.7874
G1 X54.3263 Y-102.9038
G1 X54.4007 Y-103.0219
G1 X54.4736 Y-103.1418
G1 X54.5445 Y-103.2632
G1 X54.6138 Y-103.3866
G1 X54.6816 Y-103.5119
G1 X54.7474 Y-103.6386
G1 X54.8117 Y-103.7674
G1 X54.8742 Y-103.8974
G1 X54.9349 Y-104.0295
G1 X54.9938 Y-104.1631
G1 X55.0512 Y-104.2985
G1 X55.1068 Y-104.4354
G1 X55.1607 Y-104.5741
G1 X55.2127 Y-104.7143
G1 X55.2630 Y-104.8560
G1 X55.3115 Y-104.9995
G1 X55.3585 Y-105.1446
G1 X55.4035 Y-105.2914
G1 X55.4469 Y-105.4395
G1 X55.4886 Y-105.5893
G1 X55.5285 Y-105.7407
G1 X55.5666 Y-105.8934
G1 X55.6029 Y-106.0478
G1 X55.6374 Y-106.2037
G1 X55.6702 Y-106.3612
G1 X55.7012 Y-106.5200
G1 X55.7304 Y-106.6805
G1 X55.7578 Y-106.8423
G1 X55.7837 Y-107.0056
G1 X55.8076 Y-107.1702
G1 X55.8297 Y-107.3366
G1 X55.8500 Y-107.5040
G1 X55.8686 Y-107.6731
G1 X55.8853 Y-107.8436
G1 X55.9003 Y-108.0153
G1 X55.9135 Y-108.1883
G1 X55.9250 Y-108.3630
G1 X55.9346 Y-108.5388
G1 X55.9422 Y-108.7161
G1 X55.9483 Y-108.8944
G1 X55.9524 Y-109.0742
G1 X55.9549 Y-109.2556
G1 X55.9554 Y-109.4379
G1 X55.9542 Y-109.6216
G1 X55.9509 Y-109.8065
G1 X55.9460 Y-109.9927
G1 X55.9394 Y-110.1804
G1 X55.9308 Y-110.3691
G1 X55.9204 Y-110.5588
G1 X55.9082 Y-110.7501
G1 X55.8940 Y-110.9424
G1 X55.8780 Y-111.1359
G1 X55.8602 Y-111.3305
G1 X55.8406 Y-111.5263
G1 X55.8193 Y-111.7234
G1 X55.7301 Y-112.5075
G1 X55.6816 Y-112.9187
G1 X55.6504 Y-113.1697
G1 X55.6197 Y-113.4036
G1 X55.6044 Y-113.5144
G1 X55.5892 Y-113.6211
G1 X55.5737 Y-113.7237
G1 X55.5582 Y-113.8225
G1 X55.5424 Y-113.9177
G1 X55.5264 Y-114.0094
G1 X55.5099 Y-114.0976
G1 X55.4934 Y-114.1824
G1 X55.4761 Y-114.2639
G1 X55.4586 Y-114.3422
G1 X55.4406 Y-114.4173
G1 X55.4220 Y-114.4897
G1 X55.4027 Y-114.5593
G1 X55.3827 Y-114.6259
G1 X55.3621 Y-114.6899
G1 X55.3405 Y-114.7516
G1 X55.3184 Y-114.8108
G1 X55.2950 Y-114.8674
G1 X55.2709 Y-114.9220
G1 X55.2458 Y-114.9746
G1 X55.2196 Y-115.0252
G1 X55.1924 Y-115.0737
G1 X55.1640 Y-115.1207
G1 X55.1345 Y-115.1656
G1 X55.1035 Y-115.2093
G1 X55.0713 Y-115.2515
G1 X55.0377 Y-115.2921
G1 X55.0027 Y-115.3317
G1 X54.9664 Y-115.3701
G1 X54.9283 Y-115.4074
G1 X54.8886 Y-115.4438
G1 X54.8475 Y-115.4793
G1 X54.8046 Y-115.5141
G1 X54.7601 Y-115.5484
G1 X54.7136 Y-115.5822
G1 X54.6654 Y-115.6155
G1 X54.6153 Y-115.6485
G1 X54.5633 Y-115.6813
G1 X54.5092 Y-115.7140
G1 X54.4530 Y-115.7468
G1 X54.3946 Y-115.7798
G1 X54.3344 Y-115.8128
G1 X54.2069 Y-115.8804
G1 X54.1396 Y-115.9149
G1 X53.9981 Y-115.9861
G1 X53.5996 Y-116.1809
G1 X53.4916 Y-116.2342
G1 X53.3834 Y-116.2886
G1 X53.2745 Y-116.3444
G1 X53.1655 Y-116.4013
G1 X53.0560 Y-116.4595
G1 X52.9463 Y-116.5189
G1 X52.8363 Y-116.5797
G1 X52.7261 Y-116.6414
G1 X52.6158 Y-116.7041
G1 X52.5054 Y-116.7679
G1 X52.3949 Y-116.8329
G1 X52.2841 Y-116.8987
G1 X52.1736 Y-116.9655
G1 X52.0631 Y-117.0333
G1 X51.9524 Y-117.1021
G1 X51.8422 Y-117.1717
G1 X51.6217 Y-117.3135
G1 X51.5120 Y-117.3856
G1 X51.4022 Y-117.4585
G1 X51.2930 Y-117.5322
G1 X51.1840 Y-117.6066
G1 X51.0753 Y-117.6815
G1 X50.9671 Y-117.7572
G1 X50.8594 Y-117.8334
G1 X50.7522 Y-117.9104
G1 X50.6453 Y-117.9878
G1 X50.5391 Y-118.0658
G1 X50.4337 Y-118.1443
G1 X50.3288 Y-118.2233
G1 X50.2244 Y-118.3028
G1 X50.1208 Y-118.3825
G1 X50.0182 Y-118.4628
G1 X49.9161 Y-118.5433
G1 X49.8150 Y-118.6241
G1 X49.7147 Y-118.7054
G1 X49.6151 Y-118.7869
G1 X49.4193 Y-118.9505
G1 X49.3227 Y-119.0325
G1 X49.2272 Y-119.1148
G1 X49.1330 Y-119.1971
G1 X49.0398 Y-119.2797
G1 X48.9478 Y-119.3622
G1 X48.8569 Y-119.4448
G1 X48.6791 Y-119.6096
G1 X48.5922 Y-119.6922
G1 X48.5066 Y-119.7745
G1 X48.4226 Y-119.8568
G1 X48.3398 Y-119.9388
G1 X48.2585 Y-120.0208
G1 X48.1787 Y-120.1026
G1 X48.1005 Y-120.1842
G1 X48.0240 Y-120.2652
G1 X47.9489 Y-120.3462
G1 X47.8757 Y-120.4267
G1 X47.8041 Y-120.5070
G1 X47.7342 Y-120.5870
G1 X47.6661 Y-120.6665
G1 X47.5999 Y-120.7455
G1 X47.5353 Y-120.8240
G1 X47.4729 Y-120.9020
G1 X47.4124 Y-120.9794
G1 X47.3149 Y-121.1072
G1 X47.2194 Y-121.2352
G1 X47.1724 Y-121.2995
G1 X47.0792 Y-121.4288
G1 X46.9875 Y-121.5596
G1 X46.9420 Y-121.6259
G1 X46.8518 Y-121.7600
G1 X46.7622 Y-121.8971
G1 X46.7175 Y-121.9670
G1 X46.6728 Y-122.0379
G1 X46.5836 Y-122.1824
G1 X46.5389 Y-122.2563
G1 X46.4942 Y-122.3312
G1 X46.4495 Y-122.4077
G1 X46.3593 Y-122.5644
G1 X46.3139 Y-122.6449
G1 X46.2224 Y-122.8105
G1 X46.1762 Y-122.8959
G1 X46.1297 Y-122.9830
G1 X46.0352 Y-123.1623
G1 X45.9875 Y-123.2550
G1 X45.8904 Y-123.4460
G1 X45.7911 Y-123.6457
G1 X45.6893 Y-123.8545
G1 X45.5849 Y-124.0726
G1 X45.4772 Y-124.3010
G1 X45.3664 Y-124.5400
G1 X45.2521 Y-124.7902
G1 X45.1338 Y-125.0518
G1 X45.0116 Y-125.3259
G1 X44.8848 Y-125.6127
G1 X44.7535 Y-125.9126
G1 X44.5473 Y-126.3889
G1 X44.3291 Y-126.8976
G1 X44.0980 Y-127.4415
G1 X43.9364 Y-127.8240
G1 X43.8457 Y-128.0340
G1 X43.7495 Y-128.2484
G1 X43.6486 Y-128.4648
G1 X43.5440 Y-128.6822
G1 X43.4360 Y-128.8989
G1 X43.3263 Y-129.1135
G1 X43.2148 Y-129.3244
G1 X43.1030 Y-129.5298
G1 X42.9918 Y-129.7287
G1 X42.8815 Y-129.9192
G1 X42.7733 Y-130.0998
G1 X42.6679 Y-130.2690
G1 X42.5666 Y-130.4254
G1 X42.4696 Y-130.5677
G1 X42.3779 Y-130.6937
G1 X42.2925 Y-130.8024
G1 X42.2090 Y-130.9019
G1 X42.1223 Y-131.0015
G1 X42.0337 Y-131.1006
G1 X41.9433 Y-131.1984
G1 X41.8521 Y-131.2941
G1 X41.7609 Y-131.3876
G1 X41.6697 Y-131.4778
G1 X41.5801 Y-131.5641
G1 X41.4919 Y-131.6459
G1 X41.4063 Y-131.7229
G1 X41.3240 Y-131.7940
G1 X41.2453 Y-131.8588
G1 X41.1714 Y-131.9167
G1 X41.1023 Y-131.9670
G1 X41.0390 Y-132.0089
G1 X40.9824 Y-132.0422
G1 X40.9313 Y-132.0670
G1 X40.8795 Y-132.0879
G1 X40.8275 Y-132.1044
G1 X40.7749 Y-132.1168
G1 X40.7220 Y-132.1250
; Retract
G1 Z2.5400 F2540

; Path 28
; Rapid to initial position
G1 X33.6593 Y-127.8031 F2540
G1 Z0.0000
; plunge
G1 Z-3.1750 F127
; cut
G1 X33.6067 Y-127.8842 F1016
G1 X33.5473 Y-127.9599
G1 X33.4805 Y-128.0315
G1 X33.4063 Y-128.0988
G1 X33.3238 Y-128.1631
G1 X33.2326 Y-128.2243
G1 X33.1323 Y-128.2835
G1 X33.0225 Y-128.3406
G1 X32.9027 Y-128.3967
G1 X32.7721 Y-128.4521
G1 X32.6306 Y-128.5077
G1 X32.4777 Y-128.5636
G1 X32.3129 Y-128.6205
G1 X32.1356 Y-128.6792
G1 X31.9456 Y-128.7399
G1 X31.7419 Y-128.8031
G1 X31.5244 Y-128.8699
G1 X31.1714 Y-128.9769
G1 X30.9176 Y-129.0516
G1 X30.7861 Y-129.0894
G1 X30.5151 Y-129.1664
G1 X30.2351 Y-129.2438
G1 X29.9484 Y-129.3213
G1 X29.8033 Y-129.3599
G1 X29.5110 Y-129.4369
G1 X29.2174 Y-129.5123
G1 X28.9248 Y-129.5860
G1 X28.6355 Y-129.6573
G1 X28.3517 Y-129.7257
G1 X28.0756 Y-129.7904
G1 X27.8094 Y-129.8514
G1 X27.6807 Y-129.8801
G1 X27.4335 Y-129.9340
G1 X27.3154 Y-129.9588
G1 X27.2016 Y-129.9822
G1 X26.9875 Y-130.0246
G1 X26.7990 Y-130.0602
G1 X26.6118 Y-130.0945
G1 X26.4262 Y-130.1272
G1 X26.2415 Y-130.1587
G1 X26.0584 Y-130.1890
G1 X25.8768 Y-130.2179
G1 X25.6962 Y-130.2456
G1 X25.5171 Y-130.2718
G1 X25.3393 Y-130.2969
G1 X25.1628 Y-130.3205
G1 X24.9875 Y-130.3426
G1 X24.8138 Y-130.3637
G1 X24.6413 Y-130.3833
G1 X24.4701 Y-130.4016
G1 X24.3002 Y-130.4183
G1 X24.1315 Y-130.4341
G1 X23.9644 Y-130.4483
G1 X23.7983 Y-130.4613
G1 X23.6337 Y-130.4727
G1 X23.4704 Y-130.4831
G1 X23.3083 Y-130.4920
G1 X23.1478 Y-130.4996
G1 X22.9883 Y-130.5057
G1 X22.8300 Y-130.5105
G1 X22.6733 Y-130.5141
G1 X22.5179 Y-130.5164
G1 X22.3634 Y-130.5171
G1 X22.2105 Y-130.5166
G1 X22.0589 Y-130.5149
G1 X21.9085 Y-130.5115
G1 X21.7594 Y-130.5070
G1 X21.6116 Y-130.5011
G1 X21.4650 Y-130.4938
G1 X21.3197 Y-130.4851
G1 X21.1760 Y-130.4752
G1 X21.0332 Y-130.4638
G1 X20.8918 Y-130.4511
G1 X20.7515 Y-130.4371
G1 X20.6126 Y-130.4219
G1 X20.4752 Y-130.4051
G1 X20.3388 Y-130.3868
G1 X20.2037 Y-130.3675
G1 X20.0698 Y-130.3467
G1 X19.9372 Y-130.3244
G1 X19.8059 Y-130.3007
G1 X19.6759 Y-130.2758
G1 X19.5471 Y-130.2497
G1 X19.4196 Y-130.2220
G1 X19.2933 Y-130.1930
G1 X19.1681 Y-130.1626
G1 X19.0444 Y-130.1308
G1 X18.9220 Y-130.0975
G1 X18.8006 Y-130.0632
G1 X18.6804 Y-130.0272
G1 X18.5616 Y-129.9901
G1 X18.4440 Y-129.9515
G1 X18.3276 Y-129.9113
G1 X18.2126 Y-129.8699
G1 X18.0985 Y-129.8273
G1 X17.9860 Y-129.7831
G1 X17.8745 Y-129.7376
G1 X17.7643 Y-129.6909
G1 X17.6553 Y-129.6426
G1 X17.5476 Y-129.5928
G1 X17.4409 Y-129.5418
G1 X17.3355 Y-129.4895
G1 X17.2314 Y-129.4356
G1 X17.1285 Y-129.3805
G1 X17.0269 Y-129.3238
G1 X16.9263 Y-129.2659
G1 X16.8270 Y-129.2068
G1 X16.7289 Y-129.1460
G1 X16.6322 Y-129.0838
G1 X16.5364 Y-129.0203
G1 X16.4419 Y-128.9555
G1 X16.3487 Y-128.8893
G1 X16.2565 Y-128.8214
G1 X16.1656 Y-128.7523
G1 X16.0759 Y-128.6820
G1 X15.9875 Y-128.6101
G1 X15.9001 Y-128.5370
G1 X15.8140 Y-128.4623
G1 X15.7289 Y-128.3863
G1 X15.6451 Y-128.3089
G1 X15.5626 Y-128.2299
G1 X15.4813 Y-128.1496
G1 X15.4010 Y-128.0681
G1 X15.3220 Y-127.9850
G1 X15.2441 Y-127.9004
G1 X15.1674 Y-127.8146
G1 X15.0917 Y-127.7275
G1 X15.0172 Y-127.6388
G1 X14.9441 Y-127.5486
G1 X14.8720 Y-127.4572
G1 X14.8011 Y-127.3642
G1 X14.7315 Y-127.2700
G1 X14.6629 Y-127.1742
G1 X14.5953 Y-127.0772
G1 X14.5291 Y-126.9787
G1 X14.4640 Y-126.8786
G1 X14.4000 Y-126.7772
G1 X14.3373 Y-126.6746
G1 X14.2756 Y-126.5705
G1 X14.2149 Y-126.4648
G1 X14.1554 Y-126.3576
G1 X14.0973 Y-126.2492
G1 X14.0401 Y-126.1394
G1 X13.9842 Y-126.0282
G1 X13.9294 Y-125.9154
G1 X13.8755 Y-125.8014
G1 X13.8229 Y-125.6858
G1 X13.7714 Y-125.5687
G1 X13.7211 Y-125.4503
G1 X13.6718 Y-125.3305
G1 X13.6238 Y-125.2093
G1 X13.5768 Y-125.0866
G1 X13.5311 Y-124.9624
G1 X13.4861 Y-124.8369
G1 X13.4427 Y-124.7099
G1 X13.4000 Y-124.5814
G1 X13.3586 Y-124.4516
G1 X13.3182 Y-124.3203
G1 X13.2791 Y-124.1877
G1 X13.2410 Y-124.0536
G1 X13.2039 Y-123.9180
G1 X13.1681 Y-123.7811
G1 X13.1333 Y-123.6424
G1 X13.0995 Y-123.5027
G1 X13.0653 Y-123.3503
G1 X13.0320 Y-123.1915
G1 X13.0000 Y-123.0264
G1 X12.9695 Y-122.8565
G1 X12.9400 Y-122.6820
G1 X12.9123 Y-122.5039
G1 X12.8859 Y-122.3228
G1 X12.8610 Y-122.1397
G1 X12.8377 Y-121.9553
G1 X12.8158 Y-121.7701
G1 X12.7958 Y-121.5850
G1 X12.7772 Y-121.4008
G1 X12.7605 Y-121.2182
G1 X12.7455 Y-121.0381
G1 X12.7325 Y-120.8611
G1 X12.7211 Y-120.6878
G1 X12.7117 Y-120.5194
G1 X12.7043 Y-120.3561
G1 X12.6990 Y-120.1994
G1 X12.6957 Y-120.0493
G1 X12.6944 Y-119.9068
G1 X12.6952 Y-119.7729
G1 X12.6982 Y-119.6482
G1 X12.7036 Y-119.5332
G1 X12.7112 Y-119.4290
G1 X12.7211 Y-119.3363
G1 X12.7333 Y-119.2558
G1 X12.7480 Y-119.1882
G1 X12.7650 Y-119.1344
G1 X12.7848 Y-119.0950
G1 X12.8069 Y-119.0706
G1 X12.8316 Y-119.0625
G1 X12.8316 Y-119.0625
G1 X12.8516 Y-119.0673
G1 X12.8841 Y-119.0813
G1 X12.9283 Y-119.1039
G1 X12.9835 Y-119.1349
G1 X13.0487 Y-119.1735
G1 X13.1237 Y-119.2195
G1 X13.2075 Y-119.2723
G1 X13.2992 Y-119.3315
G1 X13.3985 Y-119.3968
G1 X13.5042 Y-119.4674
G1 X13.6159 Y-119.5428
G1 X13.7330 Y-119.6228
G1 X13.8544 Y-119.7069
G1 X13.9797 Y-119.7945
G1 X14.1079 Y-119.8852
G1 X14.3177 Y-120.0351
G1 X14.3993 Y-120.0917
G1 X14.4826 Y-120.1489
G1 X14.5679 Y-120.2063
G1 X14.6553 Y-120.2639
G1 X14.7444 Y-120.3218
G1 X14.8354 Y-120.3800
G1 X14.9281 Y-120.4384
G1 X15.0223 Y-120.4971
G1 X15.1183 Y-120.5558
G1 X15.2159 Y-120.6144
G1 X15.3149 Y-120.6734
G1 X15.4153 Y-120.7323
G1 X15.6202 Y-120.8504
G1 X15.7246 Y-120.9093
G1 X15.8303 Y-120.9683
G1 X15.9370 Y-121.0269
G1 X16.1534 Y-121.1443
G1 X16.2631 Y-121.2027
G1 X16.3736 Y-121.2609
G1 X16.4851 Y-121.3188
G1 X16.7102 Y-121.4341
G1 X16.8237 Y-121.4912
G1 X16.9380 Y-121.5479
G1 X17.1676 Y-121.6604
G1 X17.2832 Y-121.7160
G1 X17.5153 Y-121.8260
G1 X17.6317 Y-121.8801
G1 X17.7482 Y-121.9337
G1 X17.9817 Y-122.0394
G1 X18.0983 Y-122.0912
G1 X18.3314 Y-122.1930
G1 X18.5638 Y-122.2921
G1 X18.6797 Y-122.3404
G1 X18.7950 Y-122.3879
G1 X18.9098 Y-122.4346
G1 X19.1381 Y-122.5258
G1 X19.2514 Y-122.5697
G1 X19.4757 Y-122.6553
G1 X19.6969 Y-122.7369
G1 X19.8062 Y-122.7760
G1 X19.9146 Y-122.8141
G1 X20.0218 Y-122.8512
G1 X20.1280 Y-122.8872
G1 X20.2329 Y-122.9220
G1 X20.3368 Y-122.9556
G1 X20.4391 Y-122.9878
G1 X20.5402 Y-123.0191
G1 X20.6400 Y-123.0490
G1 X20.7383 Y-123.0775
G1 X20.8351 Y-123.1047
G1 X20.9304 Y-123.1306
G1 X21.0238 Y-123.1552
G1 X21.1122 Y-123.1773
G1 X21.2032 Y-123.1986
G1 X21.2961 Y-123.2197
G1 X21.3914 Y-123.2398
G1 X21.4889 Y-123.2593
G1 X21.5885 Y-123.2784
G1 X21.6901 Y-123.2967
G1 X21.7937 Y-123.3142
G1 X21.8991 Y-123.3312
G1 X22.0063 Y-123.3477
G1 X22.1155 Y-123.3635
G1 X22.2263 Y-123.3785
G1 X22.3385 Y-123.3929
G1 X22.4523 Y-123.4069
G1 X22.5679 Y-123.4201
G1 X22.6847 Y-123.4326
G1 X22.8031 Y-123.4445
G1 X22.9225 Y-123.4557
G1 X23.0434 Y-123.4664
G1 X23.1653 Y-123.4763
G1 X23.2882 Y-123.4857
G1 X23.4124 Y-123.4943
G1 X23.5374 Y-123.5024
G1 X23.6634 Y-123.5098
G1 X23.7901 Y-123.5164
G1 X23.9179 Y-123.5225
G1 X24.0462 Y-123.5278
G1 X24.1750 Y-123.5326
G1 X24.3045 Y-123.5367
G1 X24.4345 Y-123.5403
G1 X24.5648 Y-123.5431
G1 X24.6957 Y-123.5451
G1 X24.8270 Y-123.5466
G1 X24.9583 Y-123.5474
G1 X25.0899 Y-123.5476
G1 X25.2214 Y-123.5471
G1 X25.4851 Y-123.5441
G1 X25.6167 Y-123.5415
G1 X25.7480 Y-123.5385
G1 X26.0104 Y-123.5301
G1 X26.1409 Y-123.5248
G1 X26.2712 Y-123.5189
G1 X26.4008 Y-123.5126
G1 X26.5300 Y-123.5055
G1 X26.6586 Y-123.4976
G1 X26.7866 Y-123.4890
G1 X26.9136 Y-123.4798
G1 X27.0401 Y-123.4699
G1 X27.1656 Y-123.4595
G1 X27.4135 Y-123.4364
G1 X27.5359 Y-123.4237
G1 X27.6573 Y-123.4105
G1 X27.7772 Y-123.3965
G1 X27.8961 Y-123.3820
G1 X28.0137 Y-123.3665
G1 X28.1297 Y-123.3505
G1 X28.2443 Y-123.3340
G1 X28.3573 Y-123.3167
G1 X28.4688 Y-123.2987
G1 X28.5786 Y-123.2799
G1 X28.9636 Y-123.2103
G1 X29.0911 Y-123.1880
G1 X29.2118 Y-123.1679
G1 X29.3266 Y-123.1499
G1 X29.4356 Y-123.1341
G1 X29.5397 Y-123.1207
G1 X29.6393 Y-123.1095
G1 X29.7353 Y-123.1008
G1 X29.8277 Y-123.0950
G1 X29.9174 Y-123.0914
G1 X30.0050 Y-123.0907
G1 X30.0909 Y-123.0930
G1 X30.1757 Y-123.0981
G1 X30.2600 Y-123.1059
G1 X30.3446 Y-123.1171
G1 X30.4295 Y-123.1313
G1 X30.5156 Y-123.1486
G1 X30.6034 Y-123.1694
G1 X30.6936 Y-123.1936
G1 X30.7866 Y-123.2212
G1 X30.8831 Y-123.2525
G1 X30.9834 Y-123.2873
G1 X31.0883 Y-123.3256
G1 X31.1981 Y-123.3681
G1 X31.3136 Y-123.4143
G1 X31.4355 Y-123.4646
G1 X31.5641 Y-123.5189
G1 X31.8435 Y-123.6398
G1 X31.9956 Y-123.7069
G1 X33.9989 Y-124.5961
G1 X33.9534 Y-125.8306
G1 X33.9374 Y-126.2370
G1 X33.9288 Y-126.4216
G1 X33.9192 Y-126.5944
G1 X33.9080 Y-126.7562
G1 X33.8945 Y-126.9075
G1 X33.8790 Y-127.0488
G1 X33.8602 Y-127.1803
G1 X33.8381 Y-127.3033
G1 X33.8120 Y-127.4178
G1 X33.7815 Y-127.5245
G1 X33.7464 Y-127.6238
G1 X33.7058 Y-127.7165
G1 X33.6593 Y-127.8031
; Retract
G1 Z2.5400 F2540

; Path 29
; Rapid to initial position
G1 X31.9687 Y-130.8346 F2540
G1 Z0.0000
; plunge
G1 Z-3.1750 F127
; cut
G1 X31.9867 Y-130.8618 F1016
G1 X32.0045 Y-130.9063
G1 X32.0215 Y-130.9670
G1 X32.0378 Y-131.0429
G1 X32.0533 Y-131.1331
G1 X32.0680 Y-131.2365
G1 X32.0817 Y-131.3518
G1 X32.0944 Y-131.4785
G1 X32.1061 Y-131.6157
G1 X32.1163 Y-131.7617
G1 X32.1252 Y-131.9162
G1 X32.1328 Y-132.0777
G1 X32.1389 Y-132.2456
G1 X32.1432 Y-132.4188
G1 X32.1460 Y-132.5961
G1 X32.1470 Y-132.7767
G1 X32.1460 Y-132.9111
G1 X32.1429 Y-133.0434
G1 X32.1381 Y-133.1737
G1 X32.1310 Y-133.3020
G1 X32.1221 Y-133.4282
G1 X32.1112 Y-133.5524
G1 X32.0980 Y-133.6746
G1 X32.0830 Y-133.7948
G1 X32.0660 Y-133.9131
G1 X32.0467 Y-134.0294
G1 X32.0253 Y-134.1440
G1 X32.0020 Y-134.2565
G1 X31.9763 Y-134.3670
G1 X31.9486 Y-134.4760
G1 X31.9189 Y-134.5827
G1 X31.8869 Y-134.6878
G1 X31.8529 Y-134.7909
G1 X31.8165 Y-134.8923
G1 X31.7782 Y-134.9919
G1 X31.7373 Y-135.0894
G1 X31.6944 Y-135.1854
G1 X31.6494 Y-135.2796
G1 X31.6019 Y-135.3718
G1 X31.5524 Y-135.4625
G1 X31.5003 Y-135.5514
G1 X31.4462 Y-135.6388
G1 X31.3898 Y-135.7241
G1 X31.3309 Y-135.8080
G1 X31.2697 Y-135.8903
G1 X31.2064 Y-135.9705
G1 X31.1407 Y-136.0495
G1 X31.0723 Y-136.1267
G1 X31.0020 Y-136.2022
G1 X30.9291 Y-136.2761
G1 X30.8536 Y-136.3485
G1 X30.7759 Y-136.4193
G1 X30.6959 Y-136.4887
G1 X30.6134 Y-136.5562
G1 X30.5283 Y-136.6225
G1 X30.4409 Y-136.6871
G1 X30.3507 Y-136.7503
G1 X30.2583 Y-136.8118
G1 X30.1635 Y-136.8720
G1 X30.0660 Y-136.9306
G1 X29.9659 Y-136.9880
G1 X29.8635 Y-137.0437
G1 X29.7584 Y-137.0980
G1 X29.6507 Y-137.1511
G1 X29.5407 Y-137.2027
G1 X29.4279 Y-137.2530
G1 X29.3124 Y-137.3017
G1 X29.1945 Y-137.3492
G1 X29.0739 Y-137.3955
G1 X28.9504 Y-137.4402
G1 X28.8247 Y-137.4838
G1 X28.6959 Y-137.5260
G1 X28.5648 Y-137.5669
G1 X28.4307 Y-137.6065
G1 X28.2941 Y-137.6449
G1 X28.1546 Y-137.6822
G1 X28.0126 Y-137.7180
G1 X27.8679 Y-137.7528
G1 X27.7200 Y-137.7864
G1 X27.5697 Y-137.8189
G1 X27.4168 Y-137.8486
G1 X27.2517 Y-137.8768
G1 X27.0754 Y-137.9030
G1 X26.8892 Y-137.9273
G1 X26.6934 Y-137.9499
G1 X26.4892 Y-137.9708
G1 X26.2776 Y-137.9898
G1 X26.0589 Y-138.0068
G1 X25.8346 Y-138.0221
G1 X25.6050 Y-138.0355
G1 X25.3716 Y-138.0470
G1 X25.1346 Y-138.0569
G1 X24.8953 Y-138.0647
G1 X24.6543 Y-138.0706
G1 X24.4127 Y-138.0747
G1 X24.1711 Y-138.0769
G1 X23.9309 Y-138.0774
G1 X23.6921 Y-138.0759
G1 X23.4564 Y-138.0724
G1 X23.2242 Y-138.0670
G1 X22.9967 Y-138.0599
G1 X22.7741 Y-138.0508
G1 X22.5580 Y-138.0399
G1 X22.3490 Y-138.0269
G1 X22.1478 Y-138.0122
G1 X21.9555 Y-137.9954
G1 X21.7726 Y-137.9766
G1 X21.6004 Y-137.9560
G1 X21.4396 Y-137.9334
G1 X21.2913 Y-137.9090
G1 X21.1559 Y-137.8826
G1 X21.0345 Y-137.8542
G1 X20.8981 Y-137.8181
G1 X20.7637 Y-137.7805
G1 X20.6311 Y-137.7414
G1 X20.5006 Y-137.7005
G1 X20.3716 Y-137.6581
G1 X20.2443 Y-137.6139
G1 X20.1188 Y-137.5682
G1 X19.9951 Y-137.5209
G1 X19.8732 Y-137.4719
G1 X19.7533 Y-137.4211
G1 X19.6350 Y-137.3688
G1 X19.5184 Y-137.3149
G1 X19.4033 Y-137.2593
G1 X19.2903 Y-137.2019
G1 X19.1790 Y-137.1430
G1 X19.0693 Y-137.0825
G1 X18.9614 Y-137.0200
G1 X18.8552 Y-136.9560
G1 X18.7508 Y-136.8905
G1 X18.6482 Y-136.8229
G1 X18.5471 Y-136.7539
G1 X18.4478 Y-136.6832
G1 X18.3502 Y-136.6106
G1 X18.2542 Y-136.5364
G1 X18.1600 Y-136.4605
G1 X18.0675 Y-136.3828
G1 X17.9766 Y-136.3033
G1 X17.8874 Y-136.2220
G1 X17.7998 Y-136.1392
G1 X17.7140 Y-136.0546
G1 X17.6299 Y-135.9680
G1 X17.5473 Y-135.8798
G1 X17.4663 Y-135.7899
G1 X17.3871 Y-135.6982
G1 X17.3096 Y-135.6045
G1 X17.2336 Y-135.5093
G1 X17.1592 Y-135.4122
G1 X17.0866 Y-135.3132
G1 X17.0155 Y-135.2126
G1 X16.9461 Y-135.1100
G1 X16.8780 Y-135.0058
G1 X16.8120 Y-134.8997
G1 X16.7472 Y-134.7917
G1 X16.6842 Y-134.6817
G1 X16.6228 Y-134.5702
G1 X16.5628 Y-134.4567
G1 X16.5047 Y-134.3414
G1 X16.4478 Y-134.2243
G1 X16.3927 Y-134.1051
G1 X16.3391 Y-133.9842
G1 X16.2870 Y-133.8616
G1 X16.2367 Y-133.7368
G1 X16.1877 Y-133.6104
G1 X16.1402 Y-133.4821
G1 X16.0945 Y-133.3518
G1 X16.0503 Y-133.2194
G1 X16.0073 Y-133.0853
G1 X15.9662 Y-132.9494
G1 X15.9263 Y-132.8115
G1 X15.8882 Y-132.6718
G1 X15.8516 Y-132.5301
G1 X15.8163 Y-132.3863
G1 X15.7825 Y-132.2408
G1 X15.6942 Y-131.8323
G1 X15.6792 Y-131.7572
G1 X15.6728 Y-131.7216
G1 X15.6675 Y-131.6876
G1 X15.6629 Y-131.6551
G1 X15.6596 Y-131.6241
G1 X15.6573 Y-131.5941
G1 X15.6561 Y-131.5659
G1 X15.6563 Y-131.5387
G1 X15.6578 Y-131.5131
G1 X15.6611 Y-131.4887
G1 X15.6657 Y-131.4658
G1 X15.6718 Y-131.4442
G1 X15.6799 Y-131.4239
G1 X15.6898 Y-131.4049
G1 X15.7015 Y-131.3871
G1 X15.7152 Y-131.3706
G1 X15.7310 Y-131.3553
G1 X15.7490 Y-131.3414
G1 X15.7693 Y-131.3287
G1 X15.7919 Y-131.3172
G1 X15.8168 Y-131.3071
G1 X15.8445 Y-131.2982
G1 X15.8745 Y-131.2903
G1 X15.9075 Y-131.2837
G1 X15.9431 Y-131.2781
G1 X15.9814 Y-131.2738
G1 X16.0231 Y-131.2708
G1 X16.0675 Y-131.2687
G1 X16.1150 Y-131.2680
G1 X16.1658 Y-131.2682
G1 X16.2199 Y-131.2695
G1 X16.2773 Y-131.2720
G1 X16.3383 Y-131.2756
G1 X16.4031 Y-131.2802
G1 X16.4711 Y-131.2857
G1 X16.6187 Y-131.3002
G1 X16.6985 Y-131.3091
G1 X16.8697 Y-131.3297
G1 X17.0579 Y-131.3543
G1 X17.2631 Y-131.3828
G1 X17.4866 Y-131.4150
G1 X17.8572 Y-131.4704
G1 X18.7343 Y-131.6050
G1 X19.2293 Y-131.6805
G1 X19.3901 Y-131.7033
G1 X19.5516 Y-131.7252
G1 X19.7140 Y-131.7462
G1 X19.8770 Y-131.7661
G1 X20.0406 Y-131.7851
G1 X20.2049 Y-131.8029
G1 X20.3700 Y-131.8199
G1 X20.5356 Y-131.8359
G1 X20.7018 Y-131.8509
G1 X20.8684 Y-131.8649
G1 X21.0355 Y-131.8776
G1 X21.2032 Y-131.8898
G1 X21.3713 Y-131.9007
G1 X21.5397 Y-131.9106
G1 X21.7086 Y-131.9195
G1 X21.8778 Y-131.9276
G1 X22.0472 Y-131.9347
G1 X22.2169 Y-131.9406
G1 X22.3868 Y-131.9456
G1 X22.5570 Y-131.9497
G1 X22.7274 Y-131.9527
G1 X22.8978 Y-131.9550
G1 X23.0683 Y-131.9560
G1 X23.2390 Y-131.9563
G1 X23.4094 Y-131.9555
G1 X23.5801 Y-131.9538
G1 X23.7508 Y-131.9510
G1 X23.9212 Y-131.9472
G1 X24.0916 Y-131.9423
G1 X24.2618 Y-131.9367
G1 X24.4320 Y-131.9301
G1 X24.6019 Y-131.9225
G1 X24.7716 Y-131.9141
G1 X24.9410 Y-131.9045
G1 X25.1102 Y-131.8941
G1 X25.2788 Y-131.8826
G1 X25.4472 Y-131.8702
G1 X25.6151 Y-131.8567
G1 X25.7828 Y-131.8425
G1 X25.9499 Y-131.8273
G1 X26.1165 Y-131.8110
G1 X26.2827 Y-131.7940
G1 X26.4480 Y-131.7757
G1 X26.6128 Y-131.7567
G1 X26.7772 Y-131.7368
G1 X26.9408 Y-131.7158
G1 X27.1036 Y-131.6939
G1 X27.2659 Y-131.6711
G1 X27.4272 Y-131.6472
G1 X27.5877 Y-131.6225
G1 X27.7475 Y-131.5969
G1 X27.9065 Y-131.5702
G1 X28.0645 Y-131.5428
G1 X28.2214 Y-131.5143
G1 X28.3776 Y-131.4849
G1 X28.5326 Y-131.4547
G1 X28.6868 Y-131.4234
G1 X28.8397 Y-131.3912
G1 X28.9916 Y-131.3581
G1 X29.1422 Y-131.3241
G1 X29.2918 Y-131.2890
G1 X29.4401 Y-131.2532
G1 X29.8127 Y-131.1603
G1 X30.0335 Y-131.1077
G1 X30.2486 Y-131.0584
G1 X30.4569 Y-131.0129
G1 X30.6568 Y-130.9715
G1 X30.8473 Y-130.9345
G1 X31.0274 Y-130.9014
G1 X31.1955 Y-130.8732
G1 X31.3507 Y-130.8496
G1 X31.4914 Y-130.8311
G1 X31.6169 Y-130.8176
G1 X31.7256 Y-130.8095
G1 X31.8163 Y-130.8070
G1 X31.8163 Y-130.8070
G1 X31.8879 Y-130.8103
G1 X31.9390 Y-130.8194
G1 X31.9687 Y-130.8346
; Retract
G1 Z2.5400 F2540

; Path 30
; Rapid to initial position
G1 X26.9928 Y-121.3086 F2540
G1 Z0.0000
; plunge
G1 Z-3.1750 F127
; cut
G1 X26.8912 Y-121.3571 F1016
G1 X26.7795 Y-121.4018
G1 X26.6576 Y-121.4435
G1 X26.5257 Y-121.4816
G1 X26.3837 Y-121.5164
G1 X26.2318 Y-121.5479
G1 X26.0698 Y-121.5761
G1 X25.8976 Y-121.6007
G1 X25.7152 Y-121.6221
G1 X25.5229 Y-121.6401
G1 X25.3205 Y-121.6548
G1 X25.1079 Y-121.6660
G1 X24.8851 Y-121.6739
G1 X24.6525 Y-121.6784
G1 X24.4094 Y-121.6797
G1 X24.1564 Y-121.6774
G1 X23.9187 Y-121.6729
G1 X23.6840 Y-121.6668
G1 X23.4518 Y-121.6586
G1 X23.2225 Y-121.6490
G1 X22.9956 Y-121.6373
G1 X22.7719 Y-121.6241
G1 X22.5506 Y-121.6089
G1 X22.3322 Y-121.5921
G1 X22.1165 Y-121.5733
G1 X21.9037 Y-121.5530
G1 X21.6934 Y-121.5306
G1 X21.4859 Y-121.5067
G1 X21.2809 Y-121.4808
G1 X21.0787 Y-121.4531
G1 X20.8793 Y-121.4239
G1 X20.6827 Y-121.3927
G1 X20.4887 Y-121.3597
G1 X20.2971 Y-121.3249
G1 X20.1087 Y-121.2883
G1 X19.9227 Y-121.2499
G1 X19.7394 Y-121.2098
G1 X19.5588 Y-121.1679
G1 X19.3807 Y-121.1240
G1 X19.2054 Y-121.0785
G1 X19.0330 Y-121.0313
G1 X18.8628 Y-120.9820
G1 X18.6957 Y-120.9309
G1 X18.5311 Y-120.8781
G1 X18.3690 Y-120.8235
G1 X18.2095 Y-120.7671
G1 X18.0528 Y-120.7089
G1 X17.8989 Y-120.6487
G1 X17.7475 Y-120.5870
G1 X17.5986 Y-120.5233
G1 X17.4523 Y-120.4577
G1 X17.3088 Y-120.3904
G1 X17.1679 Y-120.3211
G1 X17.0294 Y-120.2502
G1 X16.8938 Y-120.1773
G1 X16.7607 Y-120.1026
G1 X16.6301 Y-120.0262
G1 X16.5021 Y-119.9479
G1 X16.3769 Y-119.8677
G1 X16.2540 Y-119.7856
G1 X16.1338 Y-119.7018
G1 X16.0162 Y-119.6162
G1 X15.9014 Y-119.5288
G1 X15.7889 Y-119.4394
G1 X15.6792 Y-119.3482
G1 X15.5717 Y-119.2553
G1 X15.4671 Y-119.1603
G1 X15.3650 Y-119.0635
G1 X15.2651 Y-118.9650
G1 X15.1681 Y-118.8646
G1 X15.0736 Y-118.7623
G1 X14.9817 Y-118.6581
G1 X14.8923 Y-118.5522
G1 X14.8054 Y-118.4443
G1 X14.7211 Y-118.3345
G1 X14.6390 Y-118.2230
G1 X14.5598 Y-118.1097
G1 X14.4831 Y-117.9944
G1 X14.4087 Y-117.8771
G1 X14.3370 Y-117.7582
G1 X14.2918 Y-117.6795
G1 X14.2484 Y-117.5992
G1 X14.2062 Y-117.5169
G1 X14.1653 Y-117.4331
G1 X14.1260 Y-117.3475
G1 X14.0879 Y-117.2604
G1 X14.0513 Y-117.1715
G1 X14.0160 Y-117.0808
G1 X13.9822 Y-116.9888
G1 X13.9497 Y-116.8951
G1 X13.9187 Y-116.7999
G1 X13.8890 Y-116.7033
G1 X13.8608 Y-116.6050
G1 X13.8339 Y-116.5055
G1 X13.8082 Y-116.4046
G1 X13.7841 Y-116.3020
G1 X13.7615 Y-116.1984
G1 X13.7401 Y-116.0935
G1 X13.7203 Y-115.9871
G1 X13.7018 Y-115.8794
G1 X13.6845 Y-115.7707
G1 X13.6688 Y-115.6607
G1 X13.6545 Y-115.5494
G1 X13.6416 Y-115.4372
G1 X13.6299 Y-115.3236
G1 X13.6197 Y-115.2091
G1 X13.6111 Y-115.0935
G1 X13.6037 Y-114.9769
G1 X13.5976 Y-114.8593
G1 X13.5931 Y-114.7409
G1 X13.5898 Y-114.6213
G1 X13.5880 Y-114.5009
G1 X13.5877 Y-114.3798
G1 X13.5887 Y-114.2576
G1 X13.5910 Y-114.1346
G1 X13.5948 Y-114.0109
G1 X13.6002 Y-113.8865
G1 X13.6068 Y-113.7613
G1 X13.6147 Y-113.6353
G1 X13.6241 Y-113.5088
G1 X13.6350 Y-113.3815
G1 X13.6472 Y-113.2538
G1 X13.6609 Y-113.1255
G1 X13.6759 Y-112.9965
G1 X13.6921 Y-112.8669
G1 X13.7099 Y-112.7371
G1 X13.7292 Y-112.6066
G1 X13.7498 Y-112.4758
G1 X13.7719 Y-112.3447
G1 X13.7952 Y-112.2129
G1 X13.8201 Y-112.0811
G1 X13.8463 Y-111.9487
G1 X13.8740 Y-111.8161
G1 X13.9029 Y-111.6835
G1 X13.9334 Y-111.5504
G1 X13.9652 Y-111.4171
G1 X13.9984 Y-111.2837
G1 X14.0330 Y-111.1504
G1 X14.0691 Y-111.0168
G1 X14.1067 Y-110.8829
G1 X14.1455 Y-110.7493
G1 X14.1856 Y-110.6155
G1 X14.2273 Y-110.4819
G1 X14.2705 Y-110.3480
G1 X14.9146 Y-108.3805
G1 X14.9146 Y-108.3805
G1 X16.2974 Y-109.9020
G1 X16.4419 Y-110.0643
G1 X16.5903 Y-110.2368
G1 X16.7411 Y-110.4179
G1 X16.8933 Y-110.6061
G1 X17.0459 Y-110.7996
G1 X17.1976 Y-110.9975
G1 X17.3474 Y-111.1976
G1 X17.4945 Y-111.3988
G1 X17.6373 Y-111.5992
G1 X17.7749 Y-111.7978
G1 X17.9062 Y-111.9929
G1 X18.0302 Y-112.1827
G1 X18.1460 Y-112.3660
G1 X18.2519 Y-112.5410
G1 X18.3474 Y-112.7067
G1 X18.4310 Y-112.8611
G1 X18.5087 Y-113.0074
G1 X18.5864 Y-113.1499
G1 X18.6639 Y-113.2873
G1 X18.7406 Y-113.4194
G1 X18.8156 Y-113.5449
G1 X18.8890 Y-113.6635
G1 X18.9598 Y-113.7745
G1 X19.0276 Y-113.8766
G1 X19.0924 Y-113.9695
G1 X19.1529 Y-114.0526
G1 X19.2093 Y-114.1250
G1 X19.2606 Y-114.1857
G1 X19.3068 Y-114.2342
G1 X19.3467 Y-114.2700
G1 X19.3805 Y-114.2919
G1 X19.4074 Y-114.2995
G1 X19.4366 Y-114.3018
G1 X19.4742 Y-114.3086
G1 X19.5191 Y-114.3198
G1 X19.5720 Y-114.3353
G1 X19.6319 Y-114.3549
G1 X19.6990 Y-114.3782
G1 X19.7726 Y-114.4057
G1 X19.8531 Y-114.4367
G1 X19.9395 Y-114.4715
G1 X20.0322 Y-114.5096
G1 X20.1305 Y-114.5510
G1 X20.2344 Y-114.5957
G1 X20.4577 Y-114.6940
G1 X20.5765 Y-114.7475
G1 X20.8275 Y-114.8624
G1 X20.9591 Y-114.9236
G1 X21.2331 Y-115.0526
G1 X21.5202 Y-115.1900
G1 X21.8181 Y-115.3343
G1 X21.9705 Y-115.4090
G1 X22.2809 Y-115.5621
G1 X22.5971 Y-115.7199
G1 X22.9171 Y-115.8811
G1 X23.2392 Y-116.0450
G1 X23.5608 Y-116.2103
G1 X23.8801 Y-116.3759
G1 X24.1953 Y-116.5410
G1 X24.5039 Y-116.7046
G1 X24.9509 Y-116.9446
G1 X25.2349 Y-117.0996
G1 X25.5057 Y-117.2494
G1 X25.7612 Y-117.3930
G1 X25.8823 Y-117.4620
G1 X25.9989 Y-117.5291
G1 X26.1107 Y-117.5941
G1 X26.2174 Y-117.6571
G1 X26.3185 Y-117.7176
G1 X26.4142 Y-117.7757
G1 X26.5039 Y-117.8311
G1 X26.5877 Y-117.8839
G1 X26.6649 Y-117.9337
G1 X26.7355 Y-117.9807
G1 X26.7990 Y-118.0244
G1 X26.8557 Y-118.0650
G1 X26.9049 Y-118.1021
G1 X26.9464 Y-118.1359
G1 X27.0876 Y-118.2588
G1 X27.2197 Y-118.3803
G1 X27.3426 Y-118.5001
G1 X27.4566 Y-118.6185
G1 X27.5618 Y-118.7353
G1 X27.6578 Y-118.8509
G1 X27.7449 Y-118.9647
G1 X27.8229 Y-119.0772
G1 X27.8920 Y-119.1880
G1 X27.9519 Y-119.2974
G1 X28.0030 Y-119.4054
G1 X28.0449 Y-119.5116
G1 X28.0779 Y-119.6165
G1 X28.1021 Y-119.7196
G1 X28.1170 Y-119.8215
G1 X28.1229 Y-119.9215
G1 X28.1198 Y-120.0201
G1 X28.1079 Y-120.1171
G1 X28.0868 Y-120.2126
G1 X28.0566 Y-120.3066
G1 X28.0175 Y-120.3988
G1 X27.9695 Y-120.4895
G1 X27.9123 Y-120.5786
G1 X27.8463 Y-120.6663
G1 X27.7711 Y-120.7521
G1 X27.6870 Y-120.8364
G1 X27.5938 Y-120.9192
G1 X27.4917 Y-121.0005
G1 X27.3804 Y-121.0800
G1 X27.2603 Y-121.1577
G1 X27.1310 Y-121.2342
G1 X26.9928 Y-121.3086
; Retract
G1 Z2.5400 F2540

; Path 31
; Rapid to initial position
G1 X25.6240 Y-114.7963 F2540
G1 Z0.0000
; plunge
G1 Z-3.1750 F127
; cut
G1 X25.5684 Y-114.8055 F1016
G1 X25.5100 Y-114.8126
G1 X25.4485 Y-114.8179
G1 X25.3837 Y-114.8220
G1 X25.3154 Y-114.8243
G1 X25.2435 Y-114.8258
G1 X25.1676 Y-114.8263
G1 X25.0962 Y-114.8258
G1 X25.0269 Y-114.8230
G1 X24.9585 Y-114.8179
G1 X24.8915 Y-114.8105
G1 X24.8252 Y-114.8004
G1 X24.7592 Y-114.7874
G1 X24.6934 Y-114.7709
G1 X24.6271 Y-114.7514
G1 X24.5605 Y-114.7280
G1 X24.4930 Y-114.7008
G1 X24.4241 Y-114.6693
G1 X24.3538 Y-114.6338
G1 X24.2814 Y-114.5934
G1 X24.2070 Y-114.5482
G1 X24.1300 Y-114.4981
G1 X24.0500 Y-114.4427
G1 X23.9669 Y-114.3818
G1 X23.8803 Y-114.3150
G1 X23.7899 Y-114.2423
G1 X23.6952 Y-114.1633
G1 X23.5961 Y-114.0780
G1 X23.4922 Y-113.9861
G1 X23.3830 Y-113.8870
G1 X23.2684 Y-113.7808
G1 X23.1480 Y-113.6673
G1 X23.0215 Y-113.5464
G1 X22.8884 Y-113.4173
G1 X22.7487 Y-113.2802
G1 X22.6019 Y-113.1349
G1 X22.4475 Y-112.9810
G1 X22.1153 Y-112.6465
G1 X21.9822 Y-112.5111
G1 X21.8516 Y-112.3770
G1 X21.7236 Y-112.2441
G1 X21.5981 Y-112.1123
G1 X21.4752 Y-111.9817
G1 X21.3548 Y-111.8522
G1 X21.2367 Y-111.7237
G1 X21.1211 Y-111.5964
G1 X21.0081 Y-111.4699
G1 X20.8973 Y-111.3445
G1 X20.7891 Y-111.2200
G1 X20.6832 Y-111.0966
G1 X20.5798 Y-110.9739
G1 X20.4787 Y-110.8520
G1 X20.3799 Y-110.7310
G1 X20.2837 Y-110.6112
G1 X20.1897 Y-110.4918
G1 X20.0980 Y-110.3732
G1 X20.0086 Y-110.2556
G1 X19.9215 Y-110.1385
G1 X19.8366 Y-110.0221
G1 X19.7538 Y-109.9063
G1 X19.6736 Y-109.7915
G1 X19.5956 Y-109.6769
G1 X19.5196 Y-109.5632
G1 X19.4460 Y-109.4499
G1 X19.3744 Y-109.3371
G1 X19.3050 Y-109.2251
G1 X19.2380 Y-109.1133
G1 X19.1729 Y-109.0021
G1 X19.1099 Y-108.8911
G1 X19.0492 Y-108.7808
G1 X18.9906 Y-108.6706
G1 X18.9342 Y-108.5609
G1 X18.8796 Y-108.4517
G1 X18.8272 Y-108.3424
G1 X18.7767 Y-108.2337
G1 X18.7284 Y-108.1253
G1 X18.6820 Y-108.0168
G1 X18.6378 Y-107.9089
G1 X18.5953 Y-107.8009
G1 X18.5550 Y-107.6930
G1 X18.5166 Y-107.5853
G1 X18.4803 Y-107.4778
G1 X18.4457 Y-107.3701
G1 X18.4130 Y-107.2627
G1 X18.3825 Y-107.1552
G1 X18.3535 Y-107.0475
G1 X18.3266 Y-106.9401
G1 X18.3017 Y-106.8324
G1 X18.2783 Y-106.7247
G1 X18.2570 Y-106.6170
G1 X18.2375 Y-106.5091
G1 X18.2197 Y-106.4009
G1 X18.2037 Y-106.2924
G1 X18.1894 Y-106.1839
G1 X18.1770 Y-106.0752
G1 X18.1663 Y-105.9660
G1 X18.1574 Y-105.8565
G1 X18.1503 Y-105.7468
G1 X18.1447 Y-105.6368
G1 X18.1409 Y-105.5263
G1 X18.1389 Y-105.4156
G1 X18.1384 Y-105.3041
G1 X18.1399 Y-105.1697
G1 X18.1442 Y-105.0361
G1 X18.1508 Y-104.9030
G1 X18.1602 Y-104.7709
G1 X18.1722 Y-104.6391
G1 X18.1864 Y-104.5083
G1 X18.2034 Y-104.3780
G1 X18.2230 Y-104.2482
G1 X18.2451 Y-104.1194
G1 X18.2700 Y-103.9909
G1 X18.2971 Y-103.8634
G1 X18.3271 Y-103.7361
G1 X18.3596 Y-103.6096
G1 X18.3947 Y-103.4839
G1 X18.4323 Y-103.3587
G1 X18.4727 Y-103.2340
G1 X18.5156 Y-103.1098
G1 X18.5613 Y-102.9863
G1 X18.6093 Y-102.8634
G1 X18.6601 Y-102.7412
G1 X18.7137 Y-102.6193
G1 X18.7698 Y-102.4981
G1 X18.8285 Y-102.3775
G1 X18.8900 Y-102.2574
G1 X18.9540 Y-102.1377
G1 X19.0208 Y-102.0186
G1 X19.0904 Y-101.9000
G1 X19.1623 Y-101.7819
G1 X19.2372 Y-101.6643
G1 X19.3147 Y-101.5472
G1 X19.3949 Y-101.4303
G1 X19.4777 Y-101.3143
G1 X19.5633 Y-101.1987
G1 X19.6517 Y-101.0834
G1 X19.7427 Y-100.9686
G1 X19.8364 Y-100.8543
G1 X19.9329 Y-100.7405
G1 X20.0322 Y-100.6269
G1 X20.1341 Y-100.5139
G1 X20.2387 Y-100.4014
G1 X20.3462 Y-100.2891
G1 X20.4564 Y-100.1773
G1 X20.5694 Y-100.0658
G1 X20.6850 Y-99.9548
G1 X20.8036 Y-99.8441
G1 X20.9248 Y-99.7339
G1 X21.0490 Y-99.6239
G1 X21.1757 Y-99.5144
G1 X21.3055 Y-99.4052
G1 X21.4379 Y-99.2962
G1 X21.5732 Y-99.1878
G1 X21.7112 Y-99.0796
G1 X21.8521 Y-98.9716
G1 X21.9959 Y-98.8639
G1 X22.1425 Y-98.7567
G1 X22.2918 Y-98.6495
G1 X22.4439 Y-98.5429
G1 X22.5991 Y-98.4364
G1 X22.7569 Y-98.3303
G1 X22.9177 Y-98.2243
G1 X23.0812 Y-98.1187
G1 X23.2479 Y-98.0133
G1 X23.4173 Y-97.9081
G1 X23.5895 Y-97.8032
G1 X25.2677 Y-96.7903
G1 X25.2677 Y-96.7903
G1 X29.2364 Y-96.9475
G1 X29.5694 Y-96.9615
G1 X29.8976 Y-96.9764
G1 X30.0599 Y-96.9846
G1 X30.3804 Y-97.0016
G1 X30.6964 Y-97.0196
G1 X30.8524 Y-97.0293
G1 X31.1610 Y-97.0493
G1 X31.4642 Y-97.0704
G1 X31.7630 Y-97.0928
G1 X32.0563 Y-97.1164
G1 X32.3449 Y-97.1413
G1 X32.4874 Y-97.1542
G1 X32.7685 Y-97.1809
G1 X33.0446 Y-97.2086
G1 X33.3157 Y-97.2378
G1 X33.5816 Y-97.2680
G1 X33.8425 Y-97.2993
G1 X34.0985 Y-97.3318
G1 X34.2245 Y-97.3485
G1 X34.4729 Y-97.3828
G1 X34.7160 Y-97.4184
G1 X34.9542 Y-97.4552
G1 X35.1871 Y-97.4931
G1 X35.4150 Y-97.5319
G1 X35.6377 Y-97.5721
G1 X35.8554 Y-97.6135
G1 X36.0680 Y-97.6559
G1 X36.2753 Y-97.6996
G1 X36.4774 Y-97.7443
G1 X36.5765 Y-97.7671
G1 X36.6743 Y-97.7903
G1 X36.7708 Y-97.8136
G1 X36.8661 Y-97.8372
G1 X37.0528 Y-97.8855
G1 X37.2341 Y-97.9348
G1 X37.3228 Y-97.9599
G1 X37.4101 Y-97.9853
G1 X37.4962 Y-98.0110
G1 X37.5811 Y-98.0369
G1 X37.6644 Y-98.0631
G1 X37.8275 Y-98.1164
G1 X37.9852 Y-98.1707
G1 X38.0619 Y-98.1984
G1 X38.1376 Y-98.2264
G1 X38.2118 Y-98.2546
G1 X38.2847 Y-98.2830
G1 X38.3563 Y-98.3117
G1 X38.4266 Y-98.3407
G1 X38.4955 Y-98.3699
G1 X38.5630 Y-98.3993
G1 X38.6293 Y-98.4293
G1 X38.6944 Y-98.4593
G1 X38.7579 Y-98.4898
G1 X38.8201 Y-98.5205
G1 X38.8811 Y-98.5512
G1 X38.9407 Y-98.5825
G1 X38.9989 Y-98.6140
G1 X39.0558 Y-98.6457
G1 X39.1114 Y-98.6777
G1 X39.1655 Y-98.7100
G1 X39.2184 Y-98.7425
G1 X39.2699 Y-98.7755
G1 X39.3202 Y-98.8085
G1 X39.3690 Y-98.8418
G1 X39.4165 Y-98.8756
G1 X39.4625 Y-98.9094
G1 X39.5074 Y-98.9437
G1 X39.5508 Y-98.9780
G1 X39.5928 Y-99.0128
G1 X39.6334 Y-99.0478
G1 X39.6728 Y-99.0829
G1 X39.7109 Y-99.1184
G1 X39.7474 Y-99.1542
G1 X39.7828 Y-99.1903
G1 X39.8165 Y-99.2266
G1 X39.8490 Y-99.2632
G1 X39.8803 Y-99.3000
G1 X39.9100 Y-99.3371
G1 X39.9385 Y-99.3745
G1 X39.9654 Y-99.4120
G1 X39.9913 Y-99.4499
G1 X40.0154 Y-99.4882
G1 X40.0383 Y-99.5266
G1 X40.0599 Y-99.5652
G1 X40.0802 Y-99.6043
G1 X40.0987 Y-99.6434
G1 X40.1163 Y-99.6828
G1 X40.1323 Y-99.7227
G1 X40.1470 Y-99.7626
G1 X40.1602 Y-99.8027
G1 X40.1719 Y-99.8433
G1 X40.1825 Y-99.8840
G1 X40.1914 Y-99.9251
G1 X40.1993 Y-99.9663
G1 X40.2054 Y-100.0079
G1 X40.2105 Y-100.0496
G1 X40.2138 Y-100.0917
G1 X40.2161 Y-100.1339
G1 X40.2166 Y-100.1766
G1 X40.2130 Y-100.2528
G1 X40.2021 Y-100.3323
G1 X40.1841 Y-100.4153
G1 X40.1592 Y-100.5014
G1 X40.1274 Y-100.5906
G1 X40.0893 Y-100.6823
G1 X40.0446 Y-100.7768
G1 X39.9938 Y-100.8738
G1 X39.9367 Y-100.9729
G1 X39.8739 Y-101.0742
G1 X39.8051 Y-101.1771
G1 X39.7309 Y-101.2817
G1 X39.6512 Y-101.3882
G1 X39.5663 Y-101.4956
G1 X39.4762 Y-101.6041
G1 X39.3814 Y-101.7135
G1 X39.2816 Y-101.8238
G1 X39.1772 Y-101.9348
G1 X39.0685 Y-102.0458
G1 X38.9555 Y-102.1573
G1 X38.8384 Y-102.2685
G1 X38.7172 Y-102.3795
G1 X38.5925 Y-102.4905
G1 X38.4640 Y-102.6005
G1 X38.3322 Y-102.7100
G1 X38.1970 Y-102.8184
G1 X38.0586 Y-102.9259
G1 X37.9174 Y-103.0318
G1 X37.7734 Y-103.1364
G1 X37.6268 Y-103.2393
G1 X37.4777 Y-103.3404
G1 X37.3263 Y-103.4392
G1 X36.0380 Y-104.2660
G1 X34.6215 Y-102.8525
G1 X34.4947 Y-102.7295
G1 X34.3586 Y-102.6038
G1 X34.2141 Y-102.4760
G1 X34.0614 Y-102.3465
G1 X33.9016 Y-102.2157
G1 X33.7355 Y-102.0841
G1 X33.5636 Y-101.9520
G1 X33.3863 Y-101.8200
G1 X33.2049 Y-101.6884
G1 X33.0200 Y-101.5576
G1 X32.8318 Y-101.4278
G1 X32.6415 Y-101.3000
G1 X32.4498 Y-101.1740
G1 X32.2572 Y-101.0509
G1 X32.0645 Y-100.9305
G1 X31.8722 Y-100.8136
G1 X31.6814 Y-100.7006
G1 X31.4924 Y-100.5916
G1 X31.3065 Y-100.4872
G1 X31.1236 Y-100.3882
G1 X30.9451 Y-100.2944
G1 X30.7711 Y-100.2066
G1 X30.6029 Y-100.1253
G1 X30.4409 Y-100.0506
G1 X30.2857 Y-99.9830
G1 X30.1381 Y-99.9233
G1 X29.9992 Y-99.8715
G1 X29.8691 Y-99.8281
G1 X29.7487 Y-99.7936
G1 X29.6390 Y-99.7684
G1 X29.5402 Y-99.7532
G1 X29.4533 Y-99.7478
G1 X29.4381 Y-99.7516
G1 X29.4289 Y-99.7626
G1 X29.4259 Y-99.7809
G1 X29.4287 Y-99.8060
G1 X29.4376 Y-99.8377
G1 X29.4521 Y-99.8764
G1 X29.4721 Y-99.9213
G1 X29.4978 Y-99.9724
G1 X29.5288 Y-100.0295
G1 X29.5648 Y-100.0925
G1 X29.6062 Y-100.1611
G1 X29.6525 Y-100.2355
G1 X29.7035 Y-100.3148
G1 X29.7594 Y-100.3996
G1 X29.8199 Y-100.4890
G1 X29.8846 Y-100.5835
G1 X29.9540 Y-100.6823
G1 X30.0274 Y-100.7857
G1 X30.1048 Y-100.8931
G1 X30.1864 Y-101.0049
G1 X30.2717 Y-101.1202
G1 X30.3606 Y-101.2393
G1 X30.4533 Y-101.3620
G1 X30.5493 Y-101.4877
G1 X30.6487 Y-101.6168
G1 X30.7513 Y-101.7488
G1 X30.8569 Y-101.8835
G1 X30.9656 Y-102.0209
G1 X31.0769 Y-102.1606
G1 X31.1912 Y-102.3026
G1 X31.3078 Y-102.4463
G1 X31.8994 Y-103.1695
G1 X32.4538 Y-103.8512
G1 X33.0398 Y-104.5776
G1 X33.3662 Y-104.9863
G1 X33.5702 Y-105.2441
G1 X33.7340 Y-105.4539
G1 X33.8536 Y-105.6104
G1 X33.8828 Y-105.6498
G1 X33.9245 Y-105.7082
G1 X33.9364 Y-105.7267
G1 X33.9466 Y-105.7641
G1 X33.9387 Y-105.8118
G1 X33.9133 Y-105.8697
G1 X33.8712 Y-105.9368
G1 X33.8130 Y-106.0127
G1 X33.7391 Y-106.0971
G1 X33.6502 Y-106.1890
G1 X33.5470 Y-106.2883
G1 X33.4300 Y-106.3940
G1 X33.2999 Y-106.5058
G1 X33.1572 Y-106.6231
G1 X33.0025 Y-106.7453
G1 X32.8364 Y-106.8718
G1 X32.6598 Y-107.0021
G1 X32.4729 Y-107.1357
G1 X32.2765 Y-107.2718
G1 X32.1648 Y-107.3488
G1 X32.0533 Y-107.4270
G1 X31.9420 Y-107.5060
G1 X31.8313 Y-107.5863
G1 X31.7210 Y-107.6673
G1 X31.6111 Y-107.7493
G1 X31.5018 Y-107.8324
G1 X31.3929 Y-107.9162
G1 X31.2844 Y-108.0011
G1 X31.1765 Y-108.0867
G1 X31.0690 Y-108.1730
G1 X30.9623 Y-108.2604
G1 X30.8559 Y-108.3483
G1 X30.7505 Y-108.4372
G1 X30.6456 Y-108.5266
G1 X30.5412 Y-108.6167
G1 X30.4376 Y-108.7077
G1 X30.3350 Y-108.7991
G1 X30.2329 Y-108.8911
G1 X30.1315 Y-108.9838
G1 X30.0309 Y-109.0770
G1 X29.9311 Y-109.1710
G1 X29.8323 Y-109.2652
G1 X29.7343 Y-109.3600
G1 X29.6370 Y-109.4552
G1 X29.5410 Y-109.5507
G1 X29.4455 Y-109.6467
G1 X29.3512 Y-109.7432
G1 X29.2578 Y-109.8400
G1 X29.1655 Y-109.9373
G1 X29.0741 Y-110.0346
G1 X28.9839 Y-110.1324
G1 X28.8948 Y-110.2302
G1 X28.8066 Y-110.3285
G1 X28.7198 Y-110.4268
G1 X28.6339 Y-110.5253
G1 X28.5491 Y-110.6241
G1 X28.4658 Y-110.7229
G1 X28.3835 Y-110.8217
G1 X28.3025 Y-110.9208
G1 X28.2227 Y-111.0196
G1 X28.1445 Y-111.1187
G1 X28.0673 Y-111.2177
G1 X27.9916 Y-111.3168
G1 X27.9171 Y-111.4156
G1 X27.8442 Y-111.5144
G1 X27.7726 Y-111.6132
G1 X27.7023 Y-111.7117
G1 X27.6337 Y-111.8100
G1 X27.5664 Y-111.9083
G1 X27.5008 Y-112.0061
G1 X27.4366 Y-112.1039
G1 X27.3738 Y-112.2015
G1 X27.3129 Y-112.2985
G1 X27.2534 Y-112.3955
G1 X27.1955 Y-112.4920
G1 X27.1394 Y-112.5880
G1 X27.0850 Y-112.6838
G1 X27.0322 Y-112.7790
G1 X26.9811 Y-112.8738
G1 X26.9319 Y-112.9683
G1 X26.8841 Y-113.0620
G1 X26.8384 Y-113.1552
G1 X26.7945 Y-113.2482
G1 X26.7322 Y-113.3818
G1 X26.6164 Y-113.6259
G1 X26.5628 Y-113.7371
G1 X26.5115 Y-113.8413
G1 X26.4622 Y-113.9383
G1 X26.4150 Y-114.0290
G1 X26.3693 Y-114.1133
G1 X26.3253 Y-114.1915
G1 X26.2824 Y-114.2639
G1 X26.2405 Y-114.3305
G1 X26.1993 Y-114.3917
G1 X26.1584 Y-114.4476
G1 X26.1181 Y-114.4986
G1 X26.0777 Y-114.5449
G1 X26.0373 Y-114.5865
G1 X25.9961 Y-114.6238
G1 X25.9545 Y-114.6574
G1 X25.9118 Y-114.6868
G1 X25.8681 Y-114.7127
G1 X25.8232 Y-114.7354
G1 X25.7762 Y-114.7547
G1 X25.7277 Y-114.7712
G1 X25.6769 Y-114.7851
G1 X25.6240 Y-114.7963
; Retract
G1 Z2.5400 F2540

; Path 32
; Rapid to initial position
G1 X66.9630 Y-83.6633 F2540
G1 Z0.0000
; plunge
G1 Z-3.1750 F127
; cut
G1 X66.8884 Y-83.5614 F1016
G1 X66.8190 Y-83.4568
G1 X66.7548 Y-83.3493
G1 X66.6961 Y-83.2391
G1 X66.6425 Y-83.1261
G1 X66.5942 Y-83.0105
G1 X66.5518 Y-82.8924
G1 X66.5145 Y-82.7717
G1 X66.4830 Y-82.6488
G1 X66.4571 Y-82.5233
G1 X66.4367 Y-82.3953
G1 X66.4220 Y-82.2653
G1 X66.4134 Y-82.1329
G1 X66.4103 Y-81.9986
G1 X66.4169 Y-81.8551
G1 X66.4395 Y-81.7438
G1 X66.4820 Y-81.6633
G1 X66.5485 Y-81.6112
G1 X66.6432 Y-81.5853
G1 X66.7703 Y-81.5843
G1 X66.7703 Y-81.5843
G1 X66.9338 Y-81.6056
G1 X67.1380 Y-81.6473
G1 X67.3115 Y-81.6905
G1 X67.4850 Y-81.7400
G1 X67.6582 Y-81.7964
G1 X67.8310 Y-81.8586
G1 X68.0024 Y-81.9267
G1 X68.1726 Y-82.0003
G1 X68.3410 Y-82.0791
G1 X68.5071 Y-82.1629
G1 X68.6709 Y-82.2513
G1 X68.8317 Y-82.3438
G1 X68.9894 Y-82.4403
G1 X69.1436 Y-82.5406
G1 X69.2937 Y-82.6442
G1 X69.4395 Y-82.7509
G1 X69.5805 Y-82.8601
G1 X69.7167 Y-82.9719
G1 X69.8472 Y-83.0859
G1 X69.9722 Y-83.2015
G1 X70.0908 Y-83.3189
G1 X70.2028 Y-83.4372
G1 X70.3082 Y-83.5563
G1 X70.4063 Y-83.6762
G1 X70.4967 Y-83.7964
G1 X70.5792 Y-83.9163
G1 X70.6534 Y-84.0362
G1 X70.7189 Y-84.1550
G1 X70.7753 Y-84.2731
G1 X70.8221 Y-84.3900
G1 X70.8594 Y-84.5050
G1 X70.8863 Y-84.6183
G1 X70.9028 Y-84.7296
G1 X70.9084 Y-84.8380
G1 X70.9028 Y-84.9069
G1 X70.8861 Y-84.9671
G1 X70.8574 Y-85.0186
G1 X70.8162 Y-85.0621
G1 X70.7619 Y-85.0971
G1 X70.6938 Y-85.1238
G1 X70.6115 Y-85.1421
G1 X70.5142 Y-85.1522
G1 X70.4017 Y-85.1540
G1 X70.2729 Y-85.1477
G1 X70.1274 Y-85.1329
G1 X69.9646 Y-85.1103
G1 X69.7840 Y-85.0796
G1 X69.5848 Y-85.0407
G1 X69.3669 Y-84.9937
G1 X69.1291 Y-84.9389
G1 X68.9707 Y-84.8987
G1 X68.8162 Y-84.8548
G1 X68.6661 Y-84.8068
G1 X68.5206 Y-84.7550
G1 X68.3791 Y-84.6996
G1 X68.2422 Y-84.6404
G1 X68.1096 Y-84.5774
G1 X67.9816 Y-84.5111
G1 X67.8584 Y-84.4413
G1 X67.7395 Y-84.3679
G1 X67.6255 Y-84.2909
G1 X67.5162 Y-84.2109
G1 X67.4116 Y-84.1276
G1 X67.3120 Y-84.0410
G1 X67.2173 Y-83.9511
G1 X67.1274 Y-83.8581
G1 X67.0428 Y-83.7623
G1 X66.9630 Y-83.6633
; Retract
G1 Z2.5400 F2540

; Path 33
; Rapid to initial position
G1 X81.0567 Y-70.6031 F2540
G1 Z0.0000
; plunge
G1 Z-3.1750 F127
; cut
G1 X81.0212 Y-70.5635 F1016
G1 X80.9856 Y-70.5221
G1 X80.9501 Y-70.4792
G1 X80.9145 Y-70.4345
G1 X80.8789 Y-70.3882
G1 X80.8434 Y-70.3402
G1 X80.8078 Y-70.2907
G1 X80.7723 Y-70.2396
G1 X80.7369 Y-70.1871
G1 X80.7014 Y-70.1327
G1 X80.6661 Y-70.0768
G1 X80.6305 Y-70.0194
G1 X80.5952 Y-69.9605
G1 X80.5599 Y-69.9000
G1 X80.5246 Y-69.8381
G1 X80.4893 Y-69.7746
G1 X80.4189 Y-69.6430
G1 X80.3839 Y-69.5749
G1 X80.3488 Y-69.5056
G1 X80.3138 Y-69.4347
G1 X80.2790 Y-69.3626
G1 X80.2439 Y-69.2887
G1 X80.2091 Y-69.2137
G1 X80.1398 Y-69.0593
G1 X80.1052 Y-68.9800
G1 X80.0707 Y-68.8993
G1 X80.0019 Y-68.7342
G1 X79.9335 Y-68.5635
G1 X79.8655 Y-68.3880
G1 X79.7979 Y-68.2071
G1 X79.7641 Y-68.1147
G1 X79.6971 Y-67.9265
G1 X79.6305 Y-67.7332
G1 X79.5645 Y-67.5353
G1 X79.4990 Y-67.3329
G1 X79.4339 Y-67.1256
G1 X79.3694 Y-66.9143
G1 X79.3374 Y-66.8068
G1 X79.2737 Y-66.5886
G1 X79.2107 Y-66.3664
G1 X79.1794 Y-66.2536
G1 X79.1174 Y-66.0253
G1 X79.0560 Y-65.7929
G1 X78.9653 Y-65.4370
G1 X78.8761 Y-65.0728
G1 X78.8177 Y-64.8254
G1 X78.7601 Y-64.5747
G1 X78.7316 Y-64.4479
G1 X78.6752 Y-64.1921
G1 X78.6196 Y-63.9331
G1 X78.5650 Y-63.6707
G1 X78.5111 Y-63.4055
G1 X78.4583 Y-63.1373
G1 X78.4065 Y-62.8663
G1 X78.3554 Y-62.5925
G1 X78.2810 Y-62.1767
G1 X78.2325 Y-61.8965
G1 X78.1619 Y-61.4716
G1 X78.1162 Y-61.1853
G1 X78.0717 Y-60.8970
G1 X78.0283 Y-60.6067
G1 X77.9859 Y-60.3143
G1 X77.9247 Y-59.8724
G1 X77.8662 Y-59.4263
G1 X77.8474 Y-59.2770
G1 X77.8106 Y-58.9770
G1 X77.7928 Y-58.8264
G1 X77.7580 Y-58.5244
G1 X77.7245 Y-58.2209
G1 X77.6925 Y-57.9163
G1 X77.6770 Y-57.7637
G1 X77.6470 Y-57.4573
G1 X77.6183 Y-57.1503
G1 X77.5912 Y-56.8422
G1 X77.5655 Y-56.5333
G1 X77.5221 Y-55.9780
G1 X77.5015 Y-55.7312
G1 X77.4682 Y-55.3583
G1 X77.4443 Y-55.1086
G1 X77.4062 Y-54.7319
G1 X77.3793 Y-54.4800
G1 X77.3366 Y-54.1005
G1 X77.3067 Y-53.8467
G1 X77.2754 Y-53.5925
G1 X77.2267 Y-53.2102
G1 X77.1751 Y-52.8272
G1 X77.1213 Y-52.4439
G1 X77.0839 Y-52.1881
G1 X77.0260 Y-51.8046
G1 X76.9656 Y-51.4213
G1 X76.9031 Y-51.0388
G1 X76.8601 Y-50.7843
G1 X76.7941 Y-50.4033
G1 X76.7258 Y-50.0235
G1 X76.6790 Y-49.7713
G1 X76.6315 Y-49.5198
G1 X76.5830 Y-49.2694
G1 X76.5089 Y-48.8955
G1 X76.4583 Y-48.6476
G1 X76.3811 Y-48.2778
G1 X76.3285 Y-48.0332
G1 X76.2483 Y-47.6684
G1 X76.1939 Y-47.4274
G1 X76.1388 Y-47.1879
G1 X76.0829 Y-46.9499
G1 X76.0265 Y-46.7139
G1 X75.9694 Y-46.4797
G1 X75.8825 Y-46.1320
G1 X75.7644 Y-45.6758
G1 X75.6742 Y-45.3393
G1 X75.6135 Y-45.1180
G1 X75.5213 Y-44.7906
G1 X75.4281 Y-44.4690
G1 X75.3336 Y-44.1536
G1 X75.2701 Y-43.9468
G1 X75.2061 Y-43.7429
G1 X75.1418 Y-43.5419
G1 X75.0446 Y-43.2463
G1 X74.9790 Y-43.0533
G1 X74.9135 Y-42.8635
G1 X74.8474 Y-42.6771
G1 X74.7809 Y-42.4942
G1 X74.7144 Y-42.3146
G1 X74.6808 Y-42.2262
G1 X74.6138 Y-42.0522
G1 X74.5465 Y-41.8821
G1 X74.4789 Y-41.7157
G1 X74.4111 Y-41.5531
G1 X74.3770 Y-41.4734
G1 X74.2828 Y-41.2554
G1 X74.1982 Y-41.0642
G1 X74.1205 Y-40.8981
G1 X74.0471 Y-40.7551
G1 X73.9760 Y-40.6336
G1 X73.9043 Y-40.5320
G1 X73.8297 Y-40.4485
G1 X73.7499 Y-40.3812
G1 X73.6625 Y-40.3283
G1 X73.5650 Y-40.2882
G1 X73.4545 Y-40.2590
G1 X73.3293 Y-40.2392
G1 X73.1865 Y-40.2267
G1 X73.0240 Y-40.2199
G1 X72.8388 Y-40.2171
G1 X72.6290 Y-40.2166
G1 X72.4959 Y-40.2179
G1 X72.3641 Y-40.2219
G1 X72.2340 Y-40.2285
G1 X72.1050 Y-40.2377
G1 X71.9778 Y-40.2496
G1 X71.8515 Y-40.2641
G1 X71.7266 Y-40.2814
G1 X71.6029 Y-40.3014
G1 X71.4804 Y-40.3243
G1 X71.3590 Y-40.3499
G1 X71.2386 Y-40.3781
G1 X71.1190 Y-40.4094
G1 X71.0006 Y-40.4434
G1 X70.8830 Y-40.4802
G1 X70.7662 Y-40.5201
G1 X70.6504 Y-40.5628
G1 X70.5350 Y-40.6082
G1 X70.4205 Y-40.6568
G1 X70.3064 Y-40.7081
G1 X70.1932 Y-40.7627
G1 X70.0801 Y-40.8201
G1 X69.9679 Y-40.8805
G1 X69.8558 Y-40.9440
G1 X69.7441 Y-41.0106
G1 X69.6328 Y-41.0802
G1 X69.5218 Y-41.1528
G1 X69.4108 Y-41.2288
G1 X69.3001 Y-41.3078
G1 X69.1896 Y-41.3898
G1 X69.0791 Y-41.4752
G1 X68.9684 Y-41.5635
G1 X68.8579 Y-41.6552
G1 X68.7215 Y-41.7695
G1 X68.6001 Y-41.8694
G1 X68.4929 Y-41.9550
G1 X68.3992 Y-42.0268
G1 X68.3176 Y-42.0845
G1 X68.2478 Y-42.1289
G1 X68.1888 Y-42.1599
G1 X68.1396 Y-42.1780
G1 X68.0992 Y-42.1828
G1 X68.0672 Y-42.1752
G1 X68.0425 Y-42.1551
G1 X68.0242 Y-42.1229
G1 X68.0113 Y-42.0784
G1 X68.0034 Y-42.0225
G1 X67.9991 Y-41.9547
G1 X67.9978 Y-41.8757
G1 X68.0004 Y-41.7573
G1 X68.0075 Y-41.6349
G1 X68.0194 Y-41.5089
G1 X68.0357 Y-41.3799
G1 X68.0563 Y-41.2478
G1 X68.0811 Y-41.1132
G1 X68.1101 Y-40.9763
G1 X68.1429 Y-40.8374
G1 X68.1797 Y-40.6969
G1 X68.2198 Y-40.5549
G1 X68.2638 Y-40.4122
G1 X68.3110 Y-40.2687
G1 X68.3616 Y-40.1249
G1 X68.4152 Y-39.9809
G1 X68.4718 Y-39.8374
G1 X68.5312 Y-39.6944
G1 X68.5935 Y-39.5524
G1 X68.6582 Y-39.4117
G1 X68.7253 Y-39.2722
G1 X68.7949 Y-39.1350
G1 X68.8665 Y-38.9999
G1 X68.9402 Y-38.8673
G1 X69.0156 Y-38.7375
G1 X69.0928 Y-38.6110
G1 X69.1718 Y-38.4879
G1 X69.2521 Y-38.3687
G1 X69.3339 Y-38.2537
G1 X69.4167 Y-38.1429
G1 X69.5007 Y-38.0370
G1 X69.5856 Y-37.9362
G1 X69.6714 Y-37.8409
G1 X69.7578 Y-37.7513
G1 X69.8581 Y-37.6519
G1 X69.9582 Y-37.5557
G1 X70.0575 Y-37.4625
G1 X70.1548 Y-37.3731
G1 X70.2501 Y-37.2880
G1 X70.3425 Y-37.2074
G1 X70.4312 Y-37.1325
G1 X70.5160 Y-37.0632
G1 X70.5960 Y-37.0002
G1 X70.6707 Y-36.9440
G1 X70.7393 Y-36.8950
G1 X70.8012 Y-36.8539
G1 X70.8561 Y-36.8211
G1 X70.9031 Y-36.7970
G1 X70.9414 Y-36.7822
G1 X70.9709 Y-36.7772
G1 X70.9709 Y-36.7772
G1 X71.0009 Y-36.7810
G1 X71.0415 Y-36.7927
G1 X71.0918 Y-36.8117
G1 X71.1510 Y-36.8379
G1 X71.2186 Y-36.8704
G1 X71.2937 Y-36.9090
G1 X71.3760 Y-36.9534
G1 X71.4647 Y-37.0030
G1 X71.5587 Y-37.0578
G1 X71.6577 Y-37.1170
G1 X71.7608 Y-37.1805
G1 X71.8675 Y-37.2476
G1 X71.9772 Y-37.3182
G1 X72.0888 Y-37.3918
G1 X72.2020 Y-37.4680
G1 X72.3783 Y-37.5900
G1 X72.5023 Y-37.6784
G1 X72.5637 Y-37.7231
G1 X72.6862 Y-37.8132
G1 X72.8076 Y-37.9049
G1 X72.8678 Y-37.9512
G1 X72.9874 Y-38.0449
G1 X73.1063 Y-38.1399
G1 X73.1652 Y-38.1879
G1 X73.2823 Y-38.2849
G1 X73.3405 Y-38.3339
G1 X73.3984 Y-38.3835
G1 X73.5134 Y-38.4833
G1 X73.5703 Y-38.5336
G1 X73.6839 Y-38.6354
G1 X73.7403 Y-38.6870
G1 X73.8523 Y-38.7909
G1 X73.9630 Y-38.8963
G1 X74.0730 Y-39.0032
G1 X74.1274 Y-39.0571
G1 X74.2358 Y-39.1660
G1 X74.2894 Y-39.2209
G1 X74.3963 Y-39.3319
G1 X74.5020 Y-39.4444
G1 X74.6067 Y-39.5582
G1 X74.6587 Y-39.6159
G1 X74.8132 Y-39.7904
G1 X74.9148 Y-39.9087
G1 X75.0153 Y-40.0284
G1 X75.1149 Y-40.1495
G1 X75.1644 Y-40.2107
G1 X75.2625 Y-40.3339
G1 X75.3110 Y-40.3962
G1 X75.4078 Y-40.5219
G1 X75.5033 Y-40.6489
G1 X75.5978 Y-40.7774
G1 X75.6915 Y-40.9075
G1 X75.7839 Y-41.0390
G1 X75.8756 Y-41.1721
G1 X75.9661 Y-41.3068
G1 X76.0557 Y-41.4429
G1 X76.1444 Y-41.5806
G1 X76.2320 Y-41.7198
G1 X76.3186 Y-41.8605
G1 X76.4042 Y-42.0027
G1 X76.4888 Y-42.1465
G1 X76.5307 Y-42.2191
G1 X76.6140 Y-42.3652
G1 X76.6961 Y-42.5130
G1 X76.7773 Y-42.6623
G1 X76.8576 Y-42.8132
G1 X76.9369 Y-42.9656
G1 X77.0151 Y-43.1195
G1 X77.0923 Y-43.2752
G1 X77.1688 Y-43.4325
G1 X77.2442 Y-43.5912
G1 X77.3554 Y-43.8325
G1 X77.4283 Y-43.9956
G1 X77.5002 Y-44.1599
G1 X77.5713 Y-44.3260
G1 X77.6762 Y-44.5785
G1 X77.7105 Y-44.6634
G1 X77.7789 Y-44.8346
G1 X77.8459 Y-45.0073
G1 X77.9122 Y-45.1815
G1 X77.9777 Y-45.3575
G1 X78.0420 Y-45.5353
G1 X78.1055 Y-45.7149
G1 X78.1367 Y-45.8051
G1 X78.1990 Y-45.9872
G1 X78.2599 Y-46.1709
G1 X78.3201 Y-46.3560
G1 X78.4088 Y-46.6372
G1 X78.4377 Y-46.7319
G1 X78.4951 Y-46.9224
G1 X78.5515 Y-47.1145
G1 X78.6072 Y-47.3085
G1 X78.6618 Y-47.5041
G1 X78.7154 Y-47.7015
G1 X78.7682 Y-47.9006
G1 X78.8200 Y-48.1015
G1 X78.8960 Y-48.4063
G1 X78.9455 Y-48.6115
G1 X78.9943 Y-48.8185
G1 X79.0181 Y-48.9227
G1 X79.0654 Y-49.1325
G1 X79.1119 Y-49.3441
G1 X79.1573 Y-49.5574
G1 X79.2018 Y-49.7726
G1 X79.2670 Y-50.0987
G1 X79.3300 Y-50.4287
G1 X79.3913 Y-50.7629
G1 X79.4309 Y-50.9882
G1 X79.4885 Y-51.3293
G1 X79.5444 Y-51.6745
G1 X79.5805 Y-51.9069
G1 X79.6155 Y-52.1414
G1 X79.6668 Y-52.4965
G1 X79.6999 Y-52.7355
G1 X79.7476 Y-53.0974
G1 X79.7936 Y-53.4637
G1 X79.8231 Y-53.7103
G1 X79.8518 Y-53.9587
G1 X79.8794 Y-54.2092
G1 X79.9196 Y-54.5884
G1 X79.9577 Y-54.9719
G1 X79.9937 Y-55.3598
G1 X80.0169 Y-55.6209
G1 X80.0390 Y-55.8838
G1 X80.0707 Y-56.2818
G1 X80.0908 Y-56.5498
G1 X80.1192 Y-56.9552
G1 X80.1373 Y-57.2280
G1 X80.1627 Y-57.6407
G1 X80.1784 Y-57.9186
G1 X80.1934 Y-58.1983
G1 X80.2145 Y-58.6214
G1 X80.2335 Y-59.0494
G1 X80.2452 Y-59.3372
G1 X80.2612 Y-59.7725
G1 X80.2752 Y-60.2127
G1 X80.2836 Y-60.5086
G1 X80.2947 Y-60.9562
G1 X80.3011 Y-61.2572
G1 X80.3219 Y-62.4345
G1 X80.3338 Y-63.0309
G1 X80.3504 Y-63.7515
G1 X80.3636 Y-64.2396
G1 X80.3730 Y-64.5417
G1 X80.3882 Y-64.9613
G1 X80.3991 Y-65.2198
G1 X80.4106 Y-65.4624
G1 X80.4227 Y-65.6897
G1 X80.4360 Y-65.9026
G1 X80.4499 Y-66.1020
G1 X80.4649 Y-66.2882
G1 X80.4728 Y-66.3765
G1 X80.4896 Y-66.5450
G1 X80.4982 Y-66.6250
G1 X80.5165 Y-66.7771
G1 X80.5261 Y-66.8492
G1 X80.5464 Y-66.9869
G1 X80.5571 Y-67.0522
G1 X80.5795 Y-67.1769
G1 X80.5912 Y-67.2363
G1 X80.6033 Y-67.2940
G1 X80.6158 Y-67.3501
G1 X80.6287 Y-67.4045
G1 X80.6420 Y-67.4573
G1 X80.6557 Y-67.5086
G1 X80.6699 Y-67.5589
G1 X80.6844 Y-67.6077
G1 X80.6994 Y-67.6554
G1 X80.7148 Y-67.7022
G1 X80.7306 Y-67.7479
G1 X80.7639 Y-67.8371
G1 X80.7811 Y-67.8805
G1 X80.7989 Y-67.9234
G1 X80.8172 Y-67.9661
G1 X80.8360 Y-68.0082
G1 X80.8553 Y-68.0499
G1 X80.8957 Y-68.1335
G1 X80.9706 Y-68.2836
G1 X81.0260 Y-68.3999
G1 X81.0824 Y-68.5226
G1 X81.1395 Y-68.6509
G1 X81.1967 Y-68.7835
G1 X81.2536 Y-68.9196
G1 X81.3100 Y-69.0578
G1 X81.3651 Y-69.1972
G1 X81.4189 Y-69.3372
G1 X81.4708 Y-69.4759
G1 X81.5205 Y-69.6128
G1 X81.5673 Y-69.7469
G1 X81.6110 Y-69.8769
G1 X81.6513 Y-70.0016
G1 X81.6874 Y-70.1205
G1 X81.7194 Y-70.2320
G1 X81.7756 Y-70.4431
G1 X81.8248 Y-70.6432
G1 X81.8662 Y-70.8276
G1 X81.8993 Y-70.9920
G1 X81.9226 Y-71.1312
G1 X81.9361 Y-71.2409
G1 X81.9381 Y-71.3166
G1 X81.9282 Y-71.3537
G1 X81.8970 Y-71.3532
G1 X81.8380 Y-71.3217
G1 X81.7547 Y-71.2617
G1 X81.6503 Y-71.1766
G1 X81.5284 Y-71.0689
G1 X81.3925 Y-70.9419
G1 X81.2460 Y-70.7984
G1 X81.0923 Y-70.6410
G1 X81.0567 Y-70.6031
; Retract
G1 Z2.5400 F2540

; Path 34
; Rapid to initial position
G1 X85.6313 Y-71.2567 F2540
G1 Z0.0000
; plunge
G1 Z-3.1750 F127
; cut
G1 X85.6493 Y-71.1274 F1016
G1 X85.6775 Y-70.9712
G1 X85.7151 Y-70.7918
G1 X85.7613 Y-70.5940
G1 X85.8157 Y-70.3819
G1 X85.8586 Y-70.2280
G1 X85.9020 Y-70.0875
G1 X85.9467 Y-69.9595
G1 X85.9935 Y-69.8429
G1 X86.0428 Y-69.7372
G1 X86.0958 Y-69.6412
G1 X86.1530 Y-69.5543
G1 X86.2152 Y-69.4756
G1 X86.2830 Y-69.4040
G1 X86.3575 Y-69.3390
G1 X86.4390 Y-69.2793
G1 X86.5287 Y-69.2244
G1 X86.6267 Y-69.1733
G1 X86.7347 Y-69.1253
G1 X86.8525 Y-69.0794
G1 X87.1047 Y-68.9912
G1 X87.2195 Y-68.9450
G1 X87.3270 Y-68.8952
G1 X87.4273 Y-68.8414
G1 X87.5210 Y-68.7827
G1 X87.6092 Y-68.7187
G1 X87.6917 Y-68.6486
G1 X87.7697 Y-68.5719
G1 X87.8439 Y-68.4878
G1 X87.9142 Y-68.3958
G1 X87.9818 Y-68.2953
G1 X88.0471 Y-68.1855
G1 X88.1106 Y-68.0662
G1 X88.1731 Y-67.9364
G1 X88.2350 Y-67.7954
G1 X88.2970 Y-67.6427
G1 X88.3468 Y-67.5175
G1 X88.4001 Y-67.3872
G1 X88.4565 Y-67.2521
G1 X88.5162 Y-67.1124
G1 X88.5787 Y-66.9684
G1 X88.6442 Y-66.8200
G1 X88.7125 Y-66.6679
G1 X88.7834 Y-66.5122
G1 X88.8568 Y-66.3529
G1 X88.9325 Y-66.1904
G1 X89.0105 Y-66.0250
G1 X89.0908 Y-65.8566
G1 X89.1728 Y-65.6859
G1 X89.3425 Y-65.3379
G1 X89.4298 Y-65.1609
G1 X89.6087 Y-64.8028
G1 X89.7001 Y-64.6217
G1 X89.7926 Y-64.4398
G1 X89.9803 Y-64.0743
G1 X90.0753 Y-63.8912
G1 X90.2670 Y-63.5251
G1 X90.4601 Y-63.1609
G1 X90.5566 Y-62.9803
G1 X90.6534 Y-62.8007
G1 X90.8459 Y-62.4462
G1 X90.9417 Y-62.2714
G1 X91.1314 Y-61.9288
G1 X91.3178 Y-61.5965
G1 X91.4095 Y-61.4347
G1 X91.4999 Y-61.2762
G1 X91.5891 Y-61.1213
G1 X91.6767 Y-60.9702
G1 X91.7628 Y-60.8228
G1 X91.9300 Y-60.5412
G1 X92.0105 Y-60.4070
G1 X92.1654 Y-60.1541
G1 X92.2396 Y-60.0354
G1 X92.3110 Y-59.9224
G1 X92.3801 Y-59.8150
G1 X92.4463 Y-59.7139
G1 X92.5096 Y-59.6189
G1 X92.5700 Y-59.5305
G1 X92.6274 Y-59.4490
G1 X92.6816 Y-59.3743
G1 X92.7321 Y-59.3067
G1 X92.7793 Y-59.2468
G1 X92.8230 Y-59.1942
G1 X92.8629 Y-59.1497
G1 X92.8990 Y-59.1134
G1 X92.9310 Y-59.0855
G1 X92.9589 Y-59.0659
G1 X92.9825 Y-59.0555
G1 X93.0018 Y-59.0540
G1 X93.0018 Y-59.0540
G1 X93.0166 Y-59.0616
G1 X93.0341 Y-59.0941
G1 X93.0435 Y-59.1469
G1 X93.0448 Y-59.2188
G1 X93.0384 Y-59.3087
G1 X93.0245 Y-59.4159
G1 X93.0039 Y-59.5391
G1 X92.9762 Y-59.6773
G1 X92.9424 Y-59.8294
G1 X92.9028 Y-59.9945
G1 X92.8573 Y-60.1713
G1 X92.8068 Y-60.3588
G1 X92.7509 Y-60.5559
G1 X92.6907 Y-60.7619
G1 X92.6262 Y-60.9752
G1 X92.5576 Y-61.1952
G1 X92.4855 Y-61.4208
G1 X92.4103 Y-61.6506
G1 X92.3320 Y-61.8838
G1 X92.2513 Y-62.1195
G1 X92.1682 Y-62.3562
G1 X92.0831 Y-62.5932
G1 X91.9968 Y-62.8294
G1 X91.9091 Y-63.0636
G1 X91.8207 Y-63.2948
G1 X91.7316 Y-63.5221
G1 X91.6424 Y-63.7441
G1 X91.5533 Y-63.9602
G1 X91.4649 Y-64.1690
G1 X91.3773 Y-64.3694
G1 X91.2906 Y-64.5607
G1 X91.2058 Y-64.7416
G1 X91.1228 Y-64.9110
G1 X91.0189 Y-65.1144
G1 X90.9109 Y-65.3189
G1 X90.7992 Y-65.5241
G1 X90.6838 Y-65.7296
G1 X90.5650 Y-65.9356
G1 X90.4430 Y-66.1413
G1 X90.3178 Y-66.3466
G1 X90.1901 Y-66.5513
G1 X90.0595 Y-66.7553
G1 X89.9267 Y-66.9580
G1 X89.7915 Y-67.1594
G1 X89.6541 Y-67.3593
G1 X89.5152 Y-67.5571
G1 X89.3745 Y-67.7527
G1 X89.2322 Y-67.9460
G1 X89.0890 Y-68.1365
G1 X88.9445 Y-68.3242
G1 X88.7992 Y-68.5086
G1 X88.6534 Y-68.6897
G1 X88.5068 Y-68.8670
G1 X88.3602 Y-69.0402
G1 X88.2137 Y-69.2092
G1 X88.0671 Y-69.3738
G1 X87.9208 Y-69.5335
G1 X87.7753 Y-69.6882
G1 X87.6303 Y-69.8378
G1 X87.4862 Y-69.9816
G1 X87.3435 Y-70.1197
G1 X87.2020 Y-70.2516
G1 X87.0621 Y-70.3773
G1 X86.9236 Y-70.4964
G1 X86.7872 Y-70.6087
G1 X86.6818 Y-70.6930
G1 X86.5779 Y-70.7753
G1 X86.4766 Y-70.8546
G1 X86.2833 Y-71.0029
G1 X86.1926 Y-71.0712
G1 X86.0262 Y-71.1942
G1 X85.9518 Y-71.2475
G1 X85.8837 Y-71.2955
G1 X85.8228 Y-71.3372
G1 X85.7694 Y-71.3722
G1 X85.7245 Y-71.4002
G1 X85.6884 Y-71.4205
G1 X85.6618 Y-71.4332
G1 X85.6450 Y-71.4375
G1 X85.6285 Y-71.4159
G1 X85.6242 Y-71.3542
G1 X85.6313 Y-71.2567
; Retract
G1 Z2.5400 F2540
M2
