# WaveFront *.obj file (generated by Autodesk ATF)

mtllib penHolder.mtl

g Body1

v 0.500000 2.620000 0.500000
v 0.494889 2.658823 0.500000
v 0.479904 2.695000 0.500000
v 0.456066 2.726066 0.500000
v 0.425000 2.749904 0.500000
v 0.388823 2.764889 0.500000
v 0.350000 2.770000 0.500000
v 0.311177 2.764889 0.500000
v 0.275000 2.749904 0.500000
v 0.243934 2.726066 0.500000
v 0.220096 2.695000 0.500000
v 0.205111 2.658823 0.500000
v 0.200000 2.620000 0.500000
v 0.205111 2.581177 0.500000
v 0.220096 2.545000 0.500000
v 0.243934 2.513934 0.500000
v 0.275000 2.490096 0.500000
v 0.311177 2.475111 0.500000
v 0.350000 2.470000 0.500000
v 0.388823 2.475111 0.500000
v 0.425000 2.490096 0.500000
v 0.456066 2.513934 0.500000
v 0.479904 2.545000 0.500000
v 0.494889 2.581177 0.500000
v 0.200000 2.620000 0.000000
v 0.205111 2.658823 0.000000
v 0.220096 2.695000 0.000000
v 0.243934 2.726066 0.000000
v 0.275000 2.749904 0.000000
v 0.311177 2.764889 0.000000
v 0.350000 2.770000 0.000000
v 0.388823 2.764889 0.000000
v 0.425000 2.749904 0.000000
v 0.456066 2.726066 0.000000
v 0.479904 2.695000 0.000000
v 0.494889 2.658823 0.000000
v 0.500000 2.620000 0.000000
v 0.494889 2.581177 0.000000
v 0.479904 2.545000 0.000000
v 0.456066 2.513934 0.000000
v 0.425000 2.490096 0.000000
v 0.388823 2.475111 0.000000
v 0.350000 2.470000 0.000000
v 0.311177 2.475111 0.000000
v 0.275000 2.490096 0.000000
v 0.243934 2.513934 0.000000
v 0.220096 2.545000 0.000000
v 0.205111 2.581177 0.000000
v 2.500000 0.620000 0.500000
v 2.494889 0.658823 0.500000
v 2.479904 0.695000 0.500000
v 2.456066 0.726066 0.500000
v 2.425000 0.749904 0.500000
v 2.388823 0.764889 0.500000
v 2.350000 0.770000 0.500000
v 2.311177 0.764889 0.500000
v 2.275000 0.749904 0.500000
v 2.243934 0.726066 0.500000
v 2.220096 0.695000 0.500000
v 2.205111 0.658823 0.500000
v 2.200000 0.620000 0.500000
v 2.205111 0.581177 0.500000
v 2.220096 0.545000 0.500000
v 2.243934 0.513934 0.500000
v 2.275000 0.490096 0.500000
v 2.311177 0.475111 0.500000
v 2.350000 0.470000 0.500000
v 2.388823 0.475111 0.500000
v 2.425000 0.490096 0.500000
v 2.456066 0.513934 0.500000
v 2.479904 0.545000 0.500000
v 2.494889 0.581177 0.500000
v 2.200000 0.620000 0.000000
v 2.205111 0.658823 0.000000
v 2.220096 0.695000 0.000000
v 2.243934 0.726066 0.000000
v 2.275000 0.749904 0.000000
v 2.311177 0.764889 0.000000
v 2.350000 0.770000 0.000000
v 2.388823 0.764889 0.000000
v 2.425000 0.749904 0.000000
v 2.456066 0.726066 0.000000
v 2.479904 0.695000 0.000000
v 2.494889 0.658823 0.000000
v 2.500000 0.620000 0.000000
v 2.494889 0.581177 0.000000
v 2.479904 0.545000 0.000000
v 2.456066 0.513934 0.000000
v 2.425000 0.490096 0.000000
v 2.388823 0.475111 0.000000
v 2.350000 0.470000 0.000000
v 2.311177 0.475111 0.000000
v 2.275000 0.490096 0.000000
v 2.243934 0.513934 0.000000
v 2.220096 0.545000 0.000000
v 2.205111 0.581177 0.000000
v 2.500000 2.620000 0.500000
v 2.494889 2.658823 0.500000
v 2.479904 2.695000 0.500000
v 2.456066 2.726066 0.500000
v 2.425000 2.749904 0.500000
v 2.388823 2.764889 0.500000
v 2.350000 2.770000 0.500000
v 2.311177 2.764889 0.500000
v 2.275000 2.749904 0.500000
v 2.243934 2.726066 0.500000
v 2.220096 2.695000 0.500000
v 2.205111 2.658823 0.500000
v 2.200000 2.620000 0.500000
v 2.205111 2.581177 0.500000
v 2.220096 2.545000 0.500000
v 2.243934 2.513934 0.500000
v 2.275000 2.490096 0.500000
v 2.311177 2.475111 0.500000
v 2.350000 2.470000 0.500000
v 2.388823 2.475111 0.500000
v 2.425000 2.490096 0.500000
v 2.456066 2.513934 0.500000
v 2.479904 2.545000 0.500000
v 2.494889 2.581177 0.500000
v 2.200000 2.620000 0.000000
v 2.205111 2.658823 0.000000
v 2.220096 2.695000 0.000000
v 2.243934 2.726066 0.000000
v 2.275000 2.749904 0.000000
v 2.311177 2.764889 0.000000
v 2.350000 2.770000 0.000000
v 2.388823 2.764889 0.000000
v 2.425000 2.749904 0.000000
v 2.456066 2.726066 0.000000
v 2.479904 2.695000 0.000000
v 2.494889 2.658823 0.000000
v 2.500000 2.620000 0.000000
v 2.494889 2.581177 0.000000
v 2.479904 2.545000 0.000000
v 2.456066 2.513934 0.000000
v 2.425000 2.490096 0.000000
v 2.388823 2.475111 0.000000
v 2.350000 2.470000 0.000000
v 2.311177 2.475111 0.000000
v 2.275000 2.490096 0.000000
v 2.243934 2.513934 0.000000
v 2.220096 2.545000 0.000000
v 2.205111 2.581177 0.000000
v 0.500000 0.620000 0.500000
v 0.494889 0.658823 0.500000
v 0.479904 0.695000 0.500000
v 0.456066 0.726066 0.500000
v 0.425000 0.749904 0.500000
v 0.388823 0.764889 0.500000
v 0.350000 0.770000 0.500000
v 0.311177 0.764889 0.500000
v 0.275000 0.749904 0.500000
v 0.243934 0.726066 0.500000
v 0.220096 0.695000 0.500000
v 0.205111 0.658823 0.500000
v 0.200000 0.620000 0.500000
v 0.205111 0.581177 0.500000
v 0.220096 0.545000 0.500000
v 0.243934 0.513934 0.500000
v 0.275000 0.490096 0.500000
v 0.311177 0.475111 0.500000
v 0.350000 0.470000 0.500000
v 0.388823 0.475111 0.500000
v 0.425000 0.490096 0.500000
v 0.456066 0.513934 0.500000
v 0.479904 0.545000 0.500000
v 0.494889 0.581177 0.500000
v 0.200000 0.620000 0.000000
v 0.205111 0.658823 0.000000
v 0.220096 0.695000 0.000000
v 0.243934 0.726066 0.000000
v 0.275000 0.749904 0.000000
v 0.311177 0.764889 0.000000
v 0.350000 0.770000 0.000000
v 0.388823 0.764889 0.000000
v 0.425000 0.749904 0.000000
v 0.456066 0.726066 0.000000
v 0.479904 0.695000 0.000000
v 0.494889 0.658823 0.000000
v 0.500000 0.620000 0.000000
v 0.494889 0.581177 0.000000
v 0.479904 0.545000 0.000000
v 0.456066 0.513934 0.000000
v 0.425000 0.490096 0.000000
v 0.388823 0.475111 0.000000
v 0.350000 0.470000 0.000000
v 0.311177 0.475111 0.000000
v 0.275000 0.490096 0.000000
v 0.243934 0.513934 0.000000
v 0.220096 0.545000 0.000000
v 0.205111 0.581177 0.000000
v 0.000000 0.000000 0.500000
v 2.700000 0.000000 0.500000
v 2.700000 3.240000 0.500000
v 0.000000 3.240000 0.500000
v 2.700000 0.000000 0.000000
v 0.000000 0.000000 0.000000
v 0.000000 3.240000 0.000000
v 2.700000 3.240000 0.000000
vt -0.250000 -0.431969 0.000000
vt -0.750000 -0.431969 0.000000
vt -0.250000 -0.471239 0.000000
vt -0.750000 -0.471239 0.000000
vt -0.250000 0.471239 0.000000
vt -0.750000 0.471239 0.000000
vt -0.250000 0.431969 0.000000
vt -0.750000 0.431969 0.000000
vt -0.250000 0.392699 0.000000
vt -0.750000 0.392699 0.000000
vt -0.250000 0.353429 0.000000
vt -0.750000 0.353429 0.000000
vt -0.250000 0.314159 0.000000
vt -0.750000 0.314159 0.000000
vt -0.250000 0.274889 0.000000
vt -0.750000 0.274889 0.000000
vt -0.250000 0.235619 0.000000
vt -0.750000 0.235619 0.000000
vt -0.250000 0.196350 0.000000
vt -0.750000 0.196350 0.000000
vt -0.250000 0.157080 0.000000
vt -0.750000 0.157080 0.000000
vt -0.250000 0.117810 0.000000
vt -0.750000 0.117810 0.000000
vt -0.250000 0.078540 0.000000
vt -0.750000 0.078540 0.000000
vt -0.250000 0.039270 0.000000
vt -0.750000 0.039270 0.000000
vt -0.250000 -0.000000 0.000000
vt -0.750000 -0.000000 0.000000
vt -0.250000 -0.039270 0.000000
vt -0.750000 -0.039270 0.000000
vt -0.250000 -0.078540 0.000000
vt -0.750000 -0.078540 0.000000
vt -0.250000 -0.117810 0.000000
vt -0.750000 -0.117810 0.000000
vt -0.250000 -0.157080 0.000000
vt -0.750000 -0.157080 0.000000
vt -0.250000 -0.196350 0.000000
vt -0.750000 -0.196350 0.000000
vt -0.250000 -0.235619 0.000000
vt -0.750000 -0.235619 0.000000
vt -0.250000 -0.274889 0.000000
vt -0.750000 -0.274889 0.000000
vt -0.250000 -0.314159 0.000000
vt -0.750000 -0.314159 0.000000
vt -0.250000 -0.353429 0.000000
vt -0.750000 -0.353429 0.000000
vt -0.250000 -0.392699 0.000000
vt -0.750000 -0.392699 0.000000
vt -0.250000 -0.431969 0.000000
vt -0.750000 -0.431969 0.000000
vt -0.250000 -0.471239 0.000000
vt -0.750000 -0.471239 0.000000
vt -0.250000 0.471239 0.000000
vt -0.750000 0.471239 0.000000
vt -0.250000 0.431969 0.000000
vt -0.750000 0.431969 0.000000
vt -0.250000 0.392699 0.000000
vt -0.750000 0.392699 0.000000
vt -0.250000 0.353429 0.000000
vt -0.750000 0.353429 0.000000
vt -0.250000 0.314159 0.000000
vt -0.750000 0.314159 0.000000
vt -0.250000 0.274889 0.000000
vt -0.750000 0.274889 0.000000
vt -0.250000 0.235619 0.000000
vt -0.750000 0.235619 0.000000
vt -0.250000 0.196350 0.000000
vt -0.750000 0.196350 0.000000
vt -0.250000 0.157080 0.000000
vt -0.750000 0.157080 0.000000
vt -0.250000 0.117810 0.000000
vt -0.750000 0.117810 0.000000
vt -0.250000 0.078540 0.000000
vt -0.750000 0.078540 0.000000
vt -0.250000 0.039270 0.000000
vt -0.750000 0.039270 0.000000
vt -0.250000 -0.000000 0.000000
vt -0.750000 -0.000000 0.000000
vt -0.250000 -0.039270 0.000000
vt -0.750000 -0.039270 0.000000
vt -0.250000 -0.078540 0.000000
vt -0.750000 -0.078540 0.000000
vt -0.250000 -0.117810 0.000000
vt -0.750000 -0.117810 0.000000
vt -0.250000 -0.157080 0.000000
vt -0.750000 -0.157080 0.000000
vt -0.250000 -0.196350 0.000000
vt -0.750000 -0.196350 0.000000
vt -0.250000 -0.235619 0.000000
vt -0.750000 -0.235619 0.000000
vt -0.250000 -0.274889 0.000000
vt -0.750000 -0.274889 0.000000
vt -0.250000 -0.314159 0.000000
vt -0.750000 -0.314159 0.000000
vt -0.250000 -0.353429 0.000000
vt -0.750000 -0.353429 0.000000
vt -0.250000 -0.392699 0.000000
vt -0.750000 -0.392699 0.000000
vt -0.250000 -0.431969 0.000000
vt -0.750000 -0.431969 0.000000
vt -0.250000 -0.471239 0.000000
vt -0.750000 -0.471239 0.000000
vt -0.250000 0.471239 0.000000
vt -0.750000 0.471239 0.000000
vt -0.250000 0.431969 0.000000
vt -0.750000 0.431969 0.000000
vt -0.250000 0.392699 0.000000
vt -0.750000 0.392699 0.000000
vt -0.250000 0.353429 0.000000
vt -0.750000 0.353429 0.000000
vt -0.250000 0.314159 0.000000
vt -0.750000 0.314159 0.000000
vt -0.250000 0.274889 0.000000
vt -0.750000 0.274889 0.000000
vt -0.250000 0.235619 0.000000
vt -0.750000 0.235619 0.000000
vt -0.250000 0.196350 0.000000
vt -0.750000 0.196350 0.000000
vt -0.250000 0.157080 0.000000
vt -0.750000 0.157080 0.000000
vt -0.250000 0.117810 0.000000
vt -0.750000 0.117810 0.000000
vt -0.250000 0.078540 0.000000
vt -0.750000 0.078540 0.000000
vt -0.250000 0.039270 0.000000
vt -0.750000 0.039270 0.000000
vt -0.250000 -0.000000 0.000000
vt -0.750000 -0.000000 0.000000
vt -0.250000 -0.039270 0.000000
vt -0.750000 -0.039270 0.000000
vt -0.250000 -0.078540 0.000000
vt -0.750000 -0.078540 0.000000
vt -0.250000 -0.117810 0.000000
vt -0.750000 -0.117810 0.000000
vt -0.250000 -0.157080 0.000000
vt -0.750000 -0.157080 0.000000
vt -0.250000 -0.196350 0.000000
vt -0.750000 -0.196350 0.000000
vt -0.250000 -0.235619 0.000000
vt -0.750000 -0.235619 0.000000
vt -0.250000 -0.274889 0.000000
vt -0.750000 -0.274889 0.000000
vt -0.250000 -0.314159 0.000000
vt -0.750000 -0.314159 0.000000
vt -0.250000 -0.353429 0.000000
vt -0.750000 -0.353429 0.000000
vt -0.250000 -0.392699 0.000000
vt -0.750000 -0.392699 0.000000
vt -0.250000 -0.431969 0.000000
vt -0.750000 -0.431969 0.000000
vt -0.250000 -0.471239 0.000000
vt -0.750000 -0.471239 0.000000
vt -0.250000 0.471239 0.000000
vt -0.750000 0.471239 0.000000
vt -0.250000 0.431969 0.000000
vt -0.750000 0.431969 0.000000
vt -0.250000 0.392699 0.000000
vt -0.750000 0.392699 0.000000
vt -0.250000 0.353429 0.000000
vt -0.750000 0.353429 0.000000
vt -0.250000 0.314159 0.000000
vt -0.750000 0.314159 0.000000
vt -0.250000 0.274889 0.000000
vt -0.750000 0.274889 0.000000
vt -0.250000 0.235619 0.000000
vt -0.750000 0.235619 0.000000
vt -0.250000 0.196350 0.000000
vt -0.750000 0.196350 0.000000
vt -0.250000 0.157080 0.000000
vt -0.750000 0.157080 0.000000
vt -0.250000 0.117810 0.000000
vt -0.750000 0.117810 0.000000
vt -0.250000 0.078540 0.000000
vt -0.750000 0.078540 0.000000
vt -0.250000 0.039270 0.000000
vt -0.750000 0.039270 0.000000
vt -0.250000 -0.000000 0.000000
vt -0.750000 -0.000000 0.000000
vt -0.250000 -0.039270 0.000000
vt -0.750000 -0.039270 0.000000
vt -0.250000 -0.078540 0.000000
vt -0.750000 -0.078540 0.000000
vt -0.250000 -0.117810 0.000000
vt -0.750000 -0.117810 0.000000
vt -0.250000 -0.157080 0.000000
vt -0.750000 -0.157080 0.000000
vt -0.250000 -0.196350 0.000000
vt -0.750000 -0.196350 0.000000
vt -0.250000 -0.235619 0.000000
vt -0.750000 -0.235619 0.000000
vt -0.250000 -0.274889 0.000000
vt -0.750000 -0.274889 0.000000
vt -0.250000 -0.314159 0.000000
vt -0.750000 -0.314159 0.000000
vt -0.250000 -0.353429 0.000000
vt -0.750000 -0.353429 0.000000
vt -0.250000 -0.392699 0.000000
vt -0.750000 -0.392699 0.000000
vt -1.038823 -0.855111 0.000000
vt -1.000000 -0.850000 0.000000
vt -1.000000 0.850000 0.000000
vt -0.961177 -0.855111 0.000000
vt -0.961177 0.855111 0.000000
vt -0.925000 -0.870096 0.000000
vt -0.925000 0.870096 0.000000
vt 0.925000 -0.870096 0.000000
vt 0.925000 0.870096 0.000000
vt 0.961177 0.855111 0.000000
vt 0.961177 -0.855111 0.000000
vt 1.000000 0.850000 0.000000
vt 1.000000 -0.850000 0.000000
vt 1.038823 -0.855111 0.000000
vt 0.893934 -0.893934 0.000000
vt -0.893934 -0.893934 0.000000
vt 0.870096 -0.925000 0.000000
vt -0.870096 -0.925000 0.000000
vt 0.855111 -0.961177 0.000000
vt -0.855111 -0.961177 0.000000
vt 0.850000 -1.000000 0.000000
vt -0.850000 -1.000000 0.000000
vt 0.855111 -1.038823 0.000000
vt -0.855111 -1.038823 0.000000
vt 0.870096 -1.075000 0.000000
vt -0.870096 -1.075000 0.000000
vt 0.893934 -1.106066 0.000000
vt -0.893934 -1.106066 0.000000
vt 0.925000 -1.129904 0.000000
vt -0.925000 -1.129904 0.000000
vt 0.961177 -1.144889 0.000000
vt -0.961177 -1.144889 0.000000
vt 1.620000 -1.350000 0.000000
vt -1.620000 -1.350000 0.000000
vt -1.000000 -1.150000 0.000000
vt -1.038823 -1.144889 0.000000
vt -1.075000 -1.129904 0.000000
vt -1.106066 -1.106066 0.000000
vt -1.129904 -1.075000 0.000000
vt -1.144889 -1.038823 0.000000
vt -1.150000 -1.000000 0.000000
vt -1.144889 -0.961177 0.000000
vt -1.129904 -0.925000 0.000000
vt -1.106066 -0.893934 0.000000
vt -1.106066 0.893934 0.000000
vt -1.075000 0.870096 0.000000
vt -1.075000 -0.870096 0.000000
vt -1.038823 0.855111 0.000000
vt 0.961177 1.144889 0.000000
vt 1.000000 1.150000 0.000000
vt 1.620000 1.350000 0.000000
vt 1.038823 1.144889 0.000000
vt 1.075000 1.129904 0.000000
vt 1.106066 1.106066 0.000000
vt 1.129904 1.075000 0.000000
vt 1.144889 1.038823 0.000000
vt 1.150000 1.000000 0.000000
vt 1.144889 0.961177 0.000000
vt 1.129904 0.925000 0.000000
vt 1.106066 0.893934 0.000000
vt 1.106066 -0.893934 0.000000
vt 1.129904 -0.925000 0.000000
vt 1.075000 0.870096 0.000000
vt 1.075000 -0.870096 0.000000
vt 1.038823 0.855111 0.000000
vt -0.893934 0.893934 0.000000
vt 0.893934 0.893934 0.000000
vt -0.870096 0.925000 0.000000
vt 0.870096 0.925000 0.000000
vt -0.855111 0.961177 0.000000
vt 0.855111 0.961177 0.000000
vt -0.850000 1.000000 0.000000
vt 0.850000 1.000000 0.000000
vt -0.855111 1.038823 0.000000
vt 0.855111 1.038823 0.000000
vt -0.870096 1.075000 0.000000
vt 0.870096 1.075000 0.000000
vt -0.893934 1.106066 0.000000
vt 0.893934 1.106066 0.000000
vt -0.925000 1.129904 0.000000
vt 0.925000 1.129904 0.000000
vt -0.961177 1.144889 0.000000
vt -1.620000 1.350000 0.000000
vt -1.038823 1.144889 0.000000
vt -1.000000 1.150000 0.000000
vt -1.129904 0.925000 0.000000
vt -1.144889 0.961177 0.000000
vt -1.150000 1.000000 0.000000
vt -1.144889 1.038823 0.000000
vt -1.129904 1.075000 0.000000
vt -1.106066 1.106066 0.000000
vt -1.075000 1.129904 0.000000
vt 1.144889 -0.961177 0.000000
vt 1.150000 -1.000000 0.000000
vt 1.144889 -1.038823 0.000000
vt 1.129904 -1.075000 0.000000
vt 1.106066 -1.106066 0.000000
vt 1.075000 -1.129904 0.000000
vt 1.038823 -1.144889 0.000000
vt 1.000000 -1.150000 0.000000
vt 1.038823 -1.144889 0.000000
vt 1.000000 -1.150000 0.000000
vt 1.620000 -1.350000 0.000000
vt 0.961177 -1.144889 0.000000
vt -0.961177 -1.144889 0.000000
vt -0.925000 -1.129904 0.000000
vt 0.925000 -1.129904 0.000000
vt -0.893934 -1.106066 0.000000
vt 0.893934 -1.106066 0.000000
vt -0.870096 -1.075000 0.000000
vt 0.870096 -1.075000 0.000000
vt -0.855111 -1.038823 0.000000
vt 0.855111 -1.038823 0.000000
vt -0.850000 -1.000000 0.000000
vt 0.850000 -1.000000 0.000000
vt -0.855111 -0.961177 0.000000
vt 0.855111 -0.961177 0.000000
vt -0.870096 -0.925000 0.000000
vt 0.870096 -0.925000 0.000000
vt -0.893934 -0.893934 0.000000
vt 0.893934 -0.893934 0.000000
vt -0.925000 -0.870096 0.000000
vt 0.925000 -0.870096 0.000000
vt -0.925000 0.870096 0.000000
vt 0.925000 0.870096 0.000000
vt -0.893934 0.893934 0.000000
vt 0.893934 0.893934 0.000000
vt -0.870096 0.925000 0.000000
vt 0.870096 0.925000 0.000000
vt -0.855111 0.961177 0.000000
vt 0.855111 0.961177 0.000000
vt -0.850000 1.000000 0.000000
vt 0.850000 1.000000 0.000000
vt -0.855111 1.038823 0.000000
vt 0.855111 1.038823 0.000000
vt -0.870096 1.075000 0.000000
vt 0.870096 1.075000 0.000000
vt -0.893934 1.106066 0.000000
vt 0.893934 1.106066 0.000000
vt -0.925000 1.129904 0.000000
vt 0.925000 1.129904 0.000000
vt -0.961177 1.144889 0.000000
vt 0.961177 1.144889 0.000000
vt -1.620000 1.350000 0.000000
vt 1.620000 1.350000 0.000000
vt 1.000000 1.150000 0.000000
vt 1.038823 1.144889 0.000000
vt 0.961177 0.855111 0.000000
vt 0.961177 -0.855111 0.000000
vt 1.000000 0.850000 0.000000
vt 1.000000 -0.850000 0.000000
vt 1.038823 -0.855111 0.000000
vt 1.038823 0.855111 0.000000
vt 1.075000 -0.870096 0.000000
vt 1.075000 0.870096 0.000000
vt 1.106066 -0.893934 0.000000
vt 1.106066 0.893934 0.000000
vt 1.129904 -0.925000 0.000000
vt 1.144889 -0.961177 0.000000
vt 1.150000 -1.000000 0.000000
vt 1.144889 -1.038823 0.000000
vt 1.129904 -1.075000 0.000000
vt 1.106066 -1.106066 0.000000
vt 1.075000 -1.129904 0.000000
vt -1.038823 0.855111 0.000000
vt -1.038823 -0.855111 0.000000
vt -1.000000 0.850000 0.000000
vt -1.000000 -0.850000 0.000000
vt -0.961177 -0.855111 0.000000
vt -1.075000 -0.870096 0.000000
vt -1.075000 0.870096 0.000000
vt -1.106066 -0.893934 0.000000
vt -1.106066 0.893934 0.000000
vt -1.620000 -1.350000 0.000000
vt -1.129904 0.925000 0.000000
vt -1.144889 0.961177 0.000000
vt -1.150000 1.000000 0.000000
vt -1.144889 1.038823 0.000000
vt -1.129904 1.075000 0.000000
vt -1.106066 1.106066 0.000000
vt -1.075000 1.129904 0.000000
vt -1.038823 1.144889 0.000000
vt -1.000000 1.150000 0.000000
vt -0.961177 0.855111 0.000000
vt 1.075000 1.129904 0.000000
vt 1.106066 1.106066 0.000000
vt 1.129904 1.075000 0.000000
vt 1.144889 1.038823 0.000000
vt 1.150000 1.000000 0.000000
vt 1.144889 0.961177 0.000000
vt 1.129904 0.925000 0.000000
vt -1.000000 -1.150000 0.000000
vt -1.038823 -1.144889 0.000000
vt -1.075000 -1.129904 0.000000
vt -1.106066 -1.106066 0.000000
vt -1.129904 -1.075000 0.000000
vt -1.144889 -1.038823 0.000000
vt -1.150000 -1.000000 0.000000
vt -1.144889 -0.961177 0.000000
vt -1.129904 -0.925000 0.000000
vt -0.250000 -1.620000 0.000000
vt 0.250000 -1.620000 0.000000
vt -0.250000 1.620000 0.000000
vt 0.250000 1.620000 0.000000
vt 0.250000 1.350000 0.000000
vt -0.250000 1.350000 0.000000
vt 0.250000 -1.350000 0.000000
vt -0.250000 -1.350000 0.000000
vt 0.250000 1.620000 0.000000
vt -0.250000 1.620000 0.000000
vt 0.250000 -1.620000 0.000000
vt -0.250000 -1.620000 0.000000
vt -0.250000 -1.350000 0.000000
vt 0.250000 -1.350000 0.000000
vt -0.250000 1.350000 0.000000
vt 0.250000 1.350000 0.000000
vn -0.965926 -0.258819 0.000000
vn -0.965926 -0.258819 0.000000
vn -1.000000 -0.000000 0.000000
vn -1.000000 -0.000000 0.000000
vn -0.965926 0.258819 0.000000
vn -0.965926 0.258819 0.000000
vn -0.866025 0.500000 0.000000
vn -0.866025 0.500000 0.000000
vn -0.707107 0.707107 0.000000
vn -0.707107 0.707107 0.000000
vn -0.500000 0.866025 0.000000
vn -0.500000 0.866025 0.000000
vn -0.258819 0.965926 0.000000
vn -0.258819 0.965926 0.000000
vn 0.000000 1.000000 -0.000000
vn 0.000000 1.000000 -0.000000
vn 0.258819 0.965926 -0.000000
vn 0.258819 0.965926 -0.000000
vn 0.500000 0.866025 -0.000000
vn 0.500000 0.866025 -0.000000
vn 0.707107 0.707107 -0.000000
vn 0.707107 0.707107 -0.000000
vn 0.866025 0.500000 -0.000000
vn 0.866025 0.500000 -0.000000
vn 0.965926 0.258819 -0.000000
vn 0.965926 0.258819 -0.000000
vn 1.000000 0.000000 -0.000000
vn 1.000000 0.000000 -0.000000
vn 0.965926 -0.258819 0.000000
vn 0.965926 -0.258819 0.000000
vn 0.866025 -0.500000 0.000000
vn 0.866025 -0.500000 0.000000
vn 0.707107 -0.707107 0.000000
vn 0.707107 -0.707107 0.000000
vn 0.500000 -0.866025 0.000000
vn 0.500000 -0.866025 0.000000
vn 0.258819 -0.965926 0.000000
vn 0.258819 -0.965926 0.000000
vn 0.000000 -1.000000 0.000000
vn 0.000000 -1.000000 0.000000
vn -0.258819 -0.965926 0.000000
vn -0.258819 -0.965926 0.000000
vn -0.500000 -0.866025 0.000000
vn -0.500000 -0.866025 0.000000
vn -0.707107 -0.707107 0.000000
vn -0.707107 -0.707107 0.000000
vn -0.866025 -0.500000 0.000000
vn -0.866025 -0.500000 0.000000
vn -0.965926 -0.258819 0.000000
vn -0.965926 -0.258819 0.000000
vn -1.000000 -0.000000 0.000000
vn -1.000000 -0.000000 0.000000
vn -0.965926 0.258819 0.000000
vn -0.965926 0.258819 0.000000
vn -0.866025 0.500000 0.000000
vn -0.866025 0.500000 0.000000
vn -0.707107 0.707107 0.000000
vn -0.707107 0.707107 0.000000
vn -0.500000 0.866025 0.000000
vn -0.500000 0.866025 0.000000
vn -0.258819 0.965926 0.000000
vn -0.258819 0.965926 0.000000
vn 0.000000 1.000000 -0.000000
vn 0.000000 1.000000 -0.000000
vn 0.258819 0.965926 -0.000000
vn 0.258819 0.965926 -0.000000
vn 0.500000 0.866025 -0.000000
vn 0.500000 0.866025 -0.000000
vn 0.707107 0.707107 -0.000000
vn 0.707107 0.707107 -0.000000
vn 0.866025 0.500000 -0.000000
vn 0.866025 0.500000 -0.000000
vn 0.965926 0.258819 -0.000000
vn 0.965926 0.258819 -0.000000
vn 1.000000 0.000000 -0.000000
vn 1.000000 0.000000 -0.000000
vn 0.965926 -0.258819 0.000000
vn 0.965926 -0.258819 0.000000
vn 0.866025 -0.500000 0.000000
vn 0.866025 -0.500000 0.000000
vn 0.707107 -0.707107 0.000000
vn 0.707107 -0.707107 0.000000
vn 0.500000 -0.866025 0.000000
vn 0.500000 -0.866025 0.000000
vn 0.258819 -0.965926 0.000000
vn 0.258819 -0.965926 0.000000
vn 0.000000 -1.000000 0.000000
vn 0.000000 -1.000000 0.000000
vn -0.258819 -0.965926 0.000000
vn -0.258819 -0.965926 0.000000
vn -0.500000 -0.866025 0.000000
vn -0.500000 -0.866025 0.000000
vn -0.707107 -0.707107 0.000000
vn -0.707107 -0.707107 0.000000
vn -0.866025 -0.500000 0.000000
vn -0.866025 -0.500000 0.000000
vn -0.965926 -0.258819 0.000000
vn -0.965926 -0.258819 0.000000
vn -1.000000 -0.000000 0.000000
vn -1.000000 -0.000000 0.000000
vn -0.965926 0.258819 0.000000
vn -0.965926 0.258819 0.000000
vn -0.866025 0.500000 0.000000
vn -0.866025 0.500000 0.000000
vn -0.707107 0.707107 0.000000
vn -0.707107 0.707107 0.000000
vn -0.500000 0.866025 0.000000
vn -0.500000 0.866025 0.000000
vn -0.258819 0.965926 0.000000
vn -0.258819 0.965926 0.000000
vn 0.000000 1.000000 -0.000000
vn 0.000000 1.000000 -0.000000
vn 0.258819 0.965926 -0.000000
vn 0.258819 0.965926 -0.000000
vn 0.500000 0.866025 -0.000000
vn 0.500000 0.866025 -0.000000
vn 0.707107 0.707107 -0.000000
vn 0.707107 0.707107 -0.000000
vn 0.866025 0.500000 -0.000000
vn 0.866025 0.500000 -0.000000
vn 0.965926 0.258819 -0.000000
vn 0.965926 0.258819 -0.000000
vn 1.000000 0.000000 -0.000000
vn 1.000000 0.000000 -0.000000
vn 0.965926 -0.258819 0.000000
vn 0.965926 -0.258819 0.000000
vn 0.866025 -0.500000 0.000000
vn 0.866025 -0.500000 0.000000
vn 0.707107 -0.707107 0.000000
vn 0.707107 -0.707107 0.000000
vn 0.500000 -0.866025 0.000000
vn 0.500000 -0.866025 0.000000
vn 0.258819 -0.965926 0.000000
vn 0.258819 -0.965926 0.000000
vn 0.000000 -1.000000 0.000000
vn 0.000000 -1.000000 0.000000
vn -0.258819 -0.965926 0.000000
vn -0.258819 -0.965926 0.000000
vn -0.500000 -0.866025 0.000000
vn -0.500000 -0.866025 0.000000
vn -0.707107 -0.707107 0.000000
vn -0.707107 -0.707107 0.000000
vn -0.866025 -0.500000 0.000000
vn -0.866025 -0.500000 0.000000
vn -0.965926 -0.258819 0.000000
vn -0.965926 -0.258819 0.000000
vn -1.000000 -0.000000 0.000000
vn -1.000000 -0.000000 0.000000
vn -0.965926 0.258819 0.000000
vn -0.965926 0.258819 0.000000
vn -0.866025 0.500000 0.000000
vn -0.866025 0.500000 0.000000
vn -0.707107 0.707107 0.000000
vn -0.707107 0.707107 0.000000
vn -0.500000 0.866025 0.000000
vn -0.500000 0.866025 0.000000
vn -0.258819 0.965926 0.000000
vn -0.258819 0.965926 0.000000
vn 0.000000 1.000000 -0.000000
vn 0.000000 1.000000 -0.000000
vn 0.258819 0.965926 -0.000000
vn 0.258819 0.965926 -0.000000
vn 0.500000 0.866025 -0.000000
vn 0.500000 0.866025 -0.000000
vn 0.707107 0.707107 -0.000000
vn 0.707107 0.707107 -0.000000
vn 0.866025 0.500000 -0.000000
vn 0.866025 0.500000 -0.000000
vn 0.965926 0.258819 -0.000000
vn 0.965926 0.258819 -0.000000
vn 1.000000 0.000000 -0.000000
vn 1.000000 0.000000 -0.000000
vn 0.965926 -0.258819 0.000000
vn 0.965926 -0.258819 0.000000
vn 0.866025 -0.500000 0.000000
vn 0.866025 -0.500000 0.000000
vn 0.707107 -0.707107 0.000000
vn 0.707107 -0.707107 0.000000
vn 0.500000 -0.866025 0.000000
vn 0.500000 -0.866025 0.000000
vn 0.258819 -0.965926 0.000000
vn 0.258819 -0.965926 0.000000
vn 0.000000 -1.000000 0.000000
vn 0.000000 -1.000000 0.000000
vn -0.258819 -0.965926 0.000000
vn -0.258819 -0.965926 0.000000
vn -0.500000 -0.866025 0.000000
vn -0.500000 -0.866025 0.000000
vn -0.707107 -0.707107 0.000000
vn -0.707107 -0.707107 0.000000
vn -0.866025 -0.500000 0.000000
vn -0.866025 -0.500000 0.000000
vn 0.000000 0.000000 1.000000
vn 0.000000 0.000000 1.000000
vn 0.000000 0.000000 1.000000
vn 0.000000 0.000000 1.000000
vn 0.000000 0.000000 1.000000
vn 0.000000 0.000000 1.000000
vn 0.000000 0.000000 1.000000
vn 0.000000 0.000000 1.000000
vn 0.000000 0.000000 1.000000
vn 0.000000 0.000000 1.000000
vn 0.000000 0.000000 1.000000
vn 0.000000 0.000000 1.000000
vn 0.000000 0.000000 1.000000
vn 0.000000 0.000000 1.000000
vn 0.000000 0.000000 1.000000
vn 0.000000 0.000000 1.000000
vn 0.000000 0.000000 1.000000
vn 0.000000 0.000000 1.000000
vn 0.000000 0.000000 1.000000
vn 0.000000 0.000000 1.000000
vn 0.000000 0.000000 1.000000
vn 0.000000 0.000000 1.000000
vn 0.000000 0.000000 1.000000
vn 0.000000 0.000000 1.000000
vn 0.000000 0.000000 1.000000
vn 0.000000 0.000000 1.000000
vn 0.000000 0.000000 1.000000
vn 0.000000 0.000000 1.000000
vn 0.000000 0.000000 1.000000
vn 0.000000 0.000000 1.000000
vn 0.000000 0.000000 1.000000
vn 0.000000 0.000000 1.000000
vn 0.000000 0.000000 1.000000
vn 0.000000 0.000000 1.000000
vn 0.000000 0.000000 1.000000
vn 0.000000 0.000000 1.000000
vn 0.000000 0.000000 1.000000
vn 0.000000 0.000000 1.000000
vn 0.000000 0.000000 1.000000
vn 0.000000 0.000000 1.000000
vn 0.000000 0.000000 1.000000
vn 0.000000 0.000000 1.000000
vn 0.000000 0.000000 1.000000
vn 0.000000 0.000000 1.000000
vn 0.000000 0.000000 1.000000
vn 0.000000 0.000000 1.000000
vn 0.000000 0.000000 1.000000
vn 0.000000 0.000000 1.000000
vn 0.000000 0.000000 1.000000
vn 0.000000 0.000000 1.000000
vn 0.000000 0.000000 1.000000
vn 0.000000 0.000000 1.000000
vn 0.000000 0.000000 1.000000
vn 0.000000 0.000000 1.000000
vn 0.000000 0.000000 1.000000
vn 0.000000 0.000000 1.000000
vn 0.000000 0.000000 1.000000
vn 0.000000 0.000000 1.000000
vn 0.000000 0.000000 1.000000
vn 0.000000 0.000000 1.000000
vn 0.000000 0.000000 1.000000
vn 0.000000 0.000000 1.000000
vn 0.000000 0.000000 1.000000
vn 0.000000 0.000000 1.000000
vn 0.000000 0.000000 1.000000
vn 0.000000 0.000000 1.000000
vn 0.000000 0.000000 1.000000
vn 0.000000 0.000000 1.000000
vn 0.000000 0.000000 1.000000
vn 0.000000 0.000000 1.000000
vn 0.000000 0.000000 1.000000
vn 0.000000 0.000000 1.000000
vn 0.000000 0.000000 1.000000
vn 0.000000 0.000000 1.000000
vn 0.000000 0.000000 1.000000
vn 0.000000 0.000000 1.000000
vn 0.000000 0.000000 1.000000
vn 0.000000 0.000000 1.000000
vn 0.000000 0.000000 1.000000
vn 0.000000 0.000000 1.000000
vn 0.000000 0.000000 1.000000
vn 0.000000 0.000000 1.000000
vn 0.000000 0.000000 1.000000
vn 0.000000 0.000000 1.000000
vn 0.000000 0.000000 1.000000
vn 0.000000 0.000000 1.000000
vn 0.000000 0.000000 1.000000
vn 0.000000 0.000000 1.000000
vn 0.000000 0.000000 1.000000
vn 0.000000 0.000000 1.000000
vn 0.000000 0.000000 1.000000
vn 0.000000 0.000000 1.000000
vn 0.000000 0.000000 1.000000
vn 0.000000 0.000000 1.000000
vn 0.000000 0.000000 1.000000
vn 0.000000 0.000000 1.000000
vn 0.000000 0.000000 1.000000
vn 0.000000 0.000000 1.000000
vn 0.000000 0.000000 1.000000
vn 0.000000 0.000000 1.000000
vn -0.000000 -0.000000 -1.000000
vn -0.000000 -0.000000 -1.000000
vn -0.000000 -0.000000 -1.000000
vn -0.000000 -0.000000 -1.000000
vn -0.000000 -0.000000 -1.000000
vn -0.000000 -0.000000 -1.000000
vn -0.000000 -0.000000 -1.000000
vn -0.000000 -0.000000 -1.000000
vn -0.000000 -0.000000 -1.000000
vn -0.000000 -0.000000 -1.000000
vn -0.000000 -0.000000 -1.000000
vn -0.000000 -0.000000 -1.000000
vn -0.000000 -0.000000 -1.000000
vn -0.000000 -0.000000 -1.000000
vn -0.000000 -0.000000 -1.000000
vn -0.000000 -0.000000 -1.000000
vn -0.000000 -0.000000 -1.000000
vn -0.000000 -0.000000 -1.000000
vn -0.000000 -0.000000 -1.000000
vn -0.000000 -0.000000 -1.000000
vn -0.000000 -0.000000 -1.000000
vn -0.000000 -0.000000 -1.000000
vn -0.000000 -0.000000 -1.000000
vn -0.000000 -0.000000 -1.000000
vn -0.000000 -0.000000 -1.000000
vn -0.000000 -0.000000 -1.000000
vn -0.000000 -0.000000 -1.000000
vn -0.000000 -0.000000 -1.000000
vn -0.000000 -0.000000 -1.000000
vn -0.000000 -0.000000 -1.000000
vn -0.000000 -0.000000 -1.000000
vn -0.000000 -0.000000 -1.000000
vn -0.000000 -0.000000 -1.000000
vn -0.000000 -0.000000 -1.000000
vn -0.000000 -0.000000 -1.000000
vn -0.000000 -0.000000 -1.000000
vn -0.000000 -0.000000 -1.000000
vn -0.000000 -0.000000 -1.000000
vn -0.000000 -0.000000 -1.000000
vn -0.000000 -0.000000 -1.000000
vn -0.000000 -0.000000 -1.000000
vn -0.000000 -0.000000 -1.000000
vn -0.000000 -0.000000 -1.000000
vn -0.000000 -0.000000 -1.000000
vn -0.000000 -0.000000 -1.000000
vn -0.000000 -0.000000 -1.000000
vn -0.000000 -0.000000 -1.000000
vn -0.000000 -0.000000 -1.000000
vn -0.000000 -0.000000 -1.000000
vn -0.000000 -0.000000 -1.000000
vn -0.000000 -0.000000 -1.000000
vn -0.000000 -0.000000 -1.000000
vn -0.000000 -0.000000 -1.000000
vn -0.000000 -0.000000 -1.000000
vn -0.000000 -0.000000 -1.000000
vn -0.000000 -0.000000 -1.000000
vn -0.000000 -0.000000 -1.000000
vn -0.000000 -0.000000 -1.000000
vn -0.000000 -0.000000 -1.000000
vn -0.000000 -0.000000 -1.000000
vn -0.000000 -0.000000 -1.000000
vn -0.000000 -0.000000 -1.000000
vn -0.000000 -0.000000 -1.000000
vn -0.000000 -0.000000 -1.000000
vn -0.000000 -0.000000 -1.000000
vn -0.000000 -0.000000 -1.000000
vn -0.000000 -0.000000 -1.000000
vn -0.000000 -0.000000 -1.000000
vn -0.000000 -0.000000 -1.000000
vn -0.000000 -0.000000 -1.000000
vn -0.000000 -0.000000 -1.000000
vn -0.000000 -0.000000 -1.000000
vn -0.000000 -0.000000 -1.000000
vn -0.000000 -0.000000 -1.000000
vn -0.000000 -0.000000 -1.000000
vn -0.000000 -0.000000 -1.000000
vn -0.000000 -0.000000 -1.000000
vn -0.000000 -0.000000 -1.000000
vn -0.000000 -0.000000 -1.000000
vn -0.000000 -0.000000 -1.000000
vn -0.000000 -0.000000 -1.000000
vn -0.000000 -0.000000 -1.000000
vn -0.000000 -0.000000 -1.000000
vn -0.000000 -0.000000 -1.000000
vn -0.000000 -0.000000 -1.000000
vn -0.000000 -0.000000 -1.000000
vn -0.000000 -0.000000 -1.000000
vn -0.000000 -0.000000 -1.000000
vn -0.000000 -0.000000 -1.000000
vn -0.000000 -0.000000 -1.000000
vn -0.000000 -0.000000 -1.000000
vn -0.000000 -0.000000 -1.000000
vn -0.000000 -0.000000 -1.000000
vn -0.000000 -0.000000 -1.000000
vn -0.000000 -0.000000 -1.000000
vn -0.000000 -0.000000 -1.000000
vn -0.000000 -0.000000 -1.000000
vn -0.000000 -0.000000 -1.000000
vn -0.000000 -0.000000 -1.000000
vn -0.000000 -0.000000 -1.000000
vn -1.000000 -0.000000 -0.000000
vn -1.000000 -0.000000 -0.000000
vn -1.000000 -0.000000 -0.000000
vn -1.000000 -0.000000 -0.000000
vn -0.000000 1.000000 -0.000000
vn -0.000000 1.000000 -0.000000
vn -0.000000 1.000000 -0.000000
vn -0.000000 1.000000 -0.000000
vn 1.000000 -0.000000 -0.000000
vn 1.000000 -0.000000 -0.000000
vn 1.000000 -0.000000 -0.000000
vn 1.000000 -0.000000 -0.000000
vn -0.000000 -1.000000 -0.000000
vn -0.000000 -1.000000 -0.000000
vn -0.000000 -1.000000 -0.000000
vn -0.000000 -1.000000 -0.000000
usemtl Steel_-_Satin
f 2/1/1 36/2/2 1/3/3
f 1/3/3 36/2/2 37/4/4
f 1/5/3 37/6/4 24/7/5
f 24/7/5 37/6/4 38/8/6
f 24/7/5 38/8/6 23/9/7
f 23/9/7 38/8/6 39/10/8
f 23/9/7 39/10/8 22/11/9
f 22/11/9 39/10/8 40/12/10
f 22/11/9 40/12/10 21/13/11
f 21/13/11 40/12/10 41/14/12
f 21/13/11 41/14/12 20/15/13
f 20/15/13 41/14/12 42/16/14
f 20/15/13 42/16/14 19/17/15
f 19/17/15 42/16/14 43/18/16
f 19/17/15 43/18/16 18/19/17
f 18/19/17 43/18/16 44/20/18
f 18/19/17 44/20/18 17/21/19
f 17/21/19 44/20/18 45/22/20
f 17/21/19 45/22/20 16/23/21
f 16/23/21 45/22/20 46/24/22
f 16/23/21 46/24/22 15/25/23
f 15/25/23 46/24/22 47/26/24
f 15/25/23 47/26/24 14/27/25
f 14/27/25 47/26/24 48/28/26
f 14/27/25 48/28/26 13/29/27
f 13/29/27 48/28/26 25/30/28
f 13/29/27 25/30/28 12/31/29
f 12/31/29 25/30/28 26/32/30
f 12/31/29 26/32/30 11/33/31
f 11/33/31 26/32/30 27/34/32
f 11/33/31 27/34/32 10/35/33
f 10/35/33 27/34/32 28/36/34
f 10/35/33 28/36/34 9/37/35
f 9/37/35 28/36/34 29/38/36
f 9/37/35 29/38/36 8/39/37
f 8/39/37 29/38/36 30/40/38
f 8/39/37 30/40/38 7/41/39
f 7/41/39 30/40/38 31/42/40
f 7/41/39 31/42/40 6/43/41
f 6/43/41 31/42/40 32/44/42
f 6/43/41 32/44/42 5/45/43
f 5/45/43 32/44/42 33/46/44
f 5/45/43 33/46/44 4/47/45
f 4/47/45 33/46/44 34/48/46
f 4/47/45 34/48/46 3/49/47
f 3/49/47 34/48/46 35/50/48
f 3/49/47 35/50/48 2/1/1
f 2/1/1 35/50/48 36/2/2
f 50/51/49 84/52/50 49/53/51
f 49/53/51 84/52/50 85/54/52
f 49/55/51 85/56/52 72/57/53
f 72/57/53 85/56/52 86/58/54
f 72/57/53 86/58/54 71/59/55
f 71/59/55 86/58/54 87/60/56
f 71/59/55 87/60/56 70/61/57
f 70/61/57 87/60/56 88/62/58
f 70/61/57 88/62/58 69/63/59
f 69/63/59 88/62/58 89/64/60
f 69/63/59 89/64/60 68/65/61
f 68/65/61 89/64/60 90/66/62
f 68/65/61 90/66/62 67/67/63
f 67/67/63 90/66/62 91/68/64
f 67/67/63 91/68/64 66/69/65
f 66/69/65 91/68/64 92/70/66
f 66/69/65 92/70/66 65/71/67
f 65/71/67 92/70/66 93/72/68
f 65/71/67 93/72/68 64/73/69
f 64/73/69 93/72/68 94/74/70
f 64/73/69 94/74/70 63/75/71
f 63/75/71 94/74/70 95/76/72
f 63/75/71 95/76/72 62/77/73
f 62/77/73 95/76/72 96/78/74
f 62/77/73 96/78/74 61/79/75
f 61/79/75 96/78/74 73/80/76
f 61/79/75 73/80/76 60/81/77
f 60/81/77 73/80/76 74/82/78
f 60/81/77 74/82/78 59/83/79
f 59/83/79 74/82/78 75/84/80
f 59/83/79 75/84/80 58/85/81
f 58/85/81 75/84/80 76/86/82
f 58/85/81 76/86/82 57/87/83
f 57/87/83 76/86/82 77/88/84
f 57/87/83 77/88/84 56/89/85
f 56/89/85 77/88/84 78/90/86
f 56/89/85 78/90/86 55/91/87
f 55/91/87 78/90/86 79/92/88
f 55/91/87 79/92/88 54/93/89
f 54/93/89 79/92/88 80/94/90
f 54/93/89 80/94/90 53/95/91
f 53/95/91 80/94/90 81/96/92
f 53/95/91 81/96/92 52/97/93
f 52/97/93 81/96/92 82/98/94
f 52/97/93 82/98/94 51/99/95
f 51/99/95 82/98/94 83/100/96
f 51/99/95 83/100/96 50/51/49
f 50/51/49 83/100/96 84/52/50
f 98/101/97 132/102/98 97/103/99
f 97/103/99 132/102/98 133/104/100
f 97/105/99 133/106/100 120/107/101
f 120/107/101 133/106/100 134/108/102
f 120/107/101 134/108/102 119/109/103
f 119/109/103 134/108/102 135/110/104
f 119/109/103 135/110/104 118/111/105
f 118/111/105 135/110/104 136/112/106
f 118/111/105 136/112/106 117/113/107
f 117/113/107 136/112/106 137/114/108
f 117/113/107 137/114/108 116/115/109
f 116/115/109 137/114/108 138/116/110
f 116/115/109 138/116/110 115/117/111
f 115/117/111 138/116/110 139/118/112
f 115/117/111 139/118/112 114/119/113
f 114/119/113 139/118/112 140/120/114
f 114/119/113 140/120/114 113/121/115
f 113/121/115 140/120/114 141/122/116
f 113/121/115 141/122/116 112/123/117
f 112/123/117 141/122/116 142/124/118
f 112/123/117 142/124/118 111/125/119
f 111/125/119 142/124/118 143/126/120
f 111/125/119 143/126/120 110/127/121
f 110/127/121 143/126/120 144/128/122
f 110/127/121 144/128/122 109/129/123
f 109/129/123 144/128/122 121/130/124
f 109/129/123 121/130/124 108/131/125
f 108/131/125 121/130/124 122/132/126
f 108/131/125 122/132/126 107/133/127
f 107/133/127 122/132/126 123/134/128
f 107/133/127 123/134/128 106/135/129
f 106/135/129 123/134/128 124/136/130
f 106/135/129 124/136/130 105/137/131
f 105/137/131 124/136/130 125/138/132
f 105/137/131 125/138/132 104/139/133
f 104/139/133 125/138/132 126/140/134
f 104/139/133 126/140/134 103/141/135
f 103/141/135 126/140/134 127/142/136
f 103/141/135 127/142/136 102/143/137
f 102/143/137 127/142/136 128/144/138
f 102/143/137 128/144/138 101/145/139
f 101/145/139 128/144/138 129/146/140
f 101/145/139 129/146/140 100/147/141
f 100/147/141 129/146/140 130/148/142
f 100/147/141 130/148/142 99/149/143
f 99/149/143 130/148/142 131/150/144
f 99/149/143 131/150/144 98/101/97
f 98/101/97 131/150/144 132/102/98
f 146/151/145 180/152/146 145/153/147
f 145/153/147 180/152/146 181/154/148
f 145/155/147 181/156/148 168/157/149
f 168/157/149 181/156/148 182/158/150
f 168/157/149 182/158/150 167/159/151
f 167/159/151 182/158/150 183/160/152
f 167/159/151 183/160/152 166/161/153
f 166/161/153 183/160/152 184/162/154
f 166/161/153 184/162/154 165/163/155
f 165/163/155 184/162/154 185/164/156
f 165/163/155 185/164/156 164/165/157
f 164/165/157 185/164/156 186/166/158
f 164/165/157 186/166/158 163/167/159
f 163/167/159 186/166/158 187/168/160
f 163/167/159 187/168/160 162/169/161
f 162/169/161 187/168/160 188/170/162
f 162/169/161 188/170/162 161/171/163
f 161/171/163 188/170/162 189/172/164
f 161/171/163 189/172/164 160/173/165
f 160/173/165 189/172/164 190/174/166
f 160/173/165 190/174/166 159/175/167
f 159/175/167 190/174/166 191/176/168
f 159/175/167 191/176/168 158/177/169
f 158/177/169 191/176/168 192/178/170
f 158/177/169 192/178/170 157/179/171
f 157/179/171 192/178/170 169/180/172
f 157/179/171 169/180/172 156/181/173
f 156/181/173 169/180/172 170/182/174
f 156/181/173 170/182/174 155/183/175
f 155/183/175 170/182/174 171/184/176
f 155/183/175 171/184/176 154/185/177
f 154/185/177 171/184/176 172/186/178
f 154/185/177 172/186/178 153/187/179
f 153/187/179 172/186/178 173/188/180
f 153/187/179 173/188/180 152/189/181
f 152/189/181 173/188/180 174/190/182
f 152/189/181 174/190/182 151/191/183
f 151/191/183 174/190/182 175/192/184
f 151/191/183 175/192/184 150/193/185
f 150/193/185 175/192/184 176/194/186
f 150/193/185 176/194/186 149/195/187
f 149/195/187 176/194/186 177/196/188
f 149/195/187 177/196/188 148/197/189
f 148/197/189 177/196/188 178/198/190
f 148/197/189 178/198/190 147/199/191
f 147/199/191 178/198/190 179/200/192
f 147/199/191 179/200/192 146/151/145
f 146/151/145 179/200/192 180/152/146
f 2/201/193 1/202/194 109/203/195
f 109/203/195 1/202/194 24/204/196
f 109/203/195 24/204/196 110/205/197
f 110/205/197 24/204/196 23/206/198
f 110/205/197 23/206/198 111/207/199
f 111/207/199 23/206/198 147/208/200
f 111/207/199 147/208/200 59/209/201
f 59/209/201 147/208/200 60/210/202
f 60/210/202 147/208/200 146/211/203
f 60/210/202 146/211/203 61/212/204
f 61/212/204 146/211/203 145/213/205
f 61/212/204 145/213/205 168/214/206
f 147/208/200 23/206/198 148/215/207
f 148/215/207 23/206/198 22/216/208
f 148/215/207 22/216/208 149/217/209
f 149/217/209 22/216/208 21/218/210
f 149/217/209 21/218/210 150/219/211
f 150/219/211 21/218/210 20/220/212
f 150/219/211 20/220/212 151/221/213
f 151/221/213 20/220/212 19/222/214
f 151/221/213 19/222/214 152/223/215
f 152/223/215 19/222/214 18/224/216
f 152/223/215 18/224/216 153/225/217
f 153/225/217 18/224/216 17/226/218
f 153/225/217 17/226/218 154/227/219
f 154/227/219 17/226/218 16/228/220
f 154/227/219 16/228/220 155/229/221
f 155/229/221 16/228/220 15/230/222
f 155/229/221 15/230/222 156/231/223
f 156/231/223 15/230/222 14/232/224
f 156/231/223 14/232/224 193/233/225
f 193/233/225 14/232/224 196/234/226
f 196/234/226 14/232/224 13/235/227
f 196/234/226 13/235/227 12/236/228
f 12/236/228 11/237/229 196/234/226
f 196/234/226 11/237/229 10/238/230
f 196/234/226 10/238/230 9/239/231
f 9/239/231 8/240/232 196/234/226
f 196/234/226 8/240/232 7/241/233
f 196/234/226 7/241/233 6/242/234
f 6/242/234 5/243/235 196/234/226
f 196/234/226 5/243/235 4/244/236
f 196/234/226 4/244/236 106/245/237
f 106/245/237 4/244/236 107/246/238
f 107/246/238 4/244/236 3/247/239
f 107/246/238 3/247/239 108/248/240
f 108/248/240 3/247/239 2/201/193
f 108/248/240 2/201/193 109/203/195
f 50/249/241 49/250/242 194/251/243
f 194/251/243 49/250/242 72/252/244
f 194/251/243 72/252/244 71/253/245
f 71/253/245 70/254/246 194/251/243
f 194/251/243 70/254/246 69/255/247
f 194/251/243 69/255/247 68/256/248
f 68/256/248 67/257/249 194/251/243
f 194/251/243 67/257/249 66/258/250
f 194/251/243 66/258/250 65/259/251
f 65/259/251 64/260/252 194/251/243
f 194/251/243 64/260/252 193/233/225
f 193/233/225 64/260/252 166/261/253
f 193/233/225 166/261/253 165/262/254
f 64/260/252 63/263/255 166/261/253
f 166/261/253 63/263/255 167/264/256
f 167/264/256 63/263/255 62/265/257
f 167/264/256 62/265/257 168/214/206
f 168/214/206 62/265/257 61/212/204
f 111/207/199 59/209/201 112/266/258
f 112/266/258 59/209/201 58/267/259
f 112/266/258 58/267/259 113/268/260
f 113/268/260 58/267/259 57/269/261
f 113/268/260 57/269/261 114/270/262
f 114/270/262 57/269/261 56/271/263
f 114/270/262 56/271/263 115/272/264
f 115/272/264 56/271/263 55/273/265
f 115/272/264 55/273/265 116/274/266
f 116/274/266 55/273/265 54/275/267
f 116/274/266 54/275/267 117/276/268
f 117/276/268 54/275/267 53/277/269
f 117/276/268 53/277/269 118/278/270
f 118/278/270 53/277/269 52/279/271
f 118/278/270 52/279/271 119/280/272
f 119/280/272 52/279/271 51/281/273
f 119/280/272 51/281/273 120/282/274
f 120/282/274 51/281/273 50/249/241
f 120/282/274 50/249/241 195/283/275
f 195/283/275 50/249/241 194/251/243
f 98/284/276 97/285/277 195/283/275
f 195/283/275 97/285/277 120/282/274
f 196/234/226 106/245/237 195/283/275
f 195/283/275 106/245/237 105/286/278
f 195/283/275 105/286/278 104/287/279
f 104/287/279 103/288/280 195/283/275
f 195/283/275 103/288/280 102/289/281
f 195/283/275 102/289/281 101/290/282
f 101/290/282 100/291/283 195/283/275
f 195/283/275 100/291/283 99/292/284
f 195/283/275 99/292/284 98/284/276
f 165/262/254 164/293/285 193/233/225
f 193/233/225 164/293/285 163/294/286
f 193/233/225 163/294/286 162/295/287
f 162/295/287 161/296/288 193/233/225
f 193/233/225 161/296/288 160/297/289
f 193/233/225 160/297/289 159/298/290
f 159/298/290 158/299/291 193/233/225
f 193/233/225 158/299/291 157/300/292
f 193/233/225 157/300/292 156/231/223
f 26/301/293 25/302/294 199/303/295
f 199/303/295 25/302/294 48/304/296
f 199/303/295 48/304/296 170/305/297
f 170/305/297 48/304/296 171/306/298
f 171/306/298 48/304/296 47/307/299
f 171/306/298 47/307/299 172/308/300
f 172/308/300 47/307/299 46/309/301
f 172/308/300 46/309/301 173/310/302
f 173/310/302 46/309/301 45/311/303
f 173/310/302 45/311/303 174/312/304
f 174/312/304 45/311/303 44/313/305
f 174/312/304 44/313/305 175/314/306
f 175/314/306 44/313/305 43/315/307
f 175/314/306 43/315/307 176/316/308
f 176/316/308 43/315/307 42/317/309
f 176/316/308 42/317/309 177/318/310
f 177/318/310 42/317/309 41/319/311
f 177/318/310 41/319/311 178/320/312
f 178/320/312 41/319/311 40/321/313
f 178/320/312 40/321/313 179/322/314
f 179/322/314 40/321/313 39/323/315
f 179/322/314 39/323/315 75/324/316
f 75/324/316 39/323/315 143/325/317
f 75/324/316 143/325/317 76/326/318
f 76/326/318 143/325/317 142/327/319
f 76/326/318 142/327/319 77/328/320
f 77/328/320 142/327/319 141/329/321
f 77/328/320 141/329/321 78/330/322
f 78/330/322 141/329/321 140/331/323
f 78/330/322 140/331/323 79/332/324
f 79/332/324 140/331/323 139/333/325
f 79/332/324 139/333/325 80/334/326
f 80/334/326 139/333/325 138/335/327
f 80/334/326 138/335/327 81/336/328
f 81/336/328 138/335/327 137/337/329
f 81/336/328 137/337/329 82/338/330
f 82/338/330 137/337/329 136/339/331
f 82/338/330 136/339/331 83/340/332
f 83/340/332 136/339/331 135/341/333
f 83/340/332 135/341/333 84/342/334
f 84/342/334 135/341/333 134/343/335
f 84/342/334 134/343/335 197/344/336
f 197/344/336 134/343/335 200/345/337
f 200/345/337 134/343/335 133/346/338
f 200/345/337 133/346/338 132/347/339
f 143/325/317 39/323/315 144/348/340
f 144/348/340 39/323/315 38/349/341
f 144/348/340 38/349/341 121/350/342
f 121/350/342 38/349/341 37/351/343
f 121/350/342 37/351/343 36/352/344
f 121/350/342 36/352/344 122/353/345
f 122/353/345 36/352/344 35/354/346
f 122/353/345 35/354/346 123/355/347
f 123/355/347 35/354/346 34/356/348
f 123/355/347 34/356/348 124/357/349
f 124/357/349 34/356/348 199/303/295
f 124/357/349 199/303/295 200/345/337
f 34/356/348 33/358/350 199/303/295
f 199/303/295 33/358/350 32/359/351
f 199/303/295 32/359/351 31/360/352
f 31/360/352 30/361/353 199/303/295
f 199/303/295 30/361/353 29/362/354
f 199/303/295 29/362/354 28/363/355
f 28/363/355 27/364/356 199/303/295
f 199/303/295 27/364/356 26/301/293
f 96/365/357 182/366/358 73/367/359
f 73/367/359 182/366/358 181/368/360
f 73/367/359 181/368/360 180/369/361
f 182/366/358 96/365/357 183/370/362
f 183/370/362 96/365/357 95/371/363
f 183/370/362 95/371/363 184/372/364
f 184/372/364 95/371/363 94/373/365
f 184/372/364 94/373/365 198/374/366
f 198/374/366 94/373/365 197/344/336
f 197/344/336 94/373/365 93/375/367
f 197/344/336 93/375/367 92/376/368
f 92/376/368 91/377/369 197/344/336
f 197/344/336 91/377/369 90/378/370
f 197/344/336 90/378/370 89/379/371
f 89/379/371 88/380/372 197/344/336
f 197/344/336 88/380/372 87/381/373
f 197/344/336 87/381/373 86/382/374
f 86/382/374 85/383/375 197/344/336
f 197/344/336 85/383/375 84/342/334
f 75/324/316 74/384/376 179/322/314
f 179/322/314 74/384/376 180/369/361
f 180/369/361 74/384/376 73/367/359
f 132/347/339 131/385/377 200/345/337
f 200/345/337 131/385/377 130/386/378
f 200/345/337 130/386/378 129/387/379
f 129/387/379 128/388/380 200/345/337
f 200/345/337 128/388/380 127/389/381
f 200/345/337 127/389/381 126/390/382
f 126/390/382 125/391/383 200/345/337
f 200/345/337 125/391/383 124/357/349
f 170/305/297 169/392/384 198/374/366
f 198/374/366 169/392/384 192/393/385
f 198/374/366 192/393/385 191/394/386
f 191/394/386 190/395/387 198/374/366
f 198/374/366 190/395/387 189/396/388
f 198/374/366 189/396/388 188/397/389
f 188/397/389 187/398/390 198/374/366
f 198/374/366 187/398/390 186/399/391
f 198/374/366 186/399/391 185/400/392
f 185/400/392 184/372/364 198/374/366
f 199/303/295 170/305/297 198/374/366
f 196/401/393 199/402/394 193/403/395
f 193/403/395 199/402/394 198/404/396
f 195/405/397 200/406/398 196/407/399
f 196/407/399 200/406/398 199/408/400
f 194/409/401 197/410/402 195/411/403
f 195/411/403 197/410/402 200/412/404
f 193/413/405 198/414/406 194/415/407
f 194/415/407 198/414/406 197/416/408
g Body1:1

v -0.200000 1.500000 10.100000
v -0.210222 1.577646 10.100000
v -0.240192 1.650000 10.100000
v -0.287868 1.712132 10.100000
v -0.350000 1.759808 10.100000
v -0.422354 1.789778 10.100000
v -0.500000 1.800000 10.100000
v -0.577646 1.789778 10.100000
v -0.650000 1.759808 10.100000
v -0.712132 1.712132 10.100000
v -0.759808 1.650000 10.100000
v -0.789778 1.577646 10.100000
v -0.800000 1.500000 10.100000
v -0.789778 1.422354 10.100000
v -0.759808 1.350000 10.100000
v -0.712132 1.287868 10.100000
v -0.650000 1.240192 10.100000
v -0.577646 1.210222 10.100000
v -0.500000 1.200000 10.100000
v -0.422354 1.210222 10.100000
v -0.350000 1.240192 10.100000
v -0.287868 1.287868 10.100000
v -0.240192 1.350000 10.100000
v -0.210222 1.422354 10.100000
v -0.200000 1.500000 6.900000
v -0.210222 1.422354 6.900000
v -0.240192 1.350000 6.900000
v -0.287868 1.287868 6.900000
v -0.350000 1.240192 6.900000
v -0.422354 1.210222 6.900000
v -0.500000 1.200000 6.900000
v -0.577646 1.210222 6.900000
v -0.650000 1.240192 6.900000
v -0.712132 1.287868 6.900000
v -0.759808 1.350000 6.900000
v -0.789778 1.422354 6.900000
v -0.800000 1.500000 6.900000
v -0.789778 1.577646 6.900000
v -0.759808 1.650000 6.900000
v -0.712132 1.712132 6.900000
v -0.650000 1.759808 6.900000
v -0.577646 1.789778 6.900000
v -0.500000 1.800000 6.900000
v -0.422354 1.789778 6.900000
v -0.350000 1.759808 6.900000
v -0.287868 1.712132 6.900000
v -0.240192 1.650000 6.900000
v -0.210222 1.577646 6.900000
v -0.200000 1.500000 8.500000
v -0.210222 1.577646 8.500000
v -0.240192 1.650000 8.500000
v -0.287868 1.712132 8.500000
v -0.350000 1.759808 8.500000
v -0.422354 1.789778 8.500000
v -0.500000 1.800000 8.500000
v -0.577646 1.789778 8.500000
v -0.650000 1.759808 8.500000
v -0.712132 1.712132 8.500000
v -0.759808 1.650000 8.500000
v -0.789778 1.577646 8.500000
v -0.800000 1.500000 8.500000
v -0.789778 1.422354 8.500000
v -0.759808 1.350000 8.500000
v -0.712132 1.287868 8.500000
v -0.650000 1.240192 8.500000
v -0.577646 1.210222 8.500000
v -0.500000 1.200000 8.500000
v -0.422354 1.210222 8.500000
v -0.350000 1.240192 8.500000
v -0.287868 1.287868 8.500000
v -0.240192 1.350000 8.500000
v -0.210222 1.422354 8.500000
v -0.200000 1.500000 3.400000
v -0.210222 1.577646 3.400000
v -0.240192 1.650000 3.400000
v -0.287868 1.712132 3.400000
v -0.350000 1.759808 3.400000
v -0.422354 1.789778 3.400000
v -0.500000 1.800000 3.400000
v -0.577646 1.789778 3.400000
v -0.650000 1.759808 3.400000
v -0.712132 1.712132 3.400000
v -0.759808 1.650000 3.400000
v -0.789778 1.577646 3.400000
v -0.800000 1.500000 3.400000
v -0.789778 1.422354 3.400000
v -0.759808 1.350000 3.400000
v -0.712132 1.287868 3.400000
v -0.650000 1.240192 3.400000
v -0.577646 1.210222 3.400000
v -0.500000 1.200000 3.400000
v -0.422354 1.210222 3.400000
v -0.350000 1.240192 3.400000
v -0.287868 1.287868 3.400000
v -0.240192 1.350000 3.400000
v -0.210222 1.422354 3.400000
v -0.200000 1.500000 2.400000
v -0.210222 1.422354 2.400000
v -0.240192 1.350000 2.400000
v -0.287868 1.287868 2.400000
v -0.350000 1.240192 2.400000
v -0.422354 1.210222 2.400000
v -0.500000 1.200000 2.400000
v -0.577646 1.210222 2.400000
v -0.650000 1.240192 2.400000
v -0.712132 1.287868 2.400000
v -0.759808 1.350000 2.400000
v -0.789778 1.422354 2.400000
v -0.800000 1.500000 2.400000
v -0.789778 1.577646 2.400000
v -0.759808 1.650000 2.400000
v -0.712132 1.712132 2.400000
v -0.650000 1.759808 2.400000
v -0.577646 1.789778 2.400000
v -0.500000 1.800000 2.400000
v -0.422354 1.789778 2.400000
v -0.350000 1.759808 2.400000
v -0.287868 1.712132 2.400000
v -0.240192 1.650000 2.400000
v -0.210222 1.577646 2.400000
v -0.300000 1.500000 -1.600000
v -0.306815 1.551764 -1.600000
v -0.326795 1.600000 -1.600000
v -0.358579 1.641421 -1.600000
v -0.400000 1.673205 -1.600000
v -0.448236 1.693185 -1.600000
v -0.500000 1.700000 -1.600000
v -0.551764 1.693185 -1.600000
v -0.600000 1.673205 -1.600000
v -0.641421 1.641421 -1.600000
v -0.673205 1.600000 -1.600000
v -0.693185 1.551764 -1.600000
v -0.700000 1.500000 -1.600000
v -0.693185 1.448236 -1.600000
v -0.673205 1.400000 -1.600000
v -0.641421 1.358579 -1.600000
v -0.600000 1.326795 -1.600000
v -0.551764 1.306815 -1.600000
v -0.500000 1.300000 -1.600000
v -0.448236 1.306815 -1.600000
v -0.400000 1.326795 -1.600000
v -0.358579 1.358579 -1.600000
v -0.326795 1.400000 -1.600000
v -0.306815 1.448236 -1.600000
v -0.300000 1.500000 -2.600000
v -0.306815 1.448236 -2.600000
v -0.326795 1.400000 -2.600000
v -0.358579 1.358579 -2.600000
v -0.400000 1.326795 -2.600000
v -0.448236 1.306815 -2.600000
v -0.500000 1.300000 -2.600000
v -0.551764 1.306815 -2.600000
v -0.600000 1.326795 -2.600000
v -0.641421 1.358579 -2.600000
v -0.673205 1.400000 -2.600000
v -0.693185 1.448236 -2.600000
v -0.700000 1.500000 -2.600000
v -0.693185 1.551764 -2.600000
v -0.673205 1.600000 -2.600000
v -0.641421 1.641421 -2.600000
v -0.600000 1.673205 -2.600000
v -0.551764 1.693185 -2.600000
v -0.500000 1.700000 -2.600000
v -0.448236 1.693185 -2.600000
v -0.400000 1.673205 -2.600000
v -0.358579 1.641421 -2.600000
v -0.326795 1.600000 -2.600000
v -0.306815 1.551764 -2.600000
v -1.000000 0.000000 10.100000
v 0.000000 0.000000 10.100000
v 0.000000 3.240000 10.100000
v -1.000000 3.240000 10.100000
v -1.000000 0.500000 3.400000
v -1.000000 0.500000 6.900000
v 0.000000 0.500000 6.900000
v 0.000000 0.500000 3.400000
v -1.000000 2.500000 3.400000
v 0.000000 2.500000 3.400000
v -1.000000 2.500000 6.900000
v 0.000000 2.500000 6.900000
v -1.000000 0.500000 -1.600000
v -1.000000 0.500000 2.400000
v 0.000000 0.500000 2.400000
v 0.000000 0.500000 -1.600000
v -1.000000 2.500000 -1.600000
v 0.000000 2.500000 -1.600000
v -1.000000 2.500000 2.400000
v 0.000000 2.500000 2.400000
v -1.000000 3.240000 -2.600000
v -1.000000 0.000000 -2.600000
v -1.000000 0.000000 3.750000
v -1.000000 3.240000 3.750000
v 0.000000 0.000000 -2.600000
v 0.000000 3.240000 -2.600000
v 0.000000 3.240000 3.750000
v 0.000000 0.000000 3.750000
vt 4.100000 -0.863938 0.000000
vt 2.500000 -0.863938 0.000000
vt 4.100000 -0.942478 0.000000
vt 2.500000 -0.942478 0.000000
vt 4.100000 0.942478 0.000000
vt 2.500000 0.942478 0.000000
vt 4.100000 0.863938 0.000000
vt 2.500000 0.863938 0.000000
vt 4.100000 0.785398 0.000000
vt 2.500000 0.785398 0.000000
vt 4.100000 0.706858 0.000000
vt 2.500000 0.706858 0.000000
vt 4.100000 0.628319 0.000000
vt 2.500000 0.628319 0.000000
vt 4.100000 0.549779 0.000000
vt 2.500000 0.549779 0.000000
vt 4.100000 0.471239 0.000000
vt 2.500000 0.471239 0.000000
vt 4.100000 0.392699 0.000000
vt 2.500000 0.392699 0.000000
vt 4.100000 0.314159 0.000000
vt 2.500000 0.314159 0.000000
vt 4.100000 0.235619 0.000000
vt 2.500000 0.235619 0.000000
vt 4.100000 0.157080 0.000000
vt 2.500000 0.157080 0.000000
vt 4.100000 0.078540 0.000000
vt 2.500000 0.078540 0.000000
vt 4.100000 0.000000 0.000000
vt 2.500000 0.000000 0.000000
vt 4.100000 -0.078540 0.000000
vt 2.500000 -0.078540 0.000000
vt 4.100000 -0.157080 0.000000
vt 2.500000 -0.157080 0.000000
vt 4.100000 -0.235619 0.000000
vt 2.500000 -0.235619 0.000000
vt 4.100000 -0.314159 0.000000
vt 2.500000 -0.314159 0.000000
vt 4.100000 -0.392699 0.000000
vt 2.500000 -0.392699 0.000000
vt 4.100000 -0.471239 0.000000
vt 2.500000 -0.471239 0.000000
vt 4.100000 -0.549779 0.000000
vt 2.500000 -0.549779 0.000000
vt 4.100000 -0.628319 0.000000
vt 2.500000 -0.628319 0.000000
vt 4.100000 -0.706858 0.000000
vt 2.500000 -0.706858 0.000000
vt 4.100000 -0.785398 0.000000
vt 2.500000 -0.785398 0.000000
vt 0.900000 0.863938 0.000000
vt 0.900000 0.942478 0.000000
vt 0.900000 -0.942478 0.000000
vt 0.900000 -0.863938 0.000000
vt 0.900000 -0.785398 0.000000
vt 0.900000 -0.706858 0.000000
vt 0.900000 -0.628319 0.000000
vt 0.900000 -0.549779 0.000000
vt 0.900000 -0.471239 0.000000
vt 0.900000 -0.392699 0.000000
vt 0.900000 -0.314159 0.000000
vt 0.900000 -0.235619 0.000000
vt 0.900000 -0.157080 0.000000
vt 0.900000 -0.078540 0.000000
vt 0.900000 0.000000 0.000000
vt 0.900000 0.078540 0.000000
vt 0.900000 0.157080 0.000000
vt 0.900000 0.235619 0.000000
vt 0.900000 0.314159 0.000000
vt 0.900000 0.392699 0.000000
vt 0.900000 0.471239 0.000000
vt 0.900000 0.549779 0.000000
vt 0.900000 0.628319 0.000000
vt 0.900000 0.706858 0.000000
vt 0.900000 0.785398 0.000000
vt 2.600000 0.863938 0.000000
vt 3.600000 0.863938 0.000000
vt 2.600000 0.942478 0.000000
vt 3.600000 0.942478 0.000000
vt 2.600000 -0.942478 0.000000
vt 3.600000 -0.942478 0.000000
vt 2.600000 -0.863938 0.000000
vt 3.600000 -0.863938 0.000000
vt 2.600000 -0.785398 0.000000
vt 3.600000 -0.785398 0.000000
vt 2.600000 -0.706858 0.000000
vt 3.600000 -0.706858 0.000000
vt 2.600000 -0.628319 0.000000
vt 3.600000 -0.628319 0.000000
vt 2.600000 -0.549779 0.000000
vt 3.600000 -0.549779 0.000000
vt 2.600000 -0.471239 0.000000
vt 3.600000 -0.471239 0.000000
vt 2.600000 -0.392699 0.000000
vt 3.600000 -0.392699 0.000000
vt 2.600000 -0.314159 0.000000
vt 3.600000 -0.314159 0.000000
vt 2.600000 -0.235619 0.000000
vt 3.600000 -0.235619 0.000000
vt 2.600000 -0.157080 0.000000
vt 3.600000 -0.157080 0.000000
vt 2.600000 -0.078540 0.000000
vt 3.600000 -0.078540 0.000000
vt 2.600000 0.000000 0.000000
vt 3.600000 0.000000 0.000000
vt 2.600000 0.078540 0.000000
vt 3.600000 0.078540 0.000000
vt 2.600000 0.157080 0.000000
vt 3.600000 0.157080 0.000000
vt 2.600000 0.235619 0.000000
vt 3.600000 0.235619 0.000000
vt 2.600000 0.314159 0.000000
vt 3.600000 0.314159 0.000000
vt 2.600000 0.392699 0.000000
vt 3.600000 0.392699 0.000000
vt 2.600000 0.471239 0.000000
vt 3.600000 0.471239 0.000000
vt 2.600000 0.549779 0.000000
vt 3.600000 0.549779 0.000000
vt 2.600000 0.628319 0.000000
vt 3.600000 0.628319 0.000000
vt 2.600000 0.706858 0.000000
vt 3.600000 0.706858 0.000000
vt 2.600000 0.785398 0.000000
vt 3.600000 0.785398 0.000000
vt 2.600000 0.575959 0.000000
vt 3.600000 0.575959 0.000000
vt 2.600000 0.628319 0.000000
vt 3.600000 0.628319 0.000000
vt 2.600000 -0.628319 0.000000
vt 3.600000 -0.628319 0.000000
vt 2.600000 -0.575959 0.000000
vt 3.600000 -0.575959 0.000000
vt 2.600000 -0.523599 0.000000
vt 3.600000 -0.523599 0.000000
vt 2.600000 -0.471239 0.000000
vt 3.600000 -0.471239 0.000000
vt 2.600000 -0.418879 0.000000
vt 3.600000 -0.418879 0.000000
vt 2.600000 -0.366519 0.000000
vt 3.600000 -0.366519 0.000000
vt 2.600000 -0.314159 0.000000
vt 3.600000 -0.314159 0.000000
vt 2.600000 -0.261799 0.000000
vt 3.600000 -0.261799 0.000000
vt 2.600000 -0.209440 0.000000
vt 3.600000 -0.209440 0.000000
vt 2.600000 -0.157080 0.000000
vt 3.600000 -0.157080 0.000000
vt 2.600000 -0.104720 0.000000
vt 3.600000 -0.104720 0.000000
vt 2.600000 -0.052360 0.000000
vt 3.600000 -0.052360 0.000000
vt 2.600000 0.000000 0.000000
vt 3.600000 0.000000 0.000000
vt 2.600000 0.052360 0.000000
vt 3.600000 0.052360 0.000000
vt 2.600000 0.104720 0.000000
vt 3.600000 0.104720 0.000000
vt 2.600000 0.157080 0.000000
vt 3.600000 0.157080 0.000000
vt 2.600000 0.209440 0.000000
vt 3.600000 0.209440 0.000000
vt 2.600000 0.261799 0.000000
vt 3.600000 0.261799 0.000000
vt 2.600000 0.314159 0.000000
vt 3.600000 0.314159 0.000000
vt 2.600000 0.366519 0.000000
vt 3.600000 0.366519 0.000000
vt 2.600000 0.418879 0.000000
vt 3.600000 0.418879 0.000000
vt 2.600000 0.471239 0.000000
vt 3.600000 0.471239 0.000000
vt 2.600000 0.523599 0.000000
vt 3.600000 0.523599 0.000000
vt 0.289778 -0.197646 0.000000
vt 0.500000 -1.620000 0.000000
vt 0.300000 -0.120000 0.000000
vt 0.500000 1.620000 0.000000
vt 0.289778 -0.042354 0.000000
vt 0.259808 0.030000 0.000000
vt 0.212132 0.092132 0.000000
vt 0.150000 0.139808 0.000000
vt 0.077646 0.169778 0.000000
vt 0.000000 0.180000 0.000000
vt -0.500000 1.620000 0.000000
vt -0.077646 0.169778 0.000000
vt -0.150000 0.139808 0.000000
vt -0.212132 0.092132 0.000000
vt -0.259808 0.030000 0.000000
vt -0.289778 -0.042354 0.000000
vt -0.300000 -0.120000 0.000000
vt -0.500000 -1.620000 0.000000
vt -0.289778 -0.197646 0.000000
vt -0.259808 -0.270000 0.000000
vt -0.212132 -0.332132 0.000000
vt -0.150000 -0.379808 0.000000
vt -0.077646 -0.409778 0.000000
vt 0.000000 -0.420000 0.000000
vt 0.077646 -0.409778 0.000000
vt 0.150000 -0.379808 0.000000
vt 0.212132 -0.332132 0.000000
vt 0.259808 -0.270000 0.000000
vt -0.000000 1.000000 0.000000
vt -3.500000 1.000000 0.000000
vt -0.000000 0.000000 0.000000
vt -3.500000 0.000000 0.000000
vt -1.077646 0.210222 0.000000
vt -2.000000 0.000000 0.000000
vt -1.000000 0.200000 0.000000
vt -0.000000 0.000000 0.000000
vt -0.922354 0.210222 0.000000
vt -0.850000 0.240192 0.000000
vt -0.787868 0.287868 0.000000
vt -0.740192 0.350000 0.000000
vt -0.710222 0.422354 0.000000
vt -0.700000 0.500000 0.000000
vt -0.000000 1.000000 0.000000
vt -0.710222 0.577646 0.000000
vt -0.740192 0.650000 0.000000
vt -0.787868 0.712132 0.000000
vt -0.850000 0.759808 0.000000
vt -0.922354 0.789778 0.000000
vt -1.000000 0.800000 0.000000
vt -2.000000 1.000000 0.000000
vt -1.077646 0.789778 0.000000
vt -1.150000 0.759808 0.000000
vt -1.212132 0.712132 0.000000
vt -1.259808 0.650000 0.000000
vt -1.289778 0.577646 0.000000
vt -1.300000 0.500000 0.000000
vt -1.289778 0.422354 0.000000
vt -1.259808 0.350000 0.000000
vt -1.212132 0.287868 0.000000
vt -1.150000 0.240192 0.000000
vt -0.000000 1.000000 0.000000
vt -3.500000 1.000000 0.000000
vt -0.000000 0.000000 0.000000
vt -3.500000 0.000000 0.000000
vt -1.077646 0.210222 0.000000
vt -2.000000 0.000000 0.000000
vt -1.000000 0.200000 0.000000
vt -0.000000 0.000000 0.000000
vt -0.922354 0.210222 0.000000
vt -0.850000 0.240192 0.000000
vt -0.787868 0.287868 0.000000
vt -0.740192 0.350000 0.000000
vt -0.710222 0.422354 0.000000
vt -0.700000 0.500000 0.000000
vt -0.000000 1.000000 0.000000
vt -0.710222 0.577646 0.000000
vt -0.740192 0.650000 0.000000
vt -0.787868 0.712132 0.000000
vt -0.850000 0.759808 0.000000
vt -0.922354 0.789778 0.000000
vt -1.000000 0.800000 0.000000
vt -2.000000 1.000000 0.000000
vt -1.077646 0.789778 0.000000
vt -1.150000 0.759808 0.000000
vt -1.212132 0.712132 0.000000
vt -1.259808 0.650000 0.000000
vt -1.289778 0.577646 0.000000
vt -1.300000 0.500000 0.000000
vt -1.289778 0.422354 0.000000
vt -1.259808 0.350000 0.000000
vt -1.212132 0.287868 0.000000
vt -1.150000 0.240192 0.000000
vt -0.000000 1.000000 0.000000
vt -4.000000 1.000000 0.000000
vt -0.000000 0.000000 0.000000
vt -4.000000 0.000000 0.000000
vt -1.051764 0.306815 0.000000
vt -2.000000 0.000000 0.000000
vt -1.000000 0.300000 0.000000
vt -0.000000 0.000000 0.000000
vt -0.948236 0.306815 0.000000
vt -0.900000 0.326795 0.000000
vt -0.858579 0.358579 0.000000
vt -0.826795 0.400000 0.000000
vt -0.806815 0.448236 0.000000
vt -0.800000 0.500000 0.000000
vt -0.000000 1.000000 0.000000
vt -0.806815 0.551764 0.000000
vt -0.826795 0.600000 0.000000
vt -0.858579 0.641421 0.000000
vt -0.900000 0.673205 0.000000
vt -0.948236 0.693185 0.000000
vt -1.000000 0.700000 0.000000
vt -2.000000 1.000000 0.000000
vt -1.051764 0.693185 0.000000
vt -1.100000 0.673205 0.000000
vt -1.141421 0.641421 0.000000
vt -1.173205 0.600000 0.000000
vt -1.193185 0.551764 0.000000
vt -1.200000 0.500000 0.000000
vt -1.193185 0.448236 0.000000
vt -1.173205 0.400000 0.000000
vt -1.141421 0.358579 0.000000
vt -1.100000 0.326795 0.000000
vt -0.000000 1.000000 0.000000
vt -4.000000 1.000000 0.000000
vt -0.000000 0.000000 0.000000
vt -4.000000 0.000000 0.000000
vt -1.077646 0.210222 0.000000
vt -2.000000 0.000000 0.000000
vt -1.000000 0.200000 0.000000
vt -0.000000 0.000000 0.000000
vt -0.922354 0.210222 0.000000
vt -0.850000 0.240192 0.000000
vt -0.787868 0.287868 0.000000
vt -0.740192 0.350000 0.000000
vt -0.710222 0.422354 0.000000
vt -0.700000 0.500000 0.000000
vt -0.000000 1.000000 0.000000
vt -0.710222 0.577646 0.000000
vt -0.740192 0.650000 0.000000
vt -0.787868 0.712132 0.000000
vt -0.850000 0.759808 0.000000
vt -0.922354 0.789778 0.000000
vt -1.000000 0.800000 0.000000
vt -2.000000 1.000000 0.000000
vt -1.077646 0.789778 0.000000
vt -1.150000 0.759808 0.000000
vt -1.212132 0.712132 0.000000
vt -1.259808 0.650000 0.000000
vt -1.289778 0.577646 0.000000
vt -1.300000 0.500000 0.000000
vt -1.289778 0.422354 0.000000
vt -1.259808 0.350000 0.000000
vt -1.212132 0.287868 0.000000
vt -1.150000 0.240192 0.000000
vt -4.450000 -0.880000 0.000000
vt -1.300000 -1.620000 0.000000
vt -0.950000 -0.880000 0.000000
vt 0.050000 -0.880000 0.000000
vt -0.950000 1.120000 0.000000
vt 0.050000 1.120000 0.000000
vt -1.300000 1.620000 0.000000
vt 5.050000 1.620000 0.000000
vt 4.050000 1.120000 0.000000
vt 4.050000 -0.880000 0.000000
vt -4.450000 1.120000 0.000000
vt -7.650000 1.620000 0.000000
vt -7.650000 -1.620000 0.000000
vt 5.050000 -1.620000 0.000000
vt 0.950000 -0.880000 0.000000
vt 1.300000 -1.620000 0.000000
vt 4.450000 -0.880000 0.000000
vt 7.650000 -1.620000 0.000000
vt 7.650000 1.620000 0.000000
vt 0.950000 1.120000 0.000000
vt -0.050000 1.120000 0.000000
vt -0.050000 -0.880000 0.000000
vt -5.050000 -1.620000 0.000000
vt -4.050000 -0.880000 0.000000
vt -5.050000 1.620000 0.000000
vt -4.050000 1.120000 0.000000
vt 1.300000 1.620000 0.000000
vt 4.450000 1.120000 0.000000
vt -0.500000 -7.650000 0.000000
vt 0.500000 -7.650000 0.000000
vt -0.500000 -1.300000 0.000000
vt 0.500000 -1.300000 0.000000
vt -0.500000 5.050000 0.000000
vt 0.500000 5.050000 0.000000
vt 0.500000 5.050000 0.000000
vt -0.500000 5.050000 0.000000
vt 0.500000 -1.300000 0.000000
vt -0.500000 -1.300000 0.000000
vt 0.500000 -7.650000 0.000000
vt -0.500000 -7.650000 0.000000
vt 0.193185 0.068236 0.000000
vt 0.500000 -1.620000 0.000000
vt 0.200000 0.120000 0.000000
vt 0.500000 1.620000 0.000000
vt 0.193185 0.171764 0.000000
vt 0.173205 0.220000 0.000000
vt 0.141421 0.261421 0.000000
vt 0.100000 0.293205 0.000000
vt 0.051764 0.313185 0.000000
vt -0.000000 0.320000 0.000000
vt -0.500000 1.620000 0.000000
vt -0.051764 0.313185 0.000000
vt -0.100000 0.293205 0.000000
vt -0.141421 0.261421 0.000000
vt -0.173205 0.220000 0.000000
vt -0.193185 0.171764 0.000000
vt -0.200000 0.120000 0.000000
vt -0.500000 -1.620000 0.000000
vt -0.193185 0.068236 0.000000
vt -0.173205 0.020000 0.000000
vt -0.141421 -0.021421 0.000000
vt -0.100000 -0.053205 0.000000
vt -0.051764 -0.073185 0.000000
vt -0.000000 -0.080000 0.000000
vt 0.051764 -0.073185 0.000000
vt 0.100000 -0.053205 0.000000
vt 0.141421 -0.021421 0.000000
vt 0.173205 0.020000 0.000000
vn -0.965926 -0.258819 0.000000
vn -0.965926 -0.258819 0.000000
vn -1.000000 -0.000000 0.000000
vn -1.000000 -0.000000 0.000000
vn -0.965926 0.258819 0.000000
vn -0.965926 0.258819 0.000000
vn -0.866025 0.500000 0.000000
vn -0.866025 0.500000 0.000000
vn -0.707107 0.707107 0.000000
vn -0.707107 0.707107 0.000000
vn -0.500000 0.866025 0.000000
vn -0.500000 0.866025 0.000000
vn -0.258819 0.965926 0.000000
vn -0.258819 0.965926 0.000000
vn 0.000000 1.000000 -0.000000
vn 0.000000 1.000000 -0.000000
vn 0.258819 0.965926 -0.000000
vn 0.258819 0.965926 -0.000000
vn 0.500000 0.866025 -0.000000
vn 0.500000 0.866025 -0.000000
vn 0.707107 0.707107 -0.000000
vn 0.707107 0.707107 -0.000000
vn 0.866025 0.500000 -0.000000
vn 0.866025 0.500000 -0.000000
vn 0.965926 0.258819 -0.000000
vn 0.965926 0.258819 -0.000000
vn 1.000000 0.000000 -0.000000
vn 1.000000 0.000000 -0.000000
vn 0.965926 -0.258819 0.000000
vn 0.965926 -0.258819 0.000000
vn 0.866025 -0.500000 0.000000
vn 0.866025 -0.500000 0.000000
vn 0.707107 -0.707107 0.000000
vn 0.707107 -0.707107 0.000000
vn 0.500000 -0.866025 0.000000
vn 0.500000 -0.866025 0.000000
vn 0.258819 -0.965926 0.000000
vn 0.258819 -0.965926 0.000000
vn 0.000000 -1.000000 0.000000
vn 0.000000 -1.000000 0.000000
vn -0.258819 -0.965926 0.000000
vn -0.258819 -0.965926 0.000000
vn -0.500000 -0.866025 0.000000
vn -0.500000 -0.866025 0.000000
vn -0.707107 -0.707107 0.000000
vn -0.707107 -0.707107 0.000000
vn -0.866025 -0.500000 0.000000
vn -0.866025 -0.500000 0.000000
vn -0.965926 0.258819 0.000000
vn -1.000000 0.000000 0.000000
vn -0.965926 -0.258819 0.000000
vn -0.866025 -0.500000 0.000000
vn -0.707107 -0.707107 0.000000
vn -0.500000 -0.866025 0.000000
vn -0.258819 -0.965926 0.000000
vn 0.000000 -1.000000 0.000000
vn 0.258819 -0.965926 0.000000
vn 0.500000 -0.866025 0.000000
vn 0.707107 -0.707107 0.000000
vn 0.866025 -0.500000 0.000000
vn 0.965926 -0.258819 0.000000
vn 1.000000 0.000000 -0.000000
vn 0.965926 0.258819 -0.000000
vn 0.866025 0.500000 -0.000000
vn 0.707107 0.707107 -0.000000
vn 0.500000 0.866025 -0.000000
vn 0.258819 0.965926 -0.000000
vn 0.000000 1.000000 -0.000000
vn -0.258819 0.965926 0.000000
vn -0.500000 0.866025 0.000000
vn -0.707107 0.707107 0.000000
vn -0.866025 0.500000 0.000000
vn -0.965926 -0.258819 -0.000000
vn -0.965926 -0.258819 -0.000000
vn -1.000000 -0.000000 -0.000000
vn -1.000000 -0.000000 -0.000000
vn -0.965926 0.258819 0.000000
vn -0.965926 0.258819 0.000000
vn -0.866025 0.500000 0.000000
vn -0.866025 0.500000 0.000000
vn -0.707107 0.707107 0.000000
vn -0.707107 0.707107 0.000000
vn -0.500000 0.866025 0.000000
vn -0.500000 0.866025 0.000000
vn -0.258819 0.965926 0.000000
vn -0.258819 0.965926 0.000000
vn 0.000000 1.000000 0.000000
vn 0.000000 1.000000 0.000000
vn 0.258819 0.965926 0.000000
vn 0.258819 0.965926 0.000000
vn 0.500000 0.866025 0.000000
vn 0.500000 0.866025 0.000000
vn 0.707107 0.707107 0.000000
vn 0.707107 0.707107 0.000000
vn 0.866025 0.500000 0.000000
vn 0.866025 0.500000 0.000000
vn 0.965926 0.258819 0.000000
vn 0.965926 0.258819 0.000000
vn 1.000000 -0.000000 0.000000
vn 1.000000 -0.000000 0.000000
vn 0.965926 -0.258819 0.000000
vn 0.965926 -0.258819 0.000000
vn 0.866025 -0.500000 0.000000
vn 0.866025 -0.500000 0.000000
vn 0.707107 -0.707107 0.000000
vn 0.707107 -0.707107 0.000000
vn 0.500000 -0.866025 0.000000
vn 0.500000 -0.866025 0.000000
vn 0.258819 -0.965926 0.000000
vn 0.258819 -0.965926 0.000000
vn 0.000000 -1.000000 0.000000
vn 0.000000 -1.000000 0.000000
vn -0.258819 -0.965926 -0.000000
vn -0.258819 -0.965926 -0.000000
vn -0.500000 -0.866025 -0.000000
vn -0.500000 -0.866025 -0.000000
vn -0.707107 -0.707107 -0.000000
vn -0.707107 -0.707107 -0.000000
vn -0.866025 -0.500000 -0.000000
vn -0.866025 -0.500000 -0.000000
vn -0.965926 -0.258819 -0.000000
vn -0.965926 -0.258819 -0.000000
vn -1.000000 -0.000000 -0.000000
vn -1.000000 -0.000000 -0.000000
vn -0.965926 0.258819 0.000000
vn -0.965926 0.258819 0.000000
vn -0.866025 0.500000 0.000000
vn -0.866025 0.500000 0.000000
vn -0.707107 0.707107 0.000000
vn -0.707107 0.707107 0.000000
vn -0.500000 0.866025 0.000000
vn -0.500000 0.866025 0.000000
vn -0.258819 0.965926 0.000000
vn -0.258819 0.965926 0.000000
vn 0.000000 1.000000 0.000000
vn 0.000000 1.000000 0.000000
vn 0.258819 0.965926 0.000000
vn 0.258819 0.965926 0.000000
vn 0.500000 0.866025 0.000000
vn 0.500000 0.866025 0.000000
vn 0.707107 0.707107 0.000000
vn 0.707107 0.707107 0.000000
vn 0.866025 0.500000 0.000000
vn 0.866025 0.500000 0.000000
vn 0.965926 0.258819 0.000000
vn 0.965926 0.258819 0.000000
vn 1.000000 -0.000000 0.000000
vn 1.000000 -0.000000 0.000000
vn 0.965926 -0.258819 0.000000
vn 0.965926 -0.258819 0.000000
vn 0.866025 -0.500000 0.000000
vn 0.866025 -0.500000 0.000000
vn 0.707107 -0.707107 0.000000
vn 0.707107 -0.707107 0.000000
vn 0.500000 -0.866025 0.000000
vn 0.500000 -0.866025 0.000000
vn 0.258819 -0.965926 0.000000
vn 0.258819 -0.965926 0.000000
vn 0.000000 -1.000000 0.000000
vn 0.000000 -1.000000 0.000000
vn -0.258819 -0.965926 -0.000000
vn -0.258819 -0.965926 -0.000000
vn -0.500000 -0.866025 -0.000000
vn -0.500000 -0.866025 -0.000000
vn -0.707107 -0.707107 -0.000000
vn -0.707107 -0.707107 -0.000000
vn -0.866025 -0.500000 -0.000000
vn -0.866025 -0.500000 -0.000000
vn 0.000000 0.000000 1.000000
vn 0.000000 0.000000 1.000000
vn 0.000000 0.000000 1.000000
vn 0.000000 0.000000 1.000000
vn 0.000000 0.000000 1.000000
vn 0.000000 0.000000 1.000000
vn 0.000000 0.000000 1.000000
vn 0.000000 0.000000 1.000000
vn 0.000000 0.000000 1.000000
vn 0.000000 0.000000 1.000000
vn 0.000000 0.000000 1.000000
vn 0.000000 0.000000 1.000000
vn 0.000000 0.000000 1.000000
vn 0.000000 0.000000 1.000000
vn 0.000000 0.000000 1.000000
vn 0.000000 0.000000 1.000000
vn 0.000000 0.000000 1.000000
vn 0.000000 0.000000 1.000000
vn 0.000000 0.000000 1.000000
vn 0.000000 0.000000 1.000000
vn 0.000000 0.000000 1.000000
vn 0.000000 0.000000 1.000000
vn 0.000000 0.000000 1.000000
vn 0.000000 0.000000 1.000000
vn 0.000000 0.000000 1.000000
vn 0.000000 0.000000 1.000000
vn 0.000000 0.000000 1.000000
vn 0.000000 0.000000 1.000000
vn -0.000000 1.000000 -0.000000
vn -0.000000 1.000000 -0.000000
vn -0.000000 1.000000 -0.000000
vn -0.000000 1.000000 -0.000000
vn 0.000000 0.000000 1.000000
vn 0.000000 0.000000 1.000000
vn 0.000000 0.000000 1.000000
vn 0.000000 0.000000 1.000000
vn 0.000000 0.000000 1.000000
vn 0.000000 0.000000 1.000000
vn 0.000000 0.000000 1.000000
vn 0.000000 0.000000 1.000000
vn 0.000000 0.000000 1.000000
vn 0.000000 0.000000 1.000000
vn 0.000000 0.000000 1.000000
vn 0.000000 0.000000 1.000000
vn 0.000000 0.000000 1.000000
vn 0.000000 0.000000 1.000000
vn 0.000000 0.000000 1.000000
vn 0.000000 0.000000 1.000000
vn 0.000000 0.000000 1.000000
vn 0.000000 0.000000 1.000000
vn 0.000000 0.000000 1.000000
vn 0.000000 0.000000 1.000000
vn 0.000000 0.000000 1.000000
vn 0.000000 0.000000 1.000000
vn 0.000000 0.000000 1.000000
vn 0.000000 0.000000 1.000000
vn 0.000000 0.000000 1.000000
vn 0.000000 0.000000 1.000000
vn 0.000000 0.000000 1.000000
vn 0.000000 0.000000 1.000000
vn -0.000000 -1.000000 -0.000000
vn -0.000000 -1.000000 -0.000000
vn -0.000000 -1.000000 -0.000000
vn -0.000000 -1.000000 -0.000000
vn -0.000000 -0.000000 -1.000000
vn -0.000000 -0.000000 -1.000000
vn -0.000000 -0.000000 -1.000000
vn -0.000000 -0.000000 -1.000000
vn -0.000000 -0.000000 -1.000000
vn -0.000000 -0.000000 -1.000000
vn -0.000000 -0.000000 -1.000000
vn -0.000000 -0.000000 -1.000000
vn -0.000000 -0.000000 -1.000000
vn -0.000000 -0.000000 -1.000000
vn -0.000000 -0.000000 -1.000000
vn -0.000000 -0.000000 -1.000000
vn -0.000000 -0.000000 -1.000000
vn -0.000000 -0.000000 -1.000000
vn -0.000000 -0.000000 -1.000000
vn -0.000000 -0.000000 -1.000000
vn -0.000000 -0.000000 -1.000000
vn -0.000000 -0.000000 -1.000000
vn -0.000000 -0.000000 -1.000000
vn -0.000000 -0.000000 -1.000000
vn -0.000000 -0.000000 -1.000000
vn -0.000000 -0.000000 -1.000000
vn -0.000000 -0.000000 -1.000000
vn -0.000000 -0.000000 -1.000000
vn -0.000000 -0.000000 -1.000000
vn -0.000000 -0.000000 -1.000000
vn -0.000000 -0.000000 -1.000000
vn -0.000000 -0.000000 -1.000000
vn -0.000000 1.000000 -0.000000
vn -0.000000 1.000000 -0.000000
vn -0.000000 1.000000 -0.000000
vn -0.000000 1.000000 -0.000000
vn 0.000000 0.000000 1.000000
vn 0.000000 0.000000 1.000000
vn 0.000000 0.000000 1.000000
vn 0.000000 0.000000 1.000000
vn 0.000000 0.000000 1.000000
vn 0.000000 0.000000 1.000000
vn 0.000000 0.000000 1.000000
vn 0.000000 0.000000 1.000000
vn 0.000000 0.000000 1.000000
vn 0.000000 0.000000 1.000000
vn 0.000000 0.000000 1.000000
vn 0.000000 0.000000 1.000000
vn 0.000000 0.000000 1.000000
vn 0.000000 0.000000 1.000000
vn 0.000000 0.000000 1.000000
vn 0.000000 0.000000 1.000000
vn 0.000000 0.000000 1.000000
vn 0.000000 0.000000 1.000000
vn 0.000000 0.000000 1.000000
vn 0.000000 0.000000 1.000000
vn 0.000000 0.000000 1.000000
vn 0.000000 0.000000 1.000000
vn 0.000000 0.000000 1.000000
vn 0.000000 0.000000 1.000000
vn 0.000000 0.000000 1.000000
vn 0.000000 0.000000 1.000000
vn 0.000000 0.000000 1.000000
vn 0.000000 0.000000 1.000000
vn -0.000000 -1.000000 -0.000000
vn -0.000000 -1.000000 -0.000000
vn -0.000000 -1.000000 -0.000000
vn -0.000000 -1.000000 -0.000000
vn -0.000000 -0.000000 -1.000000
vn -0.000000 -0.000000 -1.000000
vn -0.000000 -0.000000 -1.000000
vn -0.000000 -0.000000 -1.000000
vn -0.000000 -0.000000 -1.000000
vn -0.000000 -0.000000 -1.000000
vn -0.000000 -0.000000 -1.000000
vn -0.000000 -0.000000 -1.000000
vn -0.000000 -0.000000 -1.000000
vn -0.000000 -0.000000 -1.000000
vn -0.000000 -0.000000 -1.000000
vn -0.000000 -0.000000 -1.000000
vn -0.000000 -0.000000 -1.000000
vn -0.000000 -0.000000 -1.000000
vn -0.000000 -0.000000 -1.000000
vn -0.000000 -0.000000 -1.000000
vn -0.000000 -0.000000 -1.000000
vn -0.000000 -0.000000 -1.000000
vn -0.000000 -0.000000 -1.000000
vn -0.000000 -0.000000 -1.000000
vn -0.000000 -0.000000 -1.000000
vn -0.000000 -0.000000 -1.000000
vn -0.000000 -0.000000 -1.000000
vn -0.000000 -0.000000 -1.000000
vn -0.000000 -0.000000 -1.000000
vn -0.000000 -0.000000 -1.000000
vn -0.000000 -0.000000 -1.000000
vn -0.000000 -0.000000 -1.000000
vn -1.000000 0.000000 0.000000
vn -1.000000 0.000000 0.000000
vn -1.000000 0.000000 0.000000
vn -1.000000 0.000000 0.000000
vn -1.000000 0.000000 0.000000
vn -1.000000 0.000000 0.000000
vn -1.000000 0.000000 0.000000
vn -1.000000 0.000000 0.000000
vn -1.000000 0.000000 0.000000
vn -1.000000 0.000000 0.000000
vn -1.000000 0.000000 0.000000
vn -1.000000 0.000000 0.000000
vn -1.000000 0.000000 0.000000
vn -1.000000 0.000000 0.000000
vn 1.000000 -0.000000 -0.000000
vn 1.000000 -0.000000 -0.000000
vn 1.000000 -0.000000 -0.000000
vn 1.000000 -0.000000 -0.000000
vn 1.000000 -0.000000 -0.000000
vn 1.000000 -0.000000 -0.000000
vn 1.000000 -0.000000 -0.000000
vn 1.000000 -0.000000 -0.000000
vn 1.000000 -0.000000 -0.000000
vn 1.000000 -0.000000 -0.000000
vn 1.000000 -0.000000 -0.000000
vn 1.000000 -0.000000 -0.000000
vn 1.000000 -0.000000 -0.000000
vn 1.000000 -0.000000 -0.000000
vn -0.000000 1.000000 -0.000000
vn -0.000000 1.000000 -0.000000
vn -0.000000 1.000000 -0.000000
vn -0.000000 1.000000 -0.000000
vn -0.000000 1.000000 -0.000000
vn -0.000000 1.000000 -0.000000
vn -0.000000 -1.000000 -0.000000
vn -0.000000 -1.000000 -0.000000
vn -0.000000 -1.000000 -0.000000
vn -0.000000 -1.000000 -0.000000
vn -0.000000 -1.000000 -0.000000
vn -0.000000 -1.000000 -0.000000
vn -0.000000 -0.000000 -1.000000
vn -0.000000 -0.000000 -1.000000
vn -0.000000 -0.000000 -1.000000
vn -0.000000 -0.000000 -1.000000
vn -0.000000 -0.000000 -1.000000
vn -0.000000 -0.000000 -1.000000
vn -0.000000 -0.000000 -1.000000
vn -0.000000 -0.000000 -1.000000
vn -0.000000 -0.000000 -1.000000
vn -0.000000 -0.000000 -1.000000
vn -0.000000 -0.000000 -1.000000
vn -0.000000 -0.000000 -1.000000
vn -0.000000 -0.000000 -1.000000
vn -0.000000 -0.000000 -1.000000
vn -0.000000 -0.000000 -1.000000
vn -0.000000 -0.000000 -1.000000
vn -0.000000 -0.000000 -1.000000
vn -0.000000 -0.000000 -1.000000
vn -0.000000 -0.000000 -1.000000
vn -0.000000 -0.000000 -1.000000
vn -0.000000 -0.000000 -1.000000
vn -0.000000 -0.000000 -1.000000
vn -0.000000 -0.000000 -1.000000
vn -0.000000 -0.000000 -1.000000
vn -0.000000 -0.000000 -1.000000
vn -0.000000 -0.000000 -1.000000
vn -0.000000 -0.000000 -1.000000
vn -0.000000 -0.000000 -1.000000
f 202/417/409 250/418/410 201/419/411
f 201/419/411 250/418/410 249/420/412
f 201/421/411 249/422/412 224/423/413
f 224/423/413 249/422/412 272/424/414
f 224/423/413 272/424/414 223/425/415
f 223/425/415 272/424/414 271/426/416
f 223/425/415 271/426/416 222/427/417
f 222/427/417 271/426/416 270/428/418
f 222/427/417 270/428/418 221/429/419
f 221/429/419 270/428/418 269/430/420
f 221/429/419 269/430/420 220/431/421
f 220/431/421 269/430/420 268/432/422
f 220/431/421 268/432/422 219/433/423
f 219/433/423 268/432/422 267/434/424
f 219/433/423 267/434/424 218/435/425
f 218/435/425 267/434/424 266/436/426
f 218/435/425 266/436/426 217/437/427
f 217/437/427 266/436/426 265/438/428
f 217/437/427 265/438/428 216/439/429
f 216/439/429 265/438/428 264/440/430
f 216/439/429 264/440/430 215/441/431
f 215/441/431 264/440/430 263/442/432
f 215/441/431 263/442/432 214/443/433
f 214/443/433 263/442/432 262/444/434
f 214/443/433 262/444/434 213/445/435
f 213/445/435 262/444/434 261/446/436
f 213/445/435 261/446/436 212/447/437
f 212/447/437 261/446/436 260/448/438
f 212/447/437 260/448/438 211/449/439
f 211/449/439 260/448/438 259/450/440
f 211/449/439 259/450/440 210/451/441
f 210/451/441 259/450/440 258/452/442
f 210/451/441 258/452/442 209/453/443
f 209/453/443 258/452/442 257/454/444
f 209/453/443 257/454/444 208/455/445
f 208/455/445 257/454/444 256/456/446
f 208/455/445 256/456/446 207/457/447
f 207/457/447 256/456/446 255/458/448
f 207/457/447 255/458/448 206/459/449
f 206/459/449 255/458/448 254/460/450
f 206/459/449 254/460/450 205/461/451
f 205/461/451 254/460/450 253/462/452
f 205/461/451 253/462/452 204/463/453
f 204/463/453 253/462/452 252/464/454
f 204/463/453 252/464/454 203/465/455
f 203/465/455 252/464/454 251/466/456
f 203/465/455 251/466/456 202/417/409
f 202/417/409 251/466/456 250/418/410
f 226/467/457 272/424/414 225/468/458
f 225/468/458 272/424/414 249/422/412
f 225/469/458 249/420/412 248/470/459
f 248/470/459 249/420/412 250/418/410
f 248/470/459 250/418/410 247/471/460
f 247/471/460 250/418/410 251/466/456
f 247/471/460 251/466/456 246/472/461
f 246/472/461 251/466/456 252/464/454
f 246/472/461 252/464/454 245/473/462
f 245/473/462 252/464/454 253/462/452
f 245/473/462 253/462/452 244/474/463
f 244/474/463 253/462/452 254/460/450
f 244/474/463 254/460/450 243/475/464
f 243/475/464 254/460/450 255/458/448
f 243/475/464 255/458/448 242/476/465
f 242/476/465 255/458/448 256/456/446
f 242/476/465 256/456/446 241/477/466
f 241/477/466 256/456/446 257/454/444
f 241/477/466 257/454/444 240/478/467
f 240/478/467 257/454/444 258/452/442
f 240/478/467 258/452/442 239/479/468
f 239/479/468 258/452/442 259/450/440
f 239/479/468 259/450/440 238/480/469
f 238/480/469 259/450/440 260/448/438
f 238/480/469 260/448/438 237/481/470
f 237/481/470 260/448/438 261/446/436
f 237/481/470 261/446/436 236/482/471
f 236/482/471 261/446/436 262/444/434
f 236/482/471 262/444/434 235/483/472
f 235/483/472 262/444/434 263/442/432
f 235/483/472 263/442/432 234/484/473
f 234/484/473 263/442/432 264/440/430
f 234/484/473 264/440/430 233/485/474
f 233/485/474 264/440/430 265/438/428
f 233/485/474 265/438/428 232/486/475
f 232/486/475 265/438/428 266/436/426
f 232/486/475 266/436/426 231/487/476
f 231/487/476 266/436/426 267/434/424
f 231/487/476 267/434/424 230/488/477
f 230/488/477 267/434/424 268/432/422
f 230/488/477 268/432/422 229/489/478
f 229/489/478 268/432/422 269/430/420
f 229/489/478 269/430/420 228/490/479
f 228/490/479 269/430/420 270/428/418
f 228/490/479 270/428/418 227/491/480
f 227/491/480 270/428/418 271/426/416
f 227/491/480 271/426/416 226/467/457
f 226/467/457 271/426/416 272/424/414
f 274/492/481 320/493/482 273/494/483
f 273/494/483 320/493/482 297/495/484
f 273/496/483 297/497/484 296/498/485
f 296/498/485 297/497/484 298/499/486
f 296/498/485 298/499/486 295/500/487
f 295/500/487 298/499/486 299/501/488
f 295/500/487 299/501/488 294/502/489
f 294/502/489 299/501/488 300/503/490
f 294/502/489 300/503/490 293/504/491
f 293/504/491 300/503/490 301/505/492
f 293/504/491 301/505/492 292/506/493
f 292/506/493 301/505/492 302/507/494
f 292/506/493 302/507/494 291/508/495
f 291/508/495 302/507/494 303/509/496
f 291/508/495 303/509/496 290/510/497
f 290/510/497 303/509/496 304/511/498
f 290/510/497 304/511/498 289/512/499
f 289/512/499 304/511/498 305/513/500
f 289/512/499 305/513/500 288/514/501
f 288/514/501 305/513/500 306/515/502
f 288/514/501 306/515/502 287/516/503
f 287/516/503 306/515/502 307/517/504
f 287/516/503 307/517/504 286/518/505
f 286/518/505 307/517/504 308/519/506
f 286/518/505 308/519/506 285/520/507
f 285/520/507 308/519/506 309/521/508
f 285/520/507 309/521/508 284/522/509
f 284/522/509 309/521/508 310/523/510
f 284/522/509 310/523/510 283/524/511
f 283/524/511 310/523/510 311/525/512
f 283/524/511 311/525/512 282/526/513
f 282/526/513 311/525/512 312/527/514
f 282/526/513 312/527/514 281/528/515
f 281/528/515 312/527/514 313/529/516
f 281/528/515 313/529/516 280/530/517
f 280/530/517 313/529/516 314/531/518
f 280/530/517 314/531/518 279/532/519
f 279/532/519 314/531/518 315/533/520
f 279/532/519 315/533/520 278/534/521
f 278/534/521 315/533/520 316/535/522
f 278/534/521 316/535/522 277/536/523
f 277/536/523 316/535/522 317/537/524
f 277/536/523 317/537/524 276/538/525
f 276/538/525 317/537/524 318/539/526
f 276/538/525 318/539/526 275/540/527
f 275/540/527 318/539/526 319/541/528
f 275/540/527 319/541/528 274/492/481
f 274/492/481 319/541/528 320/493/482
f 322/542/529 368/543/530 321/544/531
f 321/544/531 368/543/530 345/545/532
f 321/546/531 345/547/532 344/548/533
f 344/548/533 345/547/532 346/549/534
f 344/548/533 346/549/534 343/550/535
f 343/550/535 346/549/534 347/551/536
f 343/550/535 347/551/536 342/552/537
f 342/552/537 347/551/536 348/553/538
f 342/552/537 348/553/538 341/554/539
f 341/554/539 348/553/538 349/555/540
f 341/554/539 349/555/540 340/556/541
f 340/556/541 349/555/540 350/557/542
f 340/556/541 350/557/542 339/558/543
f 339/558/543 350/557/542 351/559/544
f 339/558/543 351/559/544 338/560/545
f 338/560/545 351/559/544 352/561/546
f 338/560/545 352/561/546 337/562/547
f 337/562/547 352/561/546 353/563/548
f 337/562/547 353/563/548 336/564/549
f 336/564/549 353/563/548 354/565/550
f 336/564/549 354/565/550 335/566/551
f 335/566/551 354/565/550 355/567/552
f 335/566/551 355/567/552 334/568/553
f 334/568/553 355/567/552 356/569/554
f 334/568/553 356/569/554 333/570/555
f 333/570/555 356/569/554 357/571/556
f 333/570/555 357/571/556 332/572/557
f 332/572/557 357/571/556 358/573/558
f 332/572/557 358/573/558 331/574/559
f 331/574/559 358/573/558 359/575/560
f 331/574/559 359/575/560 330/576/561
f 330/576/561 359/575/560 360/577/562
f 330/576/561 360/577/562 329/578/563
f 329/578/563 360/577/562 361/579/564
f 329/578/563 361/579/564 328/580/565
f 328/580/565 361/579/564 362/581/566
f 328/580/565 362/581/566 327/582/567
f 327/582/567 362/581/566 363/583/568
f 327/582/567 363/583/568 326/584/569
f 326/584/569 363/583/568 364/585/570
f 326/584/569 364/585/570 325/586/571
f 325/586/571 364/585/570 365/587/572
f 325/586/571 365/587/572 324/588/573
f 324/588/573 365/587/572 366/589/574
f 324/588/573 366/589/574 323/590/575
f 323/590/575 366/589/574 367/591/576
f 323/590/575 367/591/576 322/542/529
f 322/542/529 367/591/576 368/543/530
f 224/592/577 370/593/578 201/594/579
f 201/594/579 370/593/578 371/595/580
f 201/594/579 371/595/580 202/596/581
f 202/596/581 371/595/580 203/597/582
f 203/597/582 371/595/580 204/598/583
f 204/598/583 371/595/580 205/599/584
f 205/599/584 371/595/580 206/600/585
f 206/600/585 371/595/580 207/601/586
f 207/601/586 371/595/580 372/602/587
f 207/601/586 372/602/587 208/603/588
f 208/603/588 372/602/587 209/604/589
f 209/604/589 372/602/587 210/605/590
f 210/605/590 372/602/587 211/606/591
f 211/606/591 372/602/587 212/607/592
f 212/607/592 372/602/587 213/608/593
f 213/608/593 372/602/587 369/609/594
f 213/608/593 369/609/594 214/610/595
f 214/610/595 369/609/594 215/611/596
f 215/611/596 369/609/594 216/612/597
f 216/612/597 369/609/594 217/613/598
f 217/613/598 369/609/594 218/614/599
f 218/614/599 369/609/594 219/615/600
f 219/615/600 369/609/594 370/593/578
f 219/615/600 370/593/578 220/616/601
f 220/616/601 370/593/578 221/617/602
f 221/617/602 370/593/578 222/618/603
f 222/618/603 370/593/578 223/619/604
f 223/619/604 370/593/578 224/592/577
f 373/620/605 374/621/606 376/622/607
f 376/622/607 374/621/606 375/623/608
f 296/624/609 376/625/610 273/626/611
f 273/626/611 376/625/610 378/627/612
f 273/626/611 378/627/612 274/628/613
f 274/628/613 378/627/612 275/629/614
f 275/629/614 378/627/612 276/630/615
f 276/630/615 378/627/612 277/631/616
f 277/631/616 378/627/612 278/632/617
f 278/632/617 378/627/612 279/633/618
f 279/633/618 378/627/612 377/634/619
f 279/633/618 377/634/619 280/635/620
f 280/635/620 377/634/619 281/636/621
f 281/636/621 377/634/619 282/637/622
f 282/637/622 377/634/619 283/638/623
f 283/638/623 377/634/619 284/639/624
f 284/639/624 377/634/619 285/640/625
f 285/640/625 377/634/619 373/641/626
f 285/640/625 373/641/626 286/642/627
f 286/642/627 373/641/626 287/643/628
f 287/643/628 373/641/626 288/644/629
f 288/644/629 373/641/626 289/645/630
f 289/645/630 373/641/626 290/646/631
f 290/646/631 373/641/626 291/647/632
f 291/647/632 373/641/626 376/625/610
f 291/647/632 376/625/610 292/648/633
f 292/648/633 376/625/610 293/649/634
f 293/649/634 376/625/610 294/650/635
f 294/650/635 376/625/610 295/651/636
f 295/651/636 376/625/610 296/624/609
f 379/652/637 377/653/638 380/654/639
f 380/654/639 377/653/638 378/655/640
f 248/656/641 380/657/642 225/658/643
f 225/658/643 380/657/642 375/659/644
f 225/658/643 375/659/644 226/660/645
f 226/660/645 375/659/644 227/661/646
f 227/661/646 375/659/644 228/662/647
f 228/662/647 375/659/644 229/663/648
f 229/663/648 375/659/644 230/664/649
f 230/664/649 375/659/644 231/665/650
f 231/665/650 375/659/644 374/666/651
f 231/665/650 374/666/651 232/667/652
f 232/667/652 374/666/651 233/668/653
f 233/668/653 374/666/651 234/669/654
f 234/669/654 374/666/651 235/670/655
f 235/670/655 374/666/651 236/671/656
f 236/671/656 374/666/651 237/672/657
f 237/672/657 374/666/651 379/673/658
f 237/672/657 379/673/658 238/674/659
f 238/674/659 379/673/658 239/675/660
f 239/675/660 379/673/658 240/676/661
f 240/676/661 379/673/658 241/677/662
f 241/677/662 379/673/658 242/678/663
f 242/678/663 379/673/658 243/679/664
f 243/679/664 379/673/658 380/657/642
f 243/679/664 380/657/642 244/680/665
f 244/680/665 380/657/642 245/681/666
f 245/681/666 380/657/642 246/682/667
f 246/682/667 380/657/642 247/683/668
f 247/683/668 380/657/642 248/656/641
f 381/684/669 382/685/670 384/686/671
f 384/686/671 382/685/670 383/687/672
f 344/688/673 384/689/674 321/690/675
f 321/690/675 384/689/674 386/691/676
f 321/690/675 386/691/676 322/692/677
f 322/692/677 386/691/676 323/693/678
f 323/693/678 386/691/676 324/694/679
f 324/694/679 386/691/676 325/695/680
f 325/695/680 386/691/676 326/696/681
f 326/696/681 386/691/676 327/697/682
f 327/697/682 386/691/676 385/698/683
f 327/697/682 385/698/683 328/699/684
f 328/699/684 385/698/683 329/700/685
f 329/700/685 385/698/683 330/701/686
f 330/701/686 385/698/683 331/702/687
f 331/702/687 385/698/683 332/703/688
f 332/703/688 385/698/683 333/704/689
f 333/704/689 385/698/683 381/705/690
f 333/704/689 381/705/690 334/706/691
f 334/706/691 381/705/690 335/707/692
f 335/707/692 381/705/690 336/708/693
f 336/708/693 381/705/690 337/709/694
f 337/709/694 381/705/690 338/710/695
f 338/710/695 381/705/690 339/711/696
f 339/711/696 381/705/690 384/689/674
f 339/711/696 384/689/674 340/712/697
f 340/712/697 384/689/674 341/713/698
f 341/713/698 384/689/674 342/714/699
f 342/714/699 384/689/674 343/715/700
f 343/715/700 384/689/674 344/688/673
f 387/716/701 385/717/702 388/718/703
f 388/718/703 385/717/702 386/719/704
f 320/720/705 388/721/706 297/722/707
f 297/722/707 388/721/706 383/723/708
f 297/722/707 383/723/708 298/724/709
f 298/724/709 383/723/708 299/725/710
f 299/725/710 383/723/708 300/726/711
f 300/726/711 383/723/708 301/727/712
f 301/727/712 383/723/708 302/728/713
f 302/728/713 383/723/708 303/729/714
f 303/729/714 383/723/708 382/730/715
f 303/729/714 382/730/715 304/731/716
f 304/731/716 382/730/715 305/732/717
f 305/732/717 382/730/715 306/733/718
f 306/733/718 382/730/715 307/734/719
f 307/734/719 382/730/715 308/735/720
f 308/735/720 382/730/715 309/736/721
f 309/736/721 382/730/715 387/737/722
f 309/736/721 387/737/722 310/738/723
f 310/738/723 387/737/722 311/739/724
f 311/739/724 387/737/722 312/740/725
f 312/740/725 387/737/722 313/741/726
f 313/741/726 387/737/722 314/742/727
f 314/742/727 387/737/722 315/743/728
f 315/743/728 387/737/722 388/721/706
f 315/743/728 388/721/706 316/744/729
f 316/744/729 388/721/706 317/745/730
f 317/745/730 388/721/706 318/746/731
f 318/746/731 388/721/706 319/747/732
f 319/747/732 388/721/706 320/720/705
f 379/748/733 392/749/734 377/750/735
f 377/750/735 392/749/734 387/751/736
f 377/750/735 387/751/736 373/752/737
f 373/752/737 387/751/736 382/753/738
f 373/752/737 382/753/738 391/754/739
f 391/754/739 382/753/738 390/755/740
f 390/755/740 382/753/738 381/756/741
f 390/755/740 381/756/741 385/757/742
f 374/758/743 369/759/744 379/748/733
f 379/748/733 369/759/744 372/760/745
f 379/748/733 372/760/745 392/749/734
f 369/759/744 374/758/743 391/754/739
f 391/754/739 374/758/743 373/752/737
f 390/755/740 385/757/742 389/761/746
f 389/761/746 385/757/742 387/751/736
f 389/761/746 387/751/736 392/749/734
f 378/762/747 395/763/748 380/764/749
f 380/764/749 395/763/748 371/765/750
f 380/764/749 371/765/750 370/766/751
f 376/767/752 383/768/753 378/762/747
f 378/762/747 383/768/753 388/769/754
f 378/762/747 388/769/754 395/763/748
f 395/763/748 388/769/754 394/770/755
f 394/770/755 388/769/754 386/771/756
f 394/770/755 386/771/756 393/772/757
f 393/772/757 386/771/756 384/773/758
f 393/772/757 384/773/758 383/768/753
f 383/768/753 376/767/752 396/774/759
f 396/774/759 376/767/752 375/775/760
f 396/774/759 375/775/760 370/766/751
f 370/766/751 375/775/760 380/764/749
f 396/774/759 393/772/757 383/768/753
f 372/776/761 371/777/762 392/778/763
f 392/778/763 371/777/762 395/779/764
f 392/778/763 395/779/764 389/780/765
f 389/780/765 395/779/764 394/781/766
f 390/782/767 393/783/768 391/784/769
f 391/784/769 393/783/768 396/785/770
f 391/784/769 396/785/770 369/786/771
f 369/786/771 396/785/770 370/787/772
f 368/788/773 394/789/774 345/790/775
f 345/790/775 394/789/774 393/791/776
f 345/790/775 393/791/776 346/792/777
f 346/792/777 393/791/776 347/793/778
f 347/793/778 393/791/776 348/794/779
f 348/794/779 393/791/776 349/795/780
f 349/795/780 393/791/776 350/796/781
f 350/796/781 393/791/776 351/797/782
f 351/797/782 393/791/776 390/798/783
f 351/797/782 390/798/783 352/799/784
f 352/799/784 390/798/783 353/800/785
f 353/800/785 390/798/783 354/801/786
f 354/801/786 390/798/783 355/802/787
f 355/802/787 390/798/783 356/803/788
f 356/803/788 390/798/783 357/804/789
f 357/804/789 390/798/783 389/805/790
f 357/804/789 389/805/790 358/806/791
f 358/806/791 389/805/790 359/807/792
f 359/807/792 389/805/790 360/808/793
f 360/808/793 389/805/790 361/809/794
f 361/809/794 389/805/790 362/810/795
f 362/810/795 389/805/790 363/811/796
f 363/811/796 389/805/790 394/789/774
f 363/811/796 394/789/774 364/812/797
f 364/812/797 394/789/774 365/813/798
f 365/813/798 394/789/774 366/814/799
f 366/814/799 394/789/774 367/815/800
f 367/815/800 394/789/774 368/788/773
g Body1:2

v -1.000000 3.240000 10.100000
v -1.000000 3.740000 10.100000
v -1.000000 3.740000 0.000000
v -1.000000 3.240000 0.000000
v 0.245000 3.240000 5.300000
v 0.270882 3.240000 5.303408
v 0.295000 3.240000 5.313398
v 0.315711 3.240000 5.329289
v 0.331603 3.240000 5.350000
v 0.341593 3.240000 5.374118
v 0.345000 3.240000 5.400000
v 0.341593 3.240000 5.425882
v 0.331603 3.240000 5.450000
v 0.315711 3.240000 5.470711
v 0.295000 3.240000 5.486603
v 0.270882 3.240000 5.496593
v 0.245000 3.240000 5.500000
v 0.219118 3.240000 5.496593
v 0.195000 3.240000 5.486603
v 0.174289 3.240000 5.470711
v 0.158397 3.240000 5.450000
v 0.148407 3.240000 5.425882
v 0.145000 3.240000 5.400000
v 0.148407 3.240000 5.374118
v 0.158397 3.240000 5.350000
v 0.174289 3.240000 5.329289
v 0.195000 3.240000 5.313398
v 0.219118 3.240000 5.303408
v 0.245000 3.740000 5.500000
v 0.270882 3.740000 5.496593
v 0.295000 3.740000 5.486603
v 0.315711 3.740000 5.470711
v 0.331603 3.740000 5.450000
v 0.341593 3.740000 5.425882
v 0.345000 3.740000 5.400000
v 0.341593 3.740000 5.374118
v 0.331603 3.740000 5.350000
v 0.315711 3.740000 5.329289
v 0.295000 3.740000 5.313398
v 0.270882 3.740000 5.303408
v 0.245000 3.740000 5.300000
v 0.219118 3.740000 5.303408
v 0.195000 3.740000 5.313398
v 0.174289 3.740000 5.329289
v 0.158397 3.740000 5.350000
v 0.148407 3.740000 5.374118
v 0.145000 3.740000 5.400000
v 0.148407 3.740000 5.425882
v 0.158397 3.740000 5.450000
v 0.174289 3.740000 5.470711
v 0.195000 3.740000 5.486603
v 0.219118 3.740000 5.496593
v 2.995000 3.240000 5.300000
v 3.020882 3.240000 5.303408
v 3.045000 3.240000 5.313398
v 3.065711 3.240000 5.329289
v 3.081603 3.240000 5.350000
v 3.091593 3.240000 5.374118
v 3.095000 3.240000 5.400000
v 3.091593 3.240000 5.425882
v 3.081603 3.240000 5.450000
v 3.065711 3.240000 5.470711
v 3.045000 3.240000 5.486603
v 3.020882 3.240000 5.496593
v 2.995000 3.240000 5.500000
v 2.969118 3.240000 5.496593
v 2.945000 3.240000 5.486603
v 2.924289 3.240000 5.470711
v 2.908397 3.240000 5.450000
v 2.898407 3.240000 5.425882
v 2.895000 3.240000 5.400000
v 2.898407 3.240000 5.374118
v 2.908397 3.240000 5.350000
v 2.924289 3.240000 5.329289
v 2.945000 3.240000 5.313398
v 2.969118 3.240000 5.303408
v 2.995000 3.740000 5.500000
v 3.020882 3.740000 5.496593
v 3.045000 3.740000 5.486603
v 3.065711 3.740000 5.470711
v 3.081603 3.740000 5.450000
v 3.091593 3.740000 5.425882
v 3.095000 3.740000 5.400000
v 3.091593 3.740000 5.374118
v 3.081603 3.740000 5.350000
v 3.065711 3.740000 5.329289
v 3.045000 3.740000 5.313398
v 3.020882 3.740000 5.303408
v 2.995000 3.740000 5.300000
v 2.969118 3.740000 5.303408
v 2.945000 3.740000 5.313398
v 2.924289 3.740000 5.329289
v 2.908397 3.740000 5.350000
v 2.898407 3.740000 5.374118
v 2.895000 3.740000 5.400000
v 2.898407 3.740000 5.425882
v 2.908397 3.740000 5.450000
v 2.924289 3.740000 5.470711
v 2.945000 3.740000 5.486603
v 2.969118 3.740000 5.496593
v 0.470000 3.240000 6.000000
v 0.470000 3.240000 4.800000
v 0.470000 3.740000 4.800000
v 0.470000 3.740000 6.000000
v 2.770000 3.240000 6.000000
v 2.770000 3.740000 6.000000
v 2.770000 3.240000 4.800000
v 2.770000 3.740000 4.800000
v 3.240000 3.240000 10.100000
v 3.240000 3.240000 0.000000
v 3.240000 3.740000 10.100000
v 3.240000 3.740000 0.000000
vt 5.050000 0.250000 0.000000
vt -5.050000 0.250000 0.000000
vt 5.050000 -0.250000 0.000000
vt -5.050000 -0.250000 0.000000
vt 0.000000 -0.287979 0.000000
vt -0.500000 -0.287979 0.000000
vt 0.000000 -0.314159 0.000000
vt -0.500000 -0.314159 0.000000
vt 0.000000 0.314159 0.000000
vt -0.500000 0.314159 0.000000
vt 0.000000 0.287979 0.000000
vt -0.500000 0.287979 0.000000
vt 0.000000 0.261799 0.000000
vt -0.500000 0.261799 0.000000
vt -0.000000 0.235619 0.000000
vt -0.500000 0.235619 0.000000
vt -0.000000 0.209440 0.000000
vt -0.500000 0.209440 0.000000
vt 0.000000 0.183260 0.000000
vt -0.500000 0.183260 0.000000
vt 0.000000 0.157080 0.000000
vt -0.500000 0.157080 0.000000
vt 0.000000 0.130900 0.000000
vt -0.500000 0.130900 0.000000
vt 0.000000 0.104720 0.000000
vt -0.500000 0.104720 0.000000
vt 0.000000 0.078540 0.000000
vt -0.500000 0.078540 0.000000
vt 0.000000 0.052360 0.000000
vt -0.500000 0.052360 0.000000
vt 0.000000 0.026180 0.000000
vt -0.500000 0.026180 0.000000
vt 0.000000 0.000000 0.000000
vt -0.500000 0.000000 0.000000
vt 0.000000 -0.026180 0.000000
vt -0.500000 -0.026180 0.000000
vt 0.000000 -0.052360 0.000000
vt -0.500000 -0.052360 0.000000
vt 0.000000 -0.078540 0.000000
vt -0.500000 -0.078540 0.000000
vt 0.000000 -0.104720 0.000000
vt -0.500000 -0.104720 0.000000
vt 0.000000 -0.130900 0.000000
vt -0.500000 -0.130900 0.000000
vt 0.000000 -0.157080 0.000000
vt -0.500000 -0.157080 0.000000
vt 0.000000 -0.183260 0.000000
vt -0.500000 -0.183260 0.000000
vt 0.000000 -0.209440 0.000000
vt -0.500000 -0.209440 0.000000
vt 0.000000 -0.235619 0.000000
vt -0.500000 -0.235619 0.000000
vt 0.000000 -0.261799 0.000000
vt -0.500000 -0.261799 0.000000
vt 0.000000 -0.287979 0.000000
vt -0.500000 -0.287979 0.000000
vt 0.000000 -0.314159 0.000000
vt -0.500000 -0.314159 0.000000
vt 0.000000 0.314159 0.000000
vt -0.500000 0.314159 0.000000
vt 0.000000 0.287979 0.000000
vt -0.500000 0.287979 0.000000
vt 0.000000 0.261799 0.000000
vt -0.500000 0.261799 0.000000
vt -0.000000 0.235619 0.000000
vt -0.500000 0.235619 0.000000
vt -0.000000 0.209440 0.000000
vt -0.500000 0.209440 0.000000
vt -0.000000 0.183260 0.000000
vt -0.500000 0.183260 0.000000
vt 0.000000 0.157080 0.000000
vt -0.500000 0.157080 0.000000
vt 0.000000 0.130900 0.000000
vt -0.500000 0.130900 0.000000
vt 0.000000 0.104720 0.000000
vt -0.500000 0.104720 0.000000
vt 0.000000 0.078540 0.000000
vt -0.500000 0.078540 0.000000
vt 0.000000 0.052360 0.000000
vt -0.500000 0.052360 0.000000
vt 0.000000 0.026180 0.000000
vt -0.500000 0.026180 0.000000
vt 0.000000 0.000000 0.000000
vt -0.500000 0.000000 0.000000
vt 0.000000 -0.026180 0.000000
vt -0.500000 -0.026180 0.000000
vt 0.000000 -0.052360 0.000000
vt -0.500000 -0.052360 0.000000
vt 0.000000 -0.078540 0.000000
vt -0.500000 -0.078540 0.000000
vt 0.000000 -0.104720 0.000000
vt -0.500000 -0.104720 0.000000
vt 0.000000 -0.130900 0.000000
vt -0.500000 -0.130900 0.000000
vt 0.000000 -0.157080 0.000000
vt -0.500000 -0.157080 0.000000
vt 0.000000 -0.183260 0.000000
vt -0.500000 -0.183260 0.000000
vt 0.000000 -0.209440 0.000000
vt -0.500000 -0.209440 0.000000
vt 0.000000 -0.235619 0.000000
vt -0.500000 -0.235619 0.000000
vt 0.000000 -0.261799 0.000000
vt -0.500000 -0.261799 0.000000
vt -0.000000 0.500000 0.000000
vt -1.200000 0.500000 0.000000
vt -0.000000 0.000000 0.000000
vt -1.200000 0.000000 0.000000
vt -0.000000 0.500000 0.000000
vt -2.300000 0.500000 0.000000
vt -0.000000 0.000000 0.000000
vt -2.300000 0.000000 0.000000
vt -0.000000 0.500000 0.000000
vt -1.200000 0.500000 0.000000
vt -0.000000 0.000000 0.000000
vt -1.200000 0.000000 0.000000
vt -0.000000 0.500000 0.000000
vt -2.300000 0.500000 0.000000
vt -0.000000 0.000000 0.000000
vt -2.300000 0.000000 0.000000
vt 0.253408 1.349118 0.000000
vt 0.250000 1.375000 0.000000
vt -0.250000 1.150000 0.000000
vt 0.253408 1.400882 0.000000
vt 0.263398 1.425000 0.000000
vt 0.279289 1.445711 0.000000
vt -5.050000 2.620000 0.000000
vt -5.050000 -1.620000 0.000000
vt 0.300000 1.461603 0.000000
vt 0.324118 1.471593 0.000000
vt 0.350000 1.475000 0.000000
vt 5.050000 2.620000 0.000000
vt 0.375882 1.471593 0.000000
vt 0.400000 1.461603 0.000000
vt 0.420711 1.445711 0.000000
vt 0.950000 1.150000 0.000000
vt 5.050000 -1.620000 0.000000
vt 0.950000 -1.150000 0.000000
vt 0.420711 -1.445711 0.000000
vt 0.436603 -1.425000 0.000000
vt 0.446593 -1.400882 0.000000
vt 0.450000 -1.375000 0.000000
vt 0.446593 -1.349118 0.000000
vt 0.436603 -1.325000 0.000000
vt 0.420711 -1.304289 0.000000
vt 0.400000 -1.288397 0.000000
vt 0.375882 -1.278407 0.000000
vt 0.350000 -1.275000 0.000000
vt -0.250000 -1.150000 0.000000
vt 0.324118 -1.278407 0.000000
vt 0.300000 -1.288397 0.000000
vt 0.279289 -1.304289 0.000000
vt 0.263398 -1.325000 0.000000
vt 0.253408 -1.349118 0.000000
vt 0.250000 -1.375000 0.000000
vt 0.253408 -1.400882 0.000000
vt 0.263398 -1.425000 0.000000
vt 0.279289 -1.445711 0.000000
vt 0.300000 -1.461603 0.000000
vt 0.324118 -1.471593 0.000000
vt 0.350000 -1.475000 0.000000
vt 0.375882 -1.471593 0.000000
vt 0.400000 -1.461603 0.000000
vt 0.436603 1.425000 0.000000
vt 0.446593 1.400882 0.000000
vt 0.450000 1.375000 0.000000
vt 0.446593 1.349118 0.000000
vt 0.436603 1.325000 0.000000
vt 0.420711 1.304289 0.000000
vt 0.400000 1.288397 0.000000
vt 0.375882 1.278407 0.000000
vt 0.350000 1.275000 0.000000
vt 0.324118 1.278407 0.000000
vt 0.300000 1.288397 0.000000
vt 0.279289 1.304289 0.000000
vt 0.263398 1.325000 0.000000
vt -0.446593 1.349118 0.000000
vt -0.450000 1.375000 0.000000
vt -0.950000 1.150000 0.000000
vt -0.446593 1.400882 0.000000
vt -0.436603 1.425000 0.000000
vt -0.420711 1.445711 0.000000
vt -5.050000 2.620000 0.000000
vt -5.050000 -1.620000 0.000000
vt -0.400000 1.461603 0.000000
vt -0.375882 1.471593 0.000000
vt -0.350000 1.475000 0.000000
vt 5.050000 2.620000 0.000000
vt -0.324118 1.471593 0.000000
vt -0.300000 1.461603 0.000000
vt -0.279289 1.445711 0.000000
vt 0.250000 1.150000 0.000000
vt 5.050000 -1.620000 0.000000
vt 0.250000 -1.150000 0.000000
vt -0.279289 -1.445711 0.000000
vt -0.263398 -1.425000 0.000000
vt -0.253408 -1.400882 0.000000
vt -0.250000 -1.375000 0.000000
vt -0.253408 -1.349118 0.000000
vt -0.263398 -1.325000 0.000000
vt -0.279289 -1.304289 0.000000
vt -0.300000 -1.288397 0.000000
vt -0.324118 -1.278407 0.000000
vt -0.350000 -1.275000 0.000000
vt -0.950000 -1.150000 0.000000
vt -0.375882 -1.278407 0.000000
vt -0.400000 -1.288397 0.000000
vt -0.420711 -1.304289 0.000000
vt -0.436603 -1.325000 0.000000
vt -0.446593 -1.349118 0.000000
vt -0.450000 -1.375000 0.000000
vt -0.446593 -1.400882 0.000000
vt -0.436603 -1.425000 0.000000
vt -0.420711 -1.445711 0.000000
vt -0.400000 -1.461603 0.000000
vt -0.375882 -1.471593 0.000000
vt -0.350000 -1.475000 0.000000
vt -0.324118 -1.471593 0.000000
vt -0.300000 -1.461603 0.000000
vt -0.263398 1.425000 0.000000
vt -0.253408 1.400882 0.000000
vt -0.250000 1.375000 0.000000
vt -0.253408 1.349118 0.000000
vt -0.263398 1.325000 0.000000
vt -0.279289 1.304289 0.000000
vt -0.300000 1.288397 0.000000
vt -0.324118 1.278407 0.000000
vt -0.350000 1.275000 0.000000
vt -0.375882 1.278407 0.000000
vt -0.400000 1.288397 0.000000
vt -0.420711 1.304289 0.000000
vt -0.436603 1.325000 0.000000
vt -0.250000 -5.050000 0.000000
vt 0.250000 -5.050000 0.000000
vt -0.250000 5.050000 0.000000
vt 0.250000 5.050000 0.000000
vt -0.250000 -1.620000 0.000000
vt 0.250000 -1.620000 0.000000
vt -0.250000 2.620000 0.000000
vt 0.250000 2.620000 0.000000
vt -0.250000 -1.620000 0.000000
vt 0.250000 -1.620000 0.000000
vt -0.250000 2.620000 0.000000
vt 0.250000 2.620000 0.000000
vn -1.000000 0.000000 0.000000
vn -1.000000 0.000000 0.000000
vn -1.000000 0.000000 0.000000
vn -1.000000 0.000000 0.000000
vn -0.258819 0.000000 0.965926
vn -0.258819 0.000000 0.965926
vn -0.000000 0.000000 1.000000
vn -0.000000 0.000000 1.000000
vn 0.258819 0.000000 0.965926
vn 0.258819 0.000000 0.965926
vn 0.500000 0.000000 0.866025
vn 0.500000 0.000000 0.866025
vn 0.707107 0.000000 0.707107
vn 0.707107 0.000000 0.707107
vn 0.866025 0.000000 0.500000
vn 0.866025 0.000000 0.500000
vn 0.965926 0.000000 0.258819
vn 0.965926 0.000000 0.258819
vn 1.000000 0.000000 -0.000000
vn 1.000000 0.000000 -0.000000
vn 0.965926 0.000000 -0.258819
vn 0.965926 0.000000 -0.258819
vn 0.866025 0.000000 -0.500000
vn 0.866025 0.000000 -0.500000
vn 0.707107 0.000000 -0.707107
vn 0.707107 0.000000 -0.707107
vn 0.500000 0.000000 -0.866025
vn 0.500000 0.000000 -0.866025
vn 0.258819 0.000000 -0.965926
vn 0.258819 0.000000 -0.965926
vn -0.000000 -0.000000 -1.000000
vn -0.000000 -0.000000 -1.000000
vn -0.258819 -0.000000 -0.965926
vn -0.258819 -0.000000 -0.965926
vn -0.500000 -0.000000 -0.866025
vn -0.500000 -0.000000 -0.866025
vn -0.707107 -0.000000 -0.707107
vn -0.707107 -0.000000 -0.707107
vn -0.866025 -0.000000 -0.500000
vn -0.866025 -0.000000 -0.500000
vn -0.965926 -0.000000 -0.258819
vn -0.965926 -0.000000 -0.258819
vn -1.000000 -0.000000 -0.000000
vn -1.000000 -0.000000 -0.000000
vn -0.965926 0.000000 0.258819
vn -0.965926 0.000000 0.258819
vn -0.866025 0.000000 0.500000
vn -0.866025 0.000000 0.500000
vn -0.707107 0.000000 0.707107
vn -0.707107 0.000000 0.707107
vn -0.500000 0.000000 0.866025
vn -0.500000 0.000000 0.866025
vn -0.258819 0.000000 0.965926
vn -0.258819 0.000000 0.965926
vn -0.000000 0.000000 1.000000
vn -0.000000 0.000000 1.000000
vn 0.258819 0.000000 0.965926
vn 0.258819 0.000000 0.965926
vn 0.500000 0.000000 0.866025
vn 0.500000 0.000000 0.866025
vn 0.707107 0.000000 0.707107
vn 0.707107 0.000000 0.707107
vn 0.866025 0.000000 0.500000
vn 0.866025 0.000000 0.500000
vn 0.965926 0.000000 0.258819
vn 0.965926 0.000000 0.258819
vn 1.000000 0.000000 -0.000000
vn 1.000000 0.000000 -0.000000
vn 0.965926 0.000000 -0.258819
vn 0.965926 0.000000 -0.258819
vn 0.866025 0.000000 -0.500000
vn 0.866025 0.000000 -0.500000
vn 0.707107 0.000000 -0.707107
vn 0.707107 0.000000 -0.707107
vn 0.500000 0.000000 -0.866025
vn 0.500000 0.000000 -0.866025
vn 0.258819 0.000000 -0.965926
vn 0.258819 0.000000 -0.965926
vn -0.000000 -0.000000 -1.000000
vn -0.000000 -0.000000 -1.000000
vn -0.258819 -0.000000 -0.965926
vn -0.258819 -0.000000 -0.965926
vn -0.500000 -0.000000 -0.866025
vn -0.500000 -0.000000 -0.866025
vn -0.707107 -0.000000 -0.707107
vn -0.707107 -0.000000 -0.707107
vn -0.866025 -0.000000 -0.500000
vn -0.866025 -0.000000 -0.500000
vn -0.965926 -0.000000 -0.258819
vn -0.965926 -0.000000 -0.258819
vn -1.000000 -0.000000 -0.000000
vn -1.000000 -0.000000 -0.000000
vn -0.965926 0.000000 0.258819
vn -0.965926 0.000000 0.258819
vn -0.866025 0.000000 0.500000
vn -0.866025 0.000000 0.500000
vn -0.707107 0.000000 0.707107
vn -0.707107 0.000000 0.707107
vn -0.500000 0.000000 0.866025
vn -0.500000 0.000000 0.866025
vn 1.000000 0.000000 0.000000
vn 1.000000 0.000000 0.000000
vn 1.000000 0.000000 0.000000
vn 1.000000 0.000000 0.000000
vn -0.000000 -0.000000 -1.000000
vn -0.000000 -0.000000 -1.000000
vn -0.000000 -0.000000 -1.000000
vn -0.000000 -0.000000 -1.000000
vn -1.000000 -0.000000 -0.000000
vn -1.000000 -0.000000 -0.000000
vn -1.000000 -0.000000 -0.000000
vn -1.000000 -0.000000 -0.000000
vn -0.000000 -0.000000 1.000000
vn -0.000000 -0.000000 1.000000
vn -0.000000 -0.000000 1.000000
vn -0.000000 -0.000000 1.000000
vn 0.000000 -1.000000 0.000000
vn 0.000000 -1.000000 0.000000
vn 0.000000 -1.000000 0.000000
vn 0.000000 -1.000000 0.000000
vn 0.000000 -1.000000 0.000000
vn 0.000000 -1.000000 0.000000
vn 0.000000 -1.000000 0.000000
vn 0.000000 -1.000000 0.000000
vn 0.000000 -1.000000 0.000000
vn 0.000000 -1.000000 0.000000
vn 0.000000 -1.000000 0.000000
vn 0.000000 -1.000000 0.000000
vn 0.000000 -1.000000 0.000000
vn 0.000000 -1.000000 0.000000
vn 0.000000 -1.000000 0.000000
vn 0.000000 -1.000000 0.000000
vn 0.000000 -1.000000 0.000000
vn 0.000000 -1.000000 0.000000
vn 0.000000 -1.000000 0.000000
vn 0.000000 -1.000000 0.000000
vn 0.000000 -1.000000 0.000000
vn 0.000000 -1.000000 0.000000
vn 0.000000 -1.000000 0.000000
vn 0.000000 -1.000000 0.000000
vn 0.000000 -1.000000 0.000000
vn 0.000000 -1.000000 0.000000
vn 0.000000 -1.000000 0.000000
vn 0.000000 -1.000000 0.000000
vn 0.000000 -1.000000 0.000000
vn 0.000000 -1.000000 0.000000
vn 0.000000 -1.000000 0.000000
vn 0.000000 -1.000000 0.000000
vn 0.000000 -1.000000 0.000000
vn 0.000000 -1.000000 0.000000
vn 0.000000 -1.000000 0.000000
vn 0.000000 -1.000000 0.000000
vn 0.000000 -1.000000 0.000000
vn 0.000000 -1.000000 0.000000
vn 0.000000 -1.000000 0.000000
vn 0.000000 -1.000000 0.000000
vn 0.000000 -1.000000 0.000000
vn 0.000000 -1.000000 0.000000
vn 0.000000 -1.000000 0.000000
vn 0.000000 -1.000000 0.000000
vn 0.000000 -1.000000 0.000000
vn 0.000000 -1.000000 0.000000
vn 0.000000 -1.000000 0.000000
vn 0.000000 -1.000000 0.000000
vn 0.000000 -1.000000 0.000000
vn 0.000000 -1.000000 0.000000
vn 0.000000 -1.000000 0.000000
vn 0.000000 -1.000000 0.000000
vn 0.000000 -1.000000 0.000000
vn 0.000000 -1.000000 0.000000
vn 0.000000 -1.000000 0.000000
vn 0.000000 -1.000000 0.000000
vn -0.000000 1.000000 -0.000000
vn -0.000000 1.000000 -0.000000
vn -0.000000 1.000000 -0.000000
vn -0.000000 1.000000 -0.000000
vn -0.000000 1.000000 -0.000000
vn -0.000000 1.000000 -0.000000
vn -0.000000 1.000000 -0.000000
vn -0.000000 1.000000 -0.000000
vn -0.000000 1.000000 -0.000000
vn -0.000000 1.000000 -0.000000
vn -0.000000 1.000000 -0.000000
vn -0.000000 1.000000 -0.000000
vn -0.000000 1.000000 -0.000000
vn -0.000000 1.000000 -0.000000
vn -0.000000 1.000000 -0.000000
vn -0.000000 1.000000 -0.000000
vn -0.000000 1.000000 -0.000000
vn -0.000000 1.000000 -0.000000
vn -0.000000 1.000000 -0.000000
vn -0.000000 1.000000 -0.000000
vn -0.000000 1.000000 -0.000000
vn -0.000000 1.000000 -0.000000
vn -0.000000 1.000000 -0.000000
vn -0.000000 1.000000 -0.000000
vn -0.000000 1.000000 -0.000000
vn -0.000000 1.000000 -0.000000
vn -0.000000 1.000000 -0.000000
vn -0.000000 1.000000 -0.000000
vn -0.000000 1.000000 -0.000000
vn -0.000000 1.000000 -0.000000
vn -0.000000 1.000000 -0.000000
vn -0.000000 1.000000 -0.000000
vn -0.000000 1.000000 -0.000000
vn -0.000000 1.000000 -0.000000
vn -0.000000 1.000000 -0.000000
vn -0.000000 1.000000 -0.000000
vn -0.000000 1.000000 -0.000000
vn -0.000000 1.000000 -0.000000
vn -0.000000 1.000000 -0.000000
vn -0.000000 1.000000 -0.000000
vn -0.000000 1.000000 -0.000000
vn -0.000000 1.000000 -0.000000
vn -0.000000 1.000000 -0.000000
vn -0.000000 1.000000 -0.000000
vn -0.000000 1.000000 -0.000000
vn -0.000000 1.000000 -0.000000
vn -0.000000 1.000000 -0.000000
vn -0.000000 1.000000 -0.000000
vn -0.000000 1.000000 -0.000000
vn -0.000000 1.000000 -0.000000
vn -0.000000 1.000000 -0.000000
vn -0.000000 1.000000 -0.000000
vn -0.000000 1.000000 -0.000000
vn -0.000000 1.000000 -0.000000
vn -0.000000 1.000000 -0.000000
vn -0.000000 1.000000 -0.000000
vn 1.000000 -0.000000 -0.000000
vn 1.000000 -0.000000 -0.000000
vn 1.000000 -0.000000 -0.000000
vn 1.000000 -0.000000 -0.000000
vn -0.000000 -0.000000 -1.000000
vn -0.000000 -0.000000 -1.000000
vn -0.000000 -0.000000 -1.000000
vn -0.000000 -0.000000 -1.000000
vn -0.000000 -0.000000 1.000000
vn -0.000000 -0.000000 1.000000
vn -0.000000 -0.000000 1.000000
vn -0.000000 -0.000000 1.000000
f 398/816/801 399/817/802 397/818/803
f 397/818/803 399/817/802 400/819/804
f 402/820/805 436/821/806 401/822/807
f 401/822/807 436/821/806 437/823/808
f 401/824/807 437/825/808 424/826/809
f 424/826/809 437/825/808 438/827/810
f 424/826/809 438/827/810 423/828/811
f 423/828/811 438/827/810 439/829/812
f 423/828/811 439/829/812 422/830/813
f 422/830/813 439/829/812 440/831/814
f 422/830/813 440/831/814 421/832/815
f 421/832/815 440/831/814 441/833/816
f 421/832/815 441/833/816 420/834/817
f 420/834/817 441/833/816 442/835/818
f 420/834/817 442/835/818 419/836/819
f 419/836/819 442/835/818 443/837/820
f 419/836/819 443/837/820 418/838/821
f 418/838/821 443/837/820 444/839/822
f 418/838/821 444/839/822 417/840/823
f 417/840/823 444/839/822 445/841/824
f 417/840/823 445/841/824 416/842/825
f 416/842/825 445/841/824 446/843/826
f 416/842/825 446/843/826 415/844/827
f 415/844/827 446/843/826 447/845/828
f 415/844/827 447/845/828 414/846/829
f 414/846/829 447/845/828 448/847/830
f 414/846/829 448/847/830 413/848/831
f 413/848/831 448/847/830 425/849/832
f 413/848/831 425/849/832 412/850/833
f 412/850/833 425/849/832 426/851/834
f 412/850/833 426/851/834 411/852/835
f 411/852/835 426/851/834 427/853/836
f 411/852/835 427/853/836 410/854/837
f 410/854/837 427/853/836 428/855/838
f 410/854/837 428/855/838 409/856/839
f 409/856/839 428/855/838 429/857/840
f 409/856/839 429/857/840 408/858/841
f 408/858/841 429/857/840 430/859/842
f 408/858/841 430/859/842 407/860/843
f 407/860/843 430/859/842 431/861/844
f 407/860/843 431/861/844 406/862/845
f 406/862/845 431/861/844 432/863/846
f 406/862/845 432/863/846 405/864/847
f 405/864/847 432/863/846 433/865/848
f 405/864/847 433/865/848 404/866/849
f 404/866/849 433/865/848 434/867/850
f 404/866/849 434/867/850 403/868/851
f 403/868/851 434/867/850 435/869/852
f 403/868/851 435/869/852 402/820/805
f 402/820/805 435/869/852 436/821/806
f 450/870/853 484/871/854 449/872/855
f 449/872/855 484/871/854 485/873/856
f 449/874/855 485/875/856 472/876/857
f 472/876/857 485/875/856 486/877/858
f 472/876/857 486/877/858 471/878/859
f 471/878/859 486/877/858 487/879/860
f 471/878/859 487/879/860 470/880/861
f 470/880/861 487/879/860 488/881/862
f 470/880/861 488/881/862 469/882/863
f 469/882/863 488/881/862 489/883/864
f 469/882/863 489/883/864 468/884/865
f 468/884/865 489/883/864 490/885/866
f 468/884/865 490/885/866 467/886/867
f 467/886/867 490/885/866 491/887/868
f 467/886/867 491/887/868 466/888/869
f 466/888/869 491/887/868 492/889/870
f 466/888/869 492/889/870 465/890/871
f 465/890/871 492/889/870 493/891/872
f 465/890/871 493/891/872 464/892/873
f 464/892/873 493/891/872 494/893/874
f 464/892/873 494/893/874 463/894/875
f 463/894/875 494/893/874 495/895/876
f 463/894/875 495/895/876 462/896/877
f 462/896/877 495/895/876 496/897/878
f 462/896/877 496/897/878 461/898/879
f 461/898/879 496/897/878 473/899/880
f 461/898/879 473/899/880 460/900/881
f 460/900/881 473/899/880 474/901/882
f 460/900/881 474/901/882 459/902/883
f 459/902/883 474/901/882 475/903/884
f 459/902/883 475/903/884 458/904/885
f 458/904/885 475/903/884 476/905/886
f 458/904/885 476/905/886 457/906/887
f 457/906/887 476/905/886 477/907/888
f 457/906/887 477/907/888 456/908/889
f 456/908/889 477/907/888 478/909/890
f 456/908/889 478/909/890 455/910/891
f 455/910/891 478/909/890 479/911/892
f 455/910/891 479/911/892 454/912/893
f 454/912/893 479/911/892 480/913/894
f 454/912/893 480/913/894 453/914/895
f 453/914/895 480/913/894 481/915/896
f 453/914/895 481/915/896 452/916/897
f 452/916/897 481/915/896 482/917/898
f 452/916/897 482/917/898 451/918/899
f 451/918/899 482/917/898 483/919/900
f 451/918/899 483/919/900 450/870/853
f 450/870/853 483/919/900 484/871/854
f 497/920/901 498/921/902 500/922/903
f 500/922/903 498/921/902 499/923/904
f 501/924/905 497/925/906 502/926/907
f 502/926/907 497/925/906 500/927/908
f 503/928/909 501/929/910 504/930/911
f 504/930/911 501/929/910 502/931/912
f 498/932/913 503/933/914 499/934/915
f 499/934/915 503/933/914 504/935/916
f 402/936/917 401/937/918 498/938/919
f 498/938/919 401/937/918 424/939/920
f 498/938/919 424/939/920 423/940/921
f 423/940/921 422/941/922 498/938/919
f 498/938/919 422/941/922 400/942/923
f 498/938/919 400/942/923 506/943/924
f 422/941/922 421/944/925 400/942/923
f 400/942/923 421/944/925 420/945/926
f 400/942/923 420/945/926 419/946/927
f 400/942/923 419/946/927 397/947/928
f 397/947/928 419/946/927 418/948/929
f 397/947/928 418/948/929 417/949/930
f 417/949/930 416/950/931 397/947/928
f 397/947/928 416/950/931 497/951/932
f 397/947/928 497/951/932 505/952/933
f 505/952/933 497/951/932 501/953/934
f 505/952/933 501/953/934 458/954/935
f 458/954/935 501/953/934 459/955/936
f 459/955/936 501/953/934 460/956/937
f 460/956/937 501/953/934 461/957/938
f 461/957/938 501/953/934 462/958/939
f 462/958/939 501/953/934 463/959/940
f 463/959/940 501/953/934 464/960/941
f 464/960/941 501/953/934 465/961/942
f 465/961/942 501/953/934 466/962/943
f 466/962/943 501/953/934 467/963/944
f 467/963/944 501/953/934 503/964/945
f 467/963/944 503/964/945 468/965/946
f 468/965/946 503/964/945 469/966/947
f 469/966/947 503/964/945 470/967/948
f 470/967/948 503/964/945 471/968/949
f 471/968/949 503/964/945 472/969/950
f 472/969/950 503/964/945 449/970/951
f 449/970/951 503/964/945 450/971/952
f 450/971/952 503/964/945 451/972/953
f 451/972/953 503/964/945 452/973/954
f 452/973/954 503/964/945 506/943/924
f 452/973/954 506/943/924 453/974/955
f 453/974/955 506/943/924 454/975/956
f 454/975/956 506/943/924 455/976/957
f 455/976/957 506/943/924 505/952/933
f 455/976/957 505/952/933 456/977/958
f 456/977/958 505/952/933 457/978/959
f 457/978/959 505/952/933 458/954/935
f 416/950/931 415/979/960 497/951/932
f 497/951/932 415/979/960 414/980/961
f 497/951/932 414/980/961 413/981/962
f 413/981/962 412/982/963 497/951/932
f 497/951/932 412/982/963 411/983/964
f 497/951/932 411/983/964 410/984/965
f 410/984/965 409/985/966 497/951/932
f 497/951/932 409/985/966 408/986/967
f 497/951/932 408/986/967 407/987/968
f 497/951/932 407/987/968 498/938/919
f 498/938/919 407/987/968 406/988/969
f 498/938/919 406/988/969 405/989/970
f 405/989/970 404/990/971 498/938/919
f 498/938/919 404/990/971 403/991/972
f 498/938/919 403/991/972 402/936/917
f 503/964/945 498/938/919 506/943/924
f 426/992/973 425/993/974 500/994/975
f 500/994/975 425/993/974 448/995/976
f 500/994/975 448/995/976 447/996/977
f 447/996/977 446/997/978 500/994/975
f 500/994/975 446/997/978 398/998/979
f 500/994/975 398/998/979 507/999/980
f 446/997/978 445/1000/981 398/998/979
f 398/998/979 445/1000/981 444/1001/982
f 398/998/979 444/1001/982 443/1002/983
f 398/998/979 443/1002/983 399/1003/984
f 399/1003/984 443/1002/983 442/1004/985
f 399/1003/984 442/1004/985 441/1005/986
f 441/1005/986 440/1006/987 399/1003/984
f 399/1003/984 440/1006/987 499/1007/988
f 399/1003/984 499/1007/988 508/1008/989
f 508/1008/989 499/1007/988 504/1009/990
f 508/1008/989 504/1009/990 482/1010/991
f 482/1010/991 504/1009/990 483/1011/992
f 483/1011/992 504/1009/990 484/1012/993
f 484/1012/993 504/1009/990 485/1013/994
f 485/1013/994 504/1009/990 486/1014/995
f 486/1014/995 504/1009/990 487/1015/996
f 487/1015/996 504/1009/990 488/1016/997
f 488/1016/997 504/1009/990 489/1017/998
f 489/1017/998 504/1009/990 490/1018/999
f 490/1018/999 504/1009/990 491/1019/1000
f 491/1019/1000 504/1009/990 502/1020/1001
f 491/1019/1000 502/1020/1001 492/1021/1002
f 492/1021/1002 502/1020/1001 493/1022/1003
f 493/1022/1003 502/1020/1001 494/1023/1004
f 494/1023/1004 502/1020/1001 495/1024/1005
f 495/1024/1005 502/1020/1001 496/1025/1006
f 496/1025/1006 502/1020/1001 473/1026/1007
f 473/1026/1007 502/1020/1001 474/1027/1008
f 474/1027/1008 502/1020/1001 475/1028/1009
f 475/1028/1009 502/1020/1001 476/1029/1010
f 476/1029/1010 502/1020/1001 507/999/980
f 476/1029/1010 507/999/980 477/1030/1011
f 477/1030/1011 507/999/980 478/1031/1012
f 478/1031/1012 507/999/980 479/1032/1013
f 479/1032/1013 507/999/980 508/1008/989
f 479/1032/1013 508/1008/989 480/1033/1014
f 480/1033/1014 508/1008/989 481/1034/1015
f 481/1034/1015 508/1008/989 482/1010/991
f 440/1006/987 439/1035/1016 499/1007/988
f 499/1007/988 439/1035/1016 438/1036/1017
f 499/1007/988 438/1036/1017 437/1037/1018
f 437/1037/1018 436/1038/1019 499/1007/988
f 499/1007/988 436/1038/1019 435/1039/1020
f 499/1007/988 435/1039/1020 434/1040/1021
f 434/1040/1021 433/1041/1022 499/1007/988
f 499/1007/988 433/1041/1022 432/1042/1023
f 499/1007/988 432/1042/1023 431/1043/1024
f 499/1007/988 431/1043/1024 500/994/975
f 500/994/975 431/1043/1024 430/1044/1025
f 500/994/975 430/1044/1025 429/1045/1026
f 429/1045/1026 428/1046/1027 500/994/975
f 500/994/975 428/1046/1027 427/1047/1028
f 500/994/975 427/1047/1028 426/992/973
f 502/1020/1001 500/994/975 507/999/980
f 506/1048/1029 508/1049/1030 505/1050/1031
f 505/1050/1031 508/1049/1030 507/1051/1032
f 508/1052/1033 506/1053/1034 399/1054/1035
f 399/1054/1035 506/1053/1034 400/1055/1036
f 505/1056/1037 507/1057/1038 397/1058/1039
f 397/1058/1039 507/1057/1038 398/1059/1040
# 508 vertices
# 1059 texture params
# 1040 normals
# 1052 facets

# 3 groups
